id,name,team,position,aliases,espn_id,rank,depth_pos,depth_order,injury_status,years_exp,age
nfl-3207,Andrew Billings,ARI,DT,,3051775,9999999,NT,2,,10,31
nfl-6416,Andrew Wingard,ARI,DB,,3918331,628,FS,1,,7,29
nfl-12948,Austin Keys,ARI,LB,,,627,LB,,IR,1,24
nfl-10908,BJ Ojulari,ARI,DE,B.J. Ojulari,,671,ROLB,2,,3,24
nfl-7681,Baron Browning,ARI,LB,,,9999999,LOLB,2,,5,27
nfl-12256,Baylor Cupp,ARI,TE,,,390,TE,5,,2,26
nfl-7467,Blake Gillikin,ARI,P,,4045180,9999999,P,,,6,28
nfl-10928,Brodric Martin-Rhodes,ARI,DT,,,9999999,NT,3,,3,27
nfl-12799,Bryson Green,ARI,WR,,,9999999,SWR,,,1,23
nfl-4081,Budda Baker,ARI,DB,,3127287,210,SS,1,,9,30
nfl-13058,Cam Horsley,ARI,DT,,,9999999,DL,,,1,24
nfl-13840,Cameron Robertson,ARI,DE,,,9999999,LB,,,0,22
nfl-13272,Carson Beck,ARI,QB,,,257,QB,2,Questionable,0,23
nfl-2063,Casey Kreiter,ARI,LS,,17304,9999999,LS,,,12,36
nfl-10955,Chad Ryland,ARI,K,,,324,K,1,,3,26
nfl-13459,Chase Bisontis,ARI,G,,,9999999,OL,,IR,0,22
nfl-11768,Christian Jones,ARI,OL,,,9999999,OL,,,2,26
nfl-12648,Cody Simon,ARI,LB,,,436,LILB,1,,1,24
nfl-12491,Corey Kiner,ARI,RB,,,487,RB,6,,1,24
nfl-11744,Dadrion Taylor-Demerson,ARI,DB,,,9999999,FS,2,,2,25
nfl-13671,Damonic Williams,ARI,DT,,,9999999,DL,,,0,21
nfl-11015,Dante Stills,ARI,DT,,,9999999,RDE,2,,3,26
nfl-11658,Darius Robinson,ARI,DL,,,9999999,RDE,1,,2,24
nfl-11444,Demontrey Jacobs,ARI,T,,,9999999,OL,,,3,27
nfl-12657,Denzel Burke,ARI,CB,,,9999999,RCB,1,,1,23
nfl-6847,Devin Duvernay,ARI,WR,,4039050,999,SWR,6,,6,28
nfl-11336,Eku Leota,ARI,LB,,,9999999,ROLB,3,,3,27
nfl-13845,Elijah Culp,ARI,CB,,,9999999,LCB,4,,0,23
nfl-10231,Elijah Higgins,ARI,TE,,,9999999,TE,2,Questionable,3,25
nfl-11717,Elijah Jones,ARI,DB,,,9999999,RCB,3,,2,26
nfl-4592,Elijah Wilkinson,ARI,OL,,3059839,9999999,OL,,,9,31
nfl-12451,Elliott Brown,ARI,LB,,,9999999,LB,,,2,28
nfl-12871,Eugene Asante,ARI,LB,,,9999999,LB,,,1,
nfl-9220,Evan Hull,ARI,RB,,,686,RB,,,3,25
nfl-6011,Gardner Minshew,ARI,QB,,4038524,327,QB,3,,7,30
nfl-10932,Garrett Williams,ARI,DB,,,9999999,NB,1,PUP,3,25
nfl-13670,Harrison Wallace,ARI,WR,,,9999999,SWR,,,0,23
nfl-12692,Hayden Conner,ARI,OL,,,9999999,OL,,,1,24
nfl-6084,Hjalte Froholdt,ARI,G,,3886633,9999999,OL,,,7,29
nfl-7559,Ihmir Smith-Marsette,ARI,WR,,,999,SWR,7,,5,26
nfl-3248,Isaac Seumalo,ARI,G,,2978247,9999999,OL,,,10,32
nfl-11718,Isaiah Adams,ARI,OL,,,9999999,OL,,,2,26
nfl-5044,Isaiah Oliver,ARI,CB,,3915437,9999999,DB,,,8,29
nfl-8680,Jack Gibbens,ARI,LB,,,9999999,LILB,2,,4,27
nfl-3257,Jacoby Brissett,ARI,QB,,2578570,186,QB,1,,10,33
nfl-11034,Jalen Brooks,ARI,WR,,,691,SWR,5,,3,26
nfl-4137,James Conner,ARI,RB,,3045147,92,RB,3,Questionable,9,31
nfl-13879,Jameson Geers,ARI,TE,,,9999999,TE,,IR,0,23
nfl-13581,Jayden Williams,ARI,OL,,,9999999,OL,,,0,23
nfl-13287,Jeremiyah Love,ARI,RB,,,15,RB,1,Questionable,0,21
nfl-8683,Joey Blount,ARI,DB,,,9999999,DB,,IR,4,27
nfl-10946,Jon Gaines,ARI,OL,,,9999999,OL,,,3,27
nfl-7344,Jonah Williams,ARI,DE,,4032481,9999999,RDE,3,,6,31
nfl-12579,Jordan Burch,ARI,DL,,,9999999,LOLB,3,,1,24
nfl-12798,Josh Fryar,ARI,OL,,,9999999,OL,,,1,24
nfl-4999,Josh Sweat,ARI,DE,,3693166,405,ROLB,1,PUP,8,29
nfl-13878,Ka'ena De Cambra,ARI,C,,,9999999,OL,,,0,
nfl-13503,Kaleb Proctor,ARI,DT,,,9999999,DL,,IR,0,22
nfl-11830,Kalen King,ARI,CB,,,9999999,DB,,,2,23
nfl-13551,Karson Sharar,ARI,LB,,,9999999,RILB,3,,0,23
nfl-11648,Kedon Slovis,ARI,QB,,,395,QB,3,,2,25
nfl-11014,Kei'Trel Clark,ARI,DB,,,9999999,LCB,3,,3,25
nfl-4454,Kendrick Bourne,ARI,WR,,3045523,618,SWR,3,,9,31
nfl-7597,Kenny Yeboah,ARI,TE,,,999,TE,5,IR,5,27
nfl-14079,Keveion'ta Spears,ARI,DT,,,9999999,,,,0,
nfl-12736,Kitan Crawford,ARI,DB,,,9999999,SS,2,,1,24
nfl-5861,L.J. Collier,ARI,DE,LJ Collier,3116449,9999999,LDE,2,,7,30
nfl-6131,Mack Wilson,ARI,LB,,4040983,446,RILB,1,,7,28
nfl-11628,Marvin Harrison,ARI,WR,,,74,LWR,1,,2,24
nfl-5363,Matt Pryor,ARI,T,,3055886,9999999,OL,,,8,31
nfl-11693,Max Melton,ARI,DB,,,9999999,RCB,2,,2,24
nfl-10232,Michael Wilson,ARI,WR,,,75,RWR,2,,3,26
nfl-6158,Oli Udoh,ARI,G,,3120502,9999999,OL,,,7,29
nfl-10969,Owen Pappoe,ARI,LB,,,9999999,RILB,2,,3,25
nfl-10890,Paris Johnson,ARI,OL,,,9999999,OL,,,3,25
nfl-12108,Quinton Newsome,ARI,DB,,,9999999,DB,,,2,25
nfl-13297,Reggie Virgil,ARI,WR,,,451,LWR,4,,0,22
nfl-12851,Rivaldo Fairweather,ARI,TE,,,304,TE,3,,1,24
nfl-7799,Roy Lopez,ARI,DT,,,9999999,NT,1,,5,29
nfl-6060,Sean Murphy-Bunting,ARI,CB,,3932886,9999999,NB,2,,7,29
nfl-12217,Shawn Bowman,ARI,TE,,,999,TE,,,2,26
nfl-7812,Simi Fehoko,ARI,WR,,,9999999,RWR,6,,5,28
nfl-11343,Starling Thomas,ARI,CB,,,9999999,LCB,2,,3,26
nfl-8227,Teagan Quitoriano,ARI,TE,,,999,TE,5,,4,26
nfl-11716,Tip Reiman,ARI,TE,,,9999999,TE,4,PUP,2,24
nfl-11381,Travis Vokolek,ARI,TE,,,9999999,,,,3,27
nfl-12940,Tre Stewart,ARI,RB,,,999,RB,,,1,23
nfl-11589,Trey Benson,ARI,RB,,,114,RB,4,Questionable,2,24
nfl-8130,Trey McBride,ARI,TE,,,20,TE,1,,4,26
nfl-8132,Tyler Allgeier,ARI,RB,,,89,RB,2,,4,26
nfl-12918,Valentin Senn,ARI,OL,,,9999999,OL,,,1,26
nfl-12552,Walter Nolen,ARI,DL,,,999,LDE,1,,1,22
nfl-12565,Will Johnson,ARI,DB,,,697,LCB,1,,1,23
nfl-13672,Wydett Williams,ARI,DB,,,9999999,,,,0,
nfl-11921,Xavier Weaver,ARI,WR,,,647,SWR,8,Questionable,2,25
nfl-8295,Zach Carter,ARI,DL,,,9999999,LDE,3,Questionable,4,27
nfl-7637,Zaven Collins,ARI,LB,,,608,LOLB,1,,5,27
nfl-8122,Zonovan Knight,ARI,RB,,,999,RB,5,,4,25
nfl-6836,A.J. Terrell,ATL,CB,AJ Terrell,4239995,9999999,RCB,1,,6,27
nfl-11935,A.J. Woods,ATL,CB,AJ Woods,,637,DB,,,2,25
nfl-8514,Andrew Stueber,ATL,OL,,,9999999,OL,,,4,27
nfl-13552,Anterio Thompson,ATL,DT,,,9999999,RDE,3,PUP,0,23
nfl-12460,Antwane Wells,ATL,WR,,,999,SWR,5,,1,25
nfl-3202,Austin Hooper,ATL,TE,,3043275,430,TE,2,,10,31
nfl-13389,Avieon Terrell,ATL,DB,,,307,LCB,2,,0,21
nfl-7653,Azeez Ojulari,ATL,LB,,,9999999,ROLB,1,,5,26
nfl-12889,Beaux Collins,ATL,WR,,,999,SWR,5,,1,23
nfl-9509,Bijan Robinson,ATL,RB,,,1,RB,1,,3,24
nfl-12647,Billy Bowman,ATL,DB,,,999,NB,1,PUP,1,23
nfl-11721,Bralen Trice,ATL,DE,,,9999999,LOLB,3,,2,25
nfl-11740,Brandon Dorlus,ATL,DE,,,9999999,RDE,1,,2,25
nfl-7206,Brandon Walton,ATL,OT,,4040778,9999999,OL,,,6,28
nfl-8154,Brian Robinson,ATL,RB,,,80,RB,2,,4,27
nfl-6791,C.J. Henderson,ATL,CB,CJ Henderson,4240596,9999999,LCB,3,,6,27
nfl-7727,Cameron Sample,ATL,DE,,,9999999,DL,,,5,26
nfl-8383,Cameron Thomas,ATL,DL,,,9999999,ROLB,2,,4,26
nfl-13701,Carlos Allen,ATL,DT,,,9999999,DL,,,0,24
nfl-13595,Cash Jones,ATL,RB,,,646,RB,,,0,24
nfl-8272,Channing Tindall,ATL,LB,,,9999999,LB,,,4,26
nfl-7075,Charlie Woerner,ATL,TE,,4035020,642,TE,3,,6,28
nfl-7521,Chris Blair,ATL,WR,,,635,LWR,5,,5,28
nfl-5895,Chris Lindstrom,ATL,G,,3672833,9999999,OL,,,7,29
nfl-7283,Chris Williams,ATL,DT,,4034530,9999999,RDE,2,,6,28
nfl-8278,Christian Harris,ATL,LB,,,596,LILB,1,,4,25
nfl-10954,Clark Phillips,ATL,CB,,,9999999,RCB,2,,3,24
nfl-12603,Cobee Bryant,ATL,DB,,,9999999,DB,,,1,24
nfl-4574,Cooper Rush,ATL,QB,,2972515,468,QB,3,,9,32
nfl-4282,Corey Levin,ATL,G,,2973637,9999999,OL,,,9,32
nfl-5351,Da'Shawn Hand,ATL,DT,,3126352,9999999,LDE,2,,8,30
nfl-6882,Darnay Holmes,ATL,CB,,4242973,9999999,NB,2,,6,28
nfl-7730,Darren Hall,ATL,CB,,,9999999,DB,,,5,26
nfl-14028,Daveren Rayner,ATL,LB,,,9999999,LB,,,0,
nfl-8372,DeAngelo Malone,ATL,DL,,,9999999,LB,,PUP,4,27
nfl-11050,DeMarcco Hellams,ATL,DB,,,9999999,SS,2,,3,26
nfl-11236,Devonnsha Maxwell,ATL,DL,,,9999999,DL,,,3,27
nfl-7677,Divine Deablo,ATL,LB,,,459,RILB,1,Questionable,5,28
nfl-8112,Drake London,ATL,WR,,,16,LWR,1,,4,25
nfl-11474,Dylan Drummond,ATL,WR,,,9999999,RWR,4,,3,26
nfl-13583,Ethan Onianwa,ATL,G,,,9999999,OL,,,0,23
nfl-4922,Garrett Scantling,ATL,WR,,,9999999,,,,1,
nfl-13555,Harold Perkins,ATL,LB,,,9999999,LB,,,0,21
nfl-5150,Heath Harding,ATL,CB,,3052477,9999999,,,,0,
nfl-11770,JD Bertrand,ATL,LB,J.D. Bertrand,,9999999,RILB,2,,2,26
nfl-13602,Jack Strand,ATL,QB,,,519,QB,,,0,22
nfl-13846,Jack Velling,ATL,TE,,,9999999,TE,,,0,
nfl-13822,Jaeden Roberts,ATL,OL,,,9999999,OL,,,0,23
nfl-8119,Jahan Dotson,ATL,WR,,,489,RWR,2,,4,26
nfl-6093,Jake Bailey,ATL,P,,3931395,9999999,P,,,7,29
nfl-2172,Jake Matthews,ATL,T,,16713,9999999,OL,,,12,34
nfl-12568,Jalon Walker,ATL,DL,,,451,LB,,IR,1,22
nfl-13700,James Brockermeyer,ATL,C,,,9999999,OL,,,0,24
nfl-12585,James Pearce,ATL,DL,,,438,LOLB,1,Sus,1,22
nfl-10986,Jammie Robinson,ATL,DB,,,999,DB,,,3,25
nfl-6121,Jawaan Taylor,ATL,OL,,4034961,9999999,OL,,,7,28
nfl-5017,Jessie Bates,ATL,DB,,3919512,288,SS,1,,8,29
nfl-5757,Josh Woods,ATL,LB,,3128303,9999999,LB,,,8,30
nfl-12883,Joshua Simon,ATL,TE,,,9999999,TE,4,,1,25
nfl-13703,Kam Dewberry,ATL,OL,,,9999999,OL,,,0,
nfl-13973,Keelan Marion,ATL,WR,,,9999999,SWR,,,0,26
nfl-11395,Keidron Smith,ATL,DB,,,9999999,NB,3,,3,26
nfl-13482,Kendal Daniels,ATL,LB,,,9999999,LILB,2,,0,23
nfl-11194,Keshawn Banks,ATL,LB,,,9999999,DL,,,3,26
nfl-7153,Kyle Hinton,ATL,G,,4682831,9999999,OL,,,6,28
nfl-7553,Kyle Pitts,ATL,TE,,,68,TE,1,,5,25
nfl-7231,LaCale London,ATL,DT,,4376288,9999999,NT,2,,6,29
nfl-7313,Liam McCullough,ATL,LS,,3915528,9999999,LS,,,6,29
nfl-11698,Maason Smith,ATL,DT,,,9999999,NT,1,,2,23
nfl-13974,Malcolm DeWalt,ATL,CB,,,9999999,DB,,,0,
nfl-11210,Malik Heath,ATL,WR,,,9999999,,,,3,25
nfl-7804,Marlon Tuipulotu,ATL,DT,,,999,DL,,,5,27
nfl-10910,Matthew Bergeron,ATL,OL,,,9999999,OL,,,3,26
nfl-11813,Michael Jerrell,ATL,OT,,,9999999,OL,,,2,27
nfl-11559,Michael Penix,ATL,QB,,,228,QB,2,Questionable,2,26
nfl-5691,Mike Ford,ATL,DB,,3050916,9999999,DB,,,8,31
nfl-4982,Mike Hughes,ATL,CB,,3895841,9999999,LCB,1,,8,29
nfl-12897,Nathan Carter,ATL,RB,,,699,RB,3,,1,24
nfl-11481,Natrone Brooks,ATL,CB,,,9999999,DB,,,3,26
nfl-650,Nick Folk,ATL,K,,10621,249,K,1,,19,41
nfl-8523,Nick Muse,ATL,TE,,,9999999,TE,,,4,27
nfl-6271,Olamide Zaccheaus,ATL,WR,,3917914,536,SWR,3,,7,29
nfl-13704,Riley Mahlman,ATL,OT,,,9999999,OL,,,0,23
nfl-7979,Ryan Neuzil,ATL,OL,,,9999999,OL,,,5,29
nfl-4170,Samson Ebukam,ATL,DE,,3045527,9999999,LOLB,2,,9,31
nfl-4598,Storm Norton,ATL,T,,2973014,9999999,OL,,PUP,9,32
nfl-10919,Sydney Brown,ATL,DB,,,999,FS,2,,3,26
nfl-7593,Trey Sermon,ATL,RB,,,649,RB,5,,5,27
nfl-6768,Tua Tagovailoa,ATL,QB,,4241479,203,QB,1,,6,28
nfl-8207,Tyler Goodson,ATL,RB,,,999,RB,4,,4,25
nfl-8073,Tyrone Wheatley,ATL,OL,,,9999999,,,Questionable,5,29
nfl-13343,Vinny Anthony,ATL,WR,,,999,SWR,,,0,
nfl-10922,Wanya Morris,ATL,OL,,,9999999,OL,,,3,25
nfl-12591,Xavier Watts,ATL,DB,,,256,FS,1,,1,24
nfl-2427,Za'Darius Smith,ATL,LB,,3043168,9999999,LB,,,11,33
nfl-10934,Zach Harrison,ATL,DE,,,9999999,LDE,1,,3,25
nfl-13320,Zachariah Branch,ATL,WR,,,185,SWR,4,,0,22
nfl-4683,Aaron Bailey,BAL,QB,,3042451,9999999,QB,4,,1,
nfl-13732,Aaron Graves,BAL,DT,,,9999999,DL,,,0,23
nfl-13302,Adam Randall,BAL,RB,,,392,RB,3,,0,22
nfl-11722,Adisa Isaac,BAL,DE,,,9999999,LOLB,3,,2,24
nfl-12696,Aeneas Peebles,BAL,DT,,,9999999,RDE,2,Questionable,1,24
nfl-5888,Amani Oruwariye,BAL,CB,,3116175,9999999,LCB,3,,7,30
nfl-11045,Andrew Vorhees,BAL,OL,,,9999999,OL,,,3,27
nfl-11931,Austin Reed,BAL,QB,,,674,QB,4,,2,26
nfl-12714,Bilhal Kone,BAL,CB,,,9999999,RCB,3,,1,24
nfl-7122,Broderick Washington,BAL,DT,,3915837,9999999,RDE,1,,6,29
nfl-11240,C.J. Okoye,BAL,DL,CJ Okoye,,9999999,NT,3,,3,24
nfl-125,Calais Campbell,BAL,DE,,11284,9999999,LDE,2,,18,39
nfl-12041,Carl Jones,BAL,DL,,,9999999,LILB,3,,2,25
nfl-12681,Carson Vinson,BAL,OT,,,9999999,OL,,,1,24
nfl-13514,Chandler Rivers,BAL,CB,,,9999999,RCB,2,,0,22
nfl-4107,Chidobe Awuzie,BAL,CB,,3052101,9999999,RCB,1,,9,31
nfl-3269,Chris Moore,BAL,WR,,2576581,999,SWR,6,,10,33
nfl-11954,Corey Bullock,BAL,OL,,,9999999,OL,,,2,24
nfl-11815,Cornelius Johnson,BAL,WR,,,999,LWR,5,,2,25
nfl-13849,Cortez Braham,BAL,WR,,,9999999,SWR,,,0,26
nfl-7118,Danny Pinter,BAL,G,,3915470,9999999,OL,,,6,30
nfl-12229,David Olajiga,BAL,DL,,,9999999,DL,,,2,28
nfl-4176,David Sharpe,BAL,T,,3121656,9999999,,,,9,30
nfl-11964,Dayton Wade,BAL,WR,,,9999999,SWR,9,Questionable,2,25
nfl-3198,Derrick Henry,BAL,RB,,3043078,7,RB,1,,10,32
nfl-11629,Devontez Walker,BAL,WR,,,587,RWR,4,,2,25
nfl-13730,Diego Pounds,BAL,OT,,,9999999,OL,,,0,23
nfl-13910,Dion Wilson,BAL,DL,,,9999999,DL,,,0,24
nfl-13735,Dominic DeLuca,BAL,LB,,,9999999,LB,,,0,24
nfl-13852,Dontae McMillan,BAL,RB,,,470,RB,,,0,24
nfl-5008,Durham Smythe,BAL,TE,,3052897,9999999,TE,2,,8,31
nfl-13268,Elijah Sarratt,BAL,WR,,,201,LWR,5,,0,23
nfl-13909,Elijah Tau-Tolliver,BAL,RB,,,276,RB,,,0,23
nfl-12629,Emery Jones,BAL,OL,,,9999999,OL,,,1,22
nfl-13733,Ethan Burke,BAL,DE,,,9999999,LB,,,0,23
nfl-4123,Ethan Pocic,BAL,OL,,3042738,9999999,OL,,Questionable,9,31
nfl-13585,Evan Beerntsen,BAL,OL,,,9999999,OL,,,0,25
nfl-13023,Gerad Lichtenhan,BAL,OT,,,9999999,OL,,,1,24
nfl-13293,Ja'Kobi Lane,BAL,WR,,,165,RWR,3,,0,22
nfl-13851,Jahquez Robinson,BAL,DB,,,9999999,,,,0,25
nfl-12607,Jamon Johnson,BAL,LB,,,9999999,LB,,,1,24
nfl-13024,Jay Higgins,BAL,LB,,,9999999,RILB,2,Questionable,1,24
nfl-7058,Jaylinn Hawkins,BAL,SS,,3858276,999,FS,2,,6,28
nfl-13350,Joe Fagnano,BAL,QB,,,664,QB,,,0,25
nfl-1553,John Jenkins,BAL,DT,,15846,9999999,NT,2,,13,37
nfl-6875,John Simpson,BAL,G,,4035479,9999999,OL,,,6,28
nfl-7087,Jonathan Ward,BAL,RB,,4039274,999,RB,5,,6,28
nfl-13273,Josh Cuevas,BAL,TE,,,697,TE,4,,0,22
nfl-11049,Jovaughn Gwyn,BAL,OL,,,9999999,OL,,,3,27
nfl-5995,Justice Hill,BAL,RB,,4038441,243,RB,2,,7,28
nfl-6947,K'Von Wallace,BAL,DB,,4035463,9999999,SS,3,,6,29
nfl-13214,Kaimon Rucker,BAL,LB,,,9999999,ROLB,3,,1,24
nfl-13156,Keondre Jackson,BAL,DB,,,9999999,SS,2,,1,24
nfl-13172,Keyon Martin,BAL,CB,,,9999999,NB,2,,1,25
nfl-8339,Kyle Hamilton,BAL,DB,,,127,SS,1,,4,25
nfl-12699,LaJohntay Wester,BAL,WR,,,382,SWR,7,,1,24
nfl-4881,Lamar Jackson,BAL,QB,,3916387,11,QB,1,,8,29
nfl-13727,Lardarius Webb,BAL,DB,,,9999999,DB,,,0,23
nfl-13213,Lucas Scott,BAL,FB,,,9999999,RB,,,1,22
nfl-12567,Malaki Starks,BAL,DB,,,263,FS,1,,1,22
nfl-5012,Mark Andrews,BAL,TE,,3116365,96,TE,1,,8,30
nfl-4071,Marlon Humphrey,BAL,CB,,3126356,999,NB,1,,9,30
nfl-13040,Marquise Robinson,BAL,DB,,,9999999,DB,,,1,24
nfl-13324,Matt Hibner,BAL,TE,,,518,TE,3,,0,24
nfl-12571,Mike Green,BAL,DL,,,477,ROLB,2,,1,23
nfl-11656,Nate Wiggins,BAL,CB,,,999,LCB,1,,2,22
nfl-13728,Nick Dawkins,BAL,OL,,,9999999,OL,,,0,24
nfl-6594,Nick Moore,BAL,LS,,3915184,9999999,LS,,,7,33
nfl-6818,Nnamdi Madubuike,BAL,DT,,4035245,586,LDE,1,,6,28
nfl-13850,Octavian Smith,BAL,WR,,,9999999,SWR,,,0,23
nfl-11570,Rasheen Ali,BAL,RB,,,366,RB,4,Questionable,2,25
nfl-7571,Rashod Bateman,BAL,WR,,,203,LWR,2,,5,26
nfl-13584,Rayshaun Benny,BAL,DT,,,9999999,DL,,,0,24
nfl-13736,Reid Williford,BAL,LB,,,9999999,LB,,,0,22
nfl-12695,Robert Longerbeam,BAL,DB,,,9999999,NB,3,,1,25
nfl-11696,Roger Rosengarten,BAL,OL,,,9999999,OL,,,2,24
nfl-3162,Ronnie Stanley,BAL,T,,2980153,9999999,OL,,,10,32
nfl-4960,Roquan Smith,BAL,LB,,3915189,95,RILB,1,,8,29
nfl-13553,Ryan Eckley,BAL,P,,,9999999,P,,,0,22
nfl-13737,Silas Walters,BAL,DB,,,9999999,,,,0,24
nfl-8206,Skylar Thompson,BAL,QB,,,999,QB,3,IR,4,29
nfl-11730,T.J. Tampa,BAL,DB,TJ Tampa,,999,LCB,2,,2,24
nfl-10944,Tavius Robinson,BAL,DE,,,9999999,LOLB,1,,3,27
nfl-12640,Teddye Buchanan,BAL,LB,,,475,LILB,1,Questionable,1,23
nfl-8400,Travis Jones,BAL,DL,,,9999999,NT,1,,4,26
nfl-10935,Trenton Simpson,BAL,LB,,,9999999,LILB,2,,3,25
nfl-4135,Trey Hendrickson,BAL,DE,,3052743,199,ROLB,1,,9,31
nfl-13705,Ty Pezza,BAL,TE,,,9999999,TE,,,0,23
nfl-7083,Tyler Huntley,BAL,QB,,4035671,570,QB,2,,6,28
nfl-12711,Tyler Loop,BAL,K,,,150,K,1,,1,25
nfl-13447,Vega Ioane,BAL,OG,,,9999999,OL,,,0,22
nfl-13042,Xavier Guillory,BAL,WR,,,999,RWR,,,1,25
nfl-9997,Zay Flowers,BAL,WR,,,42,SWR,1,,3,25
nfl-13460,Zion Young,BAL,DE,,,9999999,LOLB,2,,0,22
nfl-8774,Alec Anderson,BUF,OL,,,9999999,OL,,,4,26
nfl-11041,Andre Jones,BUF,DE,,,9999999,LB,,,3,27
nfl-11455,Anthony Kendall,BUF,CB,,,9999999,DB,,,3,26
nfl-13570,Ar'maj Reed-Adams,BUF,G,,,9999999,OL,,,0,24
nfl-4989,Austin Corbett,BUF,OL,,3056608,9999999,OL,,,8,30
nfl-11273,Ben VanSumeren,BUF,LB,,,9999999,RB,4,,3,26
nfl-4967,Bradley Chubb,BUF,LB,,3116733,394,ROLB,1,,8,30
nfl-13940,Bruno Fina,BUF,OL,,,9999999,OL,,,0,
nfl-5893,C.J. Gardner-Johnson,BUF,DB,CJ Gardner-Johnson,4034953,999,SS,1,,7,28
nfl-13936,Cade Denhoff,BUF,DE,,,9999999,LB,,,0,23
nfl-12686,Chase Lundt,BUF,OL,,,9999999,OL,,,1,26
nfl-8487,Christian Benford,BUF,DB,,,999,LCB,1,,4,25
nfl-11682,Cole Bishop,BUF,DB,,,378,FS,1,,2,23
nfl-5913,Connor McGovern,BUF,G,,4033748,9999999,OL,,Questionable,7,28
nfl-12257,D.J. Miller,BUF,CB,DJ Miller,,9999999,DB,,,2,26
nfl-4983,DJ Moore,BUF,WR,D.J. Moore,3915416,55,LWR,1,Questionable,8,29
nfl-13697,Da'Metrius Weatherspoon,BUF,OL,,,9999999,OL,,,0,
nfl-10236,Dalton Kincaid,BUF,TE,,,81,TE,1,,3,26
nfl-7787,Damar Hamlin,BUF,DB,,,9999999,SS,3,,5,28
nfl-4992,Dante Pettis,BUF,WR,,3127306,9999999,SWR,8,,8,30
nfl-13454,Davison Igbinosun,BUF,CB,,,9999999,RCB,2,,0,22
nfl-5906,Dawson Knox,BUF,TE,,3930086,571,TE,2,,7,29
nfl-11706,DeWayne Carter,BUF,DT,,,9999999,NT,2,,2,25
nfl-8104,Dee Alford,BUF,DB,,,9999999,NB,1,,5,28
nfl-6610,Demetrius Flannigan-Fowles,BUF,LB,,3931424,9999999,RILB,3,IR,7,29
nfl-12652,Deone Walker,BUF,DT,,,9999999,NT,1,,1,22
nfl-4102,Dion Dawkins,BUF,OT,,3051324,9999999,OL,,,9,32
nfl-12687,Dorian Strong,BUF,CB,,,9999999,DB,,PUP,1,24
nfl-10923,Dorian Williams,BUF,LB,,,999,LILB,1,,3,25
nfl-5841,Ed Oliver,BUF,DT,,4039303,508,RDE,1,,7,28
nfl-11573,Frank Gore,BUF,RB,,,672,RB,4,,2,24
nfl-6923,Geno Stone,BUF,DB,,4240575,442,FS,2,,6,27
nfl-7627,Greg Rousseau,BUF,DE,,,218,LOLB,1,,5,26
nfl-12036,Ian Wheeler,BUF,RB,,,476,RB,5,,2,24
nfl-13696,Ja'Mori Maclin,BUF,WR,,,9999999,SWR,,,0,24
nfl-12658,Jackson Hawes,BUF,TE,,,328,TE,3,,1,25
nfl-13511,Jalon Kilgore,BUF,CB,,,9999999,SS,2,,0,21
nfl-8138,James Cook,BUF,RB,,,5,RB,1,,4,26
nfl-11759,Javon Solomon,BUF,DE,,,9999999,ROLB,3,,2,25
nfl-12054,Jimmy Ciarlo,BUF,LB,,,9999999,LB,,,2,25
nfl-12397,Joe Andreessen,BUF,LB,,,999,RILB,2,,2,26
nfl-13938,Jordan Dunbar,BUF,CB,,,9999999,DB,,,0,
nfl-12661,Jordan Hancock,BUF,DB,,,9999999,NB,2,,1,23
nfl-4984,Josh Allen,BUF,QB,,3918298,4,QB,1,,8,30
nfl-7670,Joshua Palmer,BUF,WR,,,556,RWR,4,,5,26
nfl-13505,Jude Bowry,BUF,OT,,,9999999,OL,,,0,22
nfl-13488,Kaleb Elarms-Orr,BUF,LB,,,475,LILB,2,,0,22
nfl-13694,Kani Walker,BUF,DB,,,9999999,DB,,,0,
nfl-12765,Keleki Latu,BUF,TE,,,9999999,TE,4,,1,24
nfl-11637,Keon Coleman,BUF,WR,,,206,LWR,3,Questionable,2,23
nfl-12764,Keonta Jenkins,BUF,LB,,,9999999,LILB,3,,1,24
nfl-8134,Khalil Shakir,BUF,WR,,,120,SWR,2,,4,26
nfl-5127,Kyle Allen,BUF,QB,,3115293,624,QB,3,,8,30
nfl-12580,Landon Jackson,BUF,DL,,,9999999,LDE,2,,1,23
nfl-6903,Lloyd Cushenberry,BUF,C,,4035448,9999999,OL,,,6,28
nfl-12809,Mac Dalena,BUF,WR,,,319,SWR,,,1,24
nfl-13698,Max Tomczak,BUF,WR,,,9999999,SWR,,,0,
nfl-12596,Maxwell Hairston,BUF,DB,,,695,RCB,1,,1,23
nfl-5917,Mecole Hardman,BUF,WR,,4035004,277,SWR,9,,7,28
nfl-7342,Michael Hoecht,BUF,DT,,,9999999,ROLB,2,Questionable,6,28
nfl-6958,Mike Danna,BUF,DE,,3915487,9999999,LOLB,2,,6,28
nfl-6173,Mitch Wishnowsky,BUF,P,,4035685,9999999,P,,,7,34
nfl-11044,Nick Broeker,BUF,OL,,,9999999,OL,,,3,25
nfl-10895,O'Cyrus Torrence,BUF,OL,,,9999999,OL,,,3,26
nfl-11454,Otis Reese,BUF,LB,,,9999999,LB,,,3,28
nfl-8273,Phidarian Mathis,BUF,DL,,,9999999,NT,3,Sus,4,28
nfl-12907,Quentin Skinner,BUF,WR,,,574,SWR,,,1,24
nfl-11575,Ray Davis,BUF,RB,,,167,RB,3,,2,26
nfl-3576,Reid Ferguson,BUF,LS,,2976549,9999999,LS,,,10,32
nfl-7224,Sam Franklin,BUF,DB,,4044133,9999999,FS,3,,6,30
nfl-11758,Sedrick Van Pran-Granger,BUF,OL,,,9999999,OL,,,2,24
nfl-8002,Shane Buechele,BUF,QB,,,999,QB,2,,5,28
nfl-8041,Shane Zylstra,BUF,TE,,,999,TE,5,,5,29
nfl-13402,Skyler Bell,BUF,WR,,,387,SWR,5,Questionable,0,24
nfl-7691,Spencer Brown,BUF,OT,,,9999999,OL,,,5,28
nfl-12756,Stephen Gosnell,BUF,WR,,,309,SWR,,,1,24
nfl-12612,T.J. Sanders,BUF,DL,TJ Sanders,,9999999,LDE,1,,1,23
nfl-13455,TJ Parker,BUF,DE,T.J. Parker,,9999999,LOLB,3,,0,21
nfl-12380,Te'Cory Couch,BUF,CB,,,9999999,NB,3,,2,26
nfl-8311,Terrel Bernard,BUF,LB,,,252,RILB,1,,4,27
nfl-13843,Theron Gaines,BUF,LB,,,9999999,LB,,,0,
nfl-12739,Tommy Akingbesote,BUF,DT,,,9999999,RDE,3,,1,23
nfl-13568,Tommy Doman,BUF,P,,,9999999,P,,,0,23
nfl-13569,Toriano Pride,BUF,CB,,,9999999,LCB,2,,0,22
nfl-11824,Travis Clayton,BUF,OT,,,9999999,DL,,,2,25
nfl-5154,Trent Sherfield,BUF,WR,,3122168,627,RWR,7,,8,30
nfl-6039,Ty Johnson,BUF,RB,,3915411,562,RB,2,Questionable,7,28
nfl-11791,Tylan Grable,BUF,OL,,,9999999,OL,,,2,26
nfl-7042,Tyler Bass,BUF,K,,3917232,288,K,1,,6,29
nfl-11377,Tyrell Shavers,BUF,WR,,,376,LWR,6,PUP,3,27
nfl-13095,Wande Owens,BUF,DB,,,9999999,DB,,,1,25
nfl-13506,Zane Durant,BUF,DT,,,9999999,RDE,2,,0,22
nfl-11798,Zion Logue,BUF,DL,,,9999999,NT,4,,2,24
nfl-6828,AJ Dillon,CAR,RB,A.J. Dillon,4239934,627,RB,3,,6,28
nfl-13706,Aaron Hall,CAR,DT,,,9999999,DL,,,0,23
nfl-8389,Akayleb Evans,CAR,DB,,,9999999,RCB,2,,4,27
nfl-13978,Albert Reese,CAR,OT,,,9999999,OL,,,0,24
nfl-12939,Anthony Tyus,CAR,RB,,,572,RB,,,1,23
nfl-12956,Bam Martin-Scott,CAR,LB,,,9999999,LILB,2,,1,26
nfl-7722,Bobby Brown,CAR,DT,,,9999999,NT,1,,5,26
nfl-7697,Brady Christensen,CAR,T,,,9999999,OL,,,5,29
nfl-9228,Bryce Young,CAR,QB,,,115,QB,1,,3,25
nfl-11157,Brycen Tremayne,CAR,WR,,,9999999,RWR,6,,3,26
nfl-12933,Caden Prieskorn,CAR,TE,,,999,TE,,,1,26
nfl-7451,Cam Gill,CAR,LB,,4034496,9999999,LB,,,6,28
nfl-12682,Cam Jackson,CAR,DT,,,9999999,NT,2,,1,24
nfl-13853,Cam Miller,CAR,CB,,,9999999,DB,,,0,
nfl-11806,Casey Washington,CAR,WR,,,999,SWR,8,,2,25
nfl-10953,Chandler Zavala,CAR,G,,,9999999,OL,,,3,27
nfl-11771,Chau Smith-Wade,CAR,DB,,,9999999,NB,1,,2,23
nfl-13353,Chris Brazzell,CAR,WR,,,400,,9,IR,0,22
nfl-7594,Chuba Hubbard,CAR,RB,,,66,RB,1,Questionable,5,27
nfl-11305,Claudin Cherelus,CAR,LB,,,9999999,RILB,2,,3,27
nfl-12957,Corey Thornton,CAR,CB,,,9999999,NB,2,,1,26
nfl-7003,Damien Lewis,CAR,G,,4362647,9999999,OL,,,6,29
nfl-7357,Dan Chisena,CAR,WR,,3929637,612,,8,IR,6,29
nfl-2505,Darren Waller,CAR,TE,,2576925,424,TE,1,,11,33
nfl-4274,David Moore,CAR,WR,,4212909,9999999,SWR,5,,9,31
nfl-13753,DeCarlos Nicholson,CAR,CB,,,9999999,DB,,,0,24
nfl-12011,Demani Richardson,CAR,DB,,,9999999,FS,3,,2,25
nfl-6784,Derrick Brown,CAR,DT,,4035495,450,LDE,1,Questionable,6,28
nfl-8329,Devin Lloyd,CAR,LB,,,190,RILB,1,,4,27
nfl-13977,Devonta Smith,CAR,CB,,,9999999,DB,,,0,
nfl-11139,Elijah Cooks,CAR,WR,,,9999999,SWR,9,,3,27
nfl-8736,Elijah Garcia,CAR,DT,,,9999999,DL,,,4,28
nfl-7531,Feleipe Franks,CAR,TE,,,9999999,TE,6,,5,28
nfl-13415,Haynes King,CAR,QB,,,598,QB,,Questionable,0,25
nfl-8451,Ikem Ekwonu,CAR,T,,,9999999,OL,,PUP,4,25
nfl-13709,Isaia Glass,CAR,OL,,,9999999,OL,,,0,22
nfl-6781,Isaiah Simmons,CAR,DB,,4035462,9999999,SS,3,,6,28
nfl-13979,Isaiah Smith,CAR,LB,,,9999999,LB,,,0,22
nfl-439,JJ Jansen,CAR,LS,J.J. Jansen,11759,9999999,LS,,,18,40
nfl-11600,Ja'Tavion Sanders,CAR,TE,,,576,TE,3,,2,23
nfl-8524,Ja'Tyre Carter,CAR,OL,,,9999999,OL,,,4,27
nfl-13179,Ja'seem Reed,CAR,WR,,,677,SWR,,,1,23
nfl-13586,Jackson Kuwatch,CAR,LB,,,9999999,LB,,,0,23
nfl-7635,Jaelan Phillips,CAR,LB,,,349,LOLB,1,,5,27
nfl-8081,Jake Curhan,CAR,T,,,9999999,OL,,,5,28
nfl-11646,Jalen Coker,CAR,WR,,,132,SWR,2,,2,24
nfl-8170,James Mitchell,CAR,TE,,,999,TE,5,,4,27
nfl-13094,Jared Harrison-Hunte,CAR,DT,,,9999999,LDE,2,,1,26
nfl-7642,Jaycee Horn,CAR,CB,,,683,RCB,1,,5,26
nfl-8297,Jeremiah Moon,CAR,LB,,,9999999,LB,,,4,28
nfl-12523,Jimmy Horn,CAR,WR,,,566,SWR,4,,1,23
nfl-8147,John Metchie,CAR,WR,,,605,LWR,7,,4,26
nfl-11583,Jonathon Brooks,CAR,RB,,,92,RB,2,,2,23
nfl-8160,Kenny Pickett,CAR,QB,,,666,QB,2,,4,28
nfl-7605,Kyle Trask,CAR,QB,,,552,QB,3,,5,28
nfl-12364,Kyon Barrs,CAR,DL,,,9999999,DL,,,2,24
nfl-12611,Lathan Ransom,CAR,DB,,,9999999,FS,2,,1,24
nfl-13362,Lee Hunter,CAR,DL,,,517,RDE,2,,0,24
nfl-8462,Luke Fortner,CAR,G,,,9999999,OL,,,4,28
nfl-12057,Maema Njongmeta,CAR,LB,,,9999999,LB,,,2,25
nfl-13090,Mapalo Mwansa,CAR,LB,,,9999999,LB,,,1,22
nfl-7868,Mason Stokke,CAR,FB,,,,,,,1,
nfl-7618,Micah Simon,CAR,WR,,,,,,,1,
nfl-6025,Mike Jackson,CAR,CB,,3917853,543,LCB,1,,7,29
nfl-14044,Miles Davis,CAR,RB,,,9999999,RB,,,0,26
nfl-12473,Mitchell Evans,CAR,TE,,,683,TE,4,,1,23
nfl-13444,Monroe Freeling,CAR,OT,,,9999999,OL,,,0,22
nfl-12562,Nic Scourton,CAR,DL,,,568,LB,,IR,1,21
nfl-11840,Nick Samac,CAR,C,,,9999999,OL,,,2,24
nfl-6301,Nick Scott,CAR,DB,,3116179,583,FS,1,,7,31
nfl-13980,Parker Petersen,CAR,DT,,,9999999,DL,,,0,23
nfl-7674,Patrick Jones,CAR,DE,,,9999999,ROLB,1,,5,27
nfl-12610,Princely Umanmielen,CAR,DL,,,9999999,LOLB,2,,1,24
nfl-8511,Rasheed Walker,CAR,OL,,,9999999,OL,,,4,26
nfl-7041,Robert Hunt,CAR,OL,,3917592,9999999,OL,,,6,29
nfl-7712,Robert Rochell,CAR,DB,,,9999999,RCB,3,,5,28
nfl-12972,Roc Taylor,CAR,WR,,,9999999,SWR,,,1,23
nfl-12961,Ryan Fitzgerald,CAR,K,,,327,K,1,,1,26
nfl-11039,Ryan Hayes,CAR,OL,,,9999999,OL,,,3,26
nfl-13528,Sam Hecht,CAR,C,,,9999999,OL,,,0,23
nfl-1516,Sam Martin,CAR,P,,15928,9999999,P,,,13,36
nfl-7790,Stone Forsythe,CAR,T,,,9999999,OL,,,5,28
nfl-4104,Taylor Moton,CAR,T,,2973051,9999999,OL,,PUP,9,32
nfl-7301,Tershawn Wharton,CAR,DT,,4058925,9999999,RDE,1,PUP,6,28
nfl-12526,Tetairoa McMillan,CAR,WR,,,36,LWR,1,,1,23
nfl-11441,Thomas Incoom,CAR,LB,,,9999999,LB,,,3,27
nfl-7694,Tommy Tremble,CAR,TE,,,999,TE,2,,5,26
nfl-7659,Tre'von Moehrig,CAR,DB,,,253,SS,1,,5,27
nfl-11724,Trevin Wallace,CAR,LB,,,485,LILB,1,,2,23
nfl-7120,Trevis Gipson,CAR,LB,,3917016,9999999,ROLB,2,,6,29
nfl-12531,Trevor Etienne,CAR,RB,,,399,RB,4,,1,22
nfl-11993,Tyrek Funderburk,CAR,CB,,,9999999,LCB,3,,2,25
nfl-14043,Tywone Malone,CAR,DT,,,9999999,DL,,,0,23
nfl-13485,Will Lee,CAR,CB,,,9999999,LCB,2,,0,22
nfl-11626,Xavier Legette,CAR,WR,,,558,RWR,3,,2,25
nfl-13522,Zakee Wheatley,CAR,DB,,,9999999,SS,2,,0,24
nfl-11036,Anthony Johnson,CHI,DB,,,9999999,DB,,,3,26
nfl-11760,Austin Booker,CHI,DL,,,546,RDE,1,,2,23
nfl-11860,Beanie Bishop,CHI,CB,,,9999999,DB,,Sus,2,26
nfl-13715,Beau Gardner,CHI,LS,,,9999999,LS,,,0,24
nfl-8479,Braxton Jones,CHI,OL,,,9999999,OL,,,4,27
nfl-8423,Brittain Brown,CHI,RB,,,9999999,RB,3,,4,28
nfl-13714,Caden Barnett,CHI,OG,,,9999999,OL,,,0,23
nfl-2020,Cairo Santos,CHI,K,,17427,190,K,1,,12,34
nfl-11560,Caleb Williams,CHI,QB,,,19,QB,1,,2,24
nfl-6314,Cam Lewis,CHI,CB,,3916577,9999999,SS,2,,7,29
nfl-1737,Case Keenum,CHI,QB,,15168,516,QB,3,,14,38
nfl-8293,Coby Bryant,CHI,DB,,,999,FS,1,Out,4,27
nfl-6826,Cole Kmet,CHI,TE,,4258595,573,TE,2,,6,27
nfl-12517,Colston Loveland,CHI,TE,,,39,TE,1,,1,22
nfl-6790,D'Andre Swift,CHI,RB,,4259545,47,RB,1,,6,27
nfl-8367,D'Marco Jackson,CHI,LB,,,9999999,ROLB,1,,4,28
nfl-8833,Dallis Flowers,CHI,CB,,,9999999,RCB,3,IR,4,29
nfl-8520,Daniel Hardy,CHI,LB,,,698,LDE,2,,4,27
nfl-10887,Darnell Wright,CHI,OL,,,9999999,OL,,,3,25
nfl-7649,Dayo Odeyingbo,CHI,DE,,,9999999,RDE,2,,5,26
nfl-11772,De'Antre Prince,CHI,CB,,,9999999,DB,,,2,25
nfl-5843,Devin Bush,CHI,LB,,4036261,328,MLB,1,,7,28
nfl-13371,Dillon Thieneman,CHI,DB,,,197,SS,1,,0,22
nfl-12885,Dontae Manning,CHI,CB,,,9999999,DB,,,1,24
nfl-5282,Duplicate Player,CHI,WR,,,9999999,,,,0,
nfl-8509,Elijah Hicks,CHI,DB,,,9999999,FS,2,PUP,4,26
nfl-5855,Garrett Bradbury,CHI,C,,3116729,9999999,OL,,,7,31
nfl-10899,Gervon Dexter,CHI,DL,,,999,LDT,1,,3,24
nfl-2592,Grady Jarrett,CHI,DT,,2576492,9999999,RDT,1,,11,33
nfl-13712,Hayden Large,CHI,TE,,,355,TE,,,0,24
nfl-12746,JP Richardson,CHI,WR,J.P. Richardson,,542,SWR,6,,1,24
nfl-8363,Jack Sanborn,CHI,LB,,,519,LOLB,3,,4,26
nfl-13079,Jahdae Walker,CHI,WR,,,591,LWR,4,,1,24
nfl-6858,James Lynch,CHI,DT,,4259181,9999999,LDT,3,,6,27
nfl-12035,Jamree Kromah,CHI,DL,,,9999999,LDE,3,,2,26
nfl-13942,Jaren Kump,CHI,C,,,9999999,OL,,,0,
nfl-13711,Jayden Loving,CHI,DT,,,9999999,DL,,,0,23
nfl-6839,Jaylon Johnson,CHI,DB,,4243253,9999999,RCB,1,,6,27
nfl-8702,Jaylon Jones,CHI,CB,,,9999999,LCB,3,,4,28
nfl-6787,Jedrick Wills,CHI,OT,,4241482,9999999,OL,,,6,27
nfl-11271,Jeremiah Martin,CHI,DL,,,9999999,DL,,,3,27
nfl-3247,Joe Thuney,CHI,OL,,2577773,9999999,OL,,,10,33
nfl-7957,Jon Rhattigan,CHI,LB,,,9999999,MLB,3,,5,27
nfl-6952,Jonah Jackson,CHI,G,,3930040,9999999,OL,,,6,29
nfl-6965,Jonathan Garvin,CHI,LB,,4240655,9999999,DL,,IR,6,27
nfl-10977,Jordan McFadden,CHI,OL,,,9999999,OL,,,3,26
nfl-13540,Jordan van den Berg,CHI,DL,,,9999999,DL,,,0,24
nfl-8714,Josh Blackwell,CHI,CB,,,9999999,NB,2,,4,27
nfl-8755,Kaden Davis,CHI,WR,,,326,SWR,8,,4,27
nfl-3634,Kalif Raymond,CHI,WR,,2973405,537,SWR,3,,10,32
nfl-5371,Kentavius Street,CHI,DT,,3116726,9999999,RDT,2,,8,30
nfl-13512,Keyshaun Elliott,CHI,LB,,,642,MLB,2,PUP,0,22
nfl-11707,Kiran Amegadjie,CHI,OL,,,9999999,OL,,,2,24
nfl-11891,Kyle Hergel,CHI,OL,,,9999999,OL,,,2,26
nfl-12534,Kyle Monangai,CHI,RB,,,61,RB,2,Questionable,1,24
nfl-8365,Kyler Gordon,CHI,DB,,,999,NB,1,PUP,4,26
nfl-13456,Logan Jones,CHI,C,,,9999999,OL,,,0,24
nfl-12707,Luke Newman,CHI,OG,,,9999999,OL,,,1,24
nfl-12519,Luther Burden,CHI,WR,,,40,RWR,2,Questionable,1,22
nfl-13489,Malik Muhammad,CHI,CB,,,9999999,LCB,2,,0,21
nfl-4965,Marcus Davenport,CHI,DE,,3124058,9999999,DL,,,8,29
nfl-13917,Marlen Sewell,CHI,DB,,,9999999,DB,,,0,
nfl-13944,Mason Murphy,CHI,OT,,,9999999,OL,,,0,
nfl-8921,Maurice Alexander,CHI,WR,,,657,LWR,5,,4,29
nfl-13310,Miller Moss,CHI,QB,,,999,QB,,,0,24
nfl-6124,Montez Sweat,CHI,DE,,3134690,365,LDE,1,,7,29
nfl-8328,Nephi Sewell,CHI,LB,,,9999999,ROLB,3,Questionable,4,27
nfl-6825,Neville Gallimore,CHI,DT,,3892883,9999999,LDT,2,,6,29
nfl-10984,Noah Sewell,CHI,LB,,,9999999,ROLB,2,PUP,3,24
nfl-13941,Omari Kelly,CHI,WR,,,9999999,SWR,,,0,
nfl-12606,Ozzy Trapilo,CHI,OL,,,9999999,OL,,,1,24
nfl-12267,Qadir Ismail,CHI,WR,,,354,TE,,,2,26
nfl-5096,Ray-Ray McCloud,CHI,WR,,3728262,528,SWR,3,,8,29
nfl-11260,Robert Burns,CHI,FB,,,9999999,,,,1,
nfl-11620,Rome Odunze,CHI,WR,,,62,LWR,1,,2,24
nfl-10235,Roschon Johnson,CHI,RB,,,438,RB,5,,3,25
nfl-12637,Ruben Hyppolite,CHI,LB,,,9999999,LOLB,2,Questionable,1,24
nfl-6918,Salvon Ahmed,CHI,RB,,4243315,632,RB,4,,6,27
nfl-13322,Sam Roush,CHI,TE,,,534,TE,3,,0,22
nfl-6290,Scotty Miller,CHI,WR,,3914397,698,RWR,7,,7,29
nfl-5638,Shaq Roland,CHI,WR,,2978744,1104,,,,1,
nfl-12616,Shemar Turner,CHI,DE,,,9999999,RDE,3,PUP,1,23
nfl-8584,Skyler Thomas,CHI,DB,,,9999999,,,,1,22
nfl-6451,Stephen Carlson,CHI,TE,,3948283,999,TE,3,,7,29
nfl-5960,T.J. Edwards,CHI,LB,TJ Edwards,3121544,336,LOLB,1,,7,30
nfl-10972,Terell Smith,CHI,DB,,,9999999,RCB,2,Questionable,3,27
nfl-12208,Theo Benedet,CHI,OT,,,9999999,OL,,,2,24
nfl-7836,Tony Fields,CHI,LB,,,9999999,LB,,,5,27
nfl-11732,Tory Taylor,CHI,P,,,9999999,P,,,2,29
nfl-10897,Tyrique Stevenson,CHI,CB,,,9999999,LCB,1,,3,26
nfl-11256,Tyson Bagent,CHI,QB,,,570,QB,2,,3,26
nfl-14030,Wayne Matthews,CHI,LB,,,9999999,LB,,,0,24
nfl-8830,Wesley French,CHI,OL,,,9999999,OL,,,4,29
nfl-13985,William Wright,CHI,DB,,,9999999,DB,,,0,
nfl-4238,Xavier Woods,CHI,DB,,3040572,9999999,DB,,Questionable,9,31
nfl-13411,Zavion Thomas,CHI,WR,,,461,SWR,5,Questionable,0,22
nfl-11666,Amarius Mims,CIN,OL,,,9999999,OL,,,2,23
nfl-10226,Andrei Iosivas,CIN,WR,,,500,SWR,3,,3,26
nfl-11854,Andrew Coker,CIN,OL,,,9999999,OL,,,2,25
nfl-12697,Antwaun Powell-Ryland,CIN,DE,,,9999999,DL,,,1,24
nfl-5020,B.J. Hill,CIN,DT,BJ Hill,3116748,640,LDT,2,,8,31
nfl-12646,Barrett Carter,CIN,LB,,,341,MLB,1,,1,23
nfl-8343,Boye Mafe,CIN,DL,,,348,RDE,1,,4,27
nfl-13083,Bralyn Lux,CIN,DB,,,9999999,NB,3,,1,25
nfl-13546,Brian Parker,CIN,OT,,,9999999,OL,,,0,22
nfl-8294,Bryan Cook,CIN,DB,,,9999999,FS,1,Questionable,4,26
nfl-12062,Cam Grandy,CIN,TE,,,999,TE,6,,2,26
nfl-13364,Cashius Howell,CIN,DL,,,304,LDE,2,,0,23
nfl-11785,Cedric Johnson,CIN,DE,,,9999999,RDE,3,,2,23
nfl-10228,Charlie Jones,CIN,WR,,,999,SWR,7,,3,27
nfl-9224,Chase Brown,CIN,RB,,,15,RB,1,,3,26
nfl-13947,Christian Jones,CIN,OT,,,9999999,OL,,,0,
nfl-5856,Cody Ford,CIN,OL,,3707061,9999999,OL,,,7,29
nfl-13477,Colbie Young,CIN,WR,,,555,LWR,4,,0,24
nfl-13486,Connor Lew,CIN,C,,,9999999,OL,,,0,20
nfl-13719,Corey Robinson,CIN,OL,,,9999999,OL,,,0,
nfl-11032,DJ Ivey,CIN,CB,D.J. Ivey,,9999999,RCB,2,,3,26
nfl-10894,DJ Turner,CIN,DB,D.J. Turner,,999,RCB,1,,3,25
nfl-11831,Daijahn Anthony,CIN,DB,,,9999999,FS,2,,2,25
nfl-5867,Dalton Risner,CIN,G,,3125082,9999999,OL,,,7,31
nfl-8286,Dax Hill,CIN,DB,,,9999999,LCB,1,Questionable,4,25
nfl-12617,Demetrius Knight,CIN,LB,,,330,LOLB,1,,1,26
nfl-5847,Dexter Lawrence,CIN,DT,,4035483,397,RDT,1,,7,28
nfl-13264,Dohnte Meyers,CIN,WR,,,477,SWR,,,3,26
nfl-6001,Drew Sample,CIN,TE,,3127310,999,TE,3,,7,30
nfl-12627,Dylan Fairchild,CIN,OL,,,9999999,OL,,,1,23
nfl-13718,Eric Gentry,CIN,LB,,,9999999,LB,,,0,23
nfl-11592,Erick All,CIN,TE,,,478,TE,2,,2,25
nfl-7839,Evan McPherson,CIN,K,,,182,K,1,,5,27
nfl-7529,Gary Brightwell,CIN,RB,,,559,RB,5,,5,28
nfl-12751,Howard Cross,CIN,DT,,,9999999,DL,,,1,25
nfl-10909,Isaiah Foskey,CIN,DL,,,9999999,LDE,3,,3,25
nfl-7564,Ja'Marr Chase,CIN,WR,,,3,LWR,1,,5,26
nfl-8481,Ja'Sir Taylor,CIN,DB,,,9999999,RCB,3,,4,27
nfl-13721,Jack Dingle,CIN,LB,,,9999999,LB,,,0,23
nfl-13282,Jack Endries,CIN,TE,,,329,TE,4,,0,22
nfl-12759,Jacob Bayer,CIN,C,,,9999999,OL,,,1,23
nfl-5222,Jalen Davis,CIN,CB,,3125356,9999999,NB,1,,8,30
nfl-13059,Jalen Kimber,CIN,CB,,,9999999,LCB,3,,1,25
nfl-12674,Jalen Rivers,CIN,OL,,,9999999,OL,,,1,23
nfl-13946,Jamal Haynes,CIN,RB,,,9999999,RB,4,,0,23
nfl-11737,Javon Foster,CIN,OL,,,9999999,OL,,,2,26
nfl-6770,Joe Burrow,CIN,QB,,3915511,13,QB,1,,6,29
nfl-19,Joe Flacco,CIN,QB,,11252,478,QB,2,,18,41
nfl-6105,Joe Giles-Harris,CIN,LB,,3917797,9999999,ROLB,2,,7,29
nfl-4032,Jonathan Allen,CIN,DT,,3054840,999,LDT,1,,9,31
nfl-10927,Jordan Battle,CIN,DB,,,363,SS,1,,3,25
nfl-11736,Jordan Jefferson,CIN,DT,,,9999999,DL,,,2,24
nfl-12761,Jordan Moore,CIN,WR,,,9999999,SWR,,,1,24
nfl-260,Josh Johnson,CIN,QB,,11394,544,QB,3,,18,40
nfl-13312,Josh Kattus,CIN,TE,,,541,TE,,,0,
nfl-11764,Josh Newton,CIN,CB,,,9999999,NB,2,,2,25
nfl-12971,Ke'Shawn Williams,CIN,WR,,,999,LWR,8,,1,24
nfl-11649,Kendall Milton,CIN,RB,,,660,RB,5,,2,24
nfl-8783,Kendric Pryor,CIN,WR,,,9999999,RWR,6,,4,28
nfl-13436,Kentrel Bullock,CIN,RB,,,615,RB,,,0,24
nfl-11688,Kris Jenkins,CIN,DL,,,9999999,DL,,,2,24
nfl-6872,Kyle Dugger,CIN,DB,,4401811,999,SS,2,,6,30
nfl-13574,Landon Robinson,CIN,NT,,,9999999,DL,,,0,23
nfl-11281,Liam Anderson,CIN,LB,,,9999999,LOLB,2,,3,26
nfl-13948,Liam Brown,CIN,OG,,,9999999,OL,,,0,
nfl-13848,Matthew McDoom,CIN,CB,,,9999999,DB,,,0,23
nfl-11713,McKinnley Jackson,CIN,DL,,,9999999,LDT,3,Questionable,2,24
nfl-4993,Mike Gesicki,CIN,TE,,3116164,441,TE,1,,8,30
nfl-11068,Mitch Tinsley,CIN,WR,,,999,RWR,5,,3,26
nfl-10875,Myles Murphy,CIN,DL,,,9999999,LDE,1,Questionable,3,24
nfl-13318,Noah Thomas,CIN,WR,,,647,SWR,6,,0,22
nfl-5031,Oren Burks,CIN,LB,,3051746,9999999,ROLB,1,,8,31
nfl-4948,Orlando Brown,CIN,T,,3116370,9999999,OL,,,8,30
nfl-12058,PJ Jules,CIN,DB,P.J. Jules,,9999999,SS,3,,2,25
nfl-8510,Russ Yeast,CIN,DB,,,692,DB,,,4,27
nfl-12163,Ryan Rehkow,CIN,P,,,9999999,P,,,2,27
nfl-4147,Samaje Perine,CIN,RB,,3116389,468,RB,2,,9,30
nfl-10983,Sean Clifford,CIN,QB,,,361,QB,4,,3,28
nfl-11251,Shaka Heyward,CIN,LB,,,9999999,MLB,2,,3,26
nfl-12560,Shemar Stewart,CIN,DL,,,999,RDE,2,Questionable,1,22
nfl-12255,Swayze Bozeman,CIN,LB,,,9999999,LB,,,2,27
nfl-7818,T.J. Slaton,CIN,DT,TJ Slaton,,9999999,RDT,2,,5,28
nfl-13469,Tacario Davis,CIN,CB,,,9999999,LCB,2,,0,22
nfl-12543,Tahj Brooks,CIN,RB,,,568,RB,3,,1,24
nfl-5409,Tanner Hudson,CIN,TE,,3050481,999,TE,5,,8,31
nfl-3376,Ted Karras,CIN,OL,,2576188,9999999,OL,,,10,33
nfl-6801,Tee Higgins,CIN,WR,,4239993,35,RWR,2,,6,27
nfl-13086,William Wagner,CIN,LS,,,9999999,LS,,,1,25
nfl-11969,Xavier Johnson,CIN,WR,,,999,SWR,,,2,27
nfl-13104,Adin Huntington,CLE,DT,,,692,LDT,3,,1,24
nfl-12797,Ahmani Marshall,CLE,RB,,,690,RB,,,1,24
nfl-8376,Alex Wright,CLE,DL,,,9999999,LDE,1,,4,25
nfl-11261,Andre Szmyt,CLE,K,,,319,K,1,,4,27
nfl-13473,Austin Barber,CLE,OT,,,9999999,OL,,,0,23
nfl-13647,Ben Patterson,CLE,WR,,,9999999,SWR,,,0,
nfl-8746,Benton Whitley,CLE,DE,,,9999999,DL,,,4,27
nfl-11201,Blake Whiteheart,CLE,TE,,,999,TE,4,,3,26
nfl-13580,Carsen Ryan,CLE,TE,,,9999999,TE,5,,0,22
nfl-12578,Carson Schwesinger,CLE,LB,,,100,MLB,1,Questionable,1,23
nfl-10444,Cedric Tillman,CLE,WR,,,999,LWR,4,Questionable,3,26
nfl-11916,Christopher Edmonds,CLE,DB,,,9999999,DB,,,2,25
nfl-5721,Corey Bojorquez,CLE,P,,4039396,9999999,P,,,8,29
nfl-13114,Coziah Izzard,CLE,DT,,,9999999,DL,,,1,24
nfl-6476,D'Angelo Ross,CLE,DB,,3139389,9999999,RCB,2,,7,29
nfl-13331,Dae'Quan Wright,CLE,TE,,,999,TE,,,0,22
nfl-8386,Damarri Mathis,CLE,DB,,,9999999,DB,,IR,4,27
nfl-7053,Daniel Thomas,CLE,DB,,4035505,9999999,SS,2,,6,28
nfl-13339,Davon Booth,CLE,RB,,,999,RB,,,0,24
nfl-10956,Dawand Jones,CLE,OL,,,9999999,OL,,,3,25
nfl-13346,Denzel Boston,CLE,WR,,,153,LWR,3,,0,22
nfl-4964,Denzel Ward,CLE,CB,,3915535,999,LCB,1,,8,29
nfl-4017,Deshaun Watson,CLE,QB,,3122840,331,QB,1,,9,30
nfl-12486,Dillon Gabriel,CLE,QB,,,999,QB,4,,1,25
nfl-12783,Donovan McMillon,CLE,DB,,,9999999,,,,1,24
nfl-12469,Dylan Sampson,CLE,RB,,,129,RB,2,,1,21
nfl-13165,Easton Mascarenas-Arnold,CLE,LB,,,9999999,LOLB,3,,1,23
nfl-11757,Edefuan Ulofoshio,CLE,LB,,,9999999,ROLB,2,,2,26
nfl-5877,Elgton Jenkins,CLE,G,,3115485,9999999,OL,,,7,30
nfl-12319,Elijah Chatman,CLE,DT,,,9999999,DL,,,2,25
nfl-13360,Emmanuel McNeil-Warren,CLE,DB,,,276,FS,2,,0,22
nfl-13101,Gage Larvadain,CLE,WR,,,999,SWR,7,,1,24
nfl-6799,Grant Delpit,CLE,DB,,4242208,400,SS,1,,6,27
nfl-12506,Harold Fannin,CLE,TE,,,63,TE,1,,1,22
nfl-12503,Isaiah Bond,CLE,WR,,,554,SWR,5,,1,22
nfl-10943,Isaiah McGuire,CLE,DL,,,999,LDE,2,,3,25
nfl-13954,Izavion Miller,CLE,G,,,9999999,OL,,,0,
nfl-7946,Jack Stoll,CLE,TE,,,621,TE,2,,5,28
nfl-11633,Jamari Thrash,CLE,WR,,,999,,9,IR,2,25
nfl-11665,Jared Verse,CLE,DL,,,121,RDE,1,,2,25
nfl-13892,Jeadyn Lukus,CLE,CB,,,9999999,DB,,,0,22
nfl-12886,Jeremiah Byers,CLE,OL,,,9999999,OL,,,1,25
nfl-13641,Jeremiah McClendon,CLE,CB,,,9999999,DB,,,0,
nfl-7651,Jeremiah Owusu-Koramoah,CLE,LB,,,999,LB,,PUP,5,26
nfl-13129,Jermaine Terry,CLE,TE,,,415,TE,,,1,
nfl-6783,Jerry Jeudy,CLE,WR,,4241463,160,RWR,1,,6,27
nfl-13435,Joe Royer,CLE,TE,,,683,TE,3,Questionable,0,24
nfl-6851,Julian Okwara,CLE,LB,,4046690,9999999,RDE,2,,6,28
nfl-13524,Justin Jefferson,CLE,LB,,,9999999,ROLB,1,,0,23
nfl-13298,KC Concepcion,CLE,WR,K.C. Concepcion,,114,SWR,2,,0,21
nfl-11817,KT Leveston,CLE,OL,K.T. Leveston,,9999999,OL,,,2,26
nfl-8375,Kalia Davis,CLE,DL,,,9999999,LDT,2,,4,27
nfl-7692,Kendrick Green,CLE,C,,,9999999,OL,,IR,5,27
nfl-13747,Khordae Sydnor,CLE,DL,,,9999999,DL,,,0,
nfl-12384,Kingsley Eguakun,CLE,OL,,,9999999,OL,,,2,25
nfl-13749,Kole Wilson,CLE,WR,,,9999999,SWR,,,0,22
nfl-13601,Logan Fano,CLE,DE,,,9999999,RDE,3,,0,24
nfl-13189,Luke Floriea,CLE,WR,,,624,SWR,,,1,24
nfl-11013,Luke Wypler,CLE,OL,,,9999999,OL,,,3,25
nfl-11617,Malachi Corley,CLE,WR,,,999,SWR,6,,2,24
nfl-3236,Maliek Collins,CLE,DT,,3040471,648,LDT,1,PUP,10,31
nfl-12573,Mason Graham,CLE,DL,,,588,RDT,1,,1,22
nfl-2471,Michael Burton,CLE,FB,,2515270,999,RB,4,,11,34
nfl-13751,Michael Coats,CLE,CB,,,9999999,RCB,3,Questionable,0,25
nfl-11692,Mike Hall,CLE,DT,,,9999999,RDT,2,Questionable,2,23
nfl-6946,Myles Bryant,CLE,DB,,4039010,9999999,NB,2,,6,28
nfl-11836,Myles Harden,CLE,DB,,,9999999,NB,1,,2,24
nfl-13953,Nate Evans,CLE,CB,,,9999999,LCB,2,Questionable,0,
nfl-11790,Nathaniel Watson,CLE,LB,,,9999999,MLB,2,,2,25
nfl-12393,Nik Constantinou,CLE,P,,,9999999,P,,,2,26
nfl-13526,Parker Brailsford,CLE,C,,,9999999,OL,,Questionable,0,22
nfl-13223,Patrick Jenkins,CLE,DL,,,9999999,DL,,,1,22
nfl-6214,Quincy Williams,CLE,LB,,3110565,336,LOLB,1,,7,29
nfl-12512,Quinshon Judkins,CLE,RB,,,45,RB,1,,1,22
nfl-12472,Raheim Sanders,CLE,RB,,,690,RB,3,,1,24
nfl-7498,Rex Sunahara,CLE,LS,,,9999999,LS,,,6,29
nfl-11352,Ronnie Hickman,CLE,DB,,,9999999,FS,1,,3,24
nfl-7844,Sam Kamara,CLE,LB,,,9999999,RDT,3,,5,28
nfl-12524,Shedeur Sanders,CLE,QB,,,212,QB,2,,1,24
nfl-13450,Spencer Fano,CLE,OT,,,9999999,OL,,,0,21
nfl-13306,Taylen Green,CLE,QB,,,560,QB,3,,0,23
nfl-7663,Teven Jenkins,CLE,OL,,,9999999,OL,,,5,28
nfl-11054,Travis Bell,CLE,DL,,,9999999,DL,,,3,27
nfl-8925,Tre Avery,CLE,CB,,,9999999,NB,3,,4,29
nfl-7595,Tylan Wallace,CLE,WR,,,999,RWR,8,,5,27
nfl-7188,Tyler Hall,CLE,DB,,4048718,9999999,DB,,,6,27
nfl-7112,Tyre Phillips,CLE,G,,4242247,9999999,OL,,,6,29
nfl-13752,Tyreak Sapp,CLE,DE,,,9999999,LDE,3,,0,23
nfl-7667,Tyson Campbell,CLE,CB,,,551,RCB,1,,5,26
nfl-5901,Tytus Howard,CLE,OL,,3131498,9999999,OL,,,7,30
nfl-13748,Wes Pahl,CLE,P,,,9999999,P,,,0,24
nfl-12083,Winston Reid,CLE,LB,,,9999999,LOLB,2,,4,27
nfl-11715,Zak Zinter,CLE,OL,,,9999999,OL,,,2,25
nfl-8445,Zion Johnson,CLE,G,,,9999999,OL,,,4,26
nfl-13745,Zion Washington,CLE,DB,,,9999999,,,,0,23
nfl-8821,Adedayo Odeleye,DAL,DE,,,9999999,LDE,3,,4,28
nfl-12698,Ajani Cornelius,DAL,OL,,,9999999,OL,,,1,24
nfl-12855,Alijah Clark,DAL,DB,,,9999999,DB,,,1,23
nfl-11006,Ameer Speed,DAL,CB,,,999,DB,,,3,26
nfl-13582,Anthony Smith,DAL,WR,,,9999999,SWR,8,,0,24
nfl-11533,Brandon Aubrey,DAL,K,,,95,K,1,,3,31
nfl-11593,Brevyn Spann-Ford,DAL,TE,,,999,TE,5,,2,26
nfl-1113,Bryan Anger,DAL,P,,14950,9999999,P,,,14,37
nfl-11769,Caelen Carson,DAL,DB,,,9999999,LCB,2,,2,24
nfl-13376,Caleb Downs,DAL,DB,,,151,NB,1,,0,21
nfl-13726,Camden Brown,DAL,WR,,,344,SWR,,,0,
nfl-6786,CeeDee Lamb,DAL,WR,,4241389,10,RWR,1,,6,27
nfl-8729,Chris Glaser,DAL,G,,,9999999,OL,,,4,26
nfl-8381,Cobie Durant,DAL,DB,,,999,RCB,1,,4,28
nfl-11719,Cooper Beebe,DAL,OL,,,9999999,OL,,,2,25
nfl-8020,Curtis Robinson,DAL,LB,,,9999999,LB,,,5,28
nfl-13355,DJ Rogers,DAL,TE,D.J. Rogers,,999,TE,,,0,24
nfl-13919,DJ Wingfield,DAL,OL,D.J. Wingfield,,9999999,OL,,,0,25
nfl-13759,DJ Withers,DAL,DT,D.J. Withers,,9999999,RDE,3,,0,
nfl-8476,DaRon Bland,DAL,DB,,,999,LCB,1,,4,27
nfl-3294,Dak Prescott,DAL,QB,,2577417,42,QB,1,,10,33
nfl-10933,DeMarvion Overshown,DAL,LB,,,376,RILB,1,,3,26
nfl-11017,Dee Winters,DAL,LB,,,373,LILB,1,,3,25
nfl-6849,Denzel Mims,DAL,WR,,4035403,634,SWR,8,,6,28
nfl-8271,Derion Kendrick,DAL,DB,,,9999999,NB,2,,4,25
nfl-13496,Devin Moore,DAL,CB,,,662,DB,,,0,22
nfl-12556,Donovan Ezeiruaku,DAL,DL,,,547,ROLB,1,,1,22
nfl-13498,Drew Shelton,DAL,OT,,,9999999,OL,,,0,22
nfl-8137,George Pickens,DAL,WR,,,23,LWR,2,,4,25
nfl-11510,Hunter Luepke,DAL,FB,,,999,RB,6,,3,26
nfl-11514,Isaiah Land,DAL,LB,,,9999999,LOLB,3,,3,26
nfl-9227,Israel Abanikanda,DAL,RB,,,679,RB,4,,3,23
nfl-13246,Jaden Smith,DAL,WR,,,9999999,SWR,,,1,24
nfl-13381,Jaishawn Barham,DAL,LB,,,582,LILB,2,,0,22
nfl-8110,Jake Ferguson,DAL,TE,,,97,TE,1,,4,27
nfl-6711,Jalen Thompson,DAL,DB,,4043089,502,SS,1,,7,28
nfl-8494,James Houston,DAL,LB,,,9999999,LOLB,2,,4,27
nfl-8194,Jashaun Corbin,DAL,RB,,,524,RB,,,4,25
nfl-7588,Javonte Williams,DAL,RB,,,32,RB,1,,5,26
nfl-12737,Jay Toia,DAL,DT,,,9999999,NT,2,,1,23
nfl-12457,Jaydon Blue,DAL,RB,,,189,RB,3,,1,22
nfl-11557,Joe Milton,DAL,QB,,,578,QB,2,,2,26
nfl-3241,Jonathan Bullard,DAL,DE,,2980097,9999999,LDE,2,Questionable,10,32
nfl-10225,Jonathan Mingo,DAL,WR,,,383,RWR,5,,3,25
nfl-13325,Jordan Hudson,DAL,WR,,,648,LWR,,,0,22
nfl-11535,Josh Butler,DAL,CB,,,9999999,LCB,3,,3,29
nfl-12089,Julius Wood,DAL,DB,,,9999999,DB,,,2,25
nfl-12853,Justin Barron,DAL,LB,,,9999999,LILB,3,,1,24
nfl-8917,KaVontae Turpin,DAL,WR,,,440,SWR,4,,4,30
nfl-13757,Kelvin Gilliam,DAL,DT,,,9999999,DL,,,0,23
nfl-3186,Kenny Clark,DAL,DE,,3122752,670,NT,1,,10,30
nfl-13480,LT Overton,DAL,DE,L.T. Overton,,9999999,DL,,,0,21
nfl-13754,Langston Patterson,DAL,LB,,,9999999,RILB,3,,0,23
nfl-10871,Luke Schoonmaker,DAL,TE,,,999,TE,4,,3,27
nfl-13359,Malachi Lawrence,DAL,DL,,,467,LB,,,0,23
nfl-8800,Malik Davis,DAL,RB,,,587,RB,2,,4,27
nfl-4074,Malik Hooker,DAL,DB,,3121415,9999999,FS,1,,9,30
nfl-12101,Marcellus Johnson,DAL,OL,,,9999999,OL,,,2,26
nfl-11720,Marist Liufau,DAL,LB,,,9999999,LB,,,2,25
nfl-8399,Markquese Bell,DAL,DB,,,9999999,DB,,,4,27
nfl-5086,Marquez Valdes-Scantling,DAL,WR,,3051738,630,LWR,7,,8,31
nfl-6881,Matt Hennessy,DAL,OL,,4044138,9999999,OL,,IR,6,28
nfl-13401,Michael Trigg,DAL,TE,,,212,TE,2,,0,24
nfl-11838,Nate Thomas,DAL,OL,,,9999999,OL,,,2,24
nfl-7448,Nick Leverett,DAL,G,,3920591,9999999,OL,,,6,29
nfl-8331,Otito Ogbonnia,DAL,DL,,,9999999,LDE,1,,4,25
nfl-6419,P.J. Locke,DAL,DB,PJ Locke,3929850,9999999,FS,2,,7,29
nfl-12738,Phil Mafah,DAL,RB,,,573,RB,5,Questionable,1,23
nfl-11508,Princeton Fant,DAL,TE,,,9999999,TE,4,IR,3,27
nfl-6118,Quinnen Williams,DAL,DT,,4040982,390,RDE,1,,7,28
nfl-5839,Rashan Gary,DAL,LB,,4046523,283,LOLB,1,,7,28
nfl-12037,Reddy Steward,DAL,CB,,,9999999,NB,3,,2,25
nfl-11783,Ryan Flournoy,DAL,WR,,,199,SWR,3,,2,26
nfl-8162,Sam Howell,DAL,QB,,,689,QB,3,,4,25
nfl-8368,Sam Williams,DAL,DL,,,9999999,ROLB,3,,4,27
nfl-8754,Sebastian Gutierrez,DAL,T,,,9999999,OL,,,4,28
nfl-12559,Shavon Revel,DAL,DB,,,9999999,RCB,2,,1,25
nfl-12614,Shemar James,DAL,LB,,,999,RILB,2,,1,22
nfl-13755,Shiyazh Pete,DAL,OT,,,9999999,OL,,,0,23
nfl-11516,T.J. Bass,DAL,OL,TJ Bass,,9999999,OL,,,3,27
nfl-6899,Terence Steele,DAL,T,,3915834,9999999,OL,,,6,29
nfl-13756,Tommy Dunn,DAL,DT,,,9999999,NT,3,,0,22
nfl-5461,Trent Sieg,DAL,LS,,3052357,9999999,LS,,,8,31
nfl-11774,Trevor Keegan,DAL,OL,,,9999999,OL,,,2,25
nfl-12717,Trikweze Bridges,DAL,DB,,,9999999,RCB,3,,1,25
nfl-12599,Tyler Booker,DAL,OL,,,9999999,OL,,,1,22
nfl-11657,Tyler Guyton,DAL,OL,,,9999999,OL,,Questionable,2,25
nfl-6960,Tyler Johnson,DAL,WR,,2310331,538,SWR,6,,6,27
nfl-8449,Tyler Smith,DAL,OL,,,9999999,OL,,,4,25
nfl-11512,Tyrus Wheat,DAL,DE,,,9999999,LB,,,3,26
nfl-871,Von Miller,DAL,LB,,13976,999,ROLB,2,,15,37
nfl-9483,Zack Kuntz,DAL,TE,,,681,TE,3,,3,27
nfl-12856,Zion Childress,DAL,DB,,,9999999,DB,,Questionable,1,24
nfl-8025,Adam Prentice,DEN,FB,,,622,RB,5,,5,29
nfl-6869,Adam Trautman,DEN,TE,,3911853,640,TE,2,,6,29
nfl-11023,Alex Forsyth,DEN,OL,,,9999999,OL,,,3,27
nfl-11443,Alex Palczewski,DEN,T,,,9999999,OL,,,3,27
nfl-2617,Alex Singleton,DEN,LB,,2612151,262,RILB,1,,11,32
nfl-5910,Ben Powers,DEN,G,,4037650,9999999,OL,,,7,29
nfl-11563,Bo Nix,DEN,QB,,,39,QB,1,,2,26
nfl-6911,Brandon Jones,DEN,DB,,4039059,483,FS,1,,6,28
nfl-13393,Brent Austin,DEN,DB,,,599,DB,,,0,22
nfl-12735,Caleb Lohner,DEN,TE,,,999,TE,6,Questionable,1,24
nfl-7010,Calvin Throckmorton,DEN,OL,,3915147,9999999,OL,,,6,30
nfl-13744,Cameron Ross,DEN,WR,,,9999999,SWR,,,0,25
nfl-11644,Cody Schrader,DEN,RB,,,999,RB,7,,2,26
nfl-5045,Courtland Sutton,DEN,WR,,3128429,72,LWR,2,,8,30
nfl-4278,D.J. Jones,DEN,DT,DJ Jones,3894915,9999999,NT,1,,9,31
nfl-13577,Dallen Bentley,DEN,TE,,,9999999,TE,7,,0,25
nfl-13336,Dane Key,DEN,WR,,,999,RWR,6,,0,23
nfl-13865,Dasan McCullough,DEN,LB,,,9999999,LB,,,0,23
nfl-8004,Devon Key,DEN,DB,,,9999999,FS,2,,5,28
nfl-12427,Dondrea Tillman,DEN,DT,,,9999999,ROLB,2,,3,28
nfl-10929,Drew Sanders,DEN,LB,,,9999999,ROLB,3,,3,24
nfl-4066,Evan Engram,DEN,TE,,3051876,453,TE,1,,9,31
nfl-8347,Eyioma Uwazurike,DEN,DL,,,9999999,NT,2,,4,28
nfl-12110,Frank Crum,DEN,OT,,,9999999,OL,,,2,26
nfl-4053,Garett Bolles,DEN,OT,,4035662,9999999,OL,,,9,34
nfl-13982,Gavin Ortega,DEN,C,,,9999999,OL,,,0,22
nfl-5886,Hakeem Butler,DEN,TE,,3917940,999,SWR,,,7,30
nfl-6806,J.K. Dobbins,DEN,RB,JK Dobbins,4241985,68,RB,1,Questionable,6,27
nfl-11011,JL Skinner,DEN,DB,J.L. Skinner,,9999999,SS,2,,3,25
nfl-8752,Ja'Quan McMillian,DEN,CB,,,9999999,NB,1,,4,26
nfl-12557,Jahdae Barron,DEN,DB,,,999,LCB,2,,1,24
nfl-11439,Jaleel McLaughlin,DEN,RB,,,999,RB,6,,3,25
nfl-6136,Jarrett Stidham,DEN,QB,,3892775,999,QB,2,,7,30
nfl-7526,Jaylen Waddle,DEN,WR,,,42,RWR,1,Questionable,5,27
nfl-12693,Jeremy Crawshaw,DEN,P,,,9999999,P,,,1,25
nfl-12770,Johnny Walker,DEN,DE,,,9999999,LB,,,1,24
nfl-13345,Jonah Coleman,DEN,RB,,,118,RB,3,,0,22
nfl-11714,Jonah Elliss,DEN,DE,,,9999999,LOLB,2,,2,23
nfl-7765,Jonathon Cooper,DEN,DL,,,556,LOLB,1,,5,28
nfl-8370,Jordan Jackson,DEN,DL,,,9999999,LDE,3,,4,28
nfl-12103,Jordan Miller,DEN,DT,,,9999999,DL,,,2,26
nfl-13209,Jordan Turner,DEN,LB,,,9999999,LILB,2,,1,24
nfl-13743,Joseph Manjack,DEN,WR,,,650,LWR,,,0,23
nfl-13400,Justin Joly,DEN,TE,,,437,TE,4,,0,22
nfl-6977,Justin Strnad,DEN,LB,,3919548,999,LILB,1,,6,29
nfl-13499,Kage Casey,DEN,OT,,,9999999,OL,,,0,22
nfl-12781,Karene Reid,DEN,LB,,,9999999,RILB,2,,1,26
nfl-13981,Kolbe Katsis,DEN,WR,,,544,SWR,,,0,24
nfl-11765,Kris Abrams-Draine,DEN,DB,,,9999999,RCB,2,,2,24
nfl-13069,Kristian Williams,DEN,DT,,,9999999,DL,,,1,25
nfl-14056,Kyre Duplessis,DEN,WR,,,9999999,SWR,,,0,
nfl-13208,Kyrese Rowan,DEN,WR,,,9999999,SWR,,,1,25
nfl-8497,Lecitus Smith,DEN,OL,,,9999999,OL,,,4,28
nfl-12111,Levelle Bailey,DEN,LB,,,9999999,LILB,3,Questionable,2,25
nfl-5938,Lil'Jordan Humphrey,DEN,WR,,4039057,427,LWR,7,,7,28
nfl-8249,Lucas Krull,DEN,TE,,,9999999,TE,5,,4,28
nfl-13866,Luke Basso,DEN,LS,,,9999999,LS,,,0,23
nfl-8474,Luke Wattenberg,DEN,OL,,,9999999,OL,,Questionable,4,28
nfl-7018,Malcolm Roach,DEN,DT,,4039064,9999999,LDE,1,,6,28
nfl-9494,Marvin Mims,DEN,WR,,,192,SWR,5,Questionable,3,24
nfl-8495,Matt Henningsen,DEN,DE,,,9999999,RDE,3,IR,4,27
nfl-6905,Matt Peart,DEN,T,,3921936,9999999,OL,,,6,29
nfl-8076,Michael Bandy,DEN,WR,,,999,SWR,8,,5,28
nfl-5898,Michael Deiter,DEN,OL,,3121541,9999999,OL,,IR,7,29
nfl-8202,Michael Woods,DEN,WR,,,999,,,Questionable,4,26
nfl-4966,Mike McGlinchey,DEN,T,,3052885,9999999,OL,,,8,31
nfl-13578,Miles Scott,DEN,DB,,,9999999,DB,,,0,24
nfl-8071,Mitchell Fraboni,DEN,LS,,,9999999,LS,,,4,29
nfl-11433,Nate Adkins,DEN,TE,,,628,TE,3,,3,27
nfl-11833,Nick Gargiulo,DEN,OL,,,9999999,OL,,PUP,2,26
nfl-8280,Nik Bonitto,DEN,LB,,,137,ROLB,1,,4,26
nfl-13986,Parker Robertson,DEN,DB,,,9999999,,,,0,24
nfl-12492,Pat Bryant,DEN,WR,,,172,SWR,4,,1,23
nfl-7641,Pat Surtain,DEN,CB,,,425,RCB,1,,5,26
nfl-12636,Que Robinson,DEN,LB,,,9999999,LOLB,3,,1,25
nfl-7699,Quinn Meinerz,DEN,OL,,,9999999,OL,,,5,27
nfl-12489,RJ Harvey,DEN,RB,R.J. Harvey,,56,RB,2,,1,25
nfl-13579,Red Murdock,DEN,LB,,,9999999,LB,,,0,22
nfl-11325,Reese Taylor,DEN,CB,,,9999999,NB,2,,3,26
nfl-13039,Reid Holskey,DEN,OL,,,9999999,OL,,,1,24
nfl-14077,Ricardo Hallman,DEN,CB,,,9999999,,,,0,21
nfl-10930,Riley Moss,DEN,DB,,,560,LCB,1,,3,26
nfl-14008,Rodney Hammond,DEN,RB,,,9999999,,,,0,23
nfl-12628,Sai'vion Jones,DEN,DE,,,9999999,RDE,2,,1,23
nfl-7583,Sam Ehlinger,DEN,QB,,,666,QB,3,,5,27
nfl-14059,Sean Fresch,DEN,CB,,,9999999,DB,,,1,
nfl-7811,Talanoa Hufanga,DEN,DB,,,275,SS,1,,5,26
nfl-13593,Taurean York,DEN,LB,,,9999999,LB,,,0,21
nfl-11627,Troy Franklin,DEN,WR,,,171,SWR,3,,2,23
nfl-14013,Tyce Westland,DEN,DE,,,9999999,,,,0,23
nfl-8377,Tycen Anderson,DEN,DB,,,9999999,SS,3,,4,27
nfl-8208,Tyler Badie,DEN,RB,,,999,RB,4,,4,26
nfl-13984,Tyler Miller,DEN,OL,,,9999999,OL,,,0,
nfl-13472,Tyler Onyedim,DEN,DT,,,9999999,LDE,2,,0,23
nfl-3678,Wil Lutz,DEN,K,,2985659,177,K,1,,10,32
nfl-5871,Zach Allen,DEN,DE,,3915282,395,RDE,1,,7,28
nfl-13740,Aamaris Brown,DET,DB,,,9999999,DB,,,0,
nfl-12706,Ahmed Hassanein,DET,DE,,,645,DL,,,1,24
nfl-8289,Aidan Hutchinson,DET,DL,,,80,LDE,1,,4,26
nfl-7679,Alim McNeill,DET,NT,,,9999999,RDT,1,,5,26
nfl-7936,Amen Ogbongbemiga,DET,LB,,,9999999,LB,,,5,27
nfl-7547,Amon-Ra St. Brown,DET,WR,,,7,SWR,1,,5,26
nfl-13358,Anthony Lucas,DET,DL,,,593,DL,,,0,21
nfl-5361,Avonte Maddox,DET,CB,,3123938,9999999,FS,2,,8,30
nfl-7060,Ben Bartch,DET,OL,,4611506,9999999,OL,,,6,28
nfl-8850,Ben Stille,DET,DT,,,9999999,DL,,,4,28
nfl-13446,Blake Miller,DET,OT,,,9999999,OL,,,0,22
nfl-10905,Brian Branch,DET,DB,,,240,SS,1,PUP,3,24
nfl-7891,Brock Wright,DET,TE,,,407,TE,2,,5,27
nfl-8502,Cade Mays,DET,OL,,,9999999,OL,,Out,4,27
nfl-5113,Cedrick Wilson,DET,WR,,4036335,524,LWR,5,,8,30
nfl-11345,Chris Smith,DET,DL,,,9999999,DL,,,3,26
nfl-11427,Christian Izien,DET,DB,,,9999999,SS,2,,3,26
nfl-11788,Christian Mahogany,DET,OL,,,9999999,OL,,,2,25
nfl-4224,Chuck Clark,DET,DB,,3045463,9999999,FS,3,,9,31
nfl-10981,Colby Sorsdal,DET,OL,,,9999999,OL,,,3,26
nfl-7887,D'Angelo Amos,DET,DB,,,,,,,1,
nfl-5372,D.J. Reed,DET,CB,DJ Reed,3139387,9999999,RCB,1,Questionable,8,29
nfl-6868,DJ Wonnum,DET,DE,D.J. Wonnum,4038849,9999999,RDE,1,,6,28
nfl-8309,Damone Clark,DET,LB,,,9999999,MLB,2,,4,26
nfl-12731,Dan Jackson,DET,DB,,,9999999,SS,3,,1,25
nfl-7726,Derrick Barnes,DET,LB,,,546,ROLB,1,,5,27
nfl-13458,Derrick Moore,DET,DE,,,560,RDE,2,Questionable,0,23
nfl-8784,Devin Cochran,DET,OL,,,9999999,OL,,,4,28
nfl-6119,Devin White,DET,LB,,4035434,290,MLB,3,,7,28
nfl-12732,Dominic Lovett,DET,WR,,,589,SWR,7,,1,23
nfl-11448,Ekow Boye-Doe,DET,CB,,,9999999,DB,,,3,26
nfl-11689,Ennis Rakestraw,DET,DB,,,9999999,NB,2,Questionable,2,24
nfl-14035,Eric O'Neill,DET,DE,,,692,DL,,,0,
nfl-13739,Erick Hunter,DET,LB,,,9999999,MLB,4,,0,23
nfl-11746,Giovanni Manu,DET,OL,,,9999999,OL,,PUP,2,25
nfl-5970,Greg Dortch,DET,WR,,4037235,579,SWR,4,,7,28
nfl-12159,Hogan Hatten,DET,LS,,,9999999,LS,,,2,26
nfl-12535,Isaac TeSlaa,DET,WR,,,184,LWR,3,,1,24
nfl-8205,Isiah Pacheco,DET,RB,,,151,RB,2,Questionable,4,27
nfl-12356,Jabari Small,DET,RB,,,999,RB,4,,2,25
nfl-10880,Jack Campbell,DET,LB,,,106,MLB,1,,3,25
nfl-6523,Jack Fox,DET,P,,3916370,9999999,P,,,7,29
nfl-12938,Jackson Meeks,DET,WR,,,644,TE,,,1,23
nfl-11237,Jacob Saylors,DET,RB,,,456,RB,4,Questionable,3,25
nfl-9221,Jahmyr Gibbs,DET,RB,,,2,RB,1,,3,24
nfl-11539,Jake Bates,DET,K,,,156,K,1,,3,27
nfl-8148,Jameson Williams,DET,WR,,,53,RWR,2,Questionable,4,25
nfl-3163,Jared Goff,DET,QB,,3046779,64,QB,1,,10,31
nfl-13494,Jimmy Rolder,DET,LB,,,9999999,LOLB,2,Questionable,0,22
nfl-7014,Joe Bachie,DET,LB,,4036507,9999999,LOLB,3,,6,28
nfl-4179,Joshua Dobbs,DET,QB,,3044720,647,QB,2,,9,31
nfl-10893,Juice Scruggs,DET,OL,,,9999999,OL,,,3,26
nfl-13397,Keith Abney,DET,DB,,,488,LCB,1,,0,21
nfl-13412,Kendrick Law,DET,WR,,,9999999,,8,IR,0,23
nfl-8348,Kerby Joseph,DET,DB,,,499,FS,1,PUP,4,25
nfl-7200,Khalil Dorsey,DET,CB,,4027919,9999999,RCB,3,,6,28
nfl-12954,Kye Robichaux,DET,RB,,,455,RB,,IR,1,23
nfl-7838,Larry Borom,DET,OL,,,9999999,OL,,,5,27
nfl-7661,Levi Onwuzurike,DET,DE,,,9999999,LDT,2,,5,28
nfl-12161,Loren Strickland,DET,DB,,,9999999,DB,,IR,2,26
nfl-11520,Lucky Jackson,DET,WR,,,667,SWR,6,,3,29
nfl-13314,Luke Altmyer,DET,QB,,,999,QB,3,,0,23
nfl-8334,Malcolm Rodriguez,DET,LB,,,9999999,LOLB,1,Questionable,4,27
nfl-10860,Malik Cunningham,DET,WR,,,669,SWR,8,,3,27
nfl-12936,Mason Miller,DET,OL,,,9999999,OL,,,1,24
nfl-11804,Mekhi Wingo,DET,DT,,,9999999,LDT,3,Questionable,2,23
nfl-13741,Melvin Priestly,DET,OL,,,9999999,OL,,,0,
nfl-8750,Michael Niese,DET,G,,,9999999,OL,,,4,28
nfl-12660,Miles Frazier,DET,OG,,,9999999,OL,,,1,24
nfl-7222,Myles Adams,DET,DT,,4039164,9999999,DL,,,6,28
nfl-11160,Nick Whiteside,DET,CB,,,9999999,LCB,2,,3,26
nfl-7629,Payton Turner,DET,DE,,,9999999,LDE,2,Questionable,5,27
nfl-7643,Penei Sewell,DET,T,,,9999999,OL,,,5,25
nfl-8255,Raheem Blackshear,DET,RB,,,654,RB,4,,4,28
nfl-6128,Rock Ya-Sin,DET,CB,,3910229,9999999,RCB,2,,7,30
nfl-8303,Roger McCreary,DET,DB,,,9999999,NB,1,,4,26
nfl-12243,Ryan Cooper,DET,CB,,,9999999,,,,2,24
nfl-10859,Sam LaPorta,DET,TE,,,60,TE,1,,3,25
nfl-12575,Seth McLaughlin,DET,OL,,,9999999,OL,,,1,24
nfl-11729,Sione Vaki,DET,RB,,,359,RB,5,,2,25
nfl-13547,Skyler Gill-Howard,DET,DT,,,9999999,RDT,2,,0,23
nfl-8005,Tarik Black,DET,WR,,,999,SWR,,,5,28
nfl-12613,Tate Ratledge,DET,OL,,,9999999,OL,,,1,25
nfl-8250,Tay Martin,DET,WR,,,534,SWR,8,,4,28
nfl-13249,Thomas Gordon,DET,TE,,,512,TE,,,1,25
nfl-11872,Thomas Harper,DET,DB,,,9999999,DB,,,2,25
nfl-6588,Tom Kennedy,DET,WR,,3126997,653,RWR,6,,7,30
nfl-6144,Trayveon Williams,DET,RB,,4035222,683,RB,3,,7,28
nfl-11348,Trevor Nowaske,DET,LB,,,9999999,ROLB,2,,3,27
nfl-6353,Troy Reeder,DET,LB,,3116177,9999999,LB,,,7,31
nfl-12554,Tyleik Williams,DET,DL,,,9999999,LDT,1,,1,23
nfl-5133,Tyler Conklin,DET,TE,,3122920,520,TE,3,,8,31
nfl-10941,Tyler Lacy,DET,DE,,,605,RDE,3,,3,26
nfl-13575,Tyre West,DET,DT,,,9999999,DL,,,0,23
nfl-13110,Zach Horton,DET,TE,,,571,TE,,,1,23
nfl-7654,Aaron Banks,GB,OL,,,9999999,OL,,,5,28
nfl-4913,Aiulua Fanene,GB,DT,,2516897,9999999,,,,1,
nfl-12577,Anthony Belton,GB,OT,,,9999999,OL,,,1,25
nfl-13224,Anthony Campbell,GB,DT,,,9999999,DL,,,1,25
nfl-8569,Arron Mosby,GB,LB,,,9999999,LOLB,4,,4,27
nfl-12644,Barryn Sorrell,GB,DE,,,697,ROLB,2,,1,23
nfl-7671,Benjamin St-Juste,GB,DB,,,9999999,RCB,2,,5,28
nfl-8204,Bo Melton,GB,WR,,,695,RWR,5,,4,27
nfl-13369,Brandon Cisse,GB,DB,,,481,LCB,2,,0,21
nfl-12929,Brant Banks,GB,OT,,,9999999,OL,,,1,26
nfl-11193,Brenton Cox,GB,LB,,,9999999,LOLB,2,,3,26
nfl-8785,Cal Adomitis,GB,LS,,,9999999,LS,,,4,28
nfl-11042,Carrington Valentine,GB,DB,,,9999999,RCB,1,Questionable,3,24
nfl-11370,Chris Brooks,GB,RB,,,571,RB,3,,3,26
nfl-13674,Chris Hilton,GB,WR,,,9999999,SWR,,,0,23
nfl-13468,Chris McClellan,GB,DT,,,9999999,RDE,2,,0,23
nfl-8167,Christian Watson,GB,WR,,,64,LWR,1,,4,27
nfl-12669,Collin Oliver,GB,DE,,,9999999,ROLB,3,,1,23
nfl-12816,Dalton Cooper,GB,OT,,,9999999,OL,,,1,25
nfl-12462,Damien Martinez,GB,RB,,,999,RB,4,,1,22
nfl-13492,Dani Dennis-Sutton,GB,DE,,,9999999,LOLB,3,Questionable,0,22
nfl-8674,Daniel Whelan,GB,P,,,9999999,P,,,4,27
nfl-8472,Darian Kinnard,GB,T,,,9999999,OL,,Questionable,4,26
nfl-8270,Devonte Wyatt,GB,DL,,,999,RDE,1,,4,28
nfl-13907,Dillon Wade,GB,G,,,9999999,OL,,,0,
nfl-13544,Domani Jackson,GB,CB,,,9999999,RCB,3,,0,23
nfl-12153,Donovan Jennings,GB,OL,,,9999999,OL,,,2,26
nfl-13210,Drake Dabney,GB,TE,,,9999999,TE,4,,1,24
nfl-13908,Dylan Barrett,GB,G,,,9999999,OL,,,0,
nfl-11687,Edgerrin Cooper,GB,LB,,,117,LILB,1,,2,24
nfl-11739,Evan Williams,GB,DB,,,551,FS,1,,2,25
nfl-7782,Isaiah McDuffie,GB,LB,,,9999999,RILB,2,,5,27
nfl-13074,Isaiah Neyor,GB,WR,,,631,SWR,7,,1,25
nfl-13770,J. Michael Sturdivant,GB,WR,,,475,SWR,,,0,23
nfl-11776,Jacob Monk,GB,OL,,,9999999,OL,,,2,25
nfl-11795,Jaden Crumedy,GB,DT,,,9999999,DL,,,2,26
nfl-13906,Jaden Nixon,GB,RB,,,9999999,RB,,,0,
nfl-13521,Jager Burton,GB,C,,,9999999,OL,,,0,23
nfl-11686,Javon Bullard,GB,DB,,,599,NB,1,Questionable,2,23
nfl-3256,Javon Hargrave,GB,DT,,2983055,999,NT,1,,10,33
nfl-10222,Jayden Reed,GB,WR,,,103,SWR,2,,3,26
nfl-11775,Jaylin Simpson,GB,DB,,,9999999,LCB,4,,2,26
nfl-12729,John Williams,GB,OL,,,9999999,OL,,,1,24
nfl-12931,Johnathan Baldwin,GB,DB,,,9999999,,,IR,1,23
nfl-8344,Jonathan Ford,GB,DL,,,9999999,NT,4,,4,27
nfl-6804,Jordan Love,GB,QB,,4036378,63,QB,1,,6,27
nfl-11660,Jordan Morgan,GB,OL,,,9999999,OL,,,2,25
nfl-11035,Jordon Riley,GB,DL,,,9999999,NT,3,PUP,3,28
nfl-13774,Josh Gesky,GB,G,,,9999999,OL,,,0,
nfl-5850,Josh Jacobs,GB,RB,,4047365,20,RB,1,Questionable,7,28
nfl-10212,Josh Whyle,GB,TE,,,319,TE,3,,3,26
nfl-12721,Kaden Prather,GB,WR,,,999,SWR,7,,1,23
nfl-11787,Kamal Hadden,GB,DB,,,9999999,NB,2,,2,25
nfl-11009,Karl Brooks,GB,DT,,,9999999,LDE,1,,3,26
nfl-6333,Keisean Nixon,GB,CB,,4259493,563,LCB,1,,7,29
nfl-13166,Kisean Johnson,GB,WR,,,9999999,SWR,,,1,
nfl-11763,Kitan Oladapo,GB,DB,,,9999999,SS,2,,2,25
nfl-7197,Kristian Welch,GB,LB,,4036153,9999999,LILB,3,,6,28
nfl-12494,Kyle McCord,GB,QB,,,999,QB,3,,1,23
nfl-10885,Lukas Van Ness,GB,DL,,,9999999,LOLB,1,,3,25
nfl-9481,Luke Musgrave,GB,TE,,,652,TE,2,PUP,3,25
nfl-11825,MJ Devonshire,GB,DB,M.J. Devonshire,,9999999,DB,,,2,25
nfl-11581,MarShawn Lloyd,GB,RB,,,183,RB,2,,2,25
nfl-12125,Mark Perry,GB,DB,,,9999999,FS,2,,2,25
nfl-14045,Marlon Jones,GB,CB,,,9999999,DB,,IR,0,
nfl-6461,Matt Orzech,GB,LS,,4422336,9999999,LS,,PUP,7,31
nfl-12501,Matthew Golden,GB,WR,,,124,RWR,3,,1,23
nfl-12070,McCallan Castles,GB,TE,,,999,TE,5,,2,26
nfl-12154,Messiah Swinson,GB,TE,,,999,TE,,,2,26
nfl-7640,Micah Parsons,GB,LB,,,132,ROLB,1,PUP,5,27
nfl-13863,Murvin Kenion,GB,DB,,,9999999,,,,0,
nfl-12927,Nazir Stackhouse,GB,DL,,,681,NT,2,,1,24
nfl-7807,Nick Niemann,GB,LB,,,9999999,RILB,3,,5,28
nfl-13771,Nyjalik Kelly,GB,DE,,,9999999,DL,,,0,21
nfl-8116,Pierre Strong,GB,RB,,,523,RB,5,,4,27
nfl-13430,RJ Maryland,GB,TE,R.J. Maryland,,9999999,,,Questionable,0,22
nfl-12482,Savion Williams,GB,WR,,,609,LWR,4,,1,24
nfl-8460,Sean Rhyan,GB,OL,,,9999999,OL,,,4,25
nfl-12234,Shemar Bartholomew,GB,CB,,,9999999,RCB,4,,2,26
nfl-8168,Skyy Moore,GB,WR,,,441,SWR,6,,4,25
nfl-13775,TJ Quinn,GB,LB,T.J. Quinn,,675,LB,,,0,
nfl-12113,Thomas Yassmin,GB,TE,,,999,TE,,,2,26
nfl-12450,Tra Fluellen,GB,DB,,,9999999,DB,,,0,25
nfl-11793,Travis Glover,GB,OT,,,9999999,OL,,,2,26
nfl-11309,Trey Dean,GB,DB,,,9999999,DB,,,3,26
nfl-13545,Trey Smack,GB,K,,,330,K,1,,0,23
nfl-9484,Tucker Kraft,GB,TE,,,65,TE,1,Questionable,3,25
nfl-11712,Ty'Ron Hopper,GB,LB,,,9999999,LILB,2,,2,25
nfl-827,Tyrod Taylor,GB,QB,,14163,349,QB,2,,15,37
nfl-12704,Warren Brinson,GB,DL,,,9999999,LDE,2,,1,24
nfl-12788,Will Sheppard,GB,WR,,,331,SWR,,,1,24
nfl-6788,Xavier McKinney,GB,DB,,4241470,278,SS,1,,6,28
nfl-8463,Zach Bako-Bewele,GB,OL,,,9999999,OL,,,4,27
nfl-5346,Zaire Franklin,GB,LB,,3124005,164,RILB,1,,8,30
nfl-13572,Aiden Fisher,HOU,LB,,,9999999,MLB,3,,0,22
nfl-12600,Aireontae Ersery,HOU,OL,,,9999999,OL,,,1,24
nfl-11062,Ali Gaye,HOU,DE,,,9999999,RDE,3,,3,27
nfl-13049,Alijah Huzzie,HOU,DB,,,9999999,NB,3,,1,25
nfl-13050,Austin Brinkman,HOU,LS,,,9999999,LS,,,1,24
nfl-6485,Azeez Al-Shaair,HOU,LB,,3919117,293,MLB,1,,7,29
nfl-11684,Blake Fisher,HOU,OL,,,9999999,OL,,,2,23
nfl-5060,Braden Smith,HOU,OL,,3121595,9999999,OL,,,8,30
nfl-12269,Brandon Codrington,HOU,DB,,,9999999,DB,,,2,25
nfl-6037,Brett Rypien,HOU,QB,,3722362,999,QB,3,,7,30
nfl-7568,Brevin Jordan,HOU,TE,,,560,TE,5,Questionable,5,26
nfl-12171,British Brooks,HOU,RB,,,9999999,RB,4,Questionable,2,26
nfl-6833,Bryce Hall,HOU,CB,,,9999999,DB,,,6,28
nfl-9758,C.J. Stroud,HOU,QB,CJ Stroud,,94,QB,1,,3,24
nfl-11599,Cade Stover,HOU,TE,,,999,TE,3,,2,26
nfl-11710,Calen Bullock,HOU,DB,,,550,SS,1,,2,23
nfl-13769,Collin Wright,HOU,CB,,,9999999,DB,,,0,
nfl-5001,Dalton Schultz,HOU,TE,,3117256,98,TE,1,,8,30
nfl-13861,Daniel Sobkowicz,HOU,WR,,,9999999,SWR,,,0,23
nfl-2393,Danielle Hunter,HOU,DE,,2976560,187,RDE,1,,11,31
nfl-5892,David Montgomery,HOU,RB,,4035538,48,RB,1,,7,29
nfl-7585,Davis Mills,HOU,QB,,,513,QB,2,,5,27
nfl-8308,Derek Stingley,HOU,DB,,,535,LCB,1,,4,25
nfl-13924,Dominic Bailey,HOU,DL,,,9999999,DL,,,0,
nfl-8391,Dominique Robinson,HOU,DL,,,9999999,RDE,2,,4,28
nfl-10958,Dylan Horton,HOU,DL,,,9999999,LDE,2,,3,25
nfl-6218,E.J. Speed,HOU,LB,EJ Speed,3071353,999,LOLB,1,PUP,7,31
nfl-8452,Ed Ingram,HOU,G,,,9999999,OL,,,4,27
nfl-13052,Eli Cox,HOU,C,,,9999999,OL,,,1,25
nfl-5610,Evan Brown,HOU,C,,3128412,9999999,OL,,,8,29
nfl-13502,Febechi Nwaiwu,HOU,OL,,,9999999,OL,,,0,23
nfl-5985,Foster Moreau,HOU,TE,,3843945,451,TE,4,,7,29
nfl-12705,Graham Mertz,HOU,QB,,,522,QB,3,IR,1,25
nfl-10970,Henry To'oTo'o,HOU,LB,,,403,ROLB,1,,3,25
nfl-8901,Ja'Marcus Ingram,HOU,CB,,,9999999,LCB,3,Questionable,4,28
nfl-1947,Jadeveon Clowney,HOU,DE,,16734,9999999,DL,,,12,33
nfl-10960,Jake Andrews,HOU,OL,,,9999999,OL,,,3,26
nfl-8349,Jake Hansen,HOU,LB,,,9999999,ROLB,2,Questionable,4,28
nfl-8733,Jake Hummel,HOU,LB,,,999,MLB,2,,4,27
nfl-8314,Jalen Pitre,HOU,DB,,,367,NB,1,,4,27
nfl-11805,Jamal Hill,HOU,LB,,,999,LOLB,3,,2,25
nfl-13767,James Neal,HOU,OT,,,9999999,OL,,,0,
nfl-11056,Jared Wayne,HOU,WR,,,682,,,,3,25
nfl-11784,Jarrett Kingston,HOU,OL,,,9999999,OL,,,2,26
nfl-11005,Jarrett Patterson,HOU,OL,,,9999999,OL,,,3,26
nfl-11588,Jawhar Jordan,HOU,RB,,,538,RB,3,Questionable,2,27
nfl-12484,Jayden Higgins,HOU,WR,,,126,RWR,2,Questionable,1,23
nfl-12710,Jaylen Reed,HOU,DB,,,9999999,SS,2,IR,1,23
nfl-12536,Jaylin Noel,HOU,WR,,,190,SWR,4,Questionable,1,23
nfl-12626,Jaylin Smith,HOU,CB,,,9999999,RCB,2,,1,22
nfl-11808,Jha'Quan Jackson,HOU,WR,,,999,SWR,8,,2,26
nfl-12848,Josh Kelly,HOU,WR,,,603,LWR,,,1,25
nfl-13923,Joshua Pitsenberger,HOU,RB,,,9999999,RB,,IR,0,
nfl-5374,Justin Watson,HOU,WR,,3118892,686,RWR,6,,8,30
nfl-6223,Juwann Winfree,HOU,WR,,3128317,9999999,SWR,7,,7,29
nfl-13051,K.C. Ossai,HOU,LB,KC Ossai,,9999999,LB,,,1,23
nfl-3451,Ka'imi Fairbairn,HOU,K,,2971573,134,K,1,,10,32
nfl-11429,Kaevon Merriweather,HOU,DB,,,9999999,DB,,,3,26
nfl-13215,Kai Kroeger,HOU,P,,,9999999,P,,,1,24
nfl-11685,Kamari Lassiter,HOU,DB,,,347,RCB,1,,2,23
nfl-13406,Kamari Ramsey,HOU,DB,,,303,NB,2,,0,21
nfl-13374,Kayden McDonald,HOU,DL,,,490,LDT,2,,0,21
nfl-13442,Keylan Rutledge,HOU,G,,,9999999,OL,,,0,22
nfl-12724,Kyonte Hamilton,HOU,DL,,,9999999,DL,,,1,23
nfl-13261,Layne Pryor,HOU,TE,,,9999999,TE,5,,1,23
nfl-13541,Lewis Bond,HOU,WR,,,678,SWR,7,,0,23
nfl-8360,Logan Hall,HOU,DL,,,9999999,RDT,2,,4,26
nfl-5055,M.J. Stewart,HOU,DB,MJ Stewart,3116679,9999999,FS,2,PUP,8,30
nfl-2340,Mario Edwards,HOU,DE,,2969921,9999999,DL,,,11,32
nfl-13307,Marlin Klein,HOU,TE,,,439,TE,2,,0,23
nfl-10926,Marte Mapu,HOU,DB,,,9999999,LB,,,3,26
nfl-7853,Naquan Jones,HOU,DT,,,9999999,RDT,3,,5,28
nfl-7569,Nico Collins,HOU,WR,,,24,LWR,1,,5,27
nfl-13437,Noah Whittington,HOU,RB,,,432,RB,5,,0,24
nfl-11384,Owen Wright,HOU,RB,,,999,RB,,,3,27
nfl-8406,Reed Blankenship,HOU,DB,,,451,FS,1,,4,27
nfl-13860,Sabastian Harsh,HOU,DE,,,9999999,DL,,,0,
nfl-13922,Sam Hagen,HOU,OL,,,9999999,OL,,,0,
nfl-3188,Sheldon Rankins,HOU,DT,,2970204,9999999,LDT,1,,10,32
nfl-11829,Solomon Byrd,HOU,DE,,,9999999,LDE,3,,2,26
nfl-13765,Stephen Hall,HOU,CB,,,9999999,DB,,,0,
nfl-9502,Tank Dell,HOU,WR,,,178,LWR,3,Questionable,3,26
nfl-7711,Tommy Togiai,HOU,DT,,,9999999,RDT,1,,5,26
nfl-5328,Tremon Smith,HOU,DB,,3134448,9999999,LCB,2,,8,30
nfl-2543,Trent Brown,HOU,OL,,3043109,9999999,OL,,,11,33
nfl-13862,Treyvhon Saunders,HOU,WR,,,459,SWR,,,0,
nfl-13490,Wade Woodaz,HOU,LB,,,9999999,LOLB,2,,0,22
nfl-10892,Will Anderson,HOU,DL,,,104,LDE,1,,3,24
nfl-12474,Woody Marks,HOU,RB,,,105,RB,2,,1,25
nfl-5097,Wyatt Teller,HOU,G,,3045474,9999999,OL,,,8,31
nfl-10218,Xavier Hutchinson,HOU,WR,,,999,SWR,5,,3,26
nfl-13384,AJ Haulcy,IND,DB,A.J. Haulcy,,251,SS,1,,0,22
nfl-10957,Adetomiwa Adebawore,IND,DL,,,9999999,RDT,2,,3,25
nfl-6860,Akeem Davis-Gaither,IND,LB,,3917142,464,LOLB,1,,6,28
nfl-8142,Alec Pierce,IND,WR,,,92,LWR,1,PUP,4,26
nfl-14041,Anderson Castle,IND,RB,,,441,RB,,,0,
nfl-11762,Anthony Gould,IND,WR,,,9999999,SWR,6,Questionable,2,25
nfl-9229,Anthony Richardson,IND,QB,,,412,QB,2,,3,24
nfl-5067,Arden Key,IND,DE,,3843843,9999999,LDE,1,,8,30
nfl-6427,Ashton Dulin,IND,WR,,4061956,674,LWR,3,,7,29
nfl-11066,Austin Ajiake,IND,LB,,,9999999,ROLB,1,,3,26
nfl-13786,Austin Brown,IND,DB,,,9999999,,,,0,22
nfl-12143,Bayron Matos,IND,OL,,,9999999,OL,,,2,25
nfl-11933,Ben Nikkel,IND,DB,,,9999999,DB,,,2,26
nfl-8459,Bernhard Raimann,IND,OL,,,9999999,OL,,,4,28
nfl-10961,Blake Freeland,IND,OL,,,9999999,OL,,,3,25
nfl-11058,Blake Grupe,IND,K,,,455,K,1,,3,27
nfl-13481,Bryce Boettcher,IND,LB,,,9999999,MLB,2,,0,24
nfl-13388,CJ Allen,IND,LB,C.J. Allen,,210,MLB,1,,0,21
nfl-13373,Caden Curry,IND,DL,,,519,DL,,,0,23
nfl-7715,Cam Bynum,IND,DB,,,463,FS,1,,5,28
nfl-8341,Cam Taylor-Britt,IND,DB,,,9999999,RCB,2,Sus,4,26
nfl-13784,Cameron Ball,IND,DT,,,9999999,DL,,,0,23
nfl-13407,Carson Towt,IND,TE,,,9999999,TE,,,0,25
nfl-5493,Charvarius Ward,IND,CB,,4037361,9999999,LCB,1,Questionable,8,30
nfl-10952,Colby Wooden,IND,DE,,,9999999,LDT,2,,3,25
nfl-12829,Coleman Owen,IND,WR,,,999,SWR,,,1,25
nfl-6453,D.J. Montgomery,IND,WR,DJ Montgomery,4249030,443,SWR,8,,7,29
nfl-12471,DJ Giddens,IND,RB,D.J. Giddens,,568,RB,2,Questionable,1,22
nfl-12184,Dalton Tucker,IND,OL,,,9999999,OL,,,2,26
nfl-5870,Daniel Jones,IND,QB,,3917792,122,QB,1,,7,29
nfl-10975,Daniel Scott,IND,DB,,,9999999,DB,,,3,27
nfl-3172,DeForest Buckner,IND,DT,,2971282,472,RDT,1,,10,32
nfl-13333,Deion Burks,IND,WR,,,670,RWR,8,,0,23
nfl-5035,Derrick Nnadi,IND,DT,,3122930,9999999,RDT,3,,8,30
nfl-13267,Devin Veresuk,IND,LB,,,9999999,LB,,,0,24
nfl-8489,Drew Ogletree,IND,TE,,,999,TE,4,,4,28
nfl-11552,Durell Nchami,IND,LB,,,9999999,DL,,,3,26
nfl-13931,E.J. Horton,IND,WR,EJ Horton,,9999999,SWR,,,0,
nfl-6185,Easton Stick,IND,QB,,3120590,365,QB,4,,7,30
nfl-12909,Eli Pancol,IND,WR,,,999,SWR,,,1,26
nfl-13928,Geno VanDeMark,IND,OL,,,9999999,OL,,,0,
nfl-13518,George Gumbs,IND,DE,,,9999999,DL,,,0,23
nfl-4168,Grover Stewart,IND,DT,,4058825,9999999,LDT,1,,9,32
nfl-12723,Hunter Wohler,IND,DB,,,9999999,SS,2,,1,23
nfl-12594,JT Tuimoloau,IND,DL,J.T. Tuimoloau,,9999999,LDE,2,,1,23
nfl-14052,Jai'Onte' McMillan,IND,CB,,,9999999,DB,,,0,
nfl-13497,Jalen Farmer,IND,G,,,9999999,OL,,,0,22
nfl-12642,Jalen Travis,IND,OT,,,9999999,OL,,,1,24
nfl-11777,Jaylon Carlies,IND,DB,,,509,LOLB,2,,2,24
nfl-11052,Jaylon Jones,IND,DB,,,9999999,LCB,3,,3,24
nfl-6129,Jerry Tillery,IND,DT,,3863182,9999999,LDT,3,,7,29
nfl-7774,Jimmy Morrissey,IND,OL,,,9999999,OL,,,5,28
nfl-13107,Johnathan Edwards,IND,DB,,,9999999,RCB,3,,1,24
nfl-5520,Jonathan Owens,IND,DB,,4331768,9999999,FS,3,,8,31
nfl-6813,Jonathan Taylor,IND,RB,,4242335,4,RB,1,,6,27
nfl-9500,Josh Downs,IND,WR,,,110,SWR,2,,3,25
nfl-13716,Josh Kreutz,IND,OL,,,9999999,OL,,,0,23
nfl-8713,Josh Sills,IND,OL,,,9999999,OL,,,4,28
nfl-8397,Juanyeh Thomas,IND,DB,,,9999999,FS,2,,4,26
nfl-12625,Justin Walley,IND,CB,,,9999999,NB,1,,1,23
nfl-1479,Keenan Allen,IND,WR,,15818,205,SWR,7,,13,34
nfl-11669,Laiatu Latu,IND,DL,,,255,RDE,1,,2,25
nfl-3155,Laquon Treadwell,IND,WR,,3051889,367,LWR,5,,10,31
nfl-3598,Luke Rhodes,IND,LS,,2566045,9999999,LS,,,10,33
nfl-8485,Luke Tenuta,IND,OL,,,9999999,OL,,,4,26
nfl-11709,Matt Goncalves,IND,OL,,,9999999,OL,,,2,25
nfl-10918,Mekhi Blackmon,IND,CB,,,9999999,LCB,2,,3,27
nfl-14066,Mekhi Rodgers,IND,CB,,,9999999,,,,0,
nfl-8316,Micheal Clemons,IND,DL,,,9999999,RDE,2,,4,28
nfl-13788,Mitchell Melton,IND,DE,,,9999999,DL,,,0,
nfl-4054,Mo Alie-Cox,IND,TE,,2998565,9999999,TE,2,,9,32
nfl-7496,Nick Westbrook-Ikhine,IND,WR,,3929785,372,RWR,4,,6,29
nfl-13945,Nolan Rucci,IND,OT,,,9999999,OL,,,0,24
nfl-4443,Pharaoh Brown,IND,TE,,2971281,9999999,TE,5,,9,32
nfl-4970,Quenton Nelson,IND,OL,,3129308,9999999,OL,,,8,30
nfl-13783,Raylen Sharpe,IND,WR,,,9999999,SWR,,,0,
nfl-4331,Rigoberto Sanchez,IND,P,,3914922,9999999,P,,,9,31
nfl-12470,Riley Leonard,IND,QB,,,564,QB,3,,1,23
nfl-13265,Rob Carter,IND,CB,,,9999999,DB,,,1,23
nfl-14064,Roydell Williams,IND,RB,,,508,,,,0,24
nfl-13929,Sahmir Hagans,IND,WR,,,9999999,SWR,,,0,
nfl-8290,Sauce Gardner,IND,DB,,,999,RCB,1,Questionable,4,24
nfl-6964,Sean McKeon,IND,TE,,4036275,9999999,,,Questionable,6,28
nfl-13424,Seth McGowan,IND,RB,,,474,RB,3,,0,24
nfl-12185,Spencer Shrader,IND,K,,,355,K,2,,2,27
nfl-13787,Tahj Chambers,IND,LB,,,9999999,ROLB,2,,0,
nfl-11735,Tanor Bortolini,IND,OL,,,9999999,OL,,,2,24
nfl-12691,Tim Smith,IND,DL,,,9999999,DL,,,1,24
nfl-12836,Trey Washington,IND,DB,,,9999999,DB,,,1,23
nfl-12518,Tyler Warren,IND,TE,,,46,TE,1,,1,24
nfl-12826,Ulysses Bentley,IND,RB,,,999,RB,,,1,25
nfl-13785,West Weeks,IND,LB,,,9999999,LB,,,0,
nfl-10220,Will Mallory,IND,TE,,,532,TE,3,,3,27
nfl-13476,Albert Regis,JAX,DT,,,9999999,LDT,2,,0,23
nfl-11003,Amari Burney,JAX,LB,,,9999999,LB,,,3,26
nfl-2359,Ameer Abdullah,JAX,RB,,2576336,404,RB,5,,11,33
nfl-10876,Anton Harrison,JAX,OL,,,9999999,OL,,,3,24
nfl-10974,Antonio Johnson,JAX,DB,,,606,SS,1,,3,24
nfl-2322,Arik Armstead,JAX,DE,,2971275,9999999,RDT,1,,11,32
nfl-7746,Austin Trammell,JAX,WR,,,658,SWR,6,,5,28
nfl-12910,B.J. Green,JAX,DE,BJ Green,,9999999,LDE,2,,1,23
nfl-8299,Baylon Spector,JAX,LB,,,9999999,LB,,,4,27
nfl-12490,Bhayshul Tuten,JAX,RB,,,44,RB,1,,1,23
nfl-13658,Brady Boyd,JAX,WR,,,653,SWR,,,0,24
nfl-12917,Branson Combs,JAX,LB,,,9999999,ROLB,3,,1,26
nfl-9480,Brenton Strange,JAX,TE,,,104,TE,1,,3,25
nfl-11631,Brian Thomas,JAX,WR,,,70,LWR,1,,2,23
nfl-13650,Bryan Thomas,JAX,DE,,,9999999,,,,0,
nfl-13554,CJ Williams,JAX,WR,C.J. Williams,,9999999,LWR,,,0,22
nfl-12632,Caleb Ransaw,JAX,DB,,,9999999,SS,2,,1,23
nfl-11786,Cam Little,JAX,K,,,135,K,1,,2,23
nfl-12912,Cam'Ron Silmon-Craig,JAX,DB,,,9999999,SS,3,,1,23
nfl-11851,Carter Bradley,JAX,QB,,,999,QB,3,,2,26
nfl-12908,Chandler Brayboy,JAX,WR,,,499,SWR,3,,1,24
nfl-10219,Chris Rodriguez,JAX,RB,,,141,RB,2,,3,26
nfl-11018,Christian Braswell,JAX,DB,,,9999999,LCB,2,,3,26
nfl-5969,Chuma Edoga,JAX,OT,,3701582,9999999,OL,,,7,29
nfl-7785,Cole Van Lanen,JAX,OL,,,9999999,OL,,PUP,5,28
nfl-6283,Corey Ballentine,JAX,CB,,4411769,612,DB,,,7,30
nfl-6972,DaVon Hamilton,JAX,DT,,3915520,9999999,LDT,1,,6,29
nfl-12900,Danny Striggow,JAX,DL,,,9999999,RDE,3,,1,24
nfl-6931,DeeJay Dallas,JAX,RB,,4240631,519,RB,6,,6,27
nfl-5158,Dennis Gardeck,JAX,LB,,4334300,9999999,LOLB,1,,8,32
nfl-13649,Devin Neal,JAX,DB,,,9999999,,,,0,24
nfl-13654,Devon Marshall,JAX,CB,,,615,DB,,,0,21
nfl-13475,Emmanuel Pregnon,JAX,G,,,9999999,OL,,,0,24
nfl-3268,Eric Murray,JAX,DB,,2970716,999,FS,1,,10,32
nfl-6922,Ezra Cleveland,JAX,G,,4048231,9999999,OL,,,6,28
nfl-5332,Foyesade Oluokun,JAX,LB,,3050073,155,MLB,1,,8,31
nfl-13659,Garrett DiGiorgio,JAX,G,,,9999999,OL,,IR,0,
nfl-5027,Geron Christian,JAX,OL,,3916414,9999999,OL,,,8,29
nfl-7535,Hunter Long,JAX,TE,,,999,TE,3,,5,27
nfl-13348,J'Mari Taylor,JAX,RB,,,558,RB,4,,0,24
nfl-12916,Jabbar Muhammad,JAX,CB,,,9999999,DB,,,1,24
nfl-12653,Jack Kiser,JAX,LB,,,9999999,LOLB,3,Questionable,1,25
nfl-6179,Jahlani Tavai,JAX,LB,,3124587,9999999,LB,,,7,29
nfl-5947,Jakobi Meyers,JAX,WR,,3916433,77,RWR,3,,7,29
nfl-13652,Jalen Hunt,JAX,DL,,,700,DL,,,0,24
nfl-13474,Jalen Huskey,JAX,DB,,,9999999,FS,2,,0,23
nfl-12708,Jalen McLeod,JAX,DE,,,9999999,LOLB,2,,1,24
nfl-13146,Jared Bartlett,JAX,LB,,,9999999,LB,,IR,1,25
nfl-11725,Jarrian Jones,JAX,DB,,,9999999,NB,2,,2,25
nfl-11322,Jerome Carvin,JAX,OL,,,9999999,OL,,,3,25
nfl-13646,Jimto Obidegwu,JAX,OL,,,9999999,OL,,,0,
nfl-13428,Joey Aguilar,JAX,QB,,,9999999,QB,,,0,25
nfl-12744,Jonah Monheim,JAX,OL,,,9999999,OL,,,1,24
nfl-13394,Josh Cameron,JAX,WR,,,562,RWR,6,,0,23
nfl-5840,Josh Hines-Allen,JAX,DE,,3915239,184,RDE,1,,7,29
nfl-4129,Jourdan Lewis,JAX,CB,,3045207,999,NB,1,,9,30
nfl-12911,Keivie Rose,JAX,DL,,,9999999,LDT,3,,1,25
nfl-11468,Kilian Zierer,JAX,T,,,9999999,OL,,,3,28
nfl-12544,LeQuint Allen,JAX,RB,,,467,RB,3,Questionable,1,22
nfl-5314,Logan Cooke,JAX,P,,3115480,9999999,P,,,8,31
nfl-5615,Matt Dickerson,JAX,DE,,3134316,9999999,RDT,3,,8,30
nfl-13645,Michael Wortham,JAX,WR,,,291,SWR,,,0,
nfl-8305,Montaric Brown,JAX,DB,,,9999999,LCB,1,,4,26
nfl-13299,Nate Boerkircher,JAX,TE,,,467,TE,2,,0,24
nfl-4464,Nick Mullens,JAX,QB,,3059989,999,QB,2,,9,31
nfl-13587,Parker Hughes,JAX,LB,,,9999999,LB,,IR,0,23
nfl-9487,Parker Washington,JAX,WR,,,74,SWR,2,Questionable,3,24
nfl-12901,Patrick Herbert,JAX,TE,,,999,TE,,,1,25
nfl-6306,Patrick Mekari,JAX,OL,,3863820,9999999,OL,,Questionable,7,29
nfl-13653,Preston Hodge,JAX,CB,,,9999999,DB,,,0,
nfl-13648,Quindarius Dunnigan,JAX,DL,,,9999999,DL,,,0,25
nfl-7536,Quintin Morris,JAX,TE,,,9999999,TE,5,,5,27
nfl-7801,Quinton Bohanna,JAX,DT,,,9999999,DL,,,5,27
nfl-12702,Rayuan Lane,JAX,DB,,,9999999,FS,3,,1,23
nfl-11342,Ricky Lee,JAX,OL,,,9999999,OL,,,3,26
nfl-7689,Robert Hainsey,JAX,OL,,,9999999,OL,,,5,28
nfl-7295,Ross Matiscik,JAX,LS,,3928931,9999999,LS,,,6,29
nfl-11695,Ruke Orhorhoro,JAX,DT,,,9999999,RDT,2,,2,24
nfl-6094,Sam Mustipher,JAX,OL,,3129307,9999999,OL,,,7,30
nfl-13660,T.J. Bollers,JAX,DL,TJ Bollers,,9999999,DL,,,0,
nfl-13408,Tanner Koziol,JAX,TE,,,999,TE,4,,0,22
nfl-8013,Tim Jones,JAX,WR,,,642,SWR,7,,5,28
nfl-12842,Timothy McKay,JAX,OG,,,9999999,OL,,,1,24
nfl-12530,Travis Hunter,JAX,WR,,,120,SWR,4,,1,23
nfl-8265,Travon Walker,JAX,LB,,,300,LDE,1,,4,25
nfl-13356,Trebor Pena,JAX,WR,,,663,SWR,5,,0,24
nfl-12962,Trevian Thomas,JAX,DB,,,9999999,DB,,,1,24
nfl-7523,Trevor Lawrence,JAX,QB,,,38,QB,1,,5,26
nfl-10947,Ventrell Miller,JAX,LB,,,346,ROLB,1,,3,27
nfl-7657,Walker Little,JAX,T,,,9999999,OL,,,5,27
nfl-13493,Wesley Williams,JAX,DE,,,9999999,RDE,2,,0,21
nfl-12633,Wyatt Milum,JAX,OL,,,9999999,OL,,Questionable,1,23
nfl-10992,Yasir Abdullah,JAX,LB,,,9999999,ROLB,2,,3,26
nfl-13588,Zach Durfee,JAX,DE,,,9999999,DL,,,0,24
nfl-7069,Alohi Gilman,KC,DB,,4039413,581,FS,1,,6,28
nfl-13899,Amari McNeill,KC,DT,,,9999999,DL,,,0,
nfl-12863,Andrew Armstrong,KC,WR,,,9999999,SWR,,,1,25
nfl-13901,Anthony Dunn,KC,DE,,,9999999,DL,,,0,
nfl-12623,Ashton Gillotte,KC,DE,,,9999999,RDE,1,Questionable,1,23
nfl-12455,Brashard Smith,KC,RB,,,182,RB,3,,1,23
nfl-11823,C.J. Hanson,KC,OG,CJ Hanson,,9999999,OL,,,2,25
nfl-10949,Chamarri Conner,KC,DB,,,243,SS,1,,3,26
nfl-3558,Chris Jones,KC,DT,,3044859,478,LDT,1,,10,32
nfl-8413,Chris Oladokun,KC,QB,,,999,QB,3,,4,28
nfl-12183,Chris Roland-Wallace,KC,CB,,,9999999,FS,2,,2,24
nfl-11242,Chukwuebuka Godrick,KC,OL,,,9999999,OL,,Questionable,3,25
nfl-13900,Cole Brevard,KC,DT,,,9999999,DL,,,0,24
nfl-7329,Cole Christiansen,KC,LB,,4036959,9999999,LOLB,2,,6,29
nfl-13174,Cooper McDonald,KC,LB,,,9999999,ROLB,1,,1,25
nfl-7644,Creed Humphrey,KC,OL,,,9999999,OL,,,5,27
nfl-13413,Cyrus Allen,KC,WR,,,199,SWR,4,,0,23
nfl-13903,D'Arco Perkins-McAllister,KC,CB,,,9999999,DB,,,0,23
nfl-13902,Damon Payne,KC,DT,,,9999999,DL,,,0,23
nfl-13794,DeShon Singleton,KC,DB,,,9999999,DB,,,0,23
nfl-6141,Drue Tranquill,KC,LB,,3129310,357,LOLB,1,Questionable,7,31
nfl-13778,EJ Smith,KC,RB,E.J. Smith,,9999999,RB,,,0,24
nfl-11199,Emari Demercado,KC,RB,,,561,RB,2,,3,27
nfl-3197,Emmanuel Ogbah,KC,DE,,2977740,9999999,DL,,,10,32
nfl-13337,Emmett Johnson,KC,RB,,,113,RB,4,,0,22
nfl-12811,Esa Pole,KC,OT,,,9999999,OL,,,1,25
nfl-12902,Ethan Downs,KC,DE,,,9999999,LB,,IR,1,23
nfl-12162,Ethan Driskell,KC,OL,,,9999999,OL,,,2,26
nfl-13798,Ethan Hurkett,KC,DL,,,9999999,DL,,,0,
nfl-10872,Felix Anudike-Uzomah,KC,DE,,,9999999,RDE,2,,3,24
nfl-13404,Garrett Nussmeier,KC,QB,,,366,QB,4,,0,24
nfl-8385,George Karlaftis,KC,DL,,,444,LDE,1,,4,25
nfl-4227,Harrison Butker,KC,K,,3055899,155,K,1,,9,31
nfl-11756,Hunter Nourzad,KC,OL,,,9999999,OL,,,2,25
nfl-8710,Jack Cochrane,KC,LB,,,9999999,MLB,3,,4,27
nfl-13904,Jacob De Jesus,KC,WR,,,672,SWR,,,0,
nfl-11728,Jaden Hicks,KC,DB,,,481,SS,2,,2,24
nfl-13500,Jadon Canady,KC,CB,,,9999999,NB,2,,0,23
nfl-12817,Jake Briningstool,KC,TE,,,999,TE,5,,1,23
nfl-12505,Jalen Royals,KC,WR,,,671,LWR,5,,1,23
nfl-1785,James Winchester,KC,LS,,16665,9999999,LS,,,13,37
nfl-11595,Jared Wiley,KC,TE,,,618,TE,4,,2,25
nfl-11311,Jason Brownlee,KC,WR,,,9999999,LWR,7,,3,27
nfl-13419,Jaydn Ott,KC,RB,,,540,RB,5,,0,23
nfl-7834,Jaylon Moore,KC,OL,,,9999999,OL,,,5,28
nfl-13392,Jeff Caldwell,KC,WR,,,498,SWR,,,0,23
nfl-14067,Jeff Weimer,KC,WR,,,424,,,,0,
nfl-12672,Jeffrey Bassa,KC,LB,,,9999999,MLB,2,,1,23
nfl-13173,Jimmy Holiday,KC,WR,,,563,RWR,,,1,24
nfl-13342,John Michael Gyllenborg,KC,TE,,,611,TE,3,IR,0,24
nfl-12553,Josh Simmons,KC,OL,,,9999999,OL,,,1,23
nfl-13792,Josh Thompson,KC,G,,,9999999,OL,,,0,
nfl-7591,Justin Fields,KC,QB,,,391,QB,2,,5,27
nfl-8857,Kader Kohou,KC,CB,,,9999999,NB,1,Questionable,4,27
nfl-13918,Kahlil Benson,KC,T,,,9999999,OL,,,0,23
nfl-8296,Kaiir Elam,KC,DB,,,9999999,RCB,3,,4,25
nfl-13177,Kam Arnold,KC,LB,,,9999999,ROLB,2,,1,23
nfl-8151,Kenneth Walker,KC,RB,,,19,RB,1,,4,25
nfl-12819,Kevin Knowles,KC,DB,,,9999999,NB,3,,1,23
nfl-7756,Khyiris Tonga,KC,DT,,,9999999,RDT,1,,5,30
nfl-11681,Kingsley Suamataia,KC,OL,,,9999999,OL,,,2,23
nfl-6829,Kristian Fulton,KC,CB,,4035433,9999999,LCB,2,,6,27
nfl-7117,L'Jarius Sneed,KC,CB,,4040432,9999999,LCB,1,Questionable,6,29
nfl-13385,Mansoor Delane,KC,DB,,,302,RCB,1,,0,22
nfl-11828,Marcus Harris,KC,DL,,,9999999,LDT,3,,2,25
nfl-12068,Mason Pline,KC,TE,,,9999999,TE,5,,2,26
nfl-8486,Matt Araiza,KC,P,,,9999999,P,,,4,26
nfl-8477,Matt Waletzko,KC,OL,,,9999999,OL,,,4,26
nfl-13118,Melvin Smith,KC,DB,,,9999999,DB,,,1,24
nfl-8709,Mike Caliendo,KC,G,,,9999999,OL,,,4,28
nfl-7648,Nick Bolton,KC,LB,,,158,MLB,1,,5,26
nfl-11320,Nikko Remigio,KC,WR,,,699,SWR,6,,3,26
nfl-7828,Noah Gray,KC,TE,,,636,TE,2,,5,27
nfl-12622,Nohl Williams,KC,CB,,,9999999,RCB,2,,1,23
nfl-13905,Omari Evans,KC,WR,,,9999999,SWR,,,0,22
nfl-12615,Omarr Norman-Lott,KC,DT,,,9999999,RDT,2,PUP,1,24
nfl-4046,Patrick Mahomes,KC,QB,,3139477,36,QB,1,Questionable,9,30
nfl-13789,Pete Nygra,KC,OL,,,9999999,OL,,,0,
nfl-13390,Peter Woods,KC,DL,,,308,LDT,2,,0,21
nfl-13372,R Mason Thomas,KC,DL,,,507,LDE,2,,0,22
nfl-10229,Rashee Rice,KC,WR,,,28,SWR,1,,3,26
nfl-11353,Tanner McCalister,KC,DB,,,9999999,DB,,,3,26
nfl-13780,Terion Stewart,KC,RB,,,9999999,,,,0,24
nfl-1466,Travis Kelce,KC,TE,,15847,93,TE,1,,13,36
nfl-13116,Tre Watson,KC,TE,,,9999999,TE,,,1,23
nfl-7777,Trey Smith,KC,OL,,,9999999,OL,,Questionable,5,27
nfl-8188,Tyquan Thornton,KC,WR,,,486,LWR,3,Questionable,4,26
nfl-8336,Tyreke Smith,KC,DL,,,9999999,RDE,3,,4,26
nfl-13795,VJ Anthony,KC,DE,V.J. Anthony,,9999999,DL,,,0,22
nfl-13791,Wesley Bissainthe,KC,LB,,,9999999,LB,,,0,22
nfl-13916,Xavier Loyd,KC,WR,,,605,SWR,,,0,23
nfl-13793,Xavier Nwankpa,KC,DB,,,9999999,,,,0,22
nfl-11624,Xavier Worthy,KC,WR,,,120,RWR,2,Questionable,2,23
nfl-13790,Zelmar Vedder,KC,DB,,,9999999,DB,,,0,
nfl-13341,Akheem Mesidor,LAC,DL,,,287,ROLB,2,,0,25
nfl-6109,Alec Ingold,LAC,FB,,3917668,566,RB,5,,7,30
nfl-13534,Alex Harkey,LAC,OT,,,9999999,OL,,,0,25
nfl-12928,Amar Johnson,LAC,RB,,,299,RB,7,,1,23
nfl-11084,Andre Carter,LAC,LB,,,9999999,,,,3,26
nfl-13635,Avery Smith,LAC,CB,,,9999999,NB,3,,0,22
nfl-12703,Branson Taylor,LAC,OL,,,9999999,OL,,,1,24
nfl-13380,Brenen Thompson,LAC,WR,,,453,RWR,4,,0,23
nfl-2327,Bud Dupree,LAC,LB,,2576702,9999999,LOLB,2,,11,33
nfl-11749,Cam Hart,LAC,CB,,,9999999,RCB,1,,2,25
nfl-8259,Cameron Dicker,LAC,K,,,118,K,1,,4,26
nfl-8127,Charlie Kolar,LAC,TE,,,613,TE,3,,4,27
nfl-8448,Cole Strange,LAC,OL,,,9999999,OL,,,4,28
nfl-12773,DJ Uiagalelei,LAC,QB,D.J. Uiagalelei,,508,QB,3,,1,25
nfl-10914,Daiyan Henley,LAC,LB,,,147,RILB,1,,3,26
nfl-13202,Dalevon Campbell,LAC,WR,,,999,SWR,,,1,24
nfl-4092,Dalvin Tomlinson,LAC,DT,,2979860,9999999,NT,1,,9,32
nfl-4033,David Njoku,LAC,TE,,3123076,131,TE,2,,9,30
nfl-8519,Deane Leonard,LAC,DB,,,9999999,RCB,2,,4,26
nfl-6348,Del'Shawn Phillips,LAC,LB,,4240528,9999999,RILB,3,,7,29
nfl-2353,Denzel Perryman,LAC,LB,,2579621,9999999,LILB,1,,11,33
nfl-10234,Derius Davis,LAC,WR,,,499,SWR,6,,3,25
nfl-4971,Derwin James,LAC,DB,,3691739,161,NB,1,,8,30
nfl-13627,Devin Grant,LAC,DB,,,9999999,,,,0,
nfl-13632,Devonte Ross,LAC,WR,,,9999999,SWR,,,0,23
nfl-5051,Donte Jackson,LAC,CB,,3843769,9999999,LCB,2,,8,30
nfl-7682,Elijah Molden,LAC,CB,,,9999999,FS,1,,5,27
nfl-12087,Emany Johnson,LAC,DB,,,9999999,LB,,,2,25
nfl-12840,Eric Rogers,LAC,DB,,,9999999,RCB,3,,1,24
nfl-13630,Evan Svoboda,LAC,TE,,,493,TE,,,0,23
nfl-12841,Garmon Randolph,LAC,LB,,,9999999,LB,,,1,25
nfl-13399,Genesis Smith,LAC,DB,,,515,SS,2,,0,21
nfl-13603,Gregory Desrosiers,LAC,RB,,,9999999,RB,,,0,
nfl-13590,Isaiah World,LAC,OT,,,9999999,OL,,PUP,0,22
nfl-13131,Isas Waxter,LAC,DB,,,9999999,DB,,,1,24
nfl-5087,JK Scott,LAC,P,J.K. Scott,3126368,9999999,P,,,8,30
nfl-11940,JaQuae Jackson,LAC,WR,,,999,SWR,,,2,26
nfl-13636,Jacob Spomer,LAC,C,,,9999999,OL,,,0,
nfl-13629,Jacobian Guillory,LAC,DL,,,9999999,DL,,,0,
nfl-13606,Jahmeer Carter,LAC,DL,,,9999999,DL,,,0,
nfl-13451,Jake Slaughter,LAC,C,,,9999999,OL,,,0,23
nfl-12620,Jamaree Caldwell,LAC,DT,,,9999999,LDE,1,,1,25
nfl-7537,Jaret Patterson,LAC,RB,,,677,RB,4,,5,26
nfl-13608,Jerand Bradley,LAC,WR,,,657,TE,,,0,23
nfl-11673,Joe Alt,LAC,OL,,,9999999,OL,,,2,23
nfl-14029,Johnny Pascuzzi,LAC,TE,,,484,TE,,,0,
nfl-1238,Josh Harris,LAC,LS,,15151,9999999,LS,,,14,37
nfl-12814,Josh Kaltenberger,LAC,OL,,,9999999,OL,,,1,25
nfl-11701,Junior Colson,LAC,LB,,,598,LILB,2,,2,23
nfl-11743,Justin Eboigbe,LAC,DL,,,9999999,LDE,2,,2,25
nfl-6797,Justin Herbert,LAC,QB,,4038941,30,QB,1,,6,28
nfl-7947,Kayode Awosika,LAC,OL,,,9999999,OL,,,5,27
nfl-12670,KeAndre Lambert-Smith,LAC,WR,,,668,LWR,5,,1,24
nfl-9511,Keaton Mitchell,LAC,RB,,,148,RB,2,,3,24
nfl-11022,Kendall Williamson,LAC,DB,,,9999999,DB,,,3,25
nfl-2036,Khalil Mack,LAC,LB,,16710,573,ROLB,1,,12,35
nfl-11647,Kimani Vidal,LAC,RB,,,141,RB,3,,2,24
nfl-12643,Kyle Kennard,LAC,DE,,,9999999,ROLB,3,,1,24
nfl-11635,Ladd McConkey,LAC,WR,,,38,SWR,1,,2,24
nfl-12252,Laekin Vakalahi,LAC,T,,,9999999,OL,,,2,23
nfl-13607,Lander Barton,LAC,LB,,,9999999,LB,,,0,22
nfl-13535,Logan Taylor,LAC,G,,,9999999,OL,,,0,24
nfl-12803,Luke Grimm,LAC,WR,,,999,SWR,,,1,25
nfl-12835,Marlowe Wax,LAC,LB,,,9999999,LILB,3,,1,23
nfl-12827,Myles Purchase,LAC,DB,,,9999999,DB,,,1,23
nfl-13589,Nadame Tucker,LAC,DE,,,9999999,LOLB,3,,0,26
nfl-13527,Nick Barrett,LAC,DT,,,9999999,NT,2,,0,23
nfl-12838,Nikko Reed,LAC,DB,,,9999999,NB,2,,1,23
nfl-13605,Noah Avinger,LAC,DB,,,9999999,,,,0,
nfl-12507,Omarion Hampton,LAC,RB,,,12,RB,1,,1,23
nfl-12493,Oronde Gadsden,LAC,TE,,,83,TE,1,,1,23
nfl-12181,Peter Bowden,LAC,LS,,,9999999,LS,,,2,25
nfl-9754,Quentin Johnston,LAC,WR,,,102,LWR,2,,3,24
nfl-12694,RJ Mickens,LAC,DB,R.J. Mickens,,9999999,FS,2,,1,25
nfl-7639,Rashawn Slater,LAC,T,,,9999999,OL,,Questionable,5,27
nfl-13633,Rodney Shelley,LAC,CB,,,9999999,DB,,,0,
nfl-10994,Scott Matlock,LAC,DT,,,9999999,RB,6,,3,26
nfl-13604,Sincere Brown,LAC,WR,,,407,SWR,,,0,
nfl-11779,Tarheeb Still,LAC,DB,,,699,LCB,1,,2,24
nfl-12801,TeRah Edwards,LAC,DL,,,9999999,RDE,2,,1,25
nfl-7443,Teair Tart,LAC,DT,,4374269,9999999,RDE,1,,6,29
nfl-13631,Terry Webb,LAC,DL,,,9999999,DL,,,0,
nfl-1686,Tony Jefferson,LAC,DB,,16195,9999999,SS,1,,13,34
nfl-13495,Travis Burke,LAC,OT,,,9999999,OL,,,0,23
nfl-12509,Tre' Harris,LAC,WR,,,179,RWR,3,,1,24
nfl-8444,Trevor Penning,LAC,T,,,9999999,OL,,,4,27
nfl-7610,Trey Lance,LAC,QB,,,640,QB,2,,5,26
nfl-6213,Trey Pipkins,LAC,T,,4411189,9999999,OL,,,7,29
nfl-6941,Troy Dye,LAC,LB,,4038946,9999999,RILB,2,,6,29
nfl-10898,Tuli Tuipulotu,LAC,DL,,,204,LOLB,1,,3,23
nfl-6835,Tyler Biadasz,LAC,C,,4035788,9999999,OL,,,6,28
nfl-8505,AJ Arcuri,LAR,OT,A.J. Arcuri,,9999999,OL,,,4,29
nfl-13881,Al'zillion Hamilton,LAR,DB,,,9999999,DB,,,0,
nfl-7872,Alaric Jackson,LAR,OL,,,9999999,OL,,Questionable,5,28
nfl-11290,Alex Cook,LAR,DB,,,9999999,DB,,,3,27
nfl-12094,Alex Johnson,LAR,CB,,,9999999,LCB,3,,2,25
nfl-4933,Anthony McMeans,LAR,G,,,9999999,RG,3,,1,
nfl-13855,Austin Blaske,LAR,OL,,,9999999,OL,,,0,
nfl-11782,Beaux Limmer,LAR,OL,,,9999999,OL,,,2,25
nfl-7369,Bill Murray,LAR,DT,,3912189,9999999,OL,,,6,29
nfl-13008,Bill Norton,LAR,DL,,,999,DL,,,1,26
nfl-11586,Blake Corum,LAR,RB,,,68,RB,2,,2,25
nfl-6566,Blake Hance,LAR,OG,,3116135,9999999,OL,,,7,30
nfl-11677,Braden Fiske,LAR,DL,,,999,LDE,1,,2,26
nfl-13011,Brennan Presley,LAR,WR,,,647,SWR,,,1,24
nfl-13880,Bryce Henderson,LAR,OL,,,9999999,OL,,,0,
nfl-10917,Byron Young,LAR,LB,,,181,LOLB,1,,3,28
nfl-13270,CJ Daniels,LAR,WR,C.J. Daniels,,592,RWR,6,,0,24
nfl-12230,Cam Lampkin,LAR,DB,,,9999999,LCB,2,,2,25
nfl-6865,Colby Parkinson,LAR,TE,,4242557,136,TE,2,,6,27
nfl-5454,Coleman Shelton,LAR,OL,,3052180,9999999,OL,,,8,31
nfl-13321,Dan Villari,LAR,TE,,,368,TE,,,0,24
nfl-14072,Daniel Rickert,LAR,DE,,,9999999,,,,0,
nfl-13856,Darryl Peterson,LAR,LB,,,9999999,LB,,,0,
nfl-2133,Davante Adams,LAR,WR,,16800,46,RWR,2,,12,33
nfl-1428,David Quessenberry,LAR,OL,,15946,9999999,OL,,,13,35
nfl-10214,Davis Allen,LAR,TE,,,620,TE,4,Questionable,3,25
nfl-13315,Dean Connors,LAR,RB,,,334,RB,3,,0,22
nfl-11021,Desjuan Johnson,LAR,DT,,,9999999,ROLB,2,,3,26
nfl-11803,Dylan McMahon,LAR,OL,,,9999999,OL,,,2,25
nfl-13812,Eddie Walls,LAR,DL,,,9999999,LB,,IR,0,
nfl-12227,Elias Neal,LAR,LB,,,9999999,LILB,3,,2,24
nfl-10882,Emmanuel Forbes,LAR,CB,,,999,RCB,2,,3,25
nfl-11051,Ethan Evans,LAR,P,,,9999999,P,,,3,25
nfl-7750,Grant Stuard,LAR,LB,,,9999999,RILB,2,,5,27
nfl-12015,Harrison Mevis,LAR,K,,,149,K,1,,2,24
nfl-13665,Jack Bouwmeester,LAR,P,,,9999999,P,,,0,27
nfl-11569,Jarquez Hunter,LAR,RB,,,191,RB,5,,1,23
nfl-13872,Jaxson Moi,LAR,DT,,,9999999,DL,,,0,22
nfl-12142,Jaylen McCollough,LAR,DB,,,650,SS,2,,2,25
nfl-8373,Jaylen Watson,LAR,DB,,,9999999,LCB,1,,4,27
nfl-2469,Joe Cardona,LAR,LS,,2575907,9999999,LS,,,11,34
nfl-13010,Jordan Waters,LAR,RB,,,9999999,RB,,,1,25
nfl-11623,Jordan Whittington,LAR,WR,,,592,SWR,3,,2,25
nfl-12621,Josaiah Stewart,LAR,DE,,,9999999,LOLB,2,,1,23
nfl-12132,Josh Wallace,LAR,DB,,,9999999,NB,2,,2,26
nfl-12141,Justin Dedich,LAR,OL,,,9999999,OL,,PUP,2,26
nfl-7136,Kam Curl,LAR,DB,,4242154,203,SS,1,,6,27
nfl-11726,Kamren Kinchens,LAR,DB,,,9999999,FS,1,,2,23
nfl-13461,Keagen Trost,LAR,OL,,,9999999,OL,,Questionable,0,25
nfl-8739,Keir Thomas,LAR,DE,,,9999999,LB,,,4,28
nfl-7116,Kevin Dotson,LAR,OL,,3917599,9999999,OL,,,6,29
nfl-10916,Kobie Turner,LAR,DT,,,464,RDE,1,Questionable,3,27
nfl-12718,Konata Mumpfield,LAR,WR,,,393,LWR,4,,1,23
nfl-8150,Kyren Williams,LAR,RB,,,13,RB,1,,4,25
nfl-6887,Larrell Murchison,LAR,DT,,4240123,9999999,LDE,2,,6,29
nfl-13001,Mario Williams,LAR,WR,,,9999999,SWR,,,1,23
nfl-13013,Mark Redman,LAR,TE,,,9999999,TE,,,1,24
nfl-13597,Matthew Caldwell,LAR,QB,,,322,QB,,,0,23
nfl-421,Matthew Stafford,LAR,QB,,12483,78,QB,1,,17,38
nfl-13278,Max Klare,LAR,TE,,,212,TE,5,,0,23
nfl-7683,Monty Rice,LAR,LB,,,9999999,LB,,,5,27
nfl-3973,Myles Garrett,LAR,DE,,3122132,83,ROLB,1,Questionable,9,30
nfl-8659,Nate Landman,LAR,LB,,,239,LILB,1,,4,27
nfl-13007,Nate Valcarcel,LAR,DB,,,999,SS,3,,1,24
nfl-13814,Nick Andersen,LAR,DB,,,9999999,FS,3,,0,24
nfl-13809,Nikhai Hill-Green,LAR,LB,,,9999999,LB,,,0,25
nfl-13887,Nyzier Fourqurean,LAR,CB,,,9999999,DB,,,0,24
nfl-12140,Omar Speights,LAR,LB,,,590,RILB,1,,2,25
nfl-13883,Payton Zdroik,LAR,DL,,,9999999,DL,,,0,
nfl-5226,Poona Ford,LAR,DT,,3125114,9999999,NT,1,,8,30
nfl-9493,Puka Nacua,LAR,WR,,,4,LWR,1,Questionable,3,25
nfl-8330,Quentin Lake,LAR,DB,,,461,NB,1,,4,27
nfl-13810,Rohan Jones,LAR,TE,,,528,TE,,,0,
nfl-8195,Ronnie Rivers,LAR,RB,,,688,RB,4,,4,27
nfl-13000,Shaun Dolac,LAR,LB,,,9999999,LILB,2,Questionable,1,24
nfl-10857,Stetson Bennett,LAR,QB,,,477,QB,3,,3,28
nfl-10912,Steve Avila,LAR,C,,,9999999,OL,,,3,26
nfl-11151,Tanner Ingle,LAR,DB,,,9999999,FS,2,,3,26
nfl-12487,Terrance Ferguson,LAR,TE,,,141,TE,1,,1,23
nfl-13558,Tim Keenan,LAR,DT,,,9999999,DL,,,0,23
nfl-8854,Tomon Fox,LAR,LB,,,9999999,ROLB,3,,4,28
nfl-8364,Trent McDuffie,LAR,DB,,,431,RCB,1,,4,25
nfl-13003,Tru Edwards,LAR,WR,,,9999999,SWR,,,1,25
nfl-12676,Ty Hamilton,LAR,DT,,,9999999,RDE,2,,1,24
nfl-13275,Ty Simpson,LAR,QB,,,237,QB,2,,0,23
nfl-11799,Tyler Davis,LAR,DT,,,9999999,NT,2,,2,25
nfl-3271,Tyler Higbee,LAR,TE,,2573401,546,TE,3,,10,33
nfl-9490,Tyler Scott,LAR,WR,,,695,SWR,7,,3,24
nfl-10965,Warren McClendon,LAR,OL,,,9999999,OL,,,3,25
nfl-13808,Wesley Bailey,LAR,DL,,,9999999,LB,,,0,
nfl-12997,Wyatt Bowles,LAR,OL,,,9999999,OL,,,1,26
nfl-11168,Xavier Smith,LAR,WR,,,551,SWR,5,,3,28
nfl-7717,Zech McPhearson,LAR,CB,,,9999999,DB,,,5,28
nfl-6555,AJ Cole,LV,P,A.J. Cole,3686689,9999999,P,,,7,30
nfl-4415,Adam Butler,LV,DT,,2972342,9999999,NT,1,,9,32
nfl-10866,Aidan O'Connell,LV,QB,,,307,QB,3,,3,27
nfl-6843,Albert Okwuegbunam,LV,TE,,4035115,999,TE,4,,6,28
nfl-11167,Alex Ward,LV,LS,,,9999999,LS,,,3,27
nfl-12527,Ashton Jeanty,LV,RB,,,11,RB,1,,1,22
nfl-10987,Atonio Mafi,LV,OL,,,9999999,OL,,,3,25
nfl-10950,Braeden Daniels,LV,OL,,,9999999,OL,,,3,25
nfl-13571,Brandon Cleveland,LV,DT,,,9999999,DL,,,0,21
nfl-8756,Brandon Johnson,LV,WR,,,591,SWR,,,4,28
nfl-11751,Brennan Jackson,LV,DE,,,9999999,ROLB,3,IR,2,25
nfl-11604,Brock Bowers,LV,TE,,,21,TE,1,,2,23
nfl-7704,Buddy Johnson,LV,LB,,,9999999,RILB,3,,5,27
nfl-13858,Caleb Offord,LV,CB,,,9999999,DB,,,0,24
nfl-12624,Caleb Rogers,LV,OL,,,9999999,OL,,,1,24
nfl-7814,Cameron McGrone,LV,LB,,,9999999,LB,,,5,26
nfl-13122,Carter Runyon,LV,TE,,,9999999,TE,4,,1,25
nfl-12589,Charles Grant,LV,OL,,,9999999,OL,,,1,24
nfl-13410,Chase Roberts,LV,WR,,,350,SWR,6,,0,25
nfl-11938,Chigozie Anusiem,LV,CB,,,9999999,LCB,3,,2,25
nfl-11963,Chris Collier,LV,RB,,,9999999,,,IR,2,26
nfl-6529,Chris Myarick,LV,TE,,3138744,999,TE,,,7,30
nfl-13895,Cian Slone,LV,DE,,,9999999,DL,,,0,23
nfl-12722,Cody Lindenberg,LV,LB,,,9999999,RILB,2,,1,24
nfl-8181,Connor Heyward,LV,TE,,,609,RB,3,,4,27
nfl-13898,Corey Rucker,LV,WR,,,9999999,,,IR,0,24
nfl-11708,DJ Glaze,LV,OL,D.J. Glaze,,9999999,OL,,,2,24
nfl-13523,Dalton Johnson,LV,DB,,,9999999,SS,2,,0,23
nfl-11471,Dalton Wagner,LV,T,,,9999999,OL,,,3,27
nfl-4718,Dare Ogunbowale,LV,RB,,2983509,685,RB,5,,9,32
nfl-8527,Dareke Young,LV,WR,,,676,SWR,8,,4,27
nfl-12584,Darien Porter,LV,DB,,,9999999,RCB,1,,1,25
nfl-11738,Decamerion Richardson,LV,CB,,,9999999,DB,,,2,25
nfl-8253,Deven Thompkins,LV,WR,,,578,SWR,9,,4,26
nfl-13896,Devin Lafayette,LV,DB,,,9999999,,,,0,
nfl-13914,Devyn Perkins,LV,DB,,,9999999,DB,,,0,
nfl-12541,Dont'e Thornton,LV,WR,,,677,LWR,5,Questionable,1,23
nfl-11574,Dylan Laube,LV,RB,,,377,RB,4,,2,26
nfl-13805,E.J. Williams,LV,WR,EJ Williams,,331,SWR,,,0,24
nfl-7628,Eric Stokes,LV,CB,,,9999999,LCB,1,,5,27
nfl-13269,Fernando Mendoza,LV,QB,,,82,QB,1,,0,22
nfl-5090,Folorunso Fatukasi,LV,DT,,3045172,9999999,DL,,,8,31
nfl-13807,Gary Smith,LV,DT,,,9999999,DL,,,0,24
nfl-13019,Greedy Vance,LV,CB,,,9999999,NB,3,,1,24
nfl-13508,Hezekiah Masses,LV,CB,,,9999999,LCB,2,,0,22
nfl-4995,Ian Thomas,LV,TE,,4045305,999,TE,3,,8,30
nfl-13801,Isaiah Jatta,LV,OT,,,9999999,OL,,,0,
nfl-8838,Isaiah Pola-Mao,LV,DB,,,583,FS,1,,4,27
nfl-12689,JJ Pegues,LV,DT,J.J. Pegues,,9999999,RDE,2,,1,24
nfl-12483,Jack Bech,LV,WR,,,208,LWR,4,,1,23
nfl-11683,Jackson Powers-Johnson,LV,OL,,,9999999,OL,,,2,23
nfl-13802,Jacob Clark,LV,QB,,,677,QB,,,0,25
nfl-13195,Jahfari Harvey,LV,DE,,,9999999,DL,,,1,25
nfl-8180,Jalen Nailor,LV,WR,,,172,SWR,2,,4,27
nfl-7016,Jeremy Chinn,LV,DB,,4043169,331,SS,1,,6,28
nfl-13368,Jermod McCoy,LV,DB,,,251,RCB,2,,0,21
nfl-11827,Jonah Laulu,LV,DL,,,9999999,RDE,1,,2,26
nfl-7873,Jordan Meredith,LV,OL,,,9999999,OL,,,5,28
nfl-4925,Jordan Wade,LV,G,,,9999999,,,,1,
nfl-9489,Justin Shorter,LV,WR,,,696,,10,IR,3,26
nfl-13911,Kamar Missouri,LV,OL,,,9999999,OL,,,0,24
nfl-13804,Kansei Matsuzawa,LV,K,,,282,K,,,0,27
nfl-13466,Keyron Crawford,LV,DE,,,9999999,LOLB,2,,0,22
nfl-1166,Kirk Cousins,LV,QB,,14880,268,QB,2,,14,37
nfl-4986,Kolton Miller,LV,T,,3134312,9999999,OL,,,8,30
nfl-7633,Kwity Paye,LV,DE,,,9999999,LOLB,1,,5,27
nfl-7676,Malcolm Koonce,LV,DE,,,9999999,ROLB,2,,5,28
nfl-13329,Malik Benson,LV,WR,,,488,RWR,3,,0,23
nfl-6083,Matt Gay,LV,K,,4249087,239,K,1,,7,32
nfl-5991,Maxx Crosby,LV,DE,,3916655,92,ROLB,1,,7,28
nfl-9482,Michael Mayer,LV,TE,,,403,TE,2,,3,25
nfl-13305,Mike Washington,LV,RB,,,139,RB,2,,0,23
nfl-8267,Nakobe Dean,LV,LB,,,179,RILB,1,,4,25
nfl-13912,Niklas Henning,LV,T,,,9999999,OL,,,0,
nfl-4234,Noah Brown,LV,WR,,3121409,511,SWR,7,,9,30
nfl-13913,Patrick Gurd,LV,TE,,,9999999,TE,,,0,
nfl-7770,Patrick Johnson,LV,LB,,,9999999,LOLB,3,,5,28
nfl-2334,Phillip Dorsett,LV,WR,,2579604,999,LWR,6,,11,33
nfl-8266,Quay Walker,LV,LB,,,144,LILB,1,,4,26
nfl-13416,Roman Hemby,LV,RB,,,670,RB,,,0,24
nfl-8620,Segun Olubi,LV,LB,,,9999999,LILB,3,,4,26
nfl-11257,Shedrick Jackson,LV,WR,,,999,RWR,8,,3,26
nfl-8465,Spencer Burford,LV,OL,,,9999999,OL,,,4,26
nfl-5341,Taron Johnson,LV,CB,,3121003,461,NB,1,,8,30
nfl-8380,Thomas Booker,LV,DL,,,9999999,LDE,1,,4,26
nfl-11761,Tommy Eichenberg,LV,LB,,,9999999,LILB,2,,2,25
nfl-12635,Tonka Hemingway,LV,DT,,,9999999,LDE,2,,1,24
nfl-10213,Tre Tucker,LV,WR,,,188,RWR,1,,3,25
nfl-13016,Treven Ma'ae,LV,DL,,,9999999,NT,2,,1,25
nfl-13467,Trey Zuhn,LV,OT,,,9999999,OL,,,0,23
nfl-13398,Treydan Stukes,LV,DB,,,518,NB,2,,0,24
nfl-8542,Tristin McCollum,LV,DB,,,9999999,FS,2,,4,27
nfl-13799,Tyler Duzansky,LV,LS,,,9999999,LS,,,0,
nfl-8450,Tyler Linderbaum,LV,OL,,,9999999,OL,,,4,26
nfl-11878,Will Putnam,LV,C,,,9999999,OL,,,2,26
nfl-13800,Xavian Sorey,LV,LB,,,9999999,LB,,,0,24
nfl-6876,A.J. Green,MIA,CB,AJ Green,4038437,663,RCB,2,,6,28
nfl-12865,AJ Henning,MIA,WR,A.J. Henning,,666,SWR,,,1,24
nfl-7440,Aaron Brewer,MIA,OL,,4040537,9999999,OL,,,6,28
nfl-13983,Ahmari Harvey,MIA,DB,,,9999999,DB,,,0,23
nfl-11027,Alex Austin,MIA,DB,,,9999999,NB,2,,3,25
nfl-12873,Alex Huntley,MIA,DT,,,9999999,DL,,,1,24
nfl-12145,Andrew Meyer,MIA,C,,,9999999,OL,,,2,26
nfl-6821,Austin Jackson,MIA,T,,4271632,9999999,OL,,,6,27
nfl-11082,Ben Sims,MIA,TE,,,344,TE,3,Questionable,3,26
nfl-2468,Bradley Pinion,MIA,P,,2977680,9999999,P,,,11,32
nfl-11711,Caedan Wallace,MIA,OL,,,9999999,OL,,,2,26
nfl-13296,Caleb Douglas,MIA,WR,,,239,RWR,3,,0,22
nfl-12688,Cam Miller,MIA,QB,,,999,QB,3,,1,25
nfl-14081,Cam Rice,MIA,DL,,,9999999,,,,0,
nfl-12970,Cam Riley,MIA,LB,,,9999999,LB,,,1,24
nfl-8526,Cameron Goode,MIA,LB,,,9999999,DL,,,4,28
nfl-11186,Carlos Washington,MIA,RB,,,439,RB,5,,3,27
nfl-10948,Carter Warren,MIA,OL,,,9999999,OL,,IR,3,27
nfl-7115,Charlie Heck,MIA,T,,3895840,9999999,OL,,,6,29
nfl-11663,Chop Robinson,MIA,DE,,,399,LDE,1,,2,23
nfl-13311,Chris Bell,MIA,WR,,,203,LWR,4,Questionable,0,22
nfl-13370,Chris Johnson,MIA,DB,,,506,NB,1,,0,21
nfl-5842,Clelin Ferrell,MIA,DE,,3728258,9999999,RDE,2,Questionable,7,29
nfl-8214,Cole Turner,MIA,TE,,,999,TE,5,,4,26
nfl-13538,DJ Campbell,MIA,G,D.J. Campbell,,9999999,OL,,,0,22
nfl-14026,DJ Herman,MIA,LB,D.J. Herman,,9999999,RB,,,0,
nfl-12673,Dante Trader,MIA,DB,,,9999999,SS,1,,1,23
nfl-8666,Darrell Baker,MIA,CB,,,9999999,LCB,2,PUP,4,28
nfl-8287,David Ojabo,MIA,DL,,,9999999,LDE,2,,4,26
nfl-9226,De'Von Achane,MIA,RB,,,8,RB,1,,3,24
nfl-13409,Donaven McCulley,MIA,WR,,,9999999,SWR,,,0,23
nfl-12515,Donovan Edwards,MIA,RB,,,999,RB,4,,1,23
nfl-11391,Ethan Bonner,MIA,CB,,,9999999,LCB,3,,3,26
nfl-12861,Ethan Robinson,MIA,DB,,,9999999,DB,,IR,1,23
nfl-12924,Fatorma Mulbah,MIA,DL,,,9999999,DL,,,1,
nfl-12069,Gottlieb Ayedze,MIA,T,,,9999999,OL,,,2,26
nfl-8172,Greg Dulcich,MIA,TE,,,235,TE,1,,4,26
nfl-13130,Jackson Woodard,MIA,LB,,,9999999,ROLB,3,,1,24
nfl-13453,Jacob Rodriguez,MIA,LB,,,334,MLB,2,,0,23
nfl-6798,Jalen Reagor,MIA,WR,,4241802,442,SWR,4,,6,27
nfl-8117,Jalen Tolbert,MIA,WR,,,542,LWR,2,,4,27
nfl-8480,Jamaree Salyer,MIA,OL,,,9999999,OL,,IR,4,26
nfl-12175,James Ester,MIA,DT,,,9999999,OL,,,2,24
nfl-12675,Jason Marshall,MIA,CB,,,9999999,LCB,1,,1,23
nfl-11643,Jaylen Wright,MIA,RB,,,174,RB,2,,2,23
nfl-14061,Jeremiah Franklin,MIA,TE,,,435,,,,0,
nfl-13932,Jim Bonifas,MIA,OL,,,9999999,OL,,,0,
nfl-12598,Jonah Savaiinaea,MIA,OL,,,9999999,OL,,,1,22
nfl-12679,Jordan Phillips,MIA,DL,,,9999999,LDT,2,,1,22
nfl-6949,Jordyn Brooks,MIA,LB,,4043130,152,MLB,1,Questionable,6,28
nfl-12862,Josh Priebe,MIA,OL,,,9999999,OL,,,1,25
nfl-6921,Josh Uche,MIA,LB,,4046528,9999999,RDE,1,,6,27
nfl-10906,JuJu Brents,MIA,DB,,,9999999,RCB,1,Questionable,3,26
nfl-13448,Kadyn Proctor,MIA,OT,,,9999999,OL,,,0,21
nfl-8088,Kalif Jackson,MIA,TE,,,,,,,1,
nfl-12937,Keith Cooper,MIA,DL,,,9999999,DL,,,1,23
nfl-12564,Kenneth Grant,MIA,DL,,,9999999,LDT,1,Questionable,1,22
nfl-13933,Kevin Cline,MIA,OL,,,9999999,OL,,,0,
nfl-13338,Kevin Coleman,MIA,WR,,,488,SWR,6,Questionable,0,22
nfl-13479,Kyle Louis,MIA,LB,,,9999999,LOLB,2,,0,22
nfl-5883,Lonnie Johnson,MIA,DB,,4240780,9999999,SS,2,Questionable,7,30
nfl-13817,Louis Moore,MIA,DB,,,686,,,,0,25
nfl-12748,Major Burns,MIA,DB,,,9999999,DB,,,1,24
nfl-11610,Malik Washington,MIA,WR,,,200,SWR,1,,2,25
nfl-8161,Malik Willis,MIA,QB,,,112,QB,1,,4,27
nfl-7708,Marco Wilson,MIA,CB,,,9999999,LCB,4,,5,27
nfl-13816,Mark Gronowski,MIA,QB,,,9999999,QB,,,0,24
nfl-13071,Marques Cox,MIA,OT,,,9999999,OL,,,1,26
nfl-8332,Matthew Butler,MIA,DL,,,9999999,RDT,3,,4,27
nfl-13566,Max Llewellyn,MIA,DE,,,9999999,DL,,,0,24
nfl-13517,Michael Taaffe,MIA,DB,,,9999999,FS,2,,0,23
nfl-12182,Miles Battle,MIA,CB,,,9999999,DB,,,2,26
nfl-7974,Nick McCloud,MIA,CB,,,9999999,DB,,,5,28
nfl-12495,Ollie Gordon,MIA,RB,,,456,RB,3,,1,22
nfl-11680,Patrick Paul,MIA,OL,,,9999999,OL,,,2,24
nfl-12500,Quinn Ewers,MIA,QB,,,373,QB,2,Questionable,1,23
nfl-13815,Rene Konga,MIA,DL,,,9999999,DL,,IR,0,23
nfl-7922,Riley Patterson,MIA,K,,,241,K,1,,5,26
nfl-10966,Robert Beal,MIA,LB,,,9999999,LDE,3,,3,27
nfl-13934,Rodney McGraw,MIA,DL,,,9999999,DL,,,0,
nfl-5025,Ronnie Harrison,MIA,DB,,3859006,9999999,ROLB,2,,8,29
nfl-13141,Seth Coleman,MIA,LB,,,9999999,DL,,,1,25
nfl-13429,Seydou Traore,MIA,TE,,,280,TE,4,,0,24
nfl-12147,Storm Duck,MIA,CB,,,9999999,RCB,3,PUP,2,25
nfl-11821,Tahj Washington,MIA,WR,,,575,SWR,9,,2,25
nfl-7565,Terrace Marshall,MIA,WR,,,654,LWR,7,,5,26
nfl-12860,Theo Wease,MIA,WR,,,566,RWR,8,,1,25
nfl-13484,Trey Moore,MIA,LB,,,9999999,ROLB,1,,0,23
nfl-8933,Tucker Addington,MIA,LS,,,9999999,LS,,,4,29
nfl-7562,Tutu Atwell,MIA,WR,,,691,RWR,5,,5,26
nfl-6315,Tyrel Dodson,MIA,LB,,4035232,266,LOLB,1,,7,28
nfl-13434,Will Kacmarek,MIA,TE,,,418,TE,2,,0,23
nfl-7023,Willie Gay,MIA,LB,,4259804,694,MLB,3,,6,28
nfl-5297,Zach Sieler,MIA,DT,,3057956,583,RDT,1,Questionable,8,30
nfl-4233,Zane Gonzalez,MIA,K,,3043234,999,K,2,IR,9,31
nfl-8000,Zayne Anderson,MIA,DB,,,9999999,FS,1,,5,29
nfl-12720,Zeek Biggers,MIA,DL,,,9999999,RDT,2,,1,22
nfl-4199,Aaron Jones,MIN,RB,,3042519,85,RB,1,,9,31
nfl-1721,Andrew DePaola,MIN,LS,,15726,9999999,LS,,,14,39
nfl-6183,Andrew Van Ginkel,MIN,LB,,3133487,192,ROLB,1,,7,31
nfl-14024,Bangally Kamara,MIN,LB,,,9999999,LB,,,0,24
nfl-13121,Ben Yurosek,MIN,TE,,,999,TE,4,,1,24
nfl-7129,Blake Brandel,MIN,T,,3930270,9999999,OL,,,6,29
nfl-6217,Blake Cashman,MIN,LB,,3728281,248,RILB,1,,7,30
nfl-11929,Bo Richter,MIN,DE,,,9999999,ROLB,2,,2,26
nfl-13620,Brett Thorson,MIN,P,,,9999999,P,,,0,26
nfl-5047,Brian O'Neill,MIN,T,,3123954,9999999,OL,,,8,30
nfl-13857,Bryce Phillips,MIN,DB,,,9999999,DB,,,0,
nfl-12941,Bryson Nesbit,MIN,TE,,,651,TE,,,1,23
nfl-5864,Byron Murphy,MIN,CB,,4038999,999,NB,1,,7,28
nfl-13445,Caleb Banks,MIN,DT,,,9999999,LDE,1,,0,23
nfl-13463,Caleb Tiernan,MIN,OT,,,9999999,OL,,Questionable,0,23
nfl-13614,Cam'Ron Stewart,MIN,LB,,,9999999,LB,,,0,
nfl-3161,Carson Wentz,MIN,QB,,2573079,999,QB,3,,10,33
nfl-13513,Charles Demmings,MIN,CB,,,9999999,LCB,2,,0,23
nfl-12879,Chaz Chambliss,MIN,DE,,,622,LOLB,2,,1,23
nfl-7631,Christian Darrisaw,MIN,T,,,9999999,OL,,,5,27
nfl-13616,Da'Veawn Armstead,MIN,CB,,,9999999,DB,,,0,
nfl-11667,Dallas Turner,MIN,LB,,,245,LOLB,1,,2,23
nfl-13615,Delby Lemieux,MIN,OL,,,9999999,OL,,,0,22
nfl-13347,Demond Claiborne,MIN,RB,,,176,RB,3,,0,22
nfl-13621,Dillon Bell,MIN,WR,,,9999999,RWR,,,0,22
nfl-13464,Domonique Orange,MIN,DT,,,9999999,NT,2,,0,22
nfl-12555,Donovan Jackson,MIN,OL,,,9999999,OL,,,1,23
nfl-12946,Dontae Fleming,MIN,WR,,,999,SWR,,,1,24
nfl-11905,Dwight McGlothern,MIN,DB,,,9999999,RCB,2,,2,24
nfl-13196,Elijah Williams,MIN,DL,,,9999999,DL,,,1,23
nfl-8473,Eric Johnson,MIN,DT,,,9999999,RDE,2,,4,28
nfl-4413,Eric Wilson,MIN,LB,,3056916,430,LILB,1,,9,31
nfl-12700,Gavin Bartholomew,MIN,TE,,,667,TE,3,,1,23
nfl-13559,Gavin Gerhardt,MIN,OL,,,9999999,OL,,,0,
nfl-11446,Henry Byrd,MIN,G,,,9999999,OL,,,3,27
nfl-7133,Isaiah Rodgers,MIN,CB,,4044540,999,RCB,1,,6,28
nfl-7833,Isaiahh Loudermilk,MIN,DE,,,9999999,LDE,3,,5,28
nfl-11086,Ivan Pace,MIN,LB,,,515,LILB,2,,3,25
nfl-11565,J.J. McCarthy,MIN,QB,JJ McCarthy,,224,QB,2,,2,23
nfl-12072,Jacob Roberts,MIN,LB,,,9999999,,,,2,24
nfl-13618,Jacob Thomas,MIN,DB,,,9999999,,,,0,22
nfl-13163,Jahvaree Ritzie,MIN,DT,,,9999999,DL,,,1,23
nfl-13391,Jake Golday,MIN,LB,,,455,RILB,2,,0,23
nfl-13462,Jakobe Thomas,MIN,DB,,,9999999,SS,2,Questionable,0,23
nfl-11328,Jalen Redmond,MIN,DE,,,999,RDE,1,,4,27
nfl-4077,Jamal Adams,MIN,SS,,3115373,9999999,LB,,IR,9,30
nfl-7419,James Pierre,MIN,CB,,4259252,9999999,LCB,1,,6,29
nfl-14065,Jarod Washington,MIN,DB,,,9999999,,,,0,
nfl-7049,Jauan Jennings,MIN,WR,,3886598,123,SWR,3,,6,29
nfl-10939,Jay Ward,MIN,DB,,,9999999,FS,1,,3,26
nfl-7599,Jermar Jefferson,MIN,RB,,,452,RB,6,,5,26
nfl-11911,Jeshaun Jones,MIN,WR,,,999,RWR,6,,2,26
nfl-12774,Joe Huber,MIN,OG,,,9999999,OL,,,1,24
nfl-1202,Johnny Hekker,MIN,P,,15153,9999999,P,,,14,36
nfl-9756,Jordan Addison,MIN,WR,,,99,RWR,2,,3,24
nfl-8408,Jordan Mason,MIN,RB,,,100,RB,2,,4,27
nfl-5973,Josh Oliver,MIN,TE,,3921690,999,TE,2,,7,29
nfl-8285,Josh Ross,MIN,LB,,,9999999,LB,,,4,26
nfl-6901,Joshua Metellus,MIN,DB,,4046537,407,SS,1,,6,28
nfl-6794,Justin Jefferson,MIN,WR,,4262921,12,LWR,1,,6,27
nfl-11489,Kahlef Hailassie,MIN,CB,,,9999999,NB,2,,3,25
nfl-12391,Kenny Dyson,MIN,LB,,,9999999,LB,,,2,25
nfl-5849,Kyler Murray,MIN,QB,,3917315,98,QB,1,,7,29
nfl-11819,Levi Drake Rodriguez,MIN,DT,,,9999999,NT,1,,2,26
nfl-13611,Marcus Allen,MIN,CB,,,9999999,DB,,,0,22
nfl-13619,Marcus Sanders,MIN,WR,,,9999999,SWR,,,0,22
nfl-13032,Marshall Lang,MIN,TE,,,999,TE,,,1,24
nfl-13516,Max Bredeson,MIN,TE,,,686,RB,5,,0,23
nfl-12775,Max Brosmer,MIN,QB,,,459,QB,4,Questionable,1,25
nfl-13890,Michael Briscoe,MIN,WR,,,9999999,SWR,,,0,
nfl-11818,Michael Jurgens,MIN,OL,,,9999999,OL,,,2,26
nfl-13075,Myles Price,MIN,WR,,,303,SWR,5,,1,24
nfl-8822,Ryan Van Demark,MIN,OL,,,9999999,OL,,,4,28
nfl-13612,Scooby Williams,MIN,LB,,,9999999,,,,0,23
nfl-13987,Smith Vilbert,MIN,DL,,,9999999,DL,,,0,25
nfl-5844,T.J. Hockenson,MIN,TE,TJ Hockenson,4036133,128,TE,1,,7,29
nfl-12496,Tai Felton,MIN,WR,,,693,LWR,4,,1,23
nfl-11930,Taki Taimani,MIN,DL,,,9999999,NT,3,,2,26
nfl-5519,Tavierre Thomas,MIN,DB,,4334405,9999999,FS,3,,8,30
nfl-14040,Terrill Davis,MIN,WR,,,9999999,SWR,,,0,23
nfl-8496,Theo Jackson,MIN,DB,,,9999999,FS,2,,4,27
nfl-13623,Tomas Rimac,MIN,OL,,,9999999,OL,,,0,
nfl-14038,Trayvon Rudolph,MIN,WR,,,9999999,SWR,,,0,24
nfl-13609,Tristan Leigh,MIN,OL,,,9999999,OL,,,0,23
nfl-12608,Tyler Batty,MIN,DL,,,9999999,LB,,,1,27
nfl-13613,Tyreek Chappell,MIN,CB,,,9999999,DB,,,0,23
nfl-12683,Tyrion Ingram-Dawkins,MIN,DE,,,9999999,LDE,2,,1,23
nfl-13230,Vershon Lee,MIN,OL,,,9999999,OL,,,1,24
nfl-11812,Walter Rouse,MIN,OL,,,9999999,OL,,,2,25
nfl-7758,Will Fries,MIN,G,,,9999999,OL,,,5,28
nfl-11792,Will Reichard,MIN,K,,,167,K,1,,2,25
nfl-11299,Zavier Scott,MIN,RB,,,693,RB,4,,3,27
nfl-12942,Zemaiah Vaughn,MIN,CB,,,9999999,LCB,3,,1,24
nfl-5859,A.J. Brown,NE,WR,AJ Brown,4047646,18,LWR,1,,7,29
nfl-7638,Alijah Vera-Tucker,NE,OL,,,9999999,OL,,,5,27
nfl-11855,Amari Gainer,NE,LB,,,9999999,LB,,,2,26
nfl-8678,Andrew Rupcich,NE,OT,,,9999999,OL,,IR,4,27
nfl-12713,Andy Borregales,NE,K,,,154,K,1,,1,23
nfl-13295,Behren Morton,NE,QB,,,999,QB,2,,0,24
nfl-8787,Ben Brown,NE,OG,,,9999999,OL,,Questionable,4,28
nfl-12677,Bradyn Swinson,NE,DE,,,9999999,LOLB,3,,1,24
nfl-12977,Brandon Crossley,NE,CB,,,9999999,DB,,,1,25
nfl-8726,Brenden Schooler,NE,DB,,,9999999,SS,3,PUP,4,29
nfl-11007,Bryce Baringer,NE,P,,,9999999,P,,,3,27
nfl-12984,CJ Dippre,NE,TE,C.J. Dippre,,401,TE,3,,1,24
nfl-13441,Caleb Lomu,NE,OT,,,9999999,OL,,,0,21
nfl-13962,Cameron Dorner,NE,WR,,,391,SWR,,,0,
nfl-5054,Carlton Davis,NE,CB,,3916923,9999999,LCB,1,,8,29
nfl-12096,Casey Rogers,NE,DL,,,9999999,DL,,,2,27
nfl-8371,Chad Muma,NE,LB,,,9999999,LILB,3,,4,27
nfl-13828,Channing Canada,NE,CB,,,9999999,DB,,,0,
nfl-12137,Charles Woods,NE,CB,,,9999999,NB,2,,2,26
nfl-7664,Christian Barmore,NE,DT,,,9999999,RDE,1,,5,27
nfl-7921,Christian Elliss,NE,LB,,,448,RILB,1,,5,27
nfl-10881,Christian Gonzalez,NE,DB,,,430,RCB,1,Questionable,3,24
nfl-11338,Cory Durden,NE,DT,,,9999999,NT,1,,3,27
nfl-12654,Craig Woodson,NE,DB,,,999,SS,1,,1,25
nfl-13543,Dametrious Crownover,NE,OT,,,9999999,OL,,,0,24
nfl-11952,Darrian Dalcourt,NE,OL,,,9999999,OL,,,2,25
nfl-9501,DeMario Douglas,NE,WR,,,553,SWR,4,,3,25
nfl-12115,Dell Pettus,NE,DB,,,9999999,SS,2,,2,25
nfl-11564,Drake Maye,NE,QB,,,6,QB,1,,2,23
nfl-5865,Dre'Mont Jones,NE,DE,,3915525,9999999,LOLB,1,,7,29
nfl-12542,Efton Chism,NE,WR,,,408,SWR,7,,1,24
nfl-13421,Eli Raridon,NE,TE,,,340,TE,2,,0,22
nfl-12978,Elijah Ponder,NE,DE,,,9999999,ROLB,2,,1,23
nfl-14073,Eric Butler,NE,DB,,,9999999,,,,0,
nfl-12752,Eric Gregory,NE,DT,,,9999999,NT,2,,1,25
nfl-13457,Gabe Jacas,NE,DE,,,9999999,LOLB,2,,0,22
nfl-4771,Greg Van Roten,NE,OG,,15718,9999999,OL,,,14,36
nfl-5030,Harold Landry,NE,LB,,3122793,369,ROLB,1,PUP,8,30
nfl-8123,Hassan Haskins,NE,RB,,,999,RB,6,,4,26
nfl-3214,Hunter Henry,NE,TE,,3046439,92,TE,1,,10,31
nfl-11972,Isaiah Iton,NE,DL,,,9999999,DL,,,2,24
nfl-6996,JaMycal Hasty,NE,RB,,3928925,999,RB,7,,6,29
nfl-12045,Jack Westover,NE,TE,,,999,TE,5,,2,27
nfl-13966,Jacob Rizy,NE,OL,,,9999999,OL,,,0,
nfl-13403,Jam Miller,NE,RB,,,999,RB,3,,0,
nfl-7728,James Hudson,NE,OT,,,9999999,OL,,,5,27
nfl-12592,Jared Wilson,NE,OL,,,9999999,OL,,,1,23
nfl-8914,Jeremiah Pharms,NE,DT,,,9999999,LDE,3,,4,29
nfl-13124,Jeremiah Webb,NE,WR,,,394,,,IR,1,25
nfl-8322,Jesse Luketa,NE,LB,,,9999999,LB,,,4,27
nfl-13967,Jimmy Kibble,NE,WR,,,629,,,IR,0,
nfl-13068,Joe Michalski,NE,OL,,,9999999,OL,,,1,25
nfl-12872,John Saunders,NE,DB,,,9999999,FS,3,,1,24
nfl-13885,JonDarius Morgan,NE,OL,,,9999999,OL,,,0,
nfl-12587,Joshua Farmer,NE,DL,,,9999999,LDE,2,,1,23
nfl-12727,Julian Ashby,NE,LS,,,9999999,LS,,,1,24
nfl-11371,Julian Hill,NE,TE,,,282,TE,4,IR,3,26
nfl-7815,K.J. Britt,NE,LB,KJ Britt,,9999999,LILB,2,,5,27
nfl-13510,Karon Prunty,NE,DB,,,9999999,LCB,2,,0,24
nfl-9504,Kayshon Boutte,NE,WR,,,164,LWR,3,,3,24
nfl-13965,Kenneth Harris,NE,CB,,,9999999,DB,,,0,
nfl-3233,Kevin Byard,NE,DB,,2574056,271,FS,1,,10,33
nfl-13915,Khalil Jacobs,NE,LB,,,9999999,LB,,,0,22
nfl-6928,Kindle Vildor,NE,DB,,4036651,9999999,RCB,2,,6,28
nfl-13708,Kobe Prentice,NE,WR,,,540,SWR,,,0,22
nfl-12726,Kobee Minor,NE,DB,,,9999999,LCB,3,,1,24
nfl-13830,Kyle Dixon,NE,WR,,,630,SWR,,,0,25
nfl-12547,Kyle Williams,NE,WR,,,195,SWR,6,,1,23
nfl-12969,Lan Larison,NE,RB,,,999,RB,4,,1,24
nfl-12031,Leonard Taylor,NE,DL,,,9999999,RDE,2,,2,24
nfl-11263,Lorenz Metz,NE,OL,,,9999999,OL,,,2,29
nfl-4177,Mack Hollins,NE,WR,,2991662,620,RWR,5,,9,32
nfl-11809,Marcellas Dial,NE,DB,,,9999999,DB,,,2,25
nfl-12728,Marcus Bryant,NE,OL,,,9999999,OL,,,1,24
nfl-8359,Marcus Jones,NE,DB,,,537,NB,1,,4,27
nfl-13204,Mehki Butler,NE,OL,,,9999999,OL,,,1,25
nfl-8532,Mike Brown,NE,DB,,,9999999,FS,2,,4,27
nfl-7123,Mike Onwenu,NE,OL,,4046545,9999999,OL,,,6,28
nfl-7696,Milton Williams,NE,DT,,,510,LDE,1,,5,27
nfl-13227,Mitch Van Vooren,NE,WR,,,999,TE,,,1,
nfl-2098,Morgan Moses,NE,OL,,16771,9999999,OL,,,12,35
nfl-13542,Namdi Obiazor,NE,LB,,,9999999,RILB,2,,0,24
nfl-13963,Nick DeGennaro,NE,WR,,,9999999,RWR,,,0,
nfl-14025,Peter Manuma,NE,DB,,,9999999,DB,,,0,
nfl-13573,Quintayvious Hutchins,NE,DE,,,9999999,ROLB,3,,0,23
nfl-7204,Reggie Gilliam,NE,RB,,4039505,9999999,RB,5,,6,28
nfl-7611,Rhamondre Stevenson,NE,RB,,,58,RB,2,,5,28
nfl-13970,Riley Wilson,NE,LB,,,9999999,LB,,,0,
nfl-5726,Robert Spillane,NE,LB,,3129446,259,LILB,1,,8,30
nfl-8121,Romeo Doubs,NE,WR,,,117,RWR,2,,4,26
nfl-13827,Tanner Arkin,NE,TE,,,9999999,TE,,,0,23
nfl-11802,Tejhaun Palmer,NE,WR,,,999,SWR,,,2,26
nfl-11292,Tommy DeVito,NE,QB,,,439,QB,3,,3,28
nfl-12529,TreVeyon Henderson,NE,RB,,,39,RB,1,,1,23
nfl-12570,Will Campbell,NE,OT,,,9999999,OL,,,1,22
nfl-14032,Xavier Holmes,NE,DL,,,9999999,LB,,,0,
nfl-13640,Alan Herron,NO,OT,,,9999999,OL,,,0,23
nfl-13639,Alex Wollschlaeger,NO,OT,,,9999999,OL,,,0,
nfl-4035,Alvin Kamara,NO,RB,,3054850,119,RB,2,,9,31
nfl-6848,Anfernee Jennings,NO,LB,,3925350,9999999,ROLB,3,,6,28
nfl-10968,Asim Richards,NO,OL,,,9999999,OL,,,3,25
nfl-11579,Audric Estime,NO,RB,,,190,RB,4,Questionable,2,22
nfl-13533,Barion Brown,NO,WR,,,542,SWR,8,,0,22
nfl-11469,Barry Wesley,NO,OL,,,9999999,OL,,,4,27
nfl-14074,Brien Taylor,NO,DL,,,9999999,,,,0,
nfl-14034,Brock Rechsteiner,NO,WR,,,670,,,Sus,0,
nfl-10874,Bryan Bresee,NO,DT,,,9999999,DL,,IR,3,24
nfl-13420,Bryce Lance,NO,WR,,,455,LWR,5,Questionable,0,23
nfl-11748,Bub Means,NO,WR,,,688,SWR,4,,2,25
nfl-13277,CJ Donaldson,NO,RB,C.J. Donaldson,,382,RB,,,0,22
nfl-957,Cameron Jordan,NO,DE,,13971,9999999,LOLB,2,Questionable,15,37
nfl-5912,Carl Granderson,NO,DE,,3918310,215,LOLB,1,,7,29
nfl-6816,Cesar Ruiz,NO,OL,,4258199,9999999,OL,,,6,27
nfl-11653,Charlie Smyth,NO,K,,,242,K,1,,2,25
nfl-6782,Chase Young,NO,DE,,4241986,368,ROLB,1,,6,27
nfl-8144,Chris Olave,NO,WR,,,31,LWR,1,,4,26
nfl-7721,Chris Rumph,NO,LB,,,9999999,LOLB,3,Questionable,5,27
nfl-13387,Christen Miller,NO,DL,,,420,NT,2,Questionable,0,22
nfl-13834,Cody Hardy,NO,TE,,,9999999,TE,,,0,
nfl-13027,Dalys Beanum,NO,CB,,,9999999,DB,,,1,23
nfl-12650,Danny Stutsman,NO,LB,,,999,RILB,2,,1,23
nfl-5904,David Edwards,NO,OL,,3917660,9999999,OL,,,7,29
nfl-4207,Davon Godchaux,NO,DT,,3115383,9999999,NT,1,,9,31
nfl-3222,Deion Jones,NO,LB,,2976545,9999999,LB,,,10,31
nfl-11834,Devaughn Vele,NO,WR,,,209,SWR,3,,2,28
nfl-12476,Devin Neal,NO,RB,,,169,RB,3,Questionable,1,23
nfl-7650,Dillon Radunz,NO,OL,,,9999999,OL,,IR,5,28
nfl-13025,Easton Kilty,NO,OL,,,9999999,OL,,,1,24
nfl-13028,Elliott Davison,NO,DB,,,9999999,DB,,,1,24
nfl-5875,Erik McCoy,NO,OL,,3917331,9999999,OL,,,7,28
nfl-12609,Fadil Diggs,NO,DL,,,9999999,ROLB,4,,1,24
nfl-11399,Garrett Nelson,NO,LB,,,9999999,DL,,,3,26
nfl-13217,Hunter Dekkers,NO,QB,,,999,QB,,,1,25
nfl-5048,Isaac Yiadom,NO,CB,,3122797,9999999,RCB,2,,8,30
nfl-11893,Isaiah Stalbird,NO,LB,,,9999999,LILB,2,,2,26
nfl-12051,Jackson Sirmon,NO,LB,,,9999999,LB,,,2,26
nfl-11506,Jalen Moreno-Cropper,NO,WR,,,317,SWR,,,3,25
nfl-13638,Jay'Viar Suggs,NO,DT,,,9999999,DL,,,0,
nfl-12196,Jayden Price,NO,CB,,,9999999,NB,2,,2,26
nfl-11747,Jaylan Ford,NO,LB,,,9999999,RILB,3,,2,24
nfl-13483,Jeremiah Wright,NO,G,,,9999999,OL,,,0,24
nfl-8306,John Ridgeway,NO,DL,,,9999999,RDE,2,Questionable,4,27
nfl-12619,Jonas Sanker,NO,DB,,,999,NB,1,,1,23
nfl-10985,Jordan Howden,NO,DB,,,9999999,SS,2,,3,26
nfl-13281,Jordyn Tyson,NO,WR,,,62,RWR,2,Doubtful,0,22
nfl-7044,Julian Blackmon,NO,DB,,4035661,9999999,FS,1,,6,27
nfl-5036,Justin Reid,NO,DB,,3931399,609,SS,1,,8,29
nfl-7002,Juwan Johnson,NO,TE,,3929645,103,TE,1,,6,29
nfl-6302,Kaden Elliss,NO,LB,,3124890,263,LILB,1,,7,31
nfl-13935,Kahlil Saunders,NO,DL,,,9999999,DL,,,0,
nfl-12569,Kelvin Banks,NO,OL,,,9999999,OL,,,1,22
nfl-9757,Kendre Miller,NO,RB,,,180,RB,6,Questionable,3,24
nfl-8200,Kevin Austin,NO,WR,,,999,LWR,6,,4,26
nfl-11796,Khristian Boyd,NO,DL,,,9999999,NT,3,,2,26
nfl-11675,Kool-Aid McKinstry,NO,DB,,,999,LCB,1,,2,23
nfl-13509,Lorenzo Styles,NO,DB,,,9999999,FS,2,,0,23
nfl-14075,Malakai Williams,NO,DE,,,9999999,,,,0,
nfl-8390,Martin Emerson,NO,DB,,,9999999,LCB,2,,4,25
nfl-11895,Mason Tipton,NO,WR,,,999,RWR,7,PUP,2,25
nfl-13643,Michael Heldman,NO,DE,,,9999999,DL,,,0,23
nfl-12960,Mike Reid,NO,CB,,,9999999,DB,,,1,24
nfl-12480,Moliki Matavao,NO,TE,,,999,TE,5,,1,23
nfl-11844,Myles Cole,NO,LB,,,9999999,LDE,2,,2,26
nfl-5043,Nathan Shepherd,NO,DT,,4076951,9999999,RDE,1,,8,32
nfl-10964,Nick Saldiveri,NO,OL,,,9999999,OL,,PUP,3,26
nfl-5857,Noah Fant,NO,TE,,4036131,444,TE,2,,7,28
nfl-13319,Oscar Delp,NO,TE,,,434,TE,4,,0,23
nfl-7647,Pete Werner,NO,LB,,,603,RILB,1,Questionable,5,27
nfl-12638,Quincy Riley,NO,CB,,,9999999,RCB,1,,1,25
nfl-11330,Rejzohn Wright,NO,CB,,,9999999,DB,,,3,25
nfl-10221,Ronnie Bell,NO,WR,,,683,RWR,9,,3,26
nfl-8528,Ryan Wright,NO,P,,,9999999,P,,,4,26
nfl-11562,Spencer Rattler,NO,QB,,,343,QB,2,,2,25
nfl-13556,TJ Hall,NO,CB,T.J. Hall,,9999999,DB,,,0,22
nfl-11670,Taliese Fuaga,NO,OL,,,9999999,OL,,,2,24
nfl-11145,Tanner Brown,NO,K,,,511,K,2,,3,26
nfl-7036,Terrell Burgess,NO,DB,,4035663,9999999,SS,3,,6,27
nfl-13030,Torricelli Simpkins,NO,OL,,,9999999,OL,,,1,24
nfl-7543,Travis Etienne,NO,RB,,,34,RB,1,,5,27
nfl-9492,Trey Palmer,NO,WR,,,674,SWR,10,,3,25
nfl-12079,Treyton Welch,NO,TE,,,9999999,TE,7,,2,25
nfl-8230,Ty Chandler,NO,RB,,,648,RB,5,,4,28
nfl-12545,Tyler Shough,NO,QB,,,85,QB,1,,1,26
nfl-10889,Tyree Wilson,NO,LB,,,9999999,ROLB,2,,3,26
nfl-12618,Vernon Broughton,NO,DT,,,9999999,LDE,1,,1,25
nfl-7798,William Sherman,NO,T,,,9999999,OL,,,5,27
nfl-12780,Xavier Truss,NO,OT,,,9999999,OL,,,1,25
nfl-7538,Zach Wilson,NO,QB,,,368,QB,3,,5,27
nfl-3882,Zach Wood,NO,LS,,2575788,9999999,LS,,,10,33
nfl-8799,Zaire Mitchell-Paden,NO,TE,,,999,TE,3,,4,26
nfl-5668,Aaron Stinnie,NYG,G,,3049339,9999999,OL,,,8,32
nfl-12574,Abdul Carter,NYG,DL,,,160,ROLB,1,,1,22
nfl-6810,Andrew Thomas,NYG,T,,4259566,9999999,OL,,,6,27
nfl-11108,Anfernee Orji,NYG,LB,,,9999999,LB,,,3,25
nfl-13869,Anquin Barnes,NYG,DT,,,9999999,DL,,,0,3
nfl-7970,Ar'Darius Washington,NYG,DB,,,9999999,NB,2,,5,26
nfl-11440,Art Green,NYG,CB,,,9999999,DB,,,3,26
nfl-13377,Arvell Reese,NYG,LB,,,157,LILB,1,,0,20
nfl-11951,Beau Brade,NYG,DB,,,9999999,SS,3,,2,24
nfl-13832,Ben Mann,NYG,LS,,,9999999,LS,,,0,
nfl-13066,Ben Sauls,NYG,K,,,326,K,1,,1,25
nfl-13532,Bobby Jamison-Travis,NYG,DL,,,9999999,RDE,2,,0,25
nfl-3357,Brandon Allen,NYG,QB,,2574511,311,QB,3,,10,33
nfl-5121,Braxton Berrios,NYG,WR,,3123075,535,SWR,8,,8,30
nfl-7831,Brenden Jaimes,NYG,OL,,,9999999,OL,,,5,27
nfl-5862,Brian Burns,NYG,DE,,4035631,135,LOLB,1,,7,28
nfl-12131,Bryan Hudson,NYG,OL,,,9999999,OL,,,2,25
nfl-11098,Caleb Murphy,NYG,DE,,,9999999,LOLB,3,,3,26
nfl-8125,Calvin Austin,NYG,WR,,,698,SWR,4,,4,27
nfl-12481,Cam Skattebo,NYG,RB,,,38,RB,1,,1,24
nfl-13155,Chandler Martin,NYG,LB,,,9999999,LB,,,1,23
nfl-7693,Chauncey Golston,NYG,DE,,,9999999,LDE,2,,5,28
nfl-3048,Chris Manhertz,NYG,TE,,2531358,583,TE,4,,11,34
nfl-13367,Colton Hood,NYG,DB,,,512,RCB,2,,0,21
nfl-3322,DJ Reader,NYG,DT,D.J. Reader,2977670,676,NT,1,,10,32
nfl-12888,Dalen Cambre,NYG,WR,,,999,SWR,13,,1,25
nfl-13949,Damon Bankston,NYG,RB,,,9999999,RB,,,0,23
nfl-8469,Daniel Faalele,NYG,T,,,9999999,OL,,,4,26
nfl-12581,Darius Alexander,NYG,DL,,,9999999,RDE,1,,1,25
nfl-11807,Darius Muasau,NYG,LB,,,9999999,LILB,3,,2,25
nfl-6149,Darius Slayton,NYG,WR,,3916945,574,RWR,2,,7,29
nfl-7090,Darnell Mooney,NYG,WR,,4040655,194,RWR,3,,6,28
nfl-10878,Deonte Banks,NYG,DB,,,9999999,DB,,,3,25
nfl-6130,Devin Singletary,NYG,RB,,4040761,690,RB,3,,7,28
nfl-13833,Dominic Zvada,NYG,K,,,313,K,2,,0,22
nfl-11700,Dru Phillips,NYG,DB,,,999,NB,1,Questionable,2,24
nfl-5534,Elijah Campbell,NYG,DB,,3932901,9999999,FS,2,,8,30
nfl-10223,Eric Gray,NYG,RB,,,999,RB,5,,3,26
nfl-8443,Evan Neal,NYG,OL,,,9999999,OL,,,4,25
nfl-13449,Francis Mauigoa,NYG,OT,,,9999999,OL,,,0,21
nfl-14071,Grant Finley,NYG,FB,,,9999999,,,,0,
nfl-7630,Greg Newsome,NYG,CB,,,9999999,RCB,1,Questionable,5,26
nfl-6699,Gunner Olszewski,NYG,WR,,4424106,999,,9,IR,7,29
nfl-6920,Isaiah Hodgins,NYG,WR,,4242540,9999999,SWR,10,,6,27
nfl-8131,Isaiah Likely,NYG,TE,,,113,TE,1,,4,26
nfl-13530,J.C. Davis,NYG,OT,JC Davis,,9999999,OL,,,0,22
nfl-8313,JT Woods,NYG,DB,J.T. Woods,,9999999,DB,,,4,26
nfl-13531,Jack Kelly,NYG,LB,,,9999999,RILB,2,,0,23
nfl-10215,Jake Haener,NYG,QB,,,406,QB,4,,3,27
nfl-12382,Jake Kubas,NYG,OG,,,9999999,OL,,,2,26
nfl-9497,Jalin Hyatt,NYG,WR,,,686,RWR,11,Questionable,3,24
nfl-2306,Jameis Winston,NYG,QB,,2969939,434,QB,2,,11,32
nfl-11001,Jarrick Bernard-Converse,NYG,CB,,,9999999,DB,,IR,3,26
nfl-14053,Jarrod Gray,NYG,OL,,,9999999,OL,,,0,
nfl-7816,Jason Pinnock,NYG,CB,,,9999999,SS,2,,5,27
nfl-12508,Jaxson Dart,NYG,QB,,,35,QB,1,,1,23
nfl-4190,Jermaine Eluemunor,NYG,OL,,3115303,9999999,OL,,,9,31
nfl-7666,Jevon Holland,NYG,DB,,,596,FS,1,,5,26
nfl-10896,John Michael Schmitz,NYG,OL,,,9999999,OL,,Questionable,3,27
nfl-6980,Jon Runyan,NYG,G,,3929936,9999999,OL,,,6,29
nfl-8467,Jordan Stout,NYG,P,,,9999999,P,,,4,28
nfl-4371,Josh Tupou,NYG,DT,,2979632,9999999,RDE,3,,9,32
nfl-8455,Joshua Ezeudu,NYG,OL,,,9999999,OL,,,4,26
nfl-4040,JuJu Smith-Schuster,NYG,WR,,3120348,398,SWR,7,Questionable,9,29
nfl-8355,Kayvon Thibodeaux,NYG,DL,,,362,ROLB,2,,4,25
nfl-6864,Khalid Kareem,NYG,DE,,4039029,9999999,LOLB,2,,6,28
nfl-12716,Korie Black,NYG,CB,,,9999999,LCB,3,,1,24
nfl-6948,Leki Fotu,NYG,DT,,4035666,9999999,NT,2,,6,27
nfl-3888,Lucas Patrick,NYG,G,,2576736,9999999,OL,,Questionable,10,33
nfl-13285,Malachi Fields,NYG,WR,,,210,LWR,5,,0,22
nfl-11632,Malik Nabers,NYG,WR,,,27,LWR,1,Questionable,2,23
nfl-12582,Marcus Mbow,NYG,OL,,,9999999,OL,,,1,23
nfl-6838,Marlon Davidson,NYG,DE,,4035494,9999999,DL,,,6,28
nfl-8396,Micah McFadden,NYG,LB,,,596,LILB,2,,4,26
nfl-7528,Najee Harris,NYG,RB,,,170,,,Questionable,5,28
nfl-11029,Nic Jones,NYG,CB,,,9999999,NB,3,,3,24
nfl-2078,Odell Beckham,NYG,WR,,16733,461,LWR,6,,12,33
nfl-4353,Patrick Ricard,NYG,FB,,2975417,674,RB,4,,9,32
nfl-7669,Paulson Adebo,NYG,CB,,,511,LCB,1,Questionable,5,27
nfl-8578,Raheem Layne,NYG,DB,,,9999999,FS,3,,4,27
nfl-11899,Rico Payton,NYG,CB,,,9999999,DB,,IR,2,26
nfl-3526,Roy Robertson-Harris,NYG,DE,,2574891,9999999,DL,,IR,10,33
nfl-11421,Ryan Miller,NYG,WR,,,9999999,SWR,12,,3,26
nfl-13882,Ryan Schernecke,NYG,OL,,,9999999,OL,,,0,
nfl-8844,Sam Webb,NYG,CB,,,9999999,,,NA,4,28
nfl-2033,Shelby Harris,NYG,DE,,16837,9999999,LDE,1,,12,35
nfl-8849,Tanner Conner,NYG,TE,,,681,TE,3,,4,28
nfl-13868,Thaddeus Dixon,NYG,CB,,,9999999,DB,,IR,0,24
nfl-11597,Theo Johnson,NYG,TE,,,144,TE,2,,2,25
nfl-12715,Thomas Fidone,NYG,TE,,,999,TE,5,,1,23
nfl-13137,Trace Ford,NYG,DL,,,9999999,ROLB,3,,1,25
nfl-4968,Tremaine Edmunds,NYG,LB,,3929950,266,RILB,1,,8,28
nfl-11674,Tyler Nubin,NYG,DB,,,393,SS,1,,2,25
nfl-11655,Tyrone Tracy,NYG,RB,,,110,RB,2,,2,26
nfl-6216,Ugo Amadi,NYG,DB,,3886834,9999999,DB,,,7,29
nfl-11306,Xavier Gipson,NYG,WR,,,531,SWR,13,,3,25
nfl-10924,Zacch Pickens,NYG,DL,,,9999999,DL,,,3,26
nfl-11000,Zaire Barnes,NYG,LB,,,9999999,RILB,3,,3,26
nfl-11625,Adonai Mitchell,NYJ,WR,,,162,RWR,2,,2,23
nfl-7698,Andre Cisco,NYJ,DB,,,9999999,FS,1,,5,26
nfl-6323,Andrew Beck,NYJ,RB,,3125107,279,RB,4,,7,30
nfl-13539,Anez Cooper,NYJ,G,,,9999999,OL,,,0,22
nfl-12539,Arian Smith,NYJ,WR,,,999,RWR,5,,1,24
nfl-12572,Armand Membou,NYJ,OL,,,9999999,OL,,,1,22
nfl-12076,Austin McNamara,NYJ,P,,,9999999,P,,,2,25
nfl-12601,Azareye'h Thomas,NYJ,DB,,,9999999,LCB,2,,1,22
nfl-8157,Bailey Zappe,NYJ,QB,,,999,QB,4,,4,27
nfl-12538,Brady Cook,NYJ,QB,,,278,QB,3,,1,24
nfl-11576,Braelon Allen,NYJ,RB,,,135,RB,2,,2,22
nfl-12030,Braiden McGregor,NYJ,DE,,,9999999,ROLB,3,,2,25
nfl-7685,Brandon Stephens,NYJ,DB,,,638,RCB,1,,5,28
nfl-8155,Breece Hall,NYJ,RB,,,27,RB,1,Questionable,4,25
nfl-8046,Brendon White,NYJ,LB,,,,,,,1,
nfl-13303,Cade Klubnik,NYJ,QB,,,362,QB,2,,0,22
nfl-8258,Cade York,NYJ,K,,,350,K,2,,4,25
nfl-12906,Cam Camper,NYJ,WR,,,999,SWR,,,1,24
nfl-13826,Caullin Lacy,NYJ,WR,,,9999999,SWR,,,0,24
nfl-13839,Chase Curtis,NYJ,TE,,,9999999,TE,,,0,
nfl-14051,Chase Wilson,NYJ,LB,,,9999999,LB,,,0,
nfl-5023,Chukwuma Okorafor,NYJ,OL,,3129473,9999999,OL,,,8,29
nfl-14069,Connor Hulstein,NYJ,TE,,,9999999,,,,0,
nfl-14050,Courtland Ford,NYJ,OL,,,9999999,OL,,,0,
nfl-13386,D'Angelo Ponds,NYJ,DB,,,575,NB,1,Questionable,0,21
nfl-13326,DT Sheffield,NYJ,WR,D.T. Sheffield,,597,SWR,,,0,25
nfl-12892,Da'Quan Felton,NYJ,WR,,,286,,,Questionable,1,25
nfl-8395,Dane Belton,NYJ,DB,,,999,SS,2,,4,25
nfl-13504,Darrell Jackson,NYJ,DT,,,9999999,NT,2,,0,23
nfl-13363,David Bailey,NYJ,LB,,,206,LOLB,1,,0,22
nfl-3281,David Onyemata,NYJ,DT,,4002046,9999999,LDE,1,,10,33
nfl-13438,DeaMonte Trayanum,NYJ,RB,,,9999999,RB,6,,0,24
nfl-12920,Dean Clark,NYJ,DB,,,9999999,FS,3,,1,25
nfl-1052,Demario Davis,NYJ,LB,,14958,375,RILB,1,,14,37
nfl-8458,Dylan Parham,NYJ,OL,,,9999999,OL,,,4,26
nfl-8146,Garrett Wilson,NYJ,WR,,,38,LWR,1,,4,26
nfl-1373,Geno Smith,NYJ,QB,,15864,191,QB,1,,13,35
nfl-5049,Harrison Phillips,NYJ,DT,,3117255,9999999,RDE,1,,8,30
nfl-11571,Isaiah Davis,NYJ,RB,,,549,RB,3,Questionable,2,24
nfl-11608,Isaiah Williams,NYJ,WR,,,458,SWR,4,,2,25
nfl-7880,Jack Heflin,NYJ,DT,,,9999999,RDE,3,,5,28
nfl-14023,Jaden Keller,NYJ,LB,,,9999999,RILB,3,,0,
nfl-12925,Jamaal Pritchett,NYJ,WR,,,999,SWR,,,1,23
nfl-7841,Jamien Sherwood,NYJ,LB,,,124,LILB,1,,5,26
nfl-12056,Jarius Monroe,NYJ,CB,,,9999999,DB,,,2,25
nfl-11766,Jarvis Brownlee,NYJ,DB,,,999,NB,2,,2,25
nfl-5119,Jason Sanders,NYJ,K,,3124679,565,K,1,,8,30
nfl-8219,Jelani Woods,NYJ,TE,,,999,TE,4,,4,27
nfl-8145,Jeremy Ruckert,NYJ,TE,,,999,TE,3,,4,26
nfl-10907,Joe Tippmann,NYJ,OL,,,9999999,OL,,,3,25
nfl-12923,Jordan Clark,NYJ,DB,,,9999999,NB,3,,1,25
nfl-7678,Joseph Ossai,NYJ,DE,,,999,ROLB,1,,5,26
nfl-7645,Josh Myers,NYJ,OL,,,9999999,OL,,,5,28
nfl-11846,Jowon Briggs,NYJ,DE,,,9999999,LDE,2,,2,24
nfl-13054,Junior Tafuna,NYJ,DT,,,9999999,DL,,,1,25
nfl-12949,Keenan Garber,NYJ,CB,,,9999999,DB,,,1,26
nfl-7720,Kene Nwangwu,NYJ,RB,,,9999999,RB,5,,5,28
nfl-13330,Kenyon Sadiq,NYJ,TE,,,109,TE,1,Questionable,0,21
nfl-12666,Kiko Mauigoa,NYJ,LB,,,999,RILB,2,,1,23
nfl-8382,Kingsley Enagbare,NYJ,DL,,,9999999,LOLB,2,,4,26
nfl-12701,Kobe King,NYJ,LB,,,9999999,LB,,IR,1,23
nfl-12429,Kohl Levao,NYJ,OL,,,9999999,OL,,,3,28
nfl-7792,Landon Young,NYJ,T,,,9999999,OL,,,5,28
nfl-12426,Liam Fornadel,NYJ,OL,,,9999999,OL,,,3,27
nfl-12639,Malachi Moore,NYJ,DB,,,9999999,FS,2,,1,24
nfl-13825,Malik McClain,NYJ,WR,,,9999999,LWR,,,0,
nfl-8618,Marcelino McCrary-Ball,NYJ,LB,,,9999999,LILB,2,,4,27
nfl-8507,Marquis Hayes,NYJ,OL,,,9999999,OL,,,4,27
nfl-12498,Mason Taylor,NYJ,TE,,,138,TE,2,,1,22
nfl-8468,Max Mitchell,NYJ,T,,,9999999,OL,,,4,26
nfl-10877,Mazi Smith,NYJ,DL,,,9999999,NT,3,,3,25
nfl-4963,Minkah Fitzpatrick,NYJ,DB,,3925345,488,SS,1,,8,29
nfl-13874,Mory Bamba,NYJ,CB,,,9999999,LCB,3,Questionable,0,25
nfl-7012,Mykal Walker,NYJ,LB,,4243009,9999999,LILB,3,,6,28
nfl-7687,Nahshon Wright,NYJ,CB,,,999,LCB,1,Questionable,5,27
nfl-12155,Nate Lynn,NYJ,DL,,,9999999,DL,,,2,24
nfl-13951,Nathan Voorhis,NYJ,DE,,,9999999,DL,,,0,
nfl-11671,Olu Fashanu,NYJ,OL,,,9999999,OL,,,2,23
nfl-13276,Omar Cooper,NYJ,WR,,,151,SWR,3,,0,22
nfl-13262,Paschal Ekeji,NYJ,DE,,,9999999,DL,,,1,24
nfl-13181,Payton Page,NYJ,DT,,,9999999,RDE,2,,1,23
nfl-12884,Quincy Skinner,NYJ,WR,,,405,SWR,,,1,23
nfl-11755,Qwan'tez Stiggers,NYJ,CB,,,688,RCB,2,Questionable,2,24
nfl-13873,Sam Scott,NYJ,RB,,,9999999,RB,,,0,
nfl-8478,Samuel Womack,NYJ,CB,,,9999999,DB,,,4,27
nfl-11691,T'Vondre Sweat,NYJ,DL,,,9999999,NT,1,,2,25
nfl-4325,Thomas Hennessy,NYJ,LS,,2983155,9999999,LS,,,9,32
nfl-4351,Tim Patrick,NYJ,WR,,3134353,999,LWR,6,,9,32
nfl-7707,Tre Brown,NYJ,CB,,,9999999,RCB,3,,5,28
nfl-12655,Tyler Baron,NYJ,DE,,,9999999,LOLB,3,PUP,1,24
nfl-13567,VJ Payne,NYJ,DB,V.J. Payne,,9999999,SS,3,Questionable,0,22
nfl-10883,Will McDonald,NYJ,DE,,,504,ROLB,2,,3,27
nfl-13950,Xavier Hill,NYJ,OL,,,9999999,OL,,,0,
nfl-8926,Xavier Newman,NYJ,OL,,,9999999,OL,,,4,27
nfl-6802,A.J. Epenesa,PHI,DE,AJ Epenesa,4240585,647,ROLB,3,,6,27
nfl-7686,Ambry Thomas,PHI,CB,,,9999999,DB,,,5,26
nfl-12102,Andre' Sam,PHI,DB,,,9999999,FS,3,,2,27
nfl-12604,Andrew Mukuba,PHI,DB,,,999,FS,1,,1,23
nfl-829,Andy Dalton,PHI,QB,,14012,638,QB,2,,15,38
nfl-8325,Arnold Ebiketie,PHI,DL,,,9999999,ROLB,2,,4,27
nfl-6950,Braden Mann,PHI,P,,4035239,9999999,P,,,6,28
nfl-12808,Brandon George,PHI,LB,,,9999999,LB,,,1,25
nfl-8414,Britain Covey,PHI,WR,,,999,SWR,7,Questionable,4,29
nfl-10925,Byron Young,PHI,DL,,,9999999,RDE,2,,3,25
nfl-8453,Cam Jurgens,PHI,OL,,,9999999,OL,,,4,26
nfl-10210,Cameron Latu,PHI,TE,,,496,TE,5,,3,26
nfl-12586,Cameron Williams,PHI,OL,,,9999999,OL,,,1,22
nfl-11582,Carson Steele,PHI,RB,,,284,RB,5,,2,23
nfl-8369,Chance Campbell,PHI,LB,,,9999999,RILB,3,Questionable,4,26
nfl-4935,Charles Walker,PHI,DT,,,9999999,,,,1,
nfl-13335,Cole Payton,PHI,QB,,,999,QB,3,,0,23
nfl-13561,Cole Wisniewski,PHI,DB,,,9999999,FS,2,Questionable,0,24
nfl-11678,Cooper DeJean,PHI,DB,,,242,NB,1,Questionable,2,23
nfl-5022,Dallas Goedert,PHI,TE,,3121023,94,TE,1,,8,31
nfl-8129,Dameon Pierce,PHI,RB,,,666,RB,4,Questionable,4,26
nfl-8176,Danny Gray,PHI,WR,,,622,LWR,8,Questionable,4,27
nfl-13150,Darius Cooper,PHI,WR,,,318,RWR,5,,1,24
nfl-13829,David Blay,PHI,DT,,,9999999,DL,,,0,23
nfl-7525,DeVonta Smith,PHI,WR,,,34,LWR,1,Questionable,5,27
nfl-13591,Deontae Lawson,PHI,LB,,,9999999,LILB,3,,0,23
nfl-9486,Dontayvion Wicks,PHI,WR,,,213,RWR,3,,3,25
nfl-12663,Drew Kendall,PHI,C,,,9999999,OL,,,1,24
nfl-6690,Duplicate Player,PHI,CB,,4423369,9999999,,,,0,
nfl-11304,E.J. Jenkins,PHI,TE,EJ Jenkins,,999,TE,7,,3,27
nfl-13349,Eli Stowers,PHI,TE,,,140,TE,2,,0,23
nfl-7596,Elijah Moore,PHI,WR,,,700,RWR,6,,5,26
nfl-8114,Erik Ezukanma,PHI,WR,,,999,SWR,8,,4,26
nfl-6024,Fred Johnson,PHI,T,,3915106,9999999,OL,,,7,29
nfl-12071,Gabe Hall,PHI,DT,,,9999999,LDE,2,,2,25
nfl-8177,Grant Calcaterra,PHI,TE,,,686,TE,3,,4,27
nfl-11033,Isaiah Bolden,PHI,CB,,,9999999,DB,,,3,26
nfl-5452,J.T. Gray,PHI,DB,JT Gray,3115481,9999999,SS,3,,8,30
nfl-12479,Ja'Quinden Jackson,PHI,RB,,,999,RB,6,,1,24
nfl-11412,Jacob Sykes,PHI,DE,,,9999999,,,,2,26
nfl-4195,Jake Elliott,PHI,K,,3050478,221,K,1,,9,31
nfl-12795,Jake Majors,PHI,OL,,,9999999,OL,,,1,24
nfl-10963,Jakorian Bennett,PHI,DB,,,9999999,LCB,2,,3,25
nfl-10888,Jalen Carter,PHI,DL,,,264,RDE,1,,3,25
nfl-6904,Jalen Hurts,PHI,QB,,4040715,29,QB,1,,6,28
nfl-11703,Jalyx Hunt,PHI,DE,,,388,ROLB,1,,2,25
nfl-11752,Jeremiah Trotter,PHI,LB,,,9999999,RILB,2,,2,23
nfl-12566,Jihaad Campbell,PHI,LB,,,249,RILB,1,,1,22
nfl-11097,John Ojukwu,PHI,OT,,,9999999,OL,,,3,27
nfl-4314,Johnny Mundt,PHI,TE,,3052096,9999999,TE,4,,9,31
nfl-11636,Johnny Wilson,PHI,WR,,,999,LWR,9,,2,25
nfl-6900,Jonathan Greenard,PHI,DE,,3916409,381,LOLB,1,PUP,6,29
nfl-3415,Jonathan Jones,PHI,DB,,2971027,9999999,NB,2,Questionable,10,32
nfl-8269,Jordan Davis,PHI,DL,,,566,NT,1,,4,26
nfl-5362,Jordan Mailata,PHI,T,,4334215,9999999,OL,,,8,29
nfl-10998,Jose Ramirez,PHI,DL,,,9999999,LB,,,3,27
nfl-13824,Joshua Weru,PHI,DE,,,9999999,LB,,,0,
nfl-13823,Kapena Gushiken,PHI,DB,,,9999999,NB,3,,0,24
nfl-10962,Kelee Ringo,PHI,DB,,,9999999,RCB,2,,3,24
nfl-13562,Keyshawn James-Newby,PHI,DE,,,9999999,LOLB,3,Questionable,0,24
nfl-7665,Landon Dickerson,PHI,OL,,,9999999,OL,,,5,27
nfl-1340,Lane Johnson,PHI,T,,15797,9999999,OL,,,13,36
nfl-12678,Mac McWilliams,PHI,CB,,,9999999,LCB,3,,1,24
nfl-13294,Makai Lemon,PHI,WR,,,85,SWR,2,Questionable,0,22
nfl-6284,Marcus Epps,PHI,DB,,3139368,9999999,SS,1,,7,30
nfl-13465,Markel Bell,PHI,OT,,,9999999,OL,,,0,22
nfl-5848,Marquise Brown,PHI,WR,,4241372,623,SWR,4,,7,29
nfl-13877,Maximus Pulley,PHI,DB,,,9999999,DB,,,0,
nfl-13537,Micah Morris,PHI,G,,,9999999,OL,,Questionable,0,22
nfl-7835,Michael Carter,PHI,CB,,,9999999,SS,2,,5,27
nfl-5869,Michael Jordan,PHI,G,,4040622,9999999,OL,,,7,28
nfl-11030,Moro Ojomo,PHI,DE,,,9999999,LDE,1,,3,25
nfl-12709,Myles Hinton,PHI,OT,,,9999999,OL,,,1,24
nfl-10873,Nolan Smith,PHI,LB,,,578,LOLB,2,,3,25
nfl-6927,Quez Watkins,PHI,WR,,4050373,9999999,SWR,6,,6,28
nfl-11662,Quinyon Mitchell,PHI,CB,,,999,LCB,1,,2,25
nfl-8374,Riq Woolen,PHI,DB,,,9999999,RCB,1,,4,27
nfl-13821,Rocco Underwood,PHI,LS,,,9999999,LS,,,0,
nfl-8235,Samori Toure,PHI,WR,,,9999999,SWR,9,,4,28
nfl-4866,Saquon Barkley,PHI,RB,,3929630,13,RB,1,,8,29
nfl-7830,Shaun Wade,PHI,CB,,,9999999,DB,,,5,27
nfl-12667,Smael Mondon,PHI,LB,,,9999999,LILB,2,,1,23
nfl-8583,Stone Smartt,PHI,TE,,,9999999,TE,6,,4,27
nfl-9225,Tank Bigsby,PHI,RB,,,147,RB,2,Questionable,3,23
nfl-9230,Tanner McKee,PHI,QB,,,603,QB,4,,3,26
nfl-8321,Tariq Castro-Fields,PHI,DB,,,9999999,RCB,3,Questionable,4,27
nfl-7802,Tarron Jackson,PHI,DE,,,9999999,LB,,,5,28
nfl-13820,Tucker Large,PHI,DB,,,9999999,DB,,PUP,0,
nfl-12651,Ty Robinson,PHI,DT,,,675,NT,2,,1,25
nfl-10920,Tyler Steen,PHI,OL,,,9999999,OL,,,3,26
nfl-13560,Uar Bernard,PHI,DT,,,9999999,RDE,3,,0,
nfl-11577,Will Shipley,PHI,RB,,,470,RB,3,,2,23
nfl-13004,Willie Lampkin,PHI,OL,,,9999999,OL,,,1,24
nfl-6815,Zack Baun,PHI,LB,,3917657,136,LILB,1,,6,29
nfl-14057,Zion Wilson,PHI,DT,,,9999999,NT,3,,0,
nfl-96,Aaron Rodgers,PIT,QB,,8439,202,QB,1,,21,42
nfl-7113,Alex Highsmith,PIT,LB,,4037333,295,ROLB,1,,6,29
nfl-12138,Anthony Goodlow,PIT,DE,,,9999999,DL,,,2,26
nfl-7655,Asante Samuel,PIT,CB,,,9999999,RCB,2,,5,26
nfl-7757,Ben Skowronek,PIT,WR,,,668,RWR,5,,5,29
nfl-7796,Brandin Echols,PIT,CB,,,9999999,NB,2,Questionable,5,28
nfl-7865,Brandon Smith,PIT,WR,,,645,SWR,,Questionable,5,27
nfl-8790,Brock Hoffman,PIT,C,,,9999999,OL,,,4,27
nfl-10884,Broderick Jones,PIT,OL,,,9999999,OL,,,3,25
nfl-843,Cameron Heyward,PIT,DT,,13977,543,RDE,1,,15,37
nfl-4654,Cameron Johnston,PIT,P,,3051397,9999999,P,,,9,34
nfl-12733,Carson Bruener,PIT,LB,,,9999999,LILB,3,,1,25
nfl-1945,Chris Boswell,PIT,K,,17372,151,K,1,,12,35
nfl-4848,Christian Kuntz,PIT,LS,,2978524,999,LS,,,9,32
nfl-12210,Cole Burgess,PIT,WR,,,999,,,IR,3,26
nfl-6220,Cole Holcomb,PIT,LB,,3116689,9999999,RILB,2,,7,30
nfl-7541,Cornell Powell,PIT,WR,,,9999999,SWR,,,5,28
nfl-11173,D'Shawn Jamison,PIT,CB,,,9999999,NB,3,,3,27
nfl-5846,DK Metcalf,PIT,WR,D.K. Metcalf,4047650,73,LWR,1,Questionable,7,28
nfl-11781,Daequan Hardy,PIT,CB,,,9999999,DB,,IR,2,25
nfl-9479,Darnell Washington,PIT,TE,,,448,TE,2,,3,25
nfl-12767,Daryl Porter,PIT,DB,,,9999999,DB,,,1,24
nfl-13470,Daylen Everette,PIT,CB,,,9999999,LCB,2,,0,22
nfl-5071,DeShon Elliott,PIT,DB,,3929846,470,SS,1,,8,29
nfl-3295,Dean Lowry,PIT,DE,,2974348,9999999,LDE,3,,10,32
nfl-12561,Derrick Harmon,PIT,DL,,,999,LDE,1,,1,23
nfl-13723,Devan Boykin,PIT,DB,,,9999999,DB,,,0,
nfl-12899,Doneiko Slaughter,PIT,DB,,,9999999,LCB,3,,1,24
nfl-12734,Donte Kent,PIT,CB,,,9999999,DB,,PUP,1,24
nfl-11927,Doug Nester,PIT,OL,,,9999999,OL,,,2,26
nfl-13289,Drew Allar,PIT,QB,,,347,QB,4,,0,22
nfl-8865,Dylan Cook,PIT,T,,,9999999,OL,,,4,28
nfl-3369,Elandon Roberts,PIT,LB,,2987743,680,LB,,,10,32
nfl-13423,Eli Heidenreich,PIT,RB,,,557,RB,4,,0,23
nfl-8342,Esezi Otomewo,PIT,DL,,,9999999,DL,,,4,27
nfl-13548,Gabriel Rubio,PIT,DL,,,9999999,LDE,2,,0,23
nfl-13471,Gennings Dunker,PIT,OT,,,9999999,OL,,,0,23
nfl-13274,Germie Bernard,PIT,WR,,,194,SWR,3,,0,22
nfl-14027,Greg Crippen,PIT,OL,,,9999999,OL,,,0,24
nfl-11232,Isaiah Winstead,PIT,WR,,,999,SWR,,,3,27
nfl-7776,Israel Mukuamu,PIT,DB,,,9999999,DB,,Questionable,5,26
nfl-6942,Jack Driscoll,PIT,T,,3932668,9999999,OL,,,6,29
nfl-13098,Jack Henderson,PIT,DB,,,9999999,FS,2,,1,24
nfl-12593,Jack Sawyer,PIT,DL,,,999,LOLB,2,,1,24
nfl-11861,Jacoby Windmon,PIT,LB,,,9999999,LB,,,2,24
nfl-11605,Jaheim Bell,PIT,TE,,,9999999,TE,4,,2,25
nfl-12935,Jakobie Keeney-James,PIT,WR,,,999,SWR,,,1,25
nfl-3160,Jalen Ramsey,PIT,CB,,3045373,999,NB,1,PUP,10,31
nfl-5946,Jamel Dean,PIT,CB,,3873935,697,RCB,1,,7,29
nfl-7634,Jamin Davis,PIT,LB,,,9999999,LB,,,5,27
nfl-8323,Jaquan Brisker,PIT,DB,,,380,FS,1,Questionable,4,27
nfl-8228,Jaylen Warren,PIT,RB,,,52,RB,1,,4,27
nfl-12777,Joaquin Davis,PIT,WR,,,660,SWR,,,1,24
nfl-10913,Joey Porter,PIT,DB,,,9999999,LCB,1,PUP,3,26
nfl-11858,Julius Welschof,PIT,DL,,,9999999,ROLB,3,,2,29
nfl-13491,Kaden Wetjen,PIT,WR,,,467,SWR,6,,0,24
nfl-12504,Kaleb Johnson,PIT,RB,,,173,RB,5,,1,23
nfl-10901,Keeanu Benton,PIT,NT,,,9999999,RDE,2,,3,25
nfl-13819,Kevin Jobity,PIT,DL,,,9999999,DL,,,0,
nfl-11894,Kyler Baugh,PIT,DL,,,9999999,DL,,,2,24
nfl-13813,Laith Marjan,PIT,K,,,499,K,,,0,
nfl-13292,Lake McRee,PIT,TE,,,613,TE,,,0,
nfl-13357,Lance Mason,PIT,TE,,,999,TE,,,0,
nfl-13889,Levi Wentz,PIT,WR,,,9999999,SWR,,,0,
nfl-9510,Lew Nichols,PIT,RB,,,665,RB,5,,3,25
nfl-11811,Logan Lee,PIT,DL,,,9999999,DL,,IR,2,26
nfl-6867,Malik Harrison,PIT,LB,,4040615,9999999,LILB,2,,6,28
nfl-11733,Mason McCormick,PIT,OL,,,9999999,OL,,,2,26
nfl-4972,Mason Rudolph,PIT,QB,,3116407,999,QB,2,,8,31
nfl-13200,Max Hurleman,PIT,CB,,,9999999,SWR,,,1,24
nfl-13443,Max Iheanachor,PIT,OT,,,9999999,OL,,Questionable,0,22
nfl-6819,Michael Pittman,PIT,WR,,4035687,100,RWR,2,Questionable,6,28
nfl-10940,Nick Herbig,PIT,LB,,,378,ROLB,2,,3,24
nfl-4926,Nick Schuessler,PIT,QB,,,9999999,,,,1,
nfl-7600,Pat Freiermuth,PIT,TE,,,240,TE,1,,5,27
nfl-6807,Patrick Queen,PIT,LB,,4242207,254,LILB,1,,6,27
nfl-11727,Payton Wilson,PIT,LB,,,358,RILB,1,,2,26
nfl-4180,Rayshawn Jenkins,PIT,DB,,2969961,9999999,DB,,,9,32
nfl-7021,Rico Dowdle,PIT,RB,,4038815,65,RB,2,,6,28
nfl-13433,Riley Nowakowski,PIT,TE,,,643,RB,3,,0,24
nfl-13576,Robert Spears-Jennings,PIT,DB,,,9999999,SS,2,,0,22
nfl-4602,Robert Tonyan,PIT,TE,,2975674,679,TE,3,,9,32
nfl-11630,Roman Wilson,PIT,WR,,,688,LWR,4,,2,25
nfl-8014,Ryan McCollum,PIT,C,,,9999999,OL,,,5,28
nfl-12955,Sebastian Castro,PIT,DB,,,9999999,FS,3,,1,25
nfl-5073,Sebastian Joseph-Day,PIT,DT,,3047495,9999999,NT,2,,8,31
nfl-11028,Spencer Anderson,PIT,OL,,,9999999,OL,,,3,26
nfl-12216,Steven Jones,PIT,OL,,,9999999,OL,,,2,25
nfl-4070,T.J. Watt,PIT,LB,TJ Watt,3045282,109,LOLB,1,,9,31
nfl-14042,Tamon Lynum,PIT,DB,,,9999999,DB,,,0,
nfl-6012,Travis Homer,PIT,RB,,4037457,392,RB,6,,7,28
nfl-11664,Troy Fautanu,PIT,OL,,,9999999,OL,,,2,25
nfl-12511,Will Howard,PIT,QB,,,413,QB,3,,1,24
nfl-12665,Yahya Black,PIT,DT,,,9999999,NT,1,,1,24
nfl-11690,Zach Frazier,PIT,OL,,,9999999,OL,,,2,24
nfl-11603,AJ Barner,SEA,TE,A.J. Barner,,126,TE,1,,2,24
nfl-11121,AJ Finley,SEA,DB,A.J. Finley,,662,SS,3,,3,24
nfl-13148,Aaron Smith,SEA,LB,,,655,LB,,,1,
nfl-8457,Abraham Lucas,SEA,OL,,,9999999,OL,,,4,27
nfl-13686,Aidan Hubbard,SEA,DE,,,9999999,LB,,,0,
nfl-13035,Amari Kight,SEA,OT,,,9999999,OL,,,1,25
nfl-13565,Andre Fuller,SEA,CB,,,9999999,LCB,3,,0,24
nfl-10959,Anthony Bradford,SEA,OL,,,9999999,OL,,,3,25
nfl-13328,Anthony Hankerson,SEA,RB,,,512,RB,,,0,22
nfl-13525,Beau Stephens,SEA,G,,,9999999,OL,,,0,23
nfl-2525,Bobby Hart,SEA,T,,2576789,9999999,OL,,,11,31
nfl-11280,Brady Russell,SEA,TE,,,636,RB,7,,3,27
nfl-11396,Brandon Pili,SEA,DT,,,9999999,NT,2,Questionable,3,27
nfl-12983,Brock Lampe,SEA,FB,,,999,RB,,,1,23
nfl-12685,Bryce Cabeldue,SEA,OT,,,9999999,OL,,,1,24
nfl-13452,Bud Clark,SEA,DB,,,9999999,FS,2,,0,24
nfl-11668,Byron Murphy,SEA,DL,,,438,NT,1,,2,23
nfl-8446,Charles Cross,SEA,OL,,,9999999,OL,,,4,25
nfl-7673,Chazz Surratt,SEA,LB,,,9999999,LILB,3,,5,29
nfl-12659,Chris Paul,SEA,LB,,,9999999,RILB,3,,1,23
nfl-11248,Chris Stoll,SEA,LS,,,9999999,LS,,,3,28
nfl-11704,Christian Haynes,SEA,OL,,,9999999,OL,,,2,26
nfl-7039,Cody White,SEA,WR,,4241983,664,RWR,7,,6,27
nfl-13037,Connor O'Toole,SEA,DE,,,9999999,ROLB,3,,1,23
nfl-4039,Cooper Kupp,SEA,WR,,2977187,206,SWR,3,,9,33
nfl-8795,D'Anthony Bell,SEA,DB,,,9999999,NB,3,,4,29
nfl-2308,Dante Fowler,SEA,LB,,2980100,9999999,LOLB,2,,11,32
nfl-2064,DeMarcus Lawrence,SEA,DE,,16802,9999999,LOLB,1,,12,34
nfl-10911,Derick Hall,SEA,DE,,,9999999,ROLB,2,,3,25
nfl-13563,Deven Eastern,SEA,DT,,,9999999,NT,3,,0,23
nfl-10891,Devon Witherspoon,SEA,DB,,,335,LCB,1,,3,25
nfl-11470,Drake Thomas,SEA,LB,,,435,LILB,1,,3,26
nfl-5854,Drew Lock,SEA,QB,,3924327,596,QB,2,,7,29
nfl-12521,Elijah Arroyo,SEA,TE,,,443,TE,2,,1,23
nfl-11435,Emanuel Wilson,SEA,RB,,,161,RB,3,Questionable,3,27
nfl-13313,Emmanuel Henderson,SEA,WR,,,999,SWR,6,,0,23
nfl-4189,Eric Saubert,SEA,TE,,2975863,576,TE,4,,9,32
nfl-7672,Ernest Jones,SEA,LB,,,184,RILB,1,,5,26
nfl-13045,Federico Maranges,SEA,OL,,,9999999,OL,,,1,24
nfl-12048,George Holani,SEA,RB,,,440,RB,4,,2,26
nfl-12563,Grey Zabel,SEA,OT,,,9999999,OL,,,1,24
nfl-8861,Irv Charles,SEA,WR,,,999,LWR,8,,4,29
nfl-13142,J.R. Singleton,SEA,DL,JR Singleton,,9999999,LDE,3,,1,24
nfl-13047,Jacardia Wright,SEA,RB,,,675,RB,5,,1,25
nfl-13286,Jadarian Price,SEA,RB,,,61,RB,1,,0,22
nfl-10867,Jake Bobo,SEA,WR,,,479,LWR,9,,3,28
nfl-13046,Jalan Gaines,SEA,DL,,,9999999,LB,,,1,25
nfl-12510,Jalen Milroe,SEA,QB,,,479,QB,3,,1,23
nfl-12082,Jalen Sundell,SEA,C,,,9999999,OL,,,2,26
nfl-12436,Jamie Sheriff,SEA,LB,,,9999999,LB,,,2,26
nfl-13048,Jared Ivey,SEA,DE,,,9999999,LOLB,3,,1,24
nfl-3220,Jarran Reed,SEA,DT,,3115312,665,RDE,1,,10,33
nfl-2747,Jason Myers,SEA,K,,2473037,127,K,1,,11,35
nfl-9488,Jaxon Smith-Njigba,SEA,WR,,,6,LWR,1,,3,24
nfl-14070,Jordan Washington,SEA,CB,,,9999999,,,,0,
nfl-13259,Joseph Vaughn,SEA,LB,,,9999999,LB,,IR,1,26
nfl-8275,Josh Jobe,SEA,DB,,,691,RCB,1,,4,28
nfl-6808,Josh Jones,SEA,OL,,3914630,9999999,OL,,,6,29
nfl-12151,Julian Hicks,SEA,WR,,,573,SWR,,,2,26
nfl-5876,Julian Love,SEA,DB,,4046675,301,SS,1,,7,28
nfl-13396,Julian Neal,SEA,DB,,,611,RCB,2,Questionable,0,23
nfl-2311,Leonard Williams,SEA,DE,,2971622,446,LDE,1,,11,32
nfl-12878,Logan Brown,SEA,OT,,,9999999,OL,,,1,25
nfl-13687,Marvin Jones,SEA,DE,,,9999999,LB,,,0,
nfl-12719,Mason Richman,SEA,OL,,,9999999,OL,,,1,24
nfl-12876,Maxen Hook,SEA,DB,,,9999999,FS,3,,1,24
nfl-13564,Michael Dansby,SEA,DB,,,9999999,RCB,3,,0,25
nfl-5011,Michael Dickson,SEA,P,,3929851,9999999,P,,,8,30
nfl-10982,Mike Morris,SEA,DE,,,9999999,LDE,2,,3,25
nfl-13199,Montorie Foster,SEA,WR,,,9999999,SWR,,,1,25
nfl-11753,Nehemiah Pritchett,SEA,CB,,,9999999,LCB,2,,2,25
nfl-12597,Nick Emmanwori,SEA,DB,,,237,NB,1,Questionable,1,22
nfl-13151,Nick Kallerup,SEA,TE,,,999,TE,4,,1,25
nfl-3258,Nick Vannett,SEA,TE,,2576399,666,TE,3,,10,33
nfl-6817,Noah Igbinoghene,SEA,CB,,4242516,9999999,NB,2,,6,26
nfl-10979,Olu Oluwatimi,SEA,C,,,9999999,OL,,,3,27
nfl-11230,Patrick O'Connell,SEA,LB,,,9999999,RILB,2,,3,27
nfl-12747,Power Echols,SEA,LB,,,9999999,LB,,,1,23
nfl-14037,Rashad Rochelle,SEA,WR,,,9999999,SWR,,,0,23
nfl-8676,Rashid Shaheed,SEA,WR,,,151,RWR,2,,4,27
nfl-12475,Ricky White,SEA,WR,,,647,SWR,5,,1,24
nfl-12656,Robbie Ouzts,SEA,RB,,,486,RB,8,IR,1,23
nfl-8517,Rodney Thomas,SEA,LB,,,9999999,SS,2,,4,28
nfl-12680,Rylie Mills,SEA,DL,,,695,RDE,2,,1,24
nfl-4943,Sam Darnold,SEA,QB,,3912547,93,QB,1,,8,29
nfl-7813,Shemar Jean-Charles,SEA,CB,,,9999999,DB,,IR,5,28
nfl-12497,Tory Horton,SEA,WR,,,199,RWR,4,Questionable,1,23
nfl-11233,Ty Okada,SEA,DB,,,9999999,FS,1,,3,27
nfl-11734,Tyrice Knight,SEA,LB,,,520,LILB,2,,2,25
nfl-5061,Uchenna Nwosu,SEA,LB,,3120358,9999999,ROLB,1,,8,29
nfl-13690,Uso Seumalo,SEA,DT,,,9999999,DL,,,0,
nfl-8223,Velus Jones,SEA,WR,,,392,RB,6,,4,29
nfl-13044,Wy'Kevious Thomas,SEA,DL,,,9999999,RDE,3,,1,26
nfl-9753,Zach Charbonnet,SEA,RB,,,101,RB,2,PUP,3,25
nfl-11065,Adrian Martinez,SF,QB,,,365,QB,3,,3,26
nfl-12590,Alfred Collins,SF,DL,,,9999999,LDT,1,,1,24
nfl-11122,Andrew Farmer,SF,LB,,,9999999,DL,,IR,3,26
nfl-6855,Ashtyn Davis,SF,DB,,3858271,999,SS,3,,6,29
nfl-7469,Austen Pleasants,SF,OL,,3920814,9999999,OL,,,6,28
nfl-6803,Brandon Aiyuk,SF,WR,,4360438,177,,5,DNR,6,28
nfl-5065,Brandon Parker,SF,T,,3072292,9999999,OL,,,8,30
nfl-10224,Brayden Willis,SF,TE,,,999,TE,6,,3,26
nfl-6740,Brett Toth,SF,OL,,3129116,9999999,OL,,Questionable,7,29
nfl-8183,Brock Purdy,SF,QB,,,47,QB,1,,4,26
nfl-13664,Bryson Eason,SF,DL,,,9999999,DL,,,0,
nfl-12649,C.J. West,SF,DT,CJ West,,9999999,LDT,2,,1,24
nfl-13487,Carver Willis,SF,OL,,,9999999,OL,,,0,24
nfl-4950,Christian Kirk,SF,WR,,3895856,210,SWR,4,Questionable,8,29
nfl-4034,Christian McCaffrey,SF,RB,,3117251,5,RB,1,Questionable,9,30
nfl-6889,Colton McKivitz,SF,OL,,3916075,9999999,OL,,,6,30
nfl-12742,Connor Colby,SF,OL,,,9999999,OL,,,1,23
nfl-7215,Corliss Waitman,SF,P,,3125280,9999999,P,,,6,31
nfl-10978,Darrell Luter,SF,CB,,,9999999,LCB,3,,3,26
nfl-7827,Darrick Forrest,SF,DB,,,9999999,DB,,IR,5,27
nfl-13417,De'Zhaun Stribling,SF,WR,,,143,LWR,3,,0,23
nfl-5872,Deebo Samuel,SF,WR,,3126486,131,RWR,2,,7,30
nfl-3286,Demarcus Robinson,SF,WR,,3043116,667,RWR,6,,10,31
nfl-7819,Deommodore Lenoir,SF,DB,,,9999999,RCB,1,,5,26
nfl-11723,Dominick Puni,SF,OL,,,9999999,OL,,Questionable,2,26
nfl-8504,Doug Kramer,SF,OL,,,9999999,OL,,,4,28
nfl-11922,Drake Nugent,SF,OL,,,9999999,OL,,,2,25
nfl-6056,Dre Greenlaw,SF,LB,,3916903,415,ROLB,1,,7,29
nfl-5189,Eddy Pineiro,SF,K,,4034949,169,K,1,,8,30
nfl-3189,Eli Apple,SF,CB,,3040506,632,DB,,,10,31
nfl-13507,Enrique Cruz,SF,OL,,,9999999,OL,,,0,23
nfl-13478,Ephesians Prysock,SF,CB,,,9999999,RCB,2,,0,23
nfl-11923,Evan Anderson,SF,DL,,,9999999,,,,2,24
nfl-5041,Fred Warner,SF,LB,,3138826,123,MLB,1,,8,29
nfl-7821,Garret Wallow,SF,LB,,,9999999,MLB,2,,5,27
nfl-4217,George Kittle,SF,TE,,3040151,91,TE,1,PUP,9,32
nfl-13501,Gracen Halton,SF,DT,,,9999999,RDT,2,Questionable,0,22
nfl-12389,Hayden Rucci,SF,TE,,,999,TE,3,,2,25
nfl-7409,Isaac Alarcon,SF,OT,,4686629,9999999,OL,,,6,28
nfl-11651,Isaac Guerendo,SF,RB,,,338,RB,5,PUP,2,26
nfl-8261,Jack Jones,SF,DB,,,9999999,LCB,2,,4,28
nfl-11616,Jacob Cowing,SF,WR,,,999,SWR,7,,2,25
nfl-13520,Jaden Dugger,SF,LB,,,9999999,LOLB,2,,0,22
nfl-3439,Jake Brendel,SF,OL,,2577185,9999999,OL,,,10,33
nfl-8698,Jake Tonges,SF,TE,,,178,TE,2,,4,27
nfl-12763,Jakob Robinson,SF,CB,,,9999999,RCB,3,,1,25
nfl-11025,Jalen Graham,SF,DB,,,9999999,LB,,,3,25
nfl-13655,Jalen Stroman,SF,DB,,,9999999,,,,0,
nfl-13656,James Thompson,SF,DT,,,9999999,DL,,,0,
nfl-10936,Ji'Ayir Brown,SF,DB,,,9999999,FS,1,,3,26
nfl-548,Jon Weeks,SF,LS,,13729,9999999,LS,,,16,40
nfl-12467,Jordan James,SF,RB,,,244,RB,2,Questionable,1,22
nfl-12634,Jordan Watkins,SF,WR,,,999,SWR,9,,1,24
nfl-7050,Josiah Deguara,SF,TE,,3914151,999,TE,5,,6,29
nfl-13414,Kaelon Black,SF,RB,,,210,RB,3,Questionable,0,24
nfl-10904,Keion White,SF,DL,,,9999999,RDE,2,Questionable,3,27
nfl-5773,KhaDarel Hodge,SF,WR,,3047876,9999999,SWR,8,,8,31
nfl-12477,Kurtis Rourke,SF,QB,,,999,QB,4,,1,25
nfl-1379,Kyle Juszczyk,SF,FB,,16002,410,RB,4,Questionable,13,35
nfl-14033,Larry Worth,SF,DB,,,9999999,DB,,,0,21
nfl-7842,Luke Farrell,SF,TE,,,491,TE,4,,5,28
nfl-6612,Luke Gifford,SF,LB,,3116097,9999999,LOLB,3,Questionable,7,30
nfl-7527,Mac Jones,SF,QB,,,360,QB,2,,5,27
nfl-11731,Malik Mustapha,SF,DB,,,485,SS,1,Questionable,2,24
nfl-5781,Malik Turner,SF,WR,,3115928,685,SWR,,,8,30
nfl-12668,Marques Sigle,SF,DB,,,999,SS,2,,1,24
nfl-13596,Mikail Kamara,SF,DE,,,9999999,DL,,IR,0,
nfl-2216,Mike Evans,SF,WR,,16737,60,LWR,1,,12,32
nfl-12602,Mykel Williams,SF,DL,,,591,RDE,1,PUP,1,22
nfl-7823,Nate Hobbs,SF,CB,,,9999999,NB,2,Questionable,5,27
nfl-5816,Nick Bosa,SF,DE,,4040605,117,LDE,1,Questionable,7,28
nfl-12630,Nick Martin,SF,LB,,,516,ROLB,2,,1,23
nfl-8501,Nick Zakelj,SF,OL,,,9999999,OL,,,4,27
nfl-5075,Ogbo Okoronkwo,SF,LB,,3052667,999,RDE,3,,8,31
nfl-7695,Osa Odighizuwa,SF,DT,,,9999999,RDT,1,,5,28
nfl-11797,Patrick McMorris,SF,DB,,,9999999,DB,,,2,24
nfl-6963,Patrick Taylor,SF,RB,,4039358,688,RB,6,,6,28
nfl-6296,Quinton Bell,SF,LB,,3933407,9999999,DL,,,7,30
nfl-11697,Renardo Green,SF,DB,,,9999999,LCB,1,,2,25
nfl-11638,Ricky Pearsall,SF,WR,,,242,,8,IR,2,25
nfl-7923,Robert Jones,SF,G,,,9999999,OL,,,5,27
nfl-13361,Romello Height,SF,LB,,,598,LDE,3,Questionable,0,25
nfl-8540,Sam Okuayinonu,SF,DE,,,9999999,LDE,2,Questionable,4,28
nfl-13073,Sebastian Valdez,SF,DL,,,9999999,RDT,3,,1,24
nfl-8220,Sincere McCormick,SF,RB,,,658,RB,8,,4,25
nfl-5098,Siran Neal,SF,CB,,3057524,9999999,FS,2,,8,32
nfl-11598,Tanner McLachlan,SF,TE,,,284,TE,7,IR,2,27
nfl-11842,Tatum Bethune,SF,LB,,,999,LOLB,1,,2,25
nfl-11004,Titus Leo,SF,LB,,,9999999,DL,,,3,26
nfl-734,Trent Williams,SF,T,,13241,9999999,OL,,,16,38
nfl-6598,Trenton Irwin,SF,WR,,3931391,482,SWR,9,,7,30
nfl-12631,Upton Stout,SF,CB,,,9999999,NB,1,,1,24
nfl-8482,Vederian Lowe,SF,OT,,,9999999,OL,,Questionable,4,27
nfl-7788,Victor Dimukeje,SF,LB,,,9999999,LB,,,5,26
nfl-13663,Wesley Grimes,SF,WR,,,414,SWR,,,0,22
nfl-13662,Will Pauling,SF,WR,,,694,SWR,,,0,23
nfl-11767,Xavier Thomas,SF,DE,,,9999999,DL,,,2,26
nfl-8139,Zamir White,SF,RB,,,434,RB,7,,4,26
nfl-3218,A'Shawn Robinson,TB,DT,,3054857,676,RDE,1,,10,31
nfl-4259,Al-Quadin Muhammad,TB,DE,,3051942,691,ROLB,2,,9,31
nfl-4118,Alex Anzalone,TB,LB,,3043107,353,RILB,1,,9,31
nfl-6003,Anthony Nelson,TB,LB,,3894856,9999999,LOLB,2,,7,29
nfl-6888,Antoine Winfield,TB,DB,,4034790,342,FS,1,,6,28
nfl-7959,Augie Contressa,TB,DB,,,,,,,1,
nfl-13959,Ayden Garnes,TB,DB,,,9999999,DB,,,0,23
nfl-11092,B.T. Potter,TB,K,BT Potter,,490,K,,,3,26
nfl-4892,Baker Mayfield,TB,QB,,3052587,70,QB,1,,8,31
nfl-14080,Barika Kpeenu,TB,RB,,,348,,,,0,
nfl-13308,Bauer Sharp,TB,TE,,,688,TE,2,,0,23
nfl-6934,Ben Bredeson,TB,G,,4046551,9999999,OL,,,6,28
nfl-12789,Ben Scott,TB,OL,,,9999999,OL,,,1,25
nfl-12794,Benjamin Chukwuma,TB,OL,,,9999999,OL,,,1,25
nfl-12576,Benjamin Morrison,TB,DB,,,9999999,RCB,1,,1,22
nfl-13515,Billy Schrauth,TB,G,,,9999999,OL,,Questionable,0,22
nfl-11584,Bucky Irving,TB,RB,,,32,RB,1,,2,23
nfl-8111,Cade Otton,TB,TE,,,148,TE,1,Questionable,4,27
nfl-13971,Caden Fordham,TB,LB,,,9999999,LB,,,0,23
nfl-10879,Calijah Kancey,TB,DL,,,498,LDE,1,,3,25
nfl-6650,Chase McLaughlin,TB,K,,3150744,199,K,1,,7,30
nfl-11679,Chris Braswell,TB,LB,,,9999999,ROLB,3,,2,24
nfl-4037,Chris Godwin,TB,WR,,3116165,88,SWR,2,,9,30
nfl-7346,Christian Rozeboom,TB,LB,,3909013,419,RILB,2,,6,29
nfl-10902,Cody Mauch,TB,T,,,9999999,OL,,,3,27
nfl-12776,Connor Bazelak,TB,QB,,,999,QB,3,,1,25
nfl-8361,Damarion Williams,TB,DB,,,9999999,LCB,2,,4,28
nfl-4122,Dan Feeney,TB,OL,,2979482,9999999,OL,,,9,32
nfl-6154,David Sills,TB,WR,,3871102,405,RWR,8,,7,30
nfl-12645,David Walker,TB,LB,,,9999999,LOLB,3,,1,26
nfl-13519,DeMonte Capehart,TB,DT,,,9999999,NT,2,,0,24
nfl-14020,Dean Patterson,TB,WR,,,9999999,SWR,,,0,
nfl-8801,Dennis Houston,TB,WR,,,9999999,LWR,7,,4,27
nfl-13676,Deshawn McKnight,TB,DL,,,9999999,RDE,3,,0,
nfl-11820,Devin Culp,TB,TE,,,659,TE,4,,2,26
nfl-11780,Elijah Klein,TB,OG,,,9999999,OL,,,2,26
nfl-12671,Elijah Roberts,TB,DT,,,9999999,RDE,2,,1,24
nfl-12919,Elijah Simmons,TB,DL,,,9999999,DL,,,1,25
nfl-12514,Emeka Egbuka,TB,WR,,,39,LWR,1,Questionable,1,23
nfl-13316,Eric Rivers,TB,WR,,,999,SWR,6,,0,23
nfl-11426,Evan Deckers,TB,LS,,,9999999,LS,,,3,27
nfl-12792,Garrett Greene,TB,QB,,,614,SWR,,,1,24
nfl-11659,Graham Barton,TB,OL,,,9999999,OL,,,2,24
nfl-13961,Henry Lutovsky,TB,OG,,,9999999,OL,,,0,23
nfl-7680,Ifeatu Melifonwu,TB,CB,,,999,SS,3,,5,27
nfl-13132,JJ Roberts,TB,DB,J.J. Roberts,,9999999,DB,,,1,24
nfl-13678,Jack Pyburn,TB,DE,,,9999999,LB,,,0,22
nfl-12605,Jacob Parrish,TB,DB,,,9999999,NB,1,,1,22
nfl-6111,Jake Browning,TB,QB,,3886812,999,QB,2,,7,30
nfl-11618,Jalen McMillan,TB,WR,,,165,RWR,3,Questionable,2,24
nfl-13425,Jalon Daniels,TB,QB,,,308,QB,3,,0,23
nfl-13763,Javin Wright,TB,LB,,,9999999,LB,,,0,
nfl-13020,Jayson Jones,TB,DL,,,9999999,DL,,,1,24
nfl-12790,John Bullock,TB,LB,,,9999999,LB,,,1,25
nfl-10999,Josh Hayes,TB,CB,,,9999999,RCB,2,,3,27
nfl-12787,Josh Williams,TB,RB,,,576,RB,4,,1,25
nfl-13955,Josiah Green,TB,DT,,,9999999,DL,,,0,23
nfl-13379,Josiah Trotter,TB,LB,,,270,LILB,1,,0,21
nfl-6221,Justin Skule,TB,OT,,3915777,9999999,OL,,,7,29
nfl-11994,Kameron Johnson,TB,WR,,,649,SWR,7,,2,24
nfl-13382,Keionte Scott,TB,DB,,,594,NB,2,,0,25
nfl-13957,Kenny Fletcher,TB,TE,,,9999999,TE,,,0,
nfl-7567,Kenny Gainwell,TB,RB,,,86,RB,2,,5,27
nfl-8484,Ko Kieft,TB,TE,,,999,TE,5,,4,28
nfl-8454,Luke Goedeke,TB,OL,,,9999999,OL,,,4,27
nfl-11420,Luke Haggard,TB,OT,,,9999999,OL,,,3,26
nfl-12822,Marshall Foerner,TB,OL,,,9999999,OL,,,1,25
nfl-3272,Miles Killebrew,TB,DB,,2575164,9999999,FS,2,,10,33
nfl-11754,Mohamed Kamara,TB,DL,,,9999999,LB,,,2,27
nfl-13167,Nash Hutmacher,TB,DT,,,9999999,OL,,,1,25
nfl-13187,Nick Jackson,TB,LB,,,9999999,LILB,3,,1,25
nfl-13762,Paul Rubelt,TB,OL,,,9999999,OL,,,0,
nfl-10227,Payne Durham,TB,TE,,,314,TE,3,,3,26
nfl-2993,Rakeem Nunez-Roches,TB,DT,,2575453,9999999,LDE,2,,11,33
nfl-11966,Rashad Wisdom,TB,DB,,,9999999,SS,2,,2,25
nfl-3383,Riley Dixon,TB,P,,2577619,9999999,P,,,10,32
nfl-12847,Robert McDaniel,TB,CB,,,9999999,DB,,,1,25
nfl-12796,Roman Parodie,TB,CB,,,9999999,DB,,,1,24
nfl-13340,Rueben Bain,TB,DL,,,183,LOLB,1,,0,21
nfl-4959,Scott Daly,TB,LS,,2980138,9999999,LS,,,8,32
nfl-9506,Sean Tucker,TB,RB,,,155,RB,3,,3,24
nfl-10980,SirVocea Dennis,TB,LB,,,422,LILB,2,,3,26
nfl-13317,Ted Hurst,TB,WR,,,196,LWR,4,,0,22
nfl-12485,Tez Johnson,TB,WR,,,593,RWR,5,Questionable,1,24
nfl-14048,Travis Shaw,TB,DT,,,9999999,DL,,,0,22
nfl-6793,Tristan Wirfs,TB,T,,4240589,9999999,OL,,,6,27
nfl-11705,Tykee Smith,TB,DB,,,241,SS,1,,2,25
nfl-4969,Vita Vea,TB,DT,,3134362,9999999,NT,1,Questionable,8,31
nfl-14078,Xavier Williams,TB,DB,,,9999999,,,,0,23
nfl-14022,Yasir Holmes,TB,LB,,,679,LB,,,0,
nfl-10921,Yaya Diaby,TB,DL,,,351,ROLB,1,,3,27
nfl-8384,Zyon McCollum,TB,DB,,,999,LCB,1,,4,27
nfl-13683,Aamil Wagner,TEN,OT,,,9999999,OL,,,0,22
nfl-8333,Alontae Taylor,TEN,DB,,,471,LCB,1,,4,27
nfl-5908,Amani Hooker,TEN,DB,,4036134,600,SS,1,,7,28
nfl-6004,Andre James,TEN,C,,3932244,9999999,OL,,,7,29
nfl-13365,Anthony Hill,TEN,LB,,,218,LOLB,2,,0,21
nfl-8491,Austin Deculus,TEN,T,,,9999999,OL,,,4,27
nfl-5439,Austin Schlottmann,TEN,G,,4038544,9999999,OL,,,8,30
nfl-13680,Bishop Fitzgerald,TEN,DB,,,9999999,,,,0,
nfl-12782,Brandon Crenshaw-Dickson,TEN,OT,,,9999999,OL,,,1,25
nfl-11959,Bryce Oliver,TEN,WR,,,420,RWR,8,,2,26
nfl-4981,Calvin Ridley,TEN,WR,,3925357,180,RWR,3,,8,31
nfl-12522,Cam Ward,TEN,QB,,,91,QB,1,,1,24
nfl-13279,Carnell Tate,TEN,WR,,,61,LWR,1,Questionable,0,21
nfl-11742,Cedric Gray,TEN,LB,,,235,LOLB,1,,2,23
nfl-12540,Chimere Dike,TEN,WR,,,175,SWR,5,,1,24
nfl-6065,Cody Barton,TEN,LB,,3926229,504,MLB,1,,7,29
nfl-8310,Cor'Dale Flott,TEN,DB,,,9999999,RCB,1,,4,24
nfl-8464,Cordell Volson,TEN,T,,,9999999,OL,,,4,28
nfl-11406,Corey Mayfield,TEN,CB,,,9999999,DB,,,3,26
nfl-12772,Courtney Jackson,TEN,WR,,,637,SWR,,,1,25
nfl-7714,Dan Moore,TEN,OT,,,9999999,OL,,,5,27
nfl-8225,Daniel Bellinger,TEN,TE,,,688,TE,2,,4,25
nfl-12357,David Martin-Robinson,TEN,TE,,,9999999,TE,4,,2,26
nfl-13216,Derrick Canteen,TEN,CB,,,9999999,DB,,,1,25
nfl-13725,Dominic Richardson,TEN,RB,,,9999999,RB,,,0,25
nfl-11750,Dominique Hampton,TEN,CB,,,630,LB,,,2,26
nfl-12944,Dorian Mausi,TEN,LB,,,9999999,ROLB,2,,1,24
nfl-12754,Drew Moss,TEN,OL,,,9999999,OL,,,1,23
nfl-7817,Earnest Brown,TEN,DE,,,9999999,DL,,,5,27
nfl-12499,Elic Ayomanor,TEN,WR,,,185,LWR,4,,1,23
nfl-11019,Erick Hallett,TEN,DB,,,9999999,SS,3,,3,26
nfl-13529,Fernando Carmona,TEN,G,,,9999999,OL,,,0,24
nfl-12741,Garrett Dellinger,TEN,OG,,,9999999,OL,,,1,24
nfl-12502,Gunnar Helm,TEN,TE,,,153,TE,1,,1,23
nfl-13776,Hank Beatty,TEN,WR,,,506,SWR,,,0,
nfl-9998,Hendon Hooker,TEN,QB,,,660,QB,4,,3,28
nfl-11672,JC Latham,TEN,OL,J.C. Latham,,9999999,OL,,,2,23
nfl-13549,Jackie Marshall,TEN,DE,,,9999999,LDT,3,,0,23
nfl-12664,Jackson Slater,TEN,OL,,,9999999,OL,,,1,23
nfl-5378,Jacob Martin,TEN,DE,,3138764,9999999,LDE,1,,8,30
nfl-13679,Jalen McMurray,TEN,CB,,,9999999,NB,3,,0,
nfl-5333,Jalyn Holmes,TEN,DE,,3121414,9999999,RDT,3,,8,30
nfl-11847,James Williams,TEN,DB,,,9999999,MLB,2,,2,23
nfl-13422,Jaren Kanak,TEN,TE,,,530,TE,5,IR,0,22
nfl-11835,Jaylen Harrell,TEN,DE,,,9999999,LDE,3,IR,2,24
nfl-6125,Jeffery Simmons,TEN,DT,,4035369,245,LDT,1,,7,29
nfl-8398,Jermaine Johnson,TEN,LB,,,9999999,RDE,1,,4,27
nfl-10997,Jerrick Reed,TEN,DB,,,9999999,FS,3,,3,26
nfl-11113,Joel Wilson,TEN,TE,,,9999999,TE,4,,3,26
nfl-6528,Joey Slye,TEN,K,,3124084,325,K,1,,7,30
nfl-5466,John Franklin-Myers,TEN,DT,,3120464,9999999,RDT,1,,8,29
nfl-6841,Jordan Elliott,TEN,DT,,4039052,9999999,RDT,2,,6,28
nfl-8470,Joshua Williams,TEN,CB,,,9999999,LCB,2,,4,26
nfl-8254,Julius Chestnut,TEN,RB,,,651,RB,5,,4,25
nfl-7066,K.J. Osborn,TEN,WR,KJ Osborn,3916566,9999999,RWR,9,,6,29
nfl-12516,Kalel Mullings,TEN,RB,,,999,RB,6,Questionable,1,23
nfl-13395,Keldric Faulk,TEN,DL,,,259,LDE,2,,0,21
nfl-11185,Kendell Brooks,TEN,DB,,,9999999,FS,2,,3,26
nfl-12588,Kevin Winston,TEN,DB,,,432,FS,1,,1,22
nfl-13220,Keydrain Calligan,TEN,DB,,,9999999,NB,2,,1,24
nfl-6177,Khalen Saunders,TEN,DT,,3121634,9999999,DL,,,7,30
nfl-7602,Kylen Granson,TEN,TE,,,505,TE,3,,5,28
nfl-13144,Laki Tasi,TEN,DL,,,9999999,DL,,,1,22
nfl-8745,Lance McCutcheon,TEN,WR,,,999,SWR,9,,4,27
nfl-8001,Malik Herring,TEN,DE,,,9999999,RDE,3,,5,28
nfl-13893,Mani Powell,TEN,LB,,,9999999,LB,,,0,23
nfl-12712,Marcus Harris,TEN,DB,,,9999999,NB,1,,1,25
nfl-8298,Mario Goodrich,TEN,DB,,,9999999,DB,,,4,26
nfl-7436,Mason Kinsey,TEN,WR,,4057082,9999999,SWR,7,,6,27
nfl-13806,Matt Lauter,TEN,TE,,,9999999,TE,,,0,
nfl-12730,Micah Robinson,TEN,CB,,,9999999,RCB,2,,1,24
nfl-7607,Michael Carter,TEN,RB,,,660,RB,4,,5,27
nfl-3976,Mitchell Trubisky,TEN,QB,,3039707,336,QB,3,Questionable,9,31
nfl-11350,Mohamoud Diabate,TEN,LB,,,9999999,ROLB,1,,3,25
nfl-525,Morgan Cox,TEN,LS,,13848,9999999,LS,,,16,40
nfl-8506,Nazeeh Johnson,TEN,DB,,,9999999,DB,,Sus,4,28
nfl-13288,Nicholas Singleton,TEN,RB,,,167,RB,3,,0,22
nfl-12583,Oluwafemi Oladejo,TEN,DL,,,9999999,RDE,2,,1,22
nfl-13550,Pat Coogan,TEN,C,,,9999999,OL,,,0,23
nfl-10886,Peter Skoronski,TEN,OL,,,9999999,OL,,,3,25
nfl-13891,Rasheed Miller,TEN,OL,,,9999999,OL,,,0,25
nfl-4939,Roderick Henderson,TEN,DT,,,9999999,,,,1,
nfl-11841,Sanoussi Kane,TEN,DB,,,9999999,DB,,IR,2,24
nfl-4058,Solomon Thomas,TEN,DT,,3117258,9999999,LDT,2,,9,30
nfl-8654,Timmy Horne,TEN,DT,,,9999999,DL,,,4,28
nfl-7307,Tommy Townsend,TEN,P,,3915398,9999999,P,,,6,29
nfl-8860,Tony Adams,TEN,DB,,,9999999,SS,2,,4,27
nfl-5967,Tony Pollard,TEN,RB,,3916148,63,RB,1,Questionable,7,29
nfl-11319,Truman Jones,TEN,DE,,,9999999,DL,,,3,26
nfl-9508,Tyjae Spears,TEN,RB,,,122,RB,2,,3,25
nfl-13600,Tyren Montgomery,TEN,WR,,,528,SWR,,,0,
nfl-8126,Wan'Dale Robinson,TEN,WR,,,105,SWR,2,,4,25
nfl-9999,Will Levis,TEN,QB,,,607,QB,2,,3,27
nfl-12520,Xavier Restrepo,TEN,WR,,,675,SWR,6,,1,24
nfl-8488,Zachary Thomas,TEN,OL,,,9999999,OL,,,4,28
nfl-13176,Ale Kaho,WAS,LB,,,684,LB,,,1,26
nfl-6896,Amik Robertson,WAS,CB,,4239694,9999999,NB,1,,6,28
nfl-4693,Andrew Wylie,WAS,G,,3042702,9999999,OL,,,9,31
nfl-3838,Antonio Hamilton,WAS,CB,,3056354,9999999,LCB,2,,10,33
nfl-13301,Antonio Williams,WAS,WR,,,156,SWR,3,,0,22
nfl-13557,Athan Kaliakmanis,WAS,QB,,,294,QB,4,,0,22
nfl-11596,Ben Sinnott,WAS,TE,,,672,TE,3,,2,24
nfl-11702,Brandon Coleman,WAS,OL,,,9999999,OL,,,2,25
nfl-6006,Byron Cowart,WAS,DT,,3916922,9999999,DL,,,7,30
nfl-12845,Car'lin Vigers,WAS,CB,,,9999999,DB,,,1,26
nfl-5934,Charles Omenihu,WAS,DE,,3929865,9999999,LDE,2,,7,28
nfl-8210,Chig Okonkwo,WAS,TE,,,137,TE,1,,4,26
nfl-8522,Chris Paul,WAS,OL,,,9999999,OL,,,4,27
nfl-11942,Colson Yankoff,WAS,TE,,,379,TE,6,,2,26
nfl-6659,Craig Reynolds,WAS,RB,,4421446,999,RB,6,,7,30
nfl-12164,Curtis Jacobs,WAS,LB,,,9999999,LB,,,2,24
nfl-10938,D.J. Johnson,WAS,LB,DJ Johnson,,9999999,DL,,,3,27
nfl-4293,Daniel Brunskill,WAS,OL,,2976117,9999999,OL,,,9,32
nfl-10990,Darius Rush,WAS,DB,,,9999999,RCB,3,,3,26
nfl-4976,Daron Payne,WAS,DT,,3925354,9999999,RDE,1,,8,29
nfl-4174,Deatrich Wise,WAS,DE,,2980080,9999999,LDE,3,PUP,9,32
nfl-5330,Dorance Armstrong,WAS,DE,,3928979,469,LOLB,2,Sus,8,29
nfl-8351,Drake Jackson,WAS,DL,,,606,ROLB,3,,4,25
nfl-13968,Drew Stevens,WAS,K,,,293,K,1,,0,22
nfl-7587,Dyami Brown,WAS,WR,,,999,LWR,5,,5,26
nfl-4126,Fabian Moreau,WAS,CB,,2971586,9999999,DB,,,9,32
nfl-7973,Foster Sarell,WAS,T,,,9999999,OL,,,5,27
nfl-5580,Frankie Luvu,WAS,LB,,3127273,384,LILB,1,,8,29
nfl-13675,Fred Davis,WAS,CB,,,9999999,DB,,,0,
nfl-13120,Jacoby Jones,WAS,WR,,,999,SWR,11,,1,25
nfl-12533,Jacory Croskey-Merritt,WAS,RB,,,95,RB,1,,1,25
nfl-13760,Jaden Bradley,WAS,WR,,,9999999,SWR,,,0,
nfl-6792,Javon Kinlaw,WAS,DT,,4259491,700,LDE,1,,6,28
nfl-11816,Javontae Jean-Baptiste,WAS,DL,,,9999999,LOLB,3,,2,26
nfl-11566,Jayden Daniels,WAS,QB,,,15,QB,1,,2,25
nfl-12641,Jaylin Lane,WAS,WR,,,700,SWR,7,,1,24
nfl-13761,Jeffrey M'ba,WAS,DL,,,9999999,DL,,,0,26
nfl-11699,Jer'Zhan Newton,WAS,DL,,,9999999,RDE,2,Questionable,2,23
nfl-4219,Jeremy McNichols,WAS,RB,,3127586,999,RB,3,Questionable,9,30
nfl-5792,Jeremy Reaves,WAS,DB,,3125248,9999999,FS,1,,8,29
nfl-8143,Jerome Ford,WAS,RB,,,637,RB,5,IR,4,26
nfl-7716,John Bates,WAS,TE,,,999,TE,2,Questionable,5,28
nfl-11778,Jordan Magee,WAS,LB,,,9999999,LILB,2,Questionable,2,25
nfl-12558,Josh Conerly,WAS,OL,,,9999999,OL,,,1,22
nfl-13366,Joshua Josephs,WAS,DL,,,608,ROLB,2,,0,22
nfl-7402,Julian Good-Jones,WAS,G,,3917949,9999999,OL,,,6,29
nfl-6800,K'Lavon Chaisson,WAS,LB,,4242205,999,ROLB,1,Questionable,6,27
nfl-12684,Kain Medrano,WAS,LB,,,9999999,LILB,3,,1,25
nfl-13405,Kaytron Allen,WAS,RB,,,157,RB,4,,0,23
nfl-7268,Krys Barnes,WAS,LB,,4035817,9999999,LB,,,6,28
nfl-3159,Laremy Tunsil,WAS,OL,,3051890,9999999,OL,,Out,10,32
nfl-7106,Lawrence Cager,WAS,TE,,3917849,9999999,TE,4,,6,28
nfl-8362,Leo Chenal,WAS,LB,,,460,RILB,2,,4,25
nfl-11650,Luke McCaffrey,WAS,WR,,,472,SWR,4,,2,25
nfl-13854,Malik Spencer,WAS,DB,,,9999999,,,,0,
nfl-2307,Marcus Mariota,WAS,QB,,2576980,340,QB,2,Questionable,11,32
nfl-13536,Matt Gulbin,WAS,OL,,,9999999,OL,,,0,23
nfl-5002,Maurice Hurst,WAS,DT,,3045220,9999999,DL,,,8,31
nfl-6150,Max Scharping,WAS,OL,,3126035,9999999,OL,,,7,30
nfl-11676,Mike Sainristil,WAS,DB,,,564,RCB,1,,2,25
nfl-8461,Nicholas Petit-Frere,WAS,T,,,9999999,OL,,,4,26
nfl-6292,Nick Allegretti,WAS,G,,3115922,9999999,OL,,Questionable,7,30
nfl-8392,Nick Cross,WAS,DB,,,182,SS,1,,4,24
nfl-12478,Nick Nash,WAS,WR,,,999,SWR,9,,1,26
nfl-7626,Odafe Oweh,WAS,LB,,,458,LOLB,1,Questionable,5,27
nfl-8394,Percy Butler,WAS,DB,,,9999999,FS,2,,4,26
nfl-10903,Quan Martin,WAS,DB,,,9999999,NB,2,,3,26
nfl-13870,Quentin Moore,WAS,TE,,,9999999,TE,,,0,
nfl-8612,Qwuantrezz Knight,WAS,CB,,,9999999,DB,,,4,28
nfl-8136,Rachaad White,WAS,RB,,,115,RB,2,,4,27
nfl-4136,Rasul Douglas,WAS,CB,,3943270,9999999,RCB,2,,9,31
nfl-12844,Ricky Barber,WAS,DT,,,9999999,RDE,3,,1,25
nfl-4854,River Cracraft,WAS,WR,,3052056,9999999,,8,IR,9,31
nfl-13418,Robert Henry,WAS,RB,,,302,RB,,,0,24
nfl-7652,Sam Cosmi,WAS,OL,,,9999999,OL,,,5,27
nfl-11558,Sam Hartman,WAS,QB,,,661,QB,3,,2,27
nfl-6627,Shy Tuttle,WAS,DT,,3886601,9999999,NT,2,,7,30
nfl-13375,Sonny Styles,WAS,LB,,,125,RILB,1,,0,21
nfl-2449,Stefon Diggs,WAS,WR,,2976212,116,RWR,2,,11,32
nfl-12550,T.J. Maguranyanga,WAS,DE,TJ Maguranyanga,,9999999,DL,,,1,23
nfl-13871,Tanoa Togiai,WAS,G,,,9999999,OL,,,0,23
nfl-5927,Terry McLaurin,WAS,WR,,3121422,53,LWR,1,,7,30
nfl-5366,Tim Settle,WAS,DT,,3929956,9999999,NT,1,Questionable,8,29
nfl-7554,Tre' McKitty,WAS,TE,,,9999999,TE,5,,5,27
nfl-5423,Trent Scott,WAS,T,,3123303,9999999,OL,,,8,32
nfl-1506,Tress Way,WAS,P,,16166,9999999,P,,,13,36
nfl-12595,Trey Amos,WAS,DB,,,9999999,LCB,1,Questionable,1,24
nfl-7803,Trey Hill,WAS,C,,,9999999,OL,,,5,26
nfl-8135,Treylon Burks,WAS,WR,,,425,RWR,6,,4,26
nfl-1844,Tyler Ott,WAS,LS,,17378,9999999,LS,,,12,34
nfl-11934,Tyler Owens,WAS,DB,,,9999999,NB,3,,2,25
nfl-6853,Van Jefferson,WAS,WR,,3930066,999,LWR,8,,6,30
nfl-5920,Will Harris,WAS,DB,,3915297,9999999,SS,2,,7,30
