season,team_id,team_name,player_id,player_name,position,position_rank,projected_games,pass_attempts,completions,passing_yards,passing_td,interceptions,rush_attempts,rushing_yards,rushing_td,receptions,receiving_yards,receiving_td,fantasy_points,fantasy_points_per_game,rushing_fantasy_points,hybrid_rushing_role,hybrid_review_level,position_source,platform_eligibility,starter_probability,role_confidence,projection_confidence,projection_basis,evidence_pass_attempts,model_version,generated_at
2026,CFF_BAY,Baylor,CFP_3C154D65,DJ Lagway,QB,1,12.0,424.83793516282714,259.7448585906998,3215.1326315159786,25.819000716986398,10.241671022848124,58.941636912870486,166.05509511858492,3.332279855278213,0.0,0.0,0.0,258.2388257492644,21.519902145772033,36.59918864352777,,,CFBD/team roster,,0.9966797717205045,HIGH,HIGH,calibrated passing and rushing efficiency,178.29506431218132,v1.0,2026-08-18T18:11:37+00:00
2026,CFF_MISS,Ole Miss,CFP_BA3224F9,Trinidad Chambliss,QB,2,12.0,338.48936735649886,221.71341143406104,3055.3077431294655,18.81789825005082,6.6402279207827375,97.49545545174087,300.76220765547157,5.8756493291664285,0.0,0.0,0.0,256.17379154514487,21.347815962095407,65.33011674054572,,,CFBD/team roster,,0.9179740081174246,HIGH,HIGH,calibrated passing and rushing efficiency,352.7561584611545,v1.0,2026-08-18T18:11:37+00:00
2026,CFF_TTU,Texas Tech,CFP_D042D68E,Will Hammond,QB,3,12.0,368.4456910493208,236.75264029704874,2803.700238000968,21.635943734142923,8.308140125142529,86.10918839747261,283.8457831928754,5.613439950796521,0.0,0.0,0.0,252.44886235553457,21.037405196294547,62.06521802406667,,,CFBD/team roster,,0.9231317138098898,HIGH,HIGH,calibrated passing and rushing efficiency,192.3698370431584,v1.0,2026-08-18T18:11:37+00:00
2026,CFF_CLEM,Clemson,CFP_BDE56EBF,Christopher Vizzina,QB,4,12.0,385.92081005466116,246.07788465270684,2857.3070697346434,21.384121808497213,7.843064638390506,92.04262451253432,272.4156008923737,5.385816383530378,0.0,0.0,0.0,251.54216377540374,20.961846981283646,59.556458390419635,,,CFBD/team roster,,0.9604031077723356,HIGH,HIGH,calibrated passing and rushing efficiency,140.17300864054488,v1.0,2026-08-18T18:11:37+00:00
2026,CFF_AUB,Auburn,CFP_80023AC8,Byrum Brown,QB,5,12.0,306.7587558920209,196.59041606076767,2538.057344648602,18.4610010029652,7.087417815493685,123.4968327388465,401.54116815701417,6.964515045015575,0.0,0.0,0.0,250.22008706810604,20.85167392234217,81.94120708579487,,,CFBD/team roster,,0.9014504346976158,HIGH,HIGH,calibrated passing and rushing efficiency,148.75170453042224,v1.0,2026-08-18T18:11:37+00:00
2026,CFF_PITT,Pitt,CFP_C1AF7912,Mason Heintschel,QB,6,12.0,385.16662532072905,240.36565541399955,2860.7579340516995,22.016973943831072,10.930704540611218,100.54740289187959,274.6852356159951,5.132724174533052,0.0,0.0,0.0,249.83237720557887,20.81936476713157,58.26486860879782,,,CFBD/team roster,,0.9684421282344077,HIGH,HIGH,calibrated passing and rushing efficiency,166.90323180384135,v1.0,2026-08-18T18:11:37+00:00
2026,CFF_TEX,Texas,CFP_E006BCD2,Arch Manning,QB,7,12.0,358.8751949313105,224.9516603557834,2819.9714598259507,22.571012074926898,7.919385866504842,77.04847354170089,218.23875131253905,4.453967698079548,0.0,0.0,0.0,243.71120214597195,20.309266845497664,48.5476813197312,,,CFBD/team roster,,0.9952798986676619,HIGH,HIGH,calibrated passing and rushing efficiency,355.58120043676047,v1.0,2026-08-18T18:11:37+00:00
2026,CFF_UTAH,Utah,CFP_7A87F58E,Devon Dampier,QB,8,12.0,316.1523527319948,194.51346246210494,2309.570066891436,19.466690583739492,7.977232754190354,114.8970122294213,405.1135296710287,6.635739773895547,0.0,0.0,0.0,242.5981238669012,20.216510322241767,80.32579161047614,,,CFBD/team roster,,0.953363216143233,HIGH,HIGH,calibrated passing and rushing efficiency,300.4176007765412,v1.0,2026-08-18T18:11:37+00:00
2026,CFF_TAMU,Texas A&M,CFP_B68F15C5,Marcel Reed,QB,9,12.0,334.6788420818772,203.72871634314697,2670.040349407282,19.22186587389315,9.754965288385124,100.9307096274015,316.70954052763426,6.117447181738733,0.0,0.0,0.0,242.30974932667453,20.19247911055621,68.37563714319583,,,CFBD/team roster,,0.992927076426017,HIGH,HIGH,calibrated passing and rushing efficiency,321.26032730471115,v1.0,2026-08-18T18:11:37+00:00
2026,CFF_ARIZ,Arizona,CFP_640EC7FF,Noah Fifita,QB,10,12.0,381.2906394477069,238.07055736271167,2777.625972130201,21.212633726112013,8.86395586549027,91.55063139502808,265.79933952974903,4.715124340237852,0.0,0.0,0.0,241.9622979185678,20.163524826547317,54.87067999440202,,,CFBD/team roster,,0.9944131154640519,HIGH,HIGH,calibrated passing and rushing efficiency,377.07297028211224,v1.0,2026-08-18T18:11:37+00:00
2026,CFF_WASH,Washington,CFP_D55B13DA,Demond Williams Jr.,QB,11,12.0,297.19124317468,205.92851897211625,2481.57242897128,17.865284469935524,6.669637875925139,117.692816999913,362.39228268255044,6.823878242135363,0.0,0.0,0.0,241.23689488373537,20.103074573644616,77.18249772106722,,,CFBD/team roster,,0.9013841558895759,HIGH,HIGH,calibrated passing and rushing efficiency,325.84870668497916,v1.0,2026-08-18T18:11:37+00:00
2026,CFF_KSU,Kansas State,CFP_99F27218,Avery Johnson,QB,12,12.0,326.0057676931149,195.5485336223657,2321.9744267619344,18.12388794746866,7.647196269890814,110.18913060140243,405.75932003261215,6.728235010769928,0.0,0.0,0.0,238.67267465834198,19.889389554861832,80.94534206788077,,,CFBD/team roster,,0.9972527305912198,HIGH,HIGH,calibrated passing and rushing efficiency,337.27672506087026,v1.0,2026-08-18T18:11:37+00:00
2026,CFF_OU,Oklahoma,CFP_3B1E6D79,John Mateer,QB,13,12.0,347.9650969442994,215.61372086836636,2416.827695047612,15.927672479340654,8.06835099975768,148.01334609772175,411.2747536240474,7.510795070639296,0.0,0.0,0.0,238.5076925057499,19.875641042145826,86.1922457862405,,,CFBD/team roster,,0.9860569857619768,HIGH,HIGH,calibrated passing and rushing efficiency,336.1121817976614,v1.0,2026-08-18T18:11:37+00:00
2026,CFF_SC,South Carolina,CFP_404E8F0C,LaNorris Sellers,QB,14,12.0,309.6551435543582,193.20926906126266,2477.4179044037105,15.14639883708147,8.178686667621276,147.19044724144982,404.7688438464793,7.686015015910209,0.0,0.0,0.0,238.0965993369622,19.841383278080183,86.59297448010919,,,CFBD/team roster,,0.9889020532611018,HIGH,HIGH,calibrated passing and rushing efficiency,303.1066942031653,v1.0,2026-08-18T18:11:37+00:00
2026,CFF_HOU,Houston,CFP_B327ED03,Conner Weigman,QB,15,12.0,306.65584320199844,197.28044380720263,2222.898561428871,17.005220979853636,9.953202992269931,157.6947413759599,469.08908484842755,7.338849743389357,0.0,0.0,0.0,237.92563032947834,19.827135860789863,90.94200694517889,,,CFBD/team roster,,0.9975595114125833,HIGH,HIGH,calibrated passing and rushing efficiency,298.3224283999898,v1.0,2026-08-18T18:11:37+00:00
2026,CFF_UGA,Georgia,CFP_F527C286,Gunner Stockton,QB,16,12.0,346.13970152862004,232.50788288957847,2591.3161958959695,19.637808387810598,7.608926773697886,94.18238729040684,266.4299404347863,5.793681211871746,0.0,0.0,0.0,236.00003592809242,19.66666966067437,61.40508131470911,,,CFBD/team roster,,0.9850918223994173,HIGH,HIGH,calibrated passing and rushing efficiency,336.89960850173867,v1.0,2026-08-18T18:11:37+00:00
2026,CFF_OSU,Ohio State,CFP_C123C182,Julian Sayin,QB,17,12.0,321.8047019299838,237.06434129798495,2937.8191652365144,22.543630875754907,7.176966421819176,50.41243699280017,146.61619283058045,3.3331180966225396,0.0,0.0,0.0,235.17065155345432,19.597554296121192,34.66032786279328,,,CFBD/team roster,,0.9971072420856105,HIGH,HIGH,calibrated passing and rushing efficiency,323.3045687774049,v1.0,2026-08-18T18:11:37+00:00
2026,CFF_USC,USC,CFP_58972A65,Jayden Maiava,QB,18,12.0,372.76805640048144,243.17736518101574,3086.9114291192154,21.275276347247225,9.316309571156582,49.105403264354706,158.91291117578382,3.3333428760141923,0.0,0.0,0.0,235.15260135626446,19.596050113022038,35.89134837366353,,,CFBD/team roster,,0.9814185811293383,HIGH,HIGH,calibrated passing and rushing efficiency,375.75022229707946,v1.0,2026-08-18T18:11:37+00:00
2026,CFF_COLO,Colorado,CFP_4277BA28,Julian Lewis,QB,19,12.0,344.2478172191291,217.8718827532963,2577.7942966092664,19.454203528599475,8.846879067594625,107.7210074194171,274.52158668209535,5.639839681642497,0.0,0.0,0.0,233.37290366923844,19.447741972436535,61.291196758064515,,,CFBD/team roster,,0.9800609891679868,HIGH,HIGH,calibrated passing and rushing efficiency,202.51994955036818,v1.0,2026-08-18T18:11:37+00:00
2026,CFF_BYU,BYU,CFP_EEC673AA,Bear Bachmeier,QB,20,12.0,320.8455552324937,200.2250410033378,2475.1080437830183,15.045655979489549,7.8710608879804065,114.10664492493694,372.1842038814164,7.182866832335518,0.0,0.0,0.0,231.6315061634533,19.30262551362111,80.31562138215475,,,CFBD/team roster,,0.9960804734392931,HIGH,HIGH,calibrated passing and rushing efficiency,336.06286814503653,v1.0,2026-08-18T18:11:37+00:00
2026,CFF_SMU,SMU,CFP_568E805E,Kevin Jennings,QB,21,12.0,362.8854134413794,237.040022836629,2917.2134601904163,20.63140191720102,9.597318440742471,61.85610872651252,181.46328173054178,3.796713069549035,0.0,0.0,0.0,230.54343422602662,19.211952852168885,40.926606590348385,,,CFBD/team roster,,0.9637043713296531,HIGH,HIGH,calibrated passing and rushing efficiency,382.79404622735325,v1.0,2026-08-18T18:11:37+00:00
2026,CFF_CIN,Cincinnati,CFP_42AEDD0B,JC French IV,QB,22,12.0,317.7906417134824,201.59046626025258,2389.3651089281243,17.71952890294453,6.769082843264419,93.91335695850347,331.4024781440843,5.418638182732467,0.0,0.0,0.0,225.3357140364419,18.777976169703493,65.65207691080323,,,CFBD/team roster,,0.9728530747768115,HIGH,HIGH,calibrated passing and rushing efficiency,118.71744147572473,v1.0,2026-08-18T18:11:37+00:00
2026,CFF_WVU,West Virginia,CFP_8C19B0A0,Scotty Fox Jr.,QB,23,12.0,285.6410239573231,173.89422177706012,2083.3568559047108,13.348635146127926,8.531856893889564,152.75031678077684,457.442579871716,8.428505258628835,0.0,0.0,0.0,224.5122474657552,18.7093539554796,96.31528953894461,,,CFBD/team roster,,0.9178766133440188,HIGH,HIGH,calibrated passing and rushing efficiency,225.70376596991102,v1.0,2026-08-18T18:11:37+00:00
2026,CFF_ASU,Arizona State,CFP_D8B0295B,Cutter Boley,QB,24,12.0,335.9180118449089,212.74517071851298,2501.5235648807734,18.059441774237484,8.901498001852369,92.0193858225644,296.34589249524987,5.2247750784691895,0.0,0.0,0.0,224.38045141066863,18.698370950889053,60.98323972034012,,,CFBD/team roster,,0.9643078753590215,HIGH,HIGH,calibrated passing and rushing efficiency,92.28647534189919,v1.0,2026-08-18T18:11:37+00:00
2026,CFF_ND,Notre Dame,CFP_7C41CE7D,CJ Carr,QB,25,12.0,303.406760006912,202.5441767574156,2564.7749720127367,19.191619812841807,6.41773329001638,63.9268131366118,220.19730242200328,4.748608227914545,0.0,0.0,0.0,223.4511244515479,18.62092703762899,50.511379609687594,,,CFBD/team roster,,0.9972258048378372,HIGH,HIGH,calibrated passing and rushing efficiency,290.6467832354436,v1.0,2026-08-18T18:11:37+00:00
2026,CFF_MD,Maryland,CFP_30C141B4,Malik Washington,QB,26,12.0,442.380469356289,264.96870006870125,2915.6586819635095,19.745105787294346,10.231040284478912,63.26956934192954,176.2646658388377,3.2765312886914137,0.0,0.0,0.0,222.66138445927112,18.555115371605925,37.28565431603225,,,CFBD/team roster,,0.9992736214623105,HIGH,HIGH,calibrated passing and rushing efficiency,442.075195563606,v1.0,2026-08-18T18:11:37+00:00
2026,CFF_NCSU,NC State,CFP_00385037,CJ Bailey,QB,27,12.0,310.1139705609918,208.90730427604117,2428.1419767255043,17.79240598427849,8.110175685328587,90.88671418183658,282.23579518448236,5.700557574306671,0.0,0.0,0.0,222.61205228509382,18.551004357091152,62.42692496428826,,,CFBD/team roster,,0.8895317078755107,HIGH,HIGH,calibrated passing and rushing efficiency,348.8683753654445,v1.0,2026-08-18T18:11:37+00:00
2026,CFF_MIA,Miami,CFP_3F77C60D,Darian Mensah,QB,28,12.0,336.0207426654303,225.50896293368072,2703.550678520786,21.289597278781795,6.76485099464963,50.094086561720104,149.6191826440341,3.0950399510877467,0.0,0.0,0.0,220.06772323223888,18.338976936019908,33.53215797092989,,,CFBD/team roster,,0.9281588449182734,HIGH,HIGH,calibrated passing and rushing efficiency,116.50916718804342,v1.0,2026-08-18T18:11:37+00:00
2026,CFF_IND,Indiana,CFP_EAD2CA41,Josh Hoover,QB,29,12.0,288.6469629185209,191.73037005141597,2403.976545041176,20.89009214389161,6.922184731453011,65.61105722242189,200.67679070313787,4.199021548038559,0.0,0.0,0.0,218.0590540043056,18.171587833692133,45.26180835854514,,,CFBD/team roster,,0.9812419310374626,HIGH,HIGH,calibrated passing and rushing efficiency,103.82306721571742,v1.0,2026-08-18T18:11:37+00:00
2026,CFF_DUKE,Duke,CFP_838C6621,Walker Eget,QB,30,12.0,381.8261148171168,235.0949874496429,2881.9021629467316,20.6213725888234,8.676018348425668,42.37918679086238,108.55758840559882,2.42347408968888,0.0,0.0,0.0,214.48216190343038,17.873513491952533,25.396603378693165,,,CFBD/team roster,,0.9679184782956372,HIGH,HIGH,calibrated passing and rushing efficiency,134.37877959981137,v1.0,2026-08-18T18:11:37+00:00
2026,CFF_WAKE,Wake Forest,CFP_F6FF3793,Gio Lopez,QB,31,12.0,335.2081630226166,210.96741075073362,2399.4806246909175,15.64300158632279,8.293557554693724,98.23241927247048,289.9560775928665,5.637336949120156,0.0,0.0,0.0,213.07730323224172,17.756441936020142,62.81962945400759,,,CFBD/team roster,,0.9500814230942307,HIGH,HIGH,calibrated passing and rushing efficiency,102.78865311967654,v1.0,2026-08-18T18:11:37+00:00
2026,CFF_ILL,Illinois,CFP_3C678840,Katin Houser,QB,32,12.0,313.23439753587616,202.97723182278634,2467.683840059399,17.030598728473272,6.165615934283199,75.59618405937903,206.5448849891422,4.400736691377467,0.0,0.0,0.0,207.72304122916483,17.310253435763737,47.05890864717902,,,CFBD/team roster,,0.9932236816402044,HIGH,HIGH,calibrated passing and rushing efficiency,117.38653180669799,v1.0,2026-08-18T18:11:37+00:00
2026,CFF_PSU,Penn State,CFP_09443554,Rocco Becht,QB,33,12.0,303.0464473648318,191.75588253296553,2318.5514099852635,16.168261798475346,7.3469974970798475,79.68985580876743,257.2808516019432,5.308963538542092,0.0,0.0,0.0,207.64997248767895,17.304164373973247,57.58186639144687,,,CFBD/team roster,,0.9760205449242877,HIGH,HIGH,calibrated passing and rushing efficiency,112.67018704680007,v1.0,2026-08-18T18:11:37+00:00
2026,CFF_UCLA,UCLA,CFP_684CCAB0,Nico Iamaleava,QB,34,12.0,343.35791019326876,219.13853240632304,2289.4075485761364,16.00520484152645,8.018177099621111,101.24914179538168,290.1697239120766,4.3921436365567095,0.0,0.0,0.0,202.94877842007807,16.912398201673174,55.36983421054792,,,CFBD/team roster,,0.998737845274367,HIGH,HIGH,calibrated passing and rushing efficiency,335.470160497592,v1.0,2026-08-18T18:11:37+00:00
2026,CFF_PUR,Purdue,CFP_4D654290,Ryan Browne,QB,35,12.0,349.6655031982717,206.6171354328109,2306.1564222024294,15.44604167002625,9.71798837373155,98.3272953126419,288.7318724722149,4.80623800294126,0.0,0.0,0.0,202.02305045933971,16.835254204944977,57.71061526486905,,,CFBD/team roster,,0.9929434378996158,HIGH,HIGH,calibrated passing and rushing efficiency,326.03014231429387,v1.0,2026-08-18T18:11:37+00:00
2026,CFF_RUTG,Rutgers,CFP_25DDC339,Dylan Lonergan,QB,36,12.0,338.9931754174381,213.99878243088324,2512.7915605078356,17.03317502625271,7.07602513589064,66.80124145161597,172.75164003126937,3.74400537243506,0.0,0.0,0.0,201.30753362717093,16.775627802264243,39.7391962377373,,,CFBD/team roster,,0.981190443427691,HIGH,HIGH,calibrated passing and rushing efficiency,133.988861541801,v1.0,2026-08-18T18:11:37+00:00
2026,CFF_CAL,California,CFP_70085BDB,Jaron-Keawe Sagapolutele,QB,37,12.0,355.3803679609367,227.52500634645224,2571.984381426708,15.698488761475918,7.4602307775460055,60.520708959914685,150.67532981790052,3.5289774316112656,0.0,0.0,0.0,194.4544970968836,16.204541424740302,36.24139757145765,,,CFBD/team roster,,0.9014311216857817,HIGH,HIGH,calibrated passing and rushing efficiency,395.7620733430351,v1.0,2026-08-18T18:11:37+00:00
2026,CFF_MSU,Michigan State,CFP_3C2307D3,Alessio Milivojevic,QB,38,12.0,311.8699657285995,196.359327951435,2304.132874134007,15.594186241552862,7.603127189633887,81.64074856239932,223.68483989392325,4.167229678832343,0.0,0.0,0.0,194.31079480432422,16.192566233693686,47.371862062386384,,,CFBD/team roster,,0.9064766412676067,HIGH,HIGH,calibrated passing and rushing efficiency,227.0983394112178,v1.0,2026-08-18T18:11:37+00:00
2026,CFF_VT,Virginia Tech,CFP_F586C4FB,Ethan Grunkemeyer,QB,39,12.0,298.1508712639774,189.71081350170115,2174.1999243189653,14.899773861673347,7.41358694303462,79.53047429396912,245.69954495980613,4.841710358542292,0.0,0.0,0.0,192.77372212365174,16.064476843637646,53.620216647234365,,,CFBD/team roster,,0.9599300832471873,HIGH,HIGH,calibrated passing and rushing efficiency,70.09864064794031,v1.0,2026-08-18T18:11:37+00:00
2026,CFF_LSU,LSU,CFP_E5B93C08,Sam Leavitt,QB,40,12.0,345.47135630823465,216.27952570237963,2486.628195865093,17.100222849943517,6.883626485989399,52.29711605356055,140.64618483328783,2.802683790096372,0.0,0.0,0.0,191.86311397229542,15.988592831024619,30.880721223907013,,,CFBD/team roster,,0.9024288035426663,HIGH,HIGH,calibrated passing and rushing efficiency,166.01478161596222,v1.0,2026-08-18T18:11:37+00:00
2026,CFF_KU,Kansas,CFP_9421C5BD,Chase Jenkins,QB,41,12.0,251.14958326131443,163.16756322356142,1768.0081883338344,13.700054220474483,5.854100638243861,95.18118099937686,319.32047724034817,5.819466704930275,0.0,0.0,0.0,186.51529173062391,15.542940977551993,66.84884795361647,,,CFBD/team roster,,0.7980468582436566,MEDIUM,HIGH,calibrated passing and rushing efficiency,130.093628343461,v1.0,2026-08-18T18:11:37+00:00
2026,CFF_OKST,Oklahoma State,CFP_95B8BC7E,Drew Mestemaker,QB,42,12.0,312.2259735150811,201.86431750482663,2532.1092705846886,16.425445138390675,8.012015698984724,42.248488680256024,111.47742921771368,2.168856716420916,0.0,0.0,0.0,183.1350188982624,15.2612515748552,24.160883220296864,,,CFBD/team roster,,0.8732049627460818,HIGH,HIGH,calibrated passing and rushing efficiency,152.97026337761486,v1.0,2026-08-18T18:11:37+00:00
2026,CFF_MICH,Michigan,CFP_62BD9694,Bryce Underwood,QB,43,12.0,300.1980420276333,182.0344573741378,2042.5460792480503,12.666485555616125,8.937568832263134,79.4232917282381,256.9247657050815,4.748320462999176,0.0,0.0,0.0,177.61261590862657,14.80105132571888,54.18239934850321,,,CFBD/team roster,,0.9928092219474346,HIGH,HIGH,calibrated passing and rushing efficiency,301.66833204657723,v1.0,2026-08-18T18:11:37+00:00
2026,CFF_MINN,Minnesota,CFP_D608BD38,Drake Lindsey,QB,44,12.0,338.11656800928694,215.6601764175995,2238.671671542667,16.97810579496307,6.791829412639672,35.55275773191324,87.58751706354825,2.0473552201731238,0.0,0.0,0.0,171.71034365631283,14.309195304692736,21.042883027393568,,,CFBD/team roster,,0.9852084231153247,HIGH,HIGH,calibrated passing and rushing efficiency,350.7216930873176,v1.0,2026-08-18T18:11:37+00:00
2026,CFF_FSU,Florida State,CFP_CC7A0AA3,Ashton Daniels,QB,45,12.0,253.95608842241592,146.8365109386436,1799.0459943243661,11.152610206565761,6.274981416196781,88.21492692941028,249.24921599664532,4.965640747589219,0.0,0.0,0.0,165.01606526824077,13.751338772353398,54.718766085199846,,,CFBD/team roster,,0.7804582140182263,MEDIUM,HIGH,calibrated passing and rushing efficiency,143.50087893812113,v1.0,2026-08-18T18:11:37+00:00
2026,CFF_VAN,Vanderbilt,CFP_B742B28A,Jared Curtis,QB,46,12.0,207.79349680751864,133.58760957690743,1637.567609481545,12.669303960302178,4.439090326983,74.76395620311776,255.1244411052822,4.447777226528223,0.0,0.0,0.0,163.93993736318504,13.661661446932087,52.19910746969755,,,CFBD/team roster,,0.6358510374410096,MEDIUM,HIGH,calibrated passing and rushing efficiency,90.49805362522872,v1.0,2026-08-18T18:11:37+00:00
2026,CFF_LOU,Louisville,CFP_2C7800D0,Lincoln Kienholz,QB,47,12.0,246.9461981936492,157.86253332448217,1899.520618010852,13.075960989407088,5.394043257604825,56.24145491854863,182.3142321446293,3.6140022293953025,0.0,0.0,0.0,162.80606201129237,13.567171834274363,39.915436590834744,,,CFBD/team roster,,0.6796862768451487,MEDIUM,HIGH,calibrated passing and rushing efficiency,53.43062811609596,v1.0,2026-08-18T18:11:37+00:00
2026,CFF_MIZ,Missouri,CFP_21BBEC51,Matt Zollers,QB,48,12.0,257.80490931450623,161.47574987415086,1791.1285612231761,11.91373355223623,6.161320277152844,74.45603862726934,228.84630405394728,4.3731400761702455,0.0,0.0,0.0,162.26222724313533,13.521852270261277,49.1234708624162,,,CFBD/team roster,,0.7968197556048755,MEDIUM,HIGH,calibrated passing and rushing efficiency,160.0634516829782,v1.0,2026-08-18T18:11:37+00:00
2026,CFF_ARK,Arkansas,CFP_E890E72A,KJ Jackson,QB,49,12.0,207.20222548722327,129.63987270370865,1662.2203042647875,10.65240048964342,5.1475227485675115,74.16321970298412,258.1395510640645,4.671791792881335,0.0,0.0,0.0,157.79559724429214,13.149633103691011,53.84470586369446,,,CFBD/team roster,,0.5756357707659752,MEDIUM,HIGH,calibrated passing and rushing efficiency,124.13166109539397,v1.0,2026-08-18T18:11:37+00:00
2026,CFF_TCU,TCU,CFP_77E52EA3,Adam Schobel,QB,50,12.0,242.7920276269605,157.72527924102758,1908.2035581906687,13.856298123624677,6.2501926605505655,45.35346001388457,123.92416016543531,2.8533452728801665,0.0,0.0,0.0,155.01562981539942,12.917969151283286,29.512487653824532,,,CFBD/team roster,,0.6021034900948652,MEDIUM,HIGH,calibrated passing and rushing efficiency,87.75099737467959,v1.0,2026-08-18T18:11:37+00:00
2026,CFF_GT,Georgia Tech,CFP_EFA73E96,Alberto Mendoza,QB,51,12.0,188.26885395973483,123.57548867078525,1500.5950236778313,9.144340062678635,4.0859969937497755,82.85315310407954,269.2255625392506,4.931691161448092,0.0,0.0,0.0,149.0278674266916,12.418988952224302,56.51270322261361,,,CFBD/team roster,,0.5356282861978364,MEDIUM,HIGH,calibrated passing and rushing efficiency,56.75032116926568,v1.0,2026-08-18T18:11:37+00:00
2026,CFF_FLA,Florida,CFP_535664FC,Tramell Jones Jr.,QB,52,12.0,243.8965701220562,151.5454105008574,1700.9894961397772,12.510373284584904,7.900356784995771,59.253077462764786,169.89316384052023,3.1883192795237694,0.0,0.0,0.0,146.29994826012958,12.191662355010799,36.11923206119464,,,CFBD/team roster,,0.7198915812677844,MEDIUM,HIGH,calibrated passing and rushing efficiency,132.17940803959456,v1.0,2026-08-18T18:11:37+00:00
2026,CFF_ORE,Oregon,CFP_B9022A50,Dante Moore,QB,53,12.0,207.80627430352462,148.18419044312517,1796.8514117952425,13.057250547548723,4.500510825074054,38.917282924402556,123.35280009185742,2.3308130539250977,0.0,0.0,0.0,145.92270616966687,12.160225514138906,26.320158332736327,,,CFBD/team roster,,0.6017524496486151,MEDIUM,HIGH,calibrated passing and rushing efficiency,317.9403094493185,v1.0,2026-08-18T18:11:37+00:00
2026,CFF_NW,Northwestern,CFP_608C96A0,Aidan Chiles,QB,54,12.0,274.3767458603749,160.72872635554324,1744.7445286517284,11.8019767918977,7.875227829316385,54.49058327902527,151.70997614446216,2.6800955790510708,0.0,0.0,0.0,140.37403157309618,11.697835964424682,31.25157108875264,,,CFBD/team roster,,0.8125776629018215,MEDIUM,HIGH,calibrated passing and rushing efficiency,102.53319868098255,v1.0,2026-08-18T18:11:37+00:00
2026,CFF_UK,Kentucky,CFP_C019E876,Kenny Minchey,QB,55,12.0,216.62586968525144,134.1977868824096,1581.9137307407636,10.820602366017528,7.201291549442996,62.597012116998165,180.36087702423006,3.3541598314826504,0.0,0.0,0.0,137.51871383557656,11.45989281963138,38.16104669131891,,,CFBD/team roster,,0.6465279855787514,MEDIUM,HIGH,calibrated passing and rushing efficiency,45.559045874758645,v1.0,2026-08-18T18:11:37+00:00
2026,CFF_MSST,Mississippi State,CFP_DE33D9C6,Kamario Taylor,QB,56,12.0,162.92845368825672,99.41806798040963,1231.8637259995858,8.283159831079596,4.3642424988430495,84.77948350675177,221.91016384042246,4.976432735931747,0.0,0.0,0.0,130.09255866509147,10.84104655542429,52.049612799632726,,,CFBD/team roster,,0.46098324261482365,MEDIUM,HIGH,calibrated passing and rushing efficiency,147.4763507712706,v1.0,2026-08-18T18:11:37+00:00
2026,CFF_SYR,Syracuse,CFP_0F771FF6,Malachi Nelson,QB,57,12.0,230.4510943077185,137.330953175169,1614.0610518925216,11.679769812445324,6.298034382152058,42.28184434347073,108.57258231033943,2.328044565145733,0.0,0.0,0.0,129.80901256523842,10.817417713769869,24.82552562190834,,,CFBD/team roster,,0.5558146977503139,MEDIUM,HIGH,calibrated passing and rushing efficiency,54.88042417072628,v1.0,2026-08-18T18:11:37+00:00
2026,CFF_UVA,Virginia,CFP_51613804,Beau Pribula,QB,58,12.0,210.37133177726255,138.47525484467272,1487.0271671470757,9.629362837447369,5.817940267962687,55.44935609506284,160.96220404552892,3.0486533399140123,0.0,0.0,0.0,126.56873821174679,10.547394850978899,34.388140444036964,,,CFBD/team roster,,0.5303558497708394,MEDIUM,HIGH,calibrated passing and rushing efficiency,147.45203146048192,v1.0,2026-08-18T18:11:37+00:00
2026,CFF_UCF,UCF,CFP_D461055F,Keyone Jenkins,QB,59,12.0,201.9250062637743,124.43767012966538,1476.417598603432,10.278694776897746,5.299046793568448,43.6497156935502,144.46879378622694,2.690490789348154,0.0,0.0,0.0,125.46226037287144,10.455188364405954,30.589824114711618,,,CFBD/team roster,,0.5581906865582023,MEDIUM,HIGH,calibrated passing and rushing efficiency,80.23140584744955,v1.0,2026-08-18T18:11:37+00:00
2026,CFF_TENN,Tennessee,CFP_DE199BF9,Ryan Staub,QB,60,12.0,162.26229542451787,102.74930059446118,1270.4375864253445,8.974832557343875,3.74225364413602,48.850598468054386,151.93978681509412,3.064329989700292,0.0,0.0,0.0,116.55453866196441,9.712878221830367,33.579958619711164,,,CFBD/team roster,,0.43379578070760616,MEDIUM,HIGH,calibrated passing and rushing efficiency,55.00100807659449,v1.0,2026-08-18T18:11:37+00:00
2026,CFF_NEB,Nebraska,CFP_3352B667,TJ Lateef,QB,61,12.0,187.25370671872966,122.44089077783548,1371.4688154318148,9.55596971750821,4.370343859011471,42.78771315107469,119.36580409764352,2.4571045972638728,0.0,0.0,0.0,115.39149562164155,9.615957968470129,26.67920799334759,,,CFBD/team roster,,0.5351866411853068,MEDIUM,HIGH,calibrated passing and rushing efficiency,195.84592962174628,v1.0,2026-08-18T18:11:37+00:00
2026,CFF_ALA,Alabama,CFP_E0123698,Austin Mack,QB,62,12.0,167.00575262354272,107.88807102048646,1274.4041588495627,9.01674865097642,3.8182507980196916,46.818890504832794,126.07072662294489,2.929425839308993,0.0,0.0,0.0,113.40853785801693,9.450711488168077,30.183627698148445,,,CFBD/team roster,,0.44487334040690873,MEDIUM,HIGH,calibrated passing and rushing efficiency,56.951052903230234,v1.0,2026-08-18T18:11:37+00:00
2026,CFF_UCF,UCF,CFP_4C700572,Alonza Barnett III,QB,63,12.0,155.3577271445726,91.99637645804557,1176.1915401906374,7.9082560803075035,4.076998095055756,54.544742980164386,180.52839750542725,3.362040880765213,0.0,0.0,0.0,112.82877286893375,9.402397739077813,38.225085035134,,,CFBD/team roster,,0.4181392887221859,MEDIUM,HIGH,calibrated passing and rushing efficiency,120.46790509126083,v1.0,2026-08-18T18:11:37+00:00
2026,CFF_BC,Boston College,CFP_72D48E4B,Grayson Wilson,QB,64,12.0,165.94917641987877,105.11635024645054,1258.8051027390175,9.211946166204749,4.0231041706431325,42.29017145417959,114.58105209402694,2.326261290205546,0.0,0.0,0.0,108.59255755437252,9.04937979619771,25.415672950635972,,,CFBD/team roster,,0.4290955773313281,MEDIUM,HIGH,calibrated passing and rushing efficiency,69.33876086259865,v1.0,2026-08-18T18:11:37+00:00
2026,CFF_ALA,Alabama,CFP_F1277244,Keelon Russell,QB,65,12.0,158.9760298877796,101.63364441210611,1280.417195743022,8.58321872456357,3.634667330012959,39.9514786233635,107.578626605613,2.4997365921305033,0.0,0.0,0.0,107.67117761130652,8.972598134275543,25.75628221334432,,,CFBD/team roster,,0.4219476506839064,MEDIUM,HIGH,calibrated passing and rushing efficiency,44.26488461369647,v1.0,2026-08-18T18:11:37+00:00
2026,CFF_UVA,Virginia,CFP_1FC54415,Eli Holstein,QB,66,12.0,183.75175891275998,116.4256369416723,1368.1428257164607,8.410900590121955,5.081760658431427,38.904030877589136,112.9332962059343,2.138977113958596,0.0,0.0,0.0,107.41474703505982,8.951228919588319,24.127192304345005,,,CFBD/team roster,,0.45676287116611364,MEDIUM,HIGH,calibrated passing and rushing efficiency,93.16377236158672,v1.0,2026-08-18T18:11:37+00:00
2026,CFF_ISU,Iowa State,CFP_F1713432,Zane Flores,QB,67,12.0,192.62076697909467,113.8360143646988,1290.4234204897423,8.062254063186465,4.777309295303011,36.05868888279629,105.92248450505099,2.244845442378751,0.0,0.0,0.0,103.14996488181013,8.59583040681751,24.061321104777605,,,CFBD/team roster,,0.5453598039701106,MEDIUM,HIGH,calibrated passing and rushing efficiency,112.3839396992671,v1.0,2026-08-18T18:11:37+00:00
2026,CFF_ORE,Oregon,CFP_29233E1C,Dylan Raiola,QB,68,12.0,141.63607717644558,99.97644298338412,1199.1423453126818,8.89952794959199,3.067446835712823,27.92971875800653,88.52645291991615,1.6727517488842694,0.0,0.0,0.0,99.38551456045963,8.282126213371635,18.889155785297234,,,CFBD/team roster,,0.39481063570091207,MEDIUM,HIGH,calibrated passing and rushing efficiency,11.947841913254809,v1.0,2026-08-18T18:11:37+00:00
2026,CFF_ISU,Iowa State,CFP_F05C9D89,Jaylen Raynor,QB,69,12.0,160.32545703597228,101.05376320899792,1124.3990023890922,6.710515110558044,3.976332916661995,45.49117194521331,133.63042597431783,2.8320677532566156,0.0,0.0,0.0,98.19713673810534,8.183094728175446,30.355449116971474,,,CFBD/team roster,,0.44504109745412235,MEDIUM,HIGH,calibrated passing and rushing efficiency,111.69055137284914,v1.0,2026-08-18T18:11:37+00:00
2026,CFF_IOWA,Iowa,CFP_5CBA102B,Hank Brown,QB,70,12.0,139.06405464235888,87.3600832093589,955.8951291830882,6.709930622685929,3.6828319233588402,49.86527898336763,160.35111650023475,3.319793991291852,0.0,0.0,0.0,97.346571332483,8.112214277706917,35.953875597774584,,,CFBD/team roster,,0.5460813377179851,MEDIUM,HIGH,calibrated passing and rushing efficiency,47.998262920635725,v1.0,2026-08-18T18:11:37+00:00
2026,CFF_NEB,Nebraska,CFP_6EF059E4,Anthony Colandrea,QB,71,12.0,155.8427075386406,105.64346517994555,1181.2747876864776,7.952997139707789,3.6372375842271882,33.72404317122784,94.08068891983183,1.9366190761767312,0.0,0.0,0.0,96.45352583110663,8.037793819258885,21.02778334904357,,,CFBD/team roster,,0.43712255686222407,MEDIUM,HIGH,calibrated passing and rushing efficiency,112.3895808111123,v1.0,2026-08-18T18:11:37+00:00
2026,CFF_ARK,Arkansas,CFP_981FD30F,AJ Hill,QB,72,12.0,141.01727154856792,88.20693728197624,1093.1961754885556,7.249789180400345,3.503290621180785,36.2552414861413,126.1934392605016,2.2838401609614927,0.0,0.0,0.0,95.54609801178194,7.962174834315161,26.322384891819116,,,CFBD/team roster,,0.3787570554492525,MEDIUM,HIGH,calibrated passing and rushing efficiency,52.50443995509626,v1.0,2026-08-18T18:11:37+00:00
2026,CFF_UNC,North Carolina,CFP_F9EA609C,Miles O'Neill,QB,73,12.0,142.43337632978813,89.13025092255688,1055.4358489869408,6.932324592398689,3.2336634722946447,46.455617628619606,130.01681644617827,2.5758779494410917,0.0,0.0,0.0,95.17001819804213,7.930834849836844,28.456949341264377,,,CFBD/team roster,,0.41278772050059165,MEDIUM,HIGH,calibrated passing and rushing efficiency,45.50189517844146,v1.0,2026-08-18T18:11:37+00:00
2026,CFF_MSST,Mississippi State,CFP_AFB31592,AJ Swann,QB,74,12.0,179.39728986650326,108.36525263924393,1289.4906871708681,9.12042305434257,4.805380882768974,5.016147747288305,13.129758786037716,0.2944405984248277,0.0,0.0,0.0,86.33555829058876,7.194629857549064,3.079619469152738,,,CFBD/team roster,,0.512180665947038,MEDIUM,HIGH,calibrated passing and rushing efficiency,83.09669859488245,v1.0,2026-08-18T18:11:37+00:00
2026,CFF_SYR,Syracuse,CFP_AEA95E62,Steve Angeli,QB,75,12.0,141.3233114452833,88.83406618883735,1078.7222763655552,7.162577169667814,3.8622471164901166,29.970404706846345,76.95890002988351,1.6501748889240724,0.0,0.0,0.0,85.53389195333614,7.127824329444678,17.596939336532785,,,CFBD/team roster,,0.32937737240997683,LOW,HIGH,calibrated passing and rushing efficiency,224.4988665937141,v1.0,2026-08-18T18:11:37+00:00
2026,CFF_TENN,Tennessee,CFP_B3FC59E6,Faizon Brandon,QB,76,12.0,123.64539952502552,80.21516851750535,961.9629944866458,6.838907056748776,2.8516325726972607,31.995312796094694,99.51487101022815,2.0070214000557227,0.0,0.0,0.0,84.97613093512082,7.081344244593402,21.99361550135715,,,CFBD/team roster,,0.32251881743873506,LOW,HIGH,calibrated passing and rushing efficiency,126.43169065898245,v1.0,2026-08-18T18:11:37+00:00
2026,CFF_BC,Boston College,CFP_C9336F47,Femi Babalola,QB,77,12.0,129.38458420028795,81.95542492405926,981.4449117541906,7.182221991714955,3.1366691389662895,32.972120545591736,89.33471139927478,1.8137019795321847,0.0,0.0,0.0,84.66569831518174,7.055474859598479,19.815683017120584,,,CFBD/team roster,,0.33160561353858997,LOW,HIGH,calibrated passing and rushing efficiency,61.74166569674761,v1.0,2026-08-18T18:11:37+00:00
2026,CFF_STAN,Stanford,CFP_00B90762,Mike Mitchell Jr.,QB,78,12.0,140.03428530405185,86.41560342005505,992.5668893665002,6.865971622470982,4.207048587637956,40.92877319741682,97.58963531654523,1.8869143274526616,0.0,0.0,0.0,84.03996297327649,7.00333024777304,21.08044949637049,,,CFBD/team roster,,0.3834873303327434,MEDIUM,HIGH,calibrated passing and rushing efficiency,76.00373878781865,v1.0,2026-08-18T18:11:37+00:00
2026,CFF_STAN,Stanford,CFP_695ADACF,Dylan Rizk,QB,79,12.0,124.33867218688049,76.72979058055574,881.3159492514793,6.096405554948348,3.735505444804514,36.34130957683075,86.65139146541588,1.6754212834124842,0.0,0.0,0.0,74.62042159206453,6.218368466005377,18.717666847016492,,,CFBD/team roster,,0.3387792889896538,LOW,HIGH,calibrated passing and rushing efficiency,51.66915835647945,v1.0,2026-08-18T18:11:37+00:00
2026,CFF_WISC,Wisconsin,CFP_3C8E262F,Colton Joseph,QB,80,12.0,123.54668222436993,72.39843103646066,882.7017856616865,5.48574522285005,3.964509014070495,36.637902730019974,95.49406301912629,1.8352215121098745,0.0,0.0,0.0,73.84727867836905,6.153939889864088,20.560735374571877,,,CFBD/team roster,,0.4226889344599753,MEDIUM,HIGH,calibrated passing and rushing efficiency,57.31035116397801,v1.0,2026-08-18T18:11:37+00:00
2026,CFF_TCU,TCU,CFP_AFEE70CA,Jack Daulton,QB,81,12.0,115.62773676761302,75.11538681039725,908.7664899133301,6.598949758242117,2.9766036338367683,21.5992180107465,59.01787760828979,1.3588825767649078,0.0,0.0,0.0,73.82493821708333,6.152078184756944,14.055083221418426,,,CFBD/team roster,,0.2718835325479635,LOW,HIGH,calibrated passing and rushing efficiency,63.592121417695815,v1.0,2026-08-18T18:11:37+00:00
2026,CFF_GT,Georgia Tech,CFP_76F45933,Graham Knowles,QB,82,12.0,95.03403285445522,61.65279422174774,707.2298741478633,4.615864470789051,2.0625226338832934,28.643877135764274,93.0762879415582,1.70497742581505,0.0,0.0,0.0,64.22762356423355,5.35230196368613,19.537493349046123,,,CFBD/team roster,,0.25619634076698306,LOW,HIGH,calibrated passing and rushing efficiency,42.92638335410616,v1.0,2026-08-18T18:11:37+00:00
2026,CFF_STAN,Stanford,CFP_506E7B8C,Charlie Mirer,QB,83,12.0,102.61035953798562,63.35227248064149,725.9583069453831,5.031052325719042,3.082721972222717,33.99196961513218,81.04967872922225,1.567111092623137,0.0,0.0,0.0,63.58745403712983,5.298954503094152,17.50763442866105,,,CFBD/team roster,,0.27773338067760267,LOW,HIGH,calibrated passing and rushing efficiency,39.09882665241579,v1.0,2026-08-18T18:11:37+00:00
2026,CFF_BC,Boston College,CFP_876F91F6,Anthony Coellner,QB,84,12.0,94.06702266674206,59.584399962671924,713.5440541913853,5.221721297541724,2.2804658593365534,23.97186055744829,64.9493938869399,1.3186234378221182,0.0,0.0,0.0,61.55486151411246,5.129571792842705,14.4066800156267,,,CFBD/team roster,,0.2392988091300819,LOW,HIGH,calibrated passing and rushing efficiency,52.129263935453764,v1.0,2026-08-18T18:11:37+00:00
2026,CFF_TENN,Tennessee,CFP_261B59E6,George MacIntyre,QB,85,12.0,95.84286030492959,62.60098335130189,747.3140186943649,5.301130621893511,2.2104228977050906,18.39509999974365,57.214193071373124,1.15389899736054,0.0,0.0,0.0,61.53147362894409,5.127622802412008,12.644813291300553,,,CFBD/team roster,,0.2436854018536587,LOW,HIGH,calibrated passing and rushing efficiency,40.28106948953875,v1.0,2026-08-18T18:11:37+00:00
2026,CFF_WISC,Wisconsin,CFP_E7A63EBA,Danny O'Neil,QB,86,12.0,106.87290198296806,65.73194703547068,705.5840193037407,4.745392599377661,3.429461444394608,29.305906056809135,76.38374009679566,1.467956002384907,0.0,0.0,0.0,60.22157974925467,5.018464979104556,16.446110023989007,,,CFBD/team roster,,0.36162711266063685,MEDIUM,HIGH,calibrated passing and rushing efficiency,153.58068777986287,v1.0,2026-08-18T18:11:37+00:00
2026,CFF_FLA,Florida,CFP_24AD4D96,Aaron Philo,QB,87,12.0,89.44070966817691,56.88458837772425,720.9317357953846,4.587750718376694,2.897185135191523,17.234834711348043,49.416515103698586,0.9273806212703071,0.0,0.0,0.0,54.79702240812234,4.566418534010195,10.5059352379917,,,CFBD/team roster,,0.2384582790897778,LOW,HIGH,calibrated passing and rushing efficiency,75.77078481719388,v1.0,2026-08-18T18:11:37+00:00
2026,CFF_GT,Georgia Tech,CFP_32A7D2C8,Grady Adamson,QB,88,12.0,78.2321777540132,50.65024274234984,576.0793482060416,3.799787496340835,1.697872146105277,24.38682399322981,79.24328962924784,1.4515836734918415,0.0,0.0,0.0,53.178282771375564,4.431523564281297,16.633831003875834,,,CFBD/team roster,,0.20817537303518058,LOW,HIGH,calibrated passing and rushing efficiency,116.3471804128836,v1.0,2026-08-18T18:11:37+00:00
2026,CFF_VAN,Vanderbilt,CFP_54C1C0FB,Blaze Berlowitz,QB,89,12.0,57.92979974009349,36.87407240673611,458.26028834502534,3.532017375628103,1.237553713764764,30.091018148038934,102.68255690550518,1.7901426307388721,0.0,0.0,0.0,52.230038797532416,4.352503233127702,21.00911147498375,,,CFBD/team roster,,0.15916793988002065,LOW,HIGH,calibrated passing and rushing efficiency,30.285095782604422,v1.0,2026-08-18T18:11:37+00:00
2026,CFF_LOU,Louisville,CFP_FB26FBA1,Briggs Cherry,QB,90,12.0,87.02793278517292,55.013100887011305,635.4197050391306,4.6081853553999315,1.9009502373267169,13.047303961464356,42.29458869328517,0.8384026635267418,0.0,0.0,0.0,51.2084542363272,4.2673711863606,9.259874850488966,,,CFBD/team roster,,0.2199157533726451,LOW,HIGH,calibrated passing and rushing efficiency,93.90076313566658,v1.0,2026-08-18T18:11:37+00:00
2026,CFF_UNC,North Carolina,CFP_5E2FF426,Travis Burgess,QB,91,12.0,77.54704694604415,49.047077862516645,561.5171330903108,3.774264954354867,1.7605498061994438,19.775970514950778,55.34763845015294,1.096540934736735,0.0,0.0,0.0,47.91120478826816,3.9926003990223466,12.114009453435703,,,CFBD/team roster,,0.21618939292130995,LOW,HIGH,calibrated passing and rushing efficiency,98.90449878231846,v1.0,2026-08-18T18:11:37+00:00
2026,CFF_IOWA,Iowa,CFP_14CC9628,Tradon Bessinger,QB,92,12.0,58.46115633664787,37.20136576096837,428.9189882919069,2.820788622550472,1.5482261996947237,25.289342625474827,81.32260378818806,1.6836446000788492,0.0,0.0,0.0,45.12581580147534,3.760484650122945,18.2341279792919,,,CFBD/team roster,,0.21333607638698704,LOW,HIGH,calibrated passing and rushing efficiency,61.16884477944125,v1.0,2026-08-18T18:11:37+00:00
2026,CFF_OKST,Oklahoma State,CFP_BA412DBB,Grant Jordan,QB,93,12.0,61.31399739109261,36.66018187287939,432.52176094449084,3.22557950264242,1.5733755399475573,22.6109160691892,59.661466584688945,1.1607477264389907,0.0,0.0,0.0,41.560445925504595,3.4633704937920498,12.930633017102839,,,CFBD/team roster,,0.12240873289754446,LOW,HIGH,calibrated passing and rushing efficiency,58.641801443956844,v1.0,2026-08-18T18:11:37+00:00
2026,CFF_MIZ,Missouri,CFP_93D6EE43,Austin Simmons,QB,94,12.0,56.292379216397116,36.219212803314555,450.0139679856087,2.6013950191593938,1.3453404686411419,21.725533788011187,66.77508235261661,1.2760389114999968,0.0,0.0,0.0,41.394540031682425,3.449545002640202,14.33374170426164,,,CFBD/team roster,,0.1460981441174115,LOW,HIGH,calibrated passing and rushing efficiency,48.13045824466367,v1.0,2026-08-18T18:11:37+00:00
2026,CFF_UNC,North Carolina,CFP_29E38994,Au'Tori Newkirk,QB,95,12.0,67.8546526725697,42.71602489499971,473.87902597366,3.302529853266914,1.540503479075642,15.98574361387792,44.7398097215437,0.886379873572901,0.0,0.0,0.0,40.417037186530195,3.3680864322108497,9.792260213591778,,,CFBD/team roster,,0.18757570569889462,LOW,HIGH,calibrated passing and rushing efficiency,35.13064206102858,v1.0,2026-08-18T18:11:37+00:00
2026,CFF_VAN,Vanderbilt,CFP_99336AE8,Whit Muschamp,QB,96,12.0,47.46367448573654,30.528132384102967,383.4644590567193,2.8938909464026947,1.013965988011032,17.36052988136046,59.24105288437021,1.0327940543568743,0.0,0.0,0.0,38.02104577444679,3.168420481203899,12.120869614578266,,,CFBD/team roster,,0.12824759130205363,LOW,HIGH,calibrated passing and rushing efficiency,20.279083261668355,v1.0,2026-08-18T18:11:37+00:00
2026,CFF_UNC,North Carolina,CFP_1729C558,Billy Edwards Jr.,QB,97,12.0,66.44778041771434,41.292327940325556,475.7209233983746,3.2340564702578956,1.508563272798589,10.38535382193813,29.065820465245384,0.5758486330099641,0.0,0.0,0.0,36.8181733887523,3.068181115729358,6.361673844584323,,,CFBD/team roster,,0.1834471808792038,LOW,HIGH,calibrated passing and rushing efficiency,43.49165575658508,v1.0,2026-08-18T18:11:37+00:00
2026,CFF_NW,Northwestern,CFP_728E760F,Nicco Marchiol,QB,98,12.0,69.72332711429952,41.72084843205812,452.6482794136969,2.9990627881985263,2.001215825784599,13.60110011406328,37.867507552213006,0.6689641786228293,0.0,0.0,0.0,35.90150233051566,2.991791860876305,7.800535826958276,,,CFBD/team roster,,0.17587170463175758,LOW,HIGH,calibrated passing and rushing efficiency,67.66959268515949,v1.0,2026-08-18T18:11:37+00:00
2026,CFF_NCSU,NC State,CFP_0A0E0B34,Tad Hudson,QB,99,12.0,53.87796976508341,32.369826438249575,379.8797267418732,3.0911819610542466,1.4090297176009003,13.430303608186685,41.70590226027902,0.8423697528080197,0.0,0.0,0.0,35.37569593916703,2.9479746615972524,9.224808742876021,,,CFBD/team roster,,0.10857213069711272,LOW,HIGH,calibrated passing and rushing efficiency,15.716785946032077,v1.0,2026-08-18T18:11:37+00:00
2026,CFF_WISC,Wisconsin,CFP_AF5CB0D8,Carter Smith,QB,100,12.0,55.54803642064188,33.043878568085184,342.1632859961697,2.466455350697628,1.7824897207973078,23.64880725219971,61.63891821838183,1.1845874510009993,0.0,0.0,0.0,35.04127964968417,2.920106637473681,13.271416527844178,,,CFBD/team roster,,0.17596931351650666,LOW,HIGH,calibrated passing and rushing efficiency,82.65711644590057,v1.0,2026-08-18T18:11:37+00:00
2026,CFF_FSU,Florida State,CFP_2A718B80,Kevin Sperry,QB,101,12.0,57.57063311525005,34.68044684915208,451.46984814062534,2.528243502520877,1.4225083366223017,12.722417273049778,35.94689290427364,0.7161481148132852,0.0,0.0,0.0,34.6408375783933,2.8867364648661087,7.891577979307075,,,CFBD/team roster,,0.14540683738271734,LOW,HIGH,calibrated passing and rushing efficiency,85.1760177464664,v1.0,2026-08-18T18:11:37+00:00
2026,CFF_TCU,TCU,CFP_E8A509B8,Jayden Maples,QB,102,12.0,53.802462720726496,34.95175908131526,422.85593891432495,3.0705413622107165,1.3850362423485478,10.05027992682748,27.46146598249257,0.6322983673474178,0.0,0.0,0.0,34.35130356540108,2.86260863045009,6.539936802333764,,,CFBD/team roster,,0.12601297735717135,LOW,HIGH,calibrated passing and rushing efficiency,40.225060602209645,v1.0,2026-08-18T18:11:37+00:00
2026,CFF_UTAH,Utah,CFP_3BB71587,Byrd Ficklin,QB,103,12.0,27.809012613387164,17.04722292760579,210.20778650943413,1.7123055998353536,0.7016837431833368,26.753369716215758,94.32927650624218,1.5451089290045645,0.0,0.0,0.0,33.259431341187046,2.771619278432254,18.703581224651607,,,CFBD/team roster,,0.03713735816249128,LOW,HIGH,calibrated passing and rushing efficiency,33.512748965121936,v1.0,2026-08-18T18:11:37+00:00
2026,CFF_LSU,LSU,CFP_DA13CA17,Husan Longstreet,QB,104,12.0,52.91099081020455,34.5333325692569,385.1939848385309,2.6190007291329374,1.0542682948687176,13.601691135762213,36.57995143683378,0.7289357834771627,0.0,0.0,0.0,32.86110385975063,2.738425321645886,8.031609844546354,,,CFBD/team roster,,0.09147081671242425,LOW,HIGH,calibrated passing and rushing efficiency,72.81957663788617,v1.0,2026-08-18T18:11:37+00:00
2026,CFF_CAL,California,CFP_26F0A312,Jackson Brousseau,QB,105,12.0,51.102675451411336,32.58223599720379,366.2033564872273,2.257397562105945,1.0727597430465519,16.307410969074645,40.59973137242698,0.9508891463249565,0.0,0.0,0.0,32.370272780058755,2.697522731671563,9.765308015192437,,,CFBD/team roster,,0.09086559508213465,LOW,HIGH,calibrated passing and rushing efficiency,10.607827742791345,v1.0,2026-08-18T18:11:37+00:00
2026,CFF_SYR,Syracuse,CFP_A3059EBB,Amari Odom,QB,106,12.0,41.41227438589042,26.454046554462646,321.0834240252497,2.098865417367756,1.1317625924448358,19.06907342100546,48.96613607404603,1.0499459857879188,0.0,0.0,0.0,31.303325560168293,2.608610463347358,11.196289522132115,,,CFBD/team roster,,0.08091092318254885,LOW,HIGH,calibrated passing and rushing efficiency,50.18829042221032,v1.0,2026-08-18T18:11:37+00:00
2026,CFF_ALA,Alabama,CFP_9683449E,Jett Thomalla,QB,107,12.0,43.143798898716554,27.370469782173988,333.01307177321723,2.3293616202245775,0.9863962287931578,12.060041862732794,32.47446114898675,0.7545885405420026,0.0,0.0,0.0,29.426550481184535,2.4522125400987114,7.77497735815069,,,CFBD/team roster,,0.09918200149669341,LOW,HIGH,calibrated passing and rushing efficiency,82.02263980302001,v1.0,2026-08-18T18:11:37+00:00
2026,CFF_KU,Kansas,CFP_12CD987D,Cole Ballard,QB,108,12.0,48.03733616648709,29.569435717869517,335.55889293434217,2.6204069365438,1.11971278892854,8.349540227016014,28.01162101619325,0.5104987229872024,0.0,0.0,0.0,28.648425114162887,2.3873687595135737,5.86415443954254,,,CFBD/team roster,,0.1281530688047027,LOW,HIGH,calibrated passing and rushing efficiency,48.35697105896526,v1.0,2026-08-18T18:11:37+00:00
2026,CFF_WASH,Washington,CFP_CC54A7B4,Elijah Brown,QB,109,12.0,44.16078275070052,28.41973068904056,343.6926533109449,2.6546709042586722,0.9910669847410484,7.154289467894857,22.029035903219675,0.4148086644739074,0.0,0.0,0.0,28.067078341896845,2.3389231951580705,4.691755577165412,,,CFBD/team roster,,0.09206179962318228,LOW,HIGH,calibrated passing and rushing efficiency,9.21321691056561,v1.0,2026-08-18T18:11:37+00:00
2026,CFF_IOWA,Iowa,CFP_FEE33D19,Jeremy Hecklinski,QB,110,12.0,35.30326350614783,22.557118748427026,254.9773543459389,1.7034053083657004,0.9349359629529133,15.93580133629853,51.24454507621868,1.0609301421999526,0.0,0.0,0.0,27.56781480516903,2.2973179004307522,11.490035360821583,,,CFBD/team roster,,0.1230440940188721,LOW,HIGH,calibrated passing and rushing efficiency,1.5970837818612602,v1.0,2026-08-18T18:11:37+00:00
2026,CFF_UK,Kentucky,CFP_3E299E81,Matt Ponatoski,QB,111,12.0,41.685176843141775,25.35318299097002,304.389755898946,2.0822015571461012,1.3857399034275701,12.175581642300381,35.081524005985116,0.6524088848395968,0.0,0.0,0.0,26.541262270750767,2.2117718558958974,7.422605709636093,,,CFBD/team roster,,0.10964210091875859,LOW,HIGH,calibrated passing and rushing efficiency,73.17892708630539,v1.0,2026-08-18T18:11:37+00:00
2026,CFF_MISS,Ole Miss,CFP_E08DA113,Deuce Knight,QB,112,12.0,30.775036486933764,19.844004063186038,284.1173734889749,1.7109001377960185,0.603721346225978,11.7917252309989,36.37610897974043,0.7106386869234981,0.0,0.0,0.0,25.506017164032123,2.1255014303360102,7.901443019515032,,,CFBD/team roster,,0.0583654734053833,LOW,HIGH,calibrated passing and rushing efficiency,12.387404943307498,v1.0,2026-08-18T18:11:37+00:00
2026,CFF_UK,Kentucky,CFP_FE46FE2A,JacQai Long,QB,113,12.0,33.624618072333355,19.820146030606185,230.7022107401221,1.6795714306817036,1.1177828314289655,17.324911048765387,49.91829554550862,0.9283273874984036,0.0,0.0,0.0,25.39038520044402,2.115865433370335,10.561793879541284,,,CFBD/team roster,,0.08674143903794215,LOW,HIGH,calibrated passing and rushing efficiency,0.0,v1.0,2026-08-18T18:11:37+00:00
2026,CFF_MSU,Michigan State,CFP_260798D1,Cam Fancher,QB,114,12.0,34.723929881943036,21.324034645068405,233.64499520008803,1.736273091743845,0.8465401751642002,16.7368395102764,45.85672390454672,0.8543068941090053,0.0,0.0,0.0,25.155865754923404,2.096322146243617,9.711513755108705,,,CFBD/team roster,,0.06683530409710159,LOW,HIGH,calibrated passing and rushing efficiency,0.0,v1.0,2026-08-18T18:11:37+00:00
2026,CFF_AUB,Auburn,CFP_86CA7751,Tristan Ti'a,QB,115,12.0,37.76667294763729,24.06123068837343,292.33414221888086,2.272830273866442,0.8725690319829931,7.244051712091559,23.55351892152689,0.40852308530389375,0.0,0.0,0.0,24.71860815621406,2.059884013017838,4.806490403976052,,,CFBD/team roster,,0.07935524279843,LOW,HIGH,calibrated passing and rushing efficiency,49.24495622811347,v1.0,2026-08-18T18:11:37+00:00
2026,CFF_LOU,Louisville,CFP_7538CBD3,Davin Wydner,QB,116,12.0,41.63396659397545,26.31814328182056,303.98335254103705,2.204545471844812,0.9094103024719223,6.241800763140708,20.233635758175478,0.4010899416827169,0.0,0.0,0.0,24.49800891246266,2.0415007427052214,4.429903225913849,,,CFBD/team roster,,0.10039796978220614,LOW,HIGH,calibrated passing and rushing efficiency,74.75572218514763,v1.0,2026-08-18T18:11:37+00:00
2026,CFF_VAN,Vanderbilt,CFP_B2EDCECD,Jack Elliott,QB,117,12.0,29.272690130851633,18.819013879381934,230.69061321527482,1.7847748591816277,0.6253521770462472,10.532293630525402,35.94038708631717,0.6265759348754959,0.0,0.0,0.0,23.09486610617595,1.9245721755146625,7.353494317884692,,,CFBD/team roster,,0.07673343137691611,LOW,HIGH,calibrated passing and rushing efficiency,28.54748320964464,v1.0,2026-08-18T18:11:37+00:00
2026,CFF_SMU,SMU,CFP_328076E5,Mabrey Mettauer,QB,118,12.0,24.505474867438696,15.452875072793685,177.64043066920343,1.3932285025384965,0.6481022304370266,10.970662855841292,32.18392694862555,0.6733766462832129,0.0,0.0,0.0,19.28908157904693,1.6074234649205774,7.258652572561832,,,CFBD/team roster,,0.026960076813271856,LOW,HIGH,calibrated passing and rushing efficiency,6.844192308187921,v1.0,2026-08-18T18:11:37+00:00
2026,CFF_WVU,West Virginia,CFP_2D19C74A,Michael Hawkins Jr.,QB,119,12.0,24.9275560394888,15.41397464540409,175.13120902793545,1.164919681514336,0.7445651114704962,12.029243960587763,36.02407187891359,0.6637534253015871,0.0,0.0,0.0,18.505289715405148,1.5421074762837623,7.584927739700881,,,CFBD/team roster,,0.05139656421821087,LOW,HIGH,calibrated passing and rushing efficiency,0.0,v1.0,2026-08-18T18:11:37+00:00
2026,CFF_TTU,Texas Tech,CFP_DF876F01,Kirk Francis,QB,120,12.0,33.36150223241196,21.227714137106062,249.19432339091696,1.9590610033496798,0.7522737870614181,1.5548513794374574,5.125330011331304,0.10136043566683392,0.0,0.0,0.0,18.172438777108113,1.5143698980923428,1.1206956151341338,,,CFBD/team roster,,0.05051643285697738,LOW,HIGH,calibrated passing and rushing efficiency,46.878161028753986,v1.0,2026-08-18T18:11:37+00:00
2026,CFF_UK,Kentucky,CFP_0864B1BB,Brennen Ward,QB,121,12.0,29.45777434592386,17.82923095140117,207.5259026947632,1.4714348902476244,0.9792644884515513,7.102235777223749,20.46368397294628,0.3805618375707426,0.0,0.0,0.0,17.53725060304856,1.4614375502540466,4.329739422719083,,,CFBD/team roster,,0.0751374571883326,LOW,HIGH,calibrated passing and rushing efficiency,25.750920430897388,v1.0,2026-08-18T18:11:37+00:00
2026,CFF_ARK,Arkansas,CFP_716B5491,Hank Hendrix,QB,122,12.0,21.719955684576302,13.68743941454886,171.00828925332044,1.1166369763903956,0.5395886348292573,9.113355182704773,31.720810193683064,0.574081035298682,0.0,0.0,0.0,17.38385807202554,1.4486548393354617,6.616567231160399,,,CFBD/team roster,,0.0456071737847724,LOW,HIGH,calibrated passing and rushing efficiency,86.54420076736152,v1.0,2026-08-18T18:11:37+00:00
2026,CFF_CIN,Cincinnati,CFP_FF58D417,Samaj Jones,QB,123,12.0,15.823084497430084,10.012158227122928,124.1527139895967,0.8822714274221208,0.33703877880596855,10.66979722984721,37.651696816978514,0.6156288364519826,0.0,0.0,0.0,15.61709819087613,1.3014248492396774,7.458942700409747,,,CFBD/team roster,,0.018084599904273684,LOW,HIGH,calibrated passing and rushing efficiency,29.71295230596637,v1.0,2026-08-18T18:11:37+00:00
2026,CFF_KU,Kansas,CFP_55981764,Isaiah Marshall,QB,124,12.0,20.859059502094958,13.205535930706102,157.96790111713435,1.1378487770352703,0.4862083860888891,7.299225124495081,24.487950514648148,0.44628147221736786,0.0,0.0,0.0,15.51038665150659,1.2925322209588825,5.126483884769022,,,CFBD/team roster,,0.048675169371641874,LOW,HIGH,calibrated passing and rushing efficiency,2.502969792867648,v1.0,2026-08-18T18:11:37+00:00
2026,CFF_MIA,Miami,CFP_4B63781C,Luke Nickel,QB,125,12.0,20.02918389954955,13.01549084740121,157.64967127898444,1.269008739346315,0.4032323824716901,5.955504525313604,17.78768274799083,0.3679580904628145,0.0,0.0,0.0,14.965306243648916,1.2471088536374098,3.98651681757597,,,CFBD/team roster,,0.03244221443942988,LOW,HIGH,calibrated passing and rushing efficiency,0.680631025372488,v1.0,2026-08-18T18:11:37+00:00
2026,CFF_IOWA,Iowa,CFP_54D32364,Jimmy Sullivan,QB,126,12.0,19.08145283515887,12.142354866943005,139.99718715904842,0.9206924466084871,0.5053339184314547,8.254325243951211,26.543324249025616,0.5495338621524194,0.0,0.0,0.0,14.728858952181508,1.2274049126817923,5.951535597817077,,,CFBD/team roster,,0.06390630578883805,LOW,HIGH,calibrated passing and rushing efficiency,24.733361252650052,v1.0,2026-08-18T18:11:37+00:00
2026,CFF_VT,Virginia Tech,CFP_5406CC30,Bryce Baker,QB,127,12.0,19.757343818986822,12.16443736870513,144.1493603821906,0.9873523218706096,0.49127069642470395,6.839255940047814,21.129033710048247,0.4163648792946083,0.0,0.0,0.0,13.835205653117832,1.152933804426486,4.611092646772475,,,CFBD/team roster,,0.02441730922902924,LOW,HIGH,calibrated passing and rushing efficiency,65.46996046140231,v1.0,2026-08-18T18:11:37+00:00
2026,CFF_SYR,Syracuse,CFP_233048BA,Joseph Filardi,QB,128,12.0,19.601561985587935,11.805787335015125,125.35795031165985,0.9934504005884334,0.5356941857879597,9.167710898720566,23.541121765243926,0.5047755097724239,0.0,0.0,0.0,13.835190664191103,1.1529325553492586,5.382765235158937,,,CFBD/team roster,,0.030302739337513693,LOW,HIGH,calibrated passing and rushing efficiency,90.41347067934753,v1.0,2026-08-18T18:11:37+00:00
2026,CFF_ASU,Arizona State,CFP_1E3E5842,Jake Fette,QB,129,12.0,19.281624892154618,12.017865066824703,145.47001016741152,1.0366082489596393,0.5109441571987635,6.440749699031817,20.742256654250127,0.36569977307876766,0.0,0.0,0.0,13.722713549233875,1.1435594624361562,4.268424303897619,,,CFBD/team roster,,0.019283197981028965,LOW,HIGH,calibrated passing and rushing efficiency,66.2236200409651,v1.0,2026-08-18T18:11:37+00:00
2026,CFF_MIZ,Missouri,CFP_F1456339,Nick Evers,QB,130,12.0,20.78774429832035,13.577170041925763,152.06703518377313,0.9606475197882168,0.4968095867610492,5.985530585703304,18.396984013575842,0.3515572969509977,0.0,0.0,0.0,13.377504082806313,1.1147920069005262,3.9490421830635705,,,CFBD/team roster,,0.04141982078389161,LOW,HIGH,calibrated passing and rushing efficiency,0.0,v1.0,2026-08-18T18:11:37+00:00
2026,CFF_OU,Oklahoma,CFP_0D748475,Bowe Bentley,QB,131,12.0,20.21901781570007,12.724691881256753,141.92128263803554,0.9255005644257916,0.46882326428715276,6.647390855350455,18.4706589530921,0.3373154636745789,0.0,0.0,0.0,12.780988976294118,1.0650824146911766,3.870958677356683,,,CFBD/team roster,,0.009831862703854116,LOW,HIGH,calibrated passing and rushing efficiency,12.673094794999717,v1.0,2026-08-18T18:11:37+00:00
2026,CFF_USC,USC,CFP_7DFEE4A3,Sam Huard,QB,132,12.0,17.656804220631003,11.34242698305029,139.25817691250313,1.007740289848185,0.44128312856286384,4.501353151495895,14.567096204945537,0.3055580946802769,0.0,0.0,0.0,12.450063295906217,1.0375052746588513,3.2900581885762152,,,CFBD/team roster,,0.014007692193741835,LOW,HIGH,calibrated passing and rushing efficiency,6.293629059997499,v1.0,2026-08-18T18:11:37+00:00
2026,CFF_IOWA,Iowa,CFP_4AB8A990,Ryan Fitzgerald,QB,133,12.0,16.057150173186624,10.217860098963685,117.80842252716435,0.7747678861889973,0.4252413422581588,6.946061244154022,22.33635705017541,0.4624358441708334,0.0,0.0,0.0,12.394417873626946,1.0328681561355788,5.008250770042541,,,CFBD/team roster,,0.053632186087317756,LOW,HIGH,calibrated passing and rushing efficiency,0.0,v1.0,2026-08-18T18:11:37+00:00
2026,CFF_WAKE,Wake Forest,CFP_7CDC9D5F,Grant Lawless,QB,134,12.0,19.808149133926825,12.343486451572973,146.29314845003853,0.9243775734161624,0.49008360480497826,4.954367495690868,14.623980317735167,0.2843199745036232,0.0,0.0,0.0,12.22747050565647,1.0189558754713726,3.168317878795256,,,CFBD/team roster,,0.02656306366741855,LOW,HIGH,calibrated passing and rushing efficiency,69.26704835418438,v1.0,2026-08-18T18:11:37+00:00
2026,CFF_IND,Indiana,CFP_A4DEB2BB,Tyler Cherry,QB,135,12.0,14.093072871412502,9.191886581958748,114.02004582025695,1.0199504193553248,0.33797290940935343,5.450110706855607,16.66960984824414,0.34879993199471876,0.0,0.0,0.0,12.06239117761495,1.0051992648012458,3.7597605767927265,,,CFBD/team roster,,0.009114376828856062,LOW,HIGH,calibrated passing and rushing efficiency,57.23852934115587,v1.0,2026-08-18T18:11:37+00:00
2026,CFF_COLO,Colorado,CFP_E2760863,Isaac Wilson,QB,136,12.0,15.68151140150784,10.229562661044339,121.49038323194547,0.886196801203812,0.4030016401757946,7.035955338332421,17.93077942339417,0.3683743873735698,0.0,0.0,0.0,12.004725160498108,1.0003937633748423,4.003324266580836,,,CFBD/team roster,,0.00960943885096439,LOW,HIGH,calibrated passing and rushing efficiency,38.00386569249661,v1.0,2026-08-18T18:11:37+00:00
2026,CFF_MIA,Miami,CFP_E551AC17,Dereon Coleman,QB,137,12.0,15.800612012347631,10.304211748587699,125.35197300693308,1.0010949438204746,0.3181017488382554,4.859761725206865,14.51495829301823,0.30025812874640195,0.0,0.0,0.0,11.953401548501201,0.9961167957084335,3.2530446017802346,,,CFBD/team roster,,0.02391423933616578,LOW,HIGH,calibrated passing and rushing efficiency,63.26348030660488,v1.0,2026-08-18T18:11:37+00:00
2026,CFF_UK,Kentucky,CFP_C88C422C,Carson Cruver,QB,138,12.0,19.17106381434624,11.571567149517016,137.7973294006259,0.9576070428245407,0.6373034764530864,5.229236114676799,15.067006873220604,0.2802001746090439,0.0,0.0,0.0,11.892919605846437,0.9910766338205365,3.187901734976324,,,CFBD/team roster,,0.04753335753748234,LOW,HIGH,calibrated passing and rushing efficiency,0.0,v1.0,2026-08-18T18:11:37+00:00
2026,CFF_FLA,Florida,CFP_274CBDEB,Aidan Warner,QB,139,12.0,18.87530864019125,11.810426450204965,140.18792625328476,0.9681856404637841,0.6114135701449078,4.903459527210188,14.059425915306866,0.2638478070070399,0.0,0.0,0.0,11.857875475414545,0.9881562896178787,2.9890294335729264,,,CFBD/team roster,,0.04165013964243773,LOW,HIGH,calibrated passing and rushing efficiency,41.85272313417933,v1.0,2026-08-18T18:11:37+00:00
2026,CFF_CLEM,Clemson,CFP_74D0FEA1,Chris Denson,QB,140,12.0,15.373118205708057,9.897237384345054,118.17599127941044,0.851834427484553,0.31242772257839246,5.450663203425985,16.132152898584877,0.318942135098724,0.0,0.0,0.0,11.348817738987067,0.9457348115822556,3.5268681004508315,,,CFBD/team roster,,0.015282847269824434,LOW,HIGH,calibrated passing and rushing efficiency,3.1303174908096003,v1.0,2026-08-18T18:11:37+00:00
2026,CFF_NCSU,NC State,CFP_3F4080B2,Will Wilson,QB,141,12.0,6.379673190632887,4.108307056154963,47.99691811858115,0.3660258686489361,0.16684275880063082,11.797451034316559,36.63531027382823,0.7399546727658621,0.0,0.0,0.0,11.320396504516356,0.943366375376363,8.103259063977996,,,CFBD/team roster,,0.0018961614273765464,LOW,HIGH,calibrated passing and rushing efficiency,7.8340055037753595,v1.0,2026-08-18T18:11:37+00:00
2026,CFF_PITT,Pitt,CFP_26A2E93C,Holden Geriner,QB,142,12.0,16.272070764914687,10.138886018388861,120.18588560288819,0.9301474595442341,0.4617876682516075,5.327927559985752,14.55535394318808,0.27197900493467986,0.0,0.0,0.0,11.153647017967742,0.9294705848306452,3.0874094239268874,,,CFBD/team roster,,0.013546679804798036,LOW,HIGH,calibrated passing and rushing efficiency,0.0,v1.0,2026-08-18T18:11:37+00:00
2026,CFF_RUTG,Rutgers,CFP_94A213F4,AJ Surace,QB,143,12.0,15.372291634633727,9.371973464608121,113.40968559144252,0.7724017855075893,0.32087584615520315,5.154082268959243,13.32873679396652,0.2888705551817089,0.0,0.0,0.0,10.371215730019761,0.8642679775016467,3.0660970104869056,,,CFBD/team roster,,0.011585913452319392,LOW,HIGH,calibrated passing and rushing efficiency,58.02829258965552,v1.0,2026-08-18T18:11:37+00:00
2026,CFF_MINN,Minnesota,CFP_C03F9C64,Michael Merdinger,QB,144,12.0,14.72897464468878,9.206477520947834,106.51809080844227,0.7395972674192829,0.29586448188209913,5.771489115610529,14.218598883592612,0.33235926332687604,0.0,0.0,0.0,10.339263688453242,0.8616053073711035,3.4160154683205173,,,CFBD/team roster,,0.009047920777984043,LOW,HIGH,calibrated passing and rushing efficiency,0.0,v1.0,2026-08-18T18:11:37+00:00
2026,CFF_NEB,Nebraska,CFP_C0087087,Daniel Kaelin,QB,145,12.0,18.006021546319378,11.802834024184593,128.44820187429147,0.9188869990588971,0.4202453829572927,3.025410595841507,8.440053040999736,0.17373562960483407,0.0,0.0,0.0,10.279649769978933,0.8566374808315778,1.886419081728978,,,CFBD/team roster,,0.027690801952469105,LOW,HIGH,calibrated passing and rushing efficiency,30.3702528278628,v1.0,2026-08-18T18:11:37+00:00
2026,CFF_UGA,Georgia,CFP_EAEC0259,Ryan Puglisi,QB,146,12.0,16.601972322396986,10.518299962771795,119.12719861664235,0.941892391676457,0.36494857753158616,3.0292282371095722,8.569299653531747,0.18634463649447902,0.0,0.0,0.0,10.142706718159985,0.8452255598466655,1.974997784320049,,,CFBD/team roster,,0.012578067672705369,LOW,HIGH,calibrated passing and rushing efficiency,26.7038089956301,v1.0,2026-08-18T18:11:37+00:00
2026,CFF_ASU,Arizona State,CFP_E4B37D3A,Cameron Dyer,QB,147,12.0,13.457158938983076,8.387587727490557,101.52738986613427,0.723476472638297,0.356601519365009,4.495170550763328,14.476572701245605,0.2552315999194347,0.0,0.0,0.0,9.577446835474717,0.7981205696228931,2.9790468696411687,,,CFBD/team roster,,0.010850641411037065,LOW,HIGH,calibrated passing and rushing efficiency,54.50362582669313,v1.0,2026-08-18T18:11:37+00:00
2026,CFF_FSU,Florida State,CFP_90BE26C4,Michael Grant,QB,148,12.0,16.73169130224844,10.03549784297078,123.46201586374495,0.734780695157741,0.41342207086019617,3.3441150744521337,9.448719049291283,0.188241090894002,0.0,0.0,0.0,9.538499794613704,0.7948749828844753,2.0743184502931404,,,CFBD/team roster,,0.033641346957157515,LOW,HIGH,calibrated passing and rushing efficiency,0.87368943417912,v1.0,2026-08-18T18:11:37+00:00
2026,CFF_TAMU,Texas A&M,CFP_2C502A0D,Brady Hart,QB,149,12.0,13.9088547381089,8.54302569940608,105.06301358752673,0.7988378905947868,0.40540475856627317,3.551115334316086,11.143011973697138,0.21523439767873578,0.0,0.0,0.0,9.398174930756072,0.7831812442296727,2.405707583442129,,,CFBD/team roster,,0.004794986328852515,LOW,HIGH,calibrated passing and rushing efficiency,11.164966924018348,v1.0,2026-08-18T18:11:37+00:00
2026,CFF_OSU,Ohio State,CFP_E31FA30C,Tavien St. Clair,QB,150,12.0,11.547078871697263,7.563509097127776,98.74775602692422,0.8089163465156851,0.2575257503549463,3.558147559000715,10.348280697174268,0.2352539715755536,0.0,0.0,0.0,9.37440177595551,0.7812001479962926,2.4463518991707485,,,CFBD/team roster,,0.002164804111911583,LOW,HIGH,calibrated passing and rushing efficiency,1.4621252190781497,v1.0,2026-08-18T18:11:37+00:00
2026,CFF_TTU,Texas Tech,CFP_B4BE80CC,Lloyd Jones III,QB,151,12.0,13.651009801645015,8.845575032730224,112.51654146740383,0.8016174083661319,0.3078187777383425,2.6973607404219098,8.891437559307471,0.17584038154096515,0.0,0.0,0.0,9.343498559598874,0.7786248799665728,1.944186045176538,,,CFBD/team roster,,0.013543069011370243,LOW,HIGH,calibrated passing and rushing efficiency,31.315318381440328,v1.0,2026-08-18T18:11:37+00:00
2026,CFF_PSU,Penn State,CFP_368C22ED,Alex Manske,QB,152,12.0,11.22277409081557,7.33913252000908,83.60664483963187,0.598762173862427,0.2720826918530087,5.126494632531011,16.551026368468587,0.3415287028495858,0.0,0.0,0.0,9.171506651126347,0.7642922209271955,3.7042748539443733,,,CFBD/team roster,,0.01103124438660433,LOW,HIGH,calibrated passing and rushing efficiency,0.0,v1.0,2026-08-18T18:11:37+00:00
2026,CFF_IND,Indiana,CFP_C7E48822,Grant Wilson,QB,153,12.0,10.302887105714856,6.73331532665045,82.71301168647248,0.7456453336986975,0.24707860111175056,4.291236480220356,13.125098138253456,0.27463350250690083,0.0,0.0,0.0,9.004334030008689,0.7503611691673907,2.9603108288667506,,,CFBD/team roster,,0.0056743649492453,LOW,HIGH,calibrated passing and rushing efficiency,0.66886045081758,v1.0,2026-08-18T18:11:37+00:00
2026,CFF_UK,Kentucky,CFP_96E303D1,Callum Wither,QB,154,12.0,13.951906237761484,8.485635871232232,101.87835714401929,0.6969067446382421,0.4638030750186677,4.075131409488863,11.741683031622067,0.21835933728231596,0.0,0.0,0.0,8.883282516151175,0.7402735430125978,2.4843243268561026,,,CFBD/team roster,,0.03441765973873284,LOW,HIGH,calibrated passing and rushing efficiency,34.6168701379549,v1.0,2026-08-18T18:11:37+00:00
2026,CFF_MISS,Ole Miss,CFP_308222C7,Walker Howard,QB,155,12.0,11.951599549860815,7.355788437395679,96.99767781070304,0.6644344134383515,0.23445742372585776,3.837904145726643,11.839490551538532,0.2312946671694445,0.0,0.0,0.0,8.874904400626189,0.739575366718849,2.5717170581705204,,,CFBD/team roster,,0.014547276328501446,LOW,HIGH,calibrated passing and rushing efficiency,0.0,v1.0,2026-08-18T18:11:37+00:00
2026,CFF_MSU,Michigan State,CFP_3F524B47,Kayd Coffman,QB,156,12.0,12.849440104974535,8.075212246223492,95.65685538914578,0.6425003498766739,0.313258531341625,4.6095245777470835,12.629486932893432,0.2352862751008838,0.0,0.0,0.0,8.757683427625548,0.729806952302129,2.6746663438946463,,,CFBD/team roster,,0.017220684597701756,LOW,HIGH,calibrated passing and rushing efficiency,36.709209318513736,v1.0,2026-08-18T18:11:37+00:00
2026,CFF_PITT,Pitt,CFP_D09C34F1,Corey Dailey,QB,157,12.0,13.163450420332351,8.23240732474507,98.04646550993354,0.7524518633306725,0.37356764013450927,3.526566598171441,9.634219771701876,0.18002348256572628,0.0,0.0,0.0,8.601661306150067,0.7168051088458389,2.043562872564545,,,CFBD/team roster,,0.010020164916606223,LOW,HIGH,calibrated passing and rushing efficiency,60.68464979762125,v1.0,2026-08-18T18:11:37+00:00
2026,CFF_DUKE,Duke,CFP_A184EC7F,Ari Patu,QB,158,12.0,12.809478134726005,8.250615672696506,95.8259511811783,0.6918044917150075,0.2910625099172975,3.795709567943642,9.723005753212432,0.21705946919866329,0.0,0.0,0.0,8.583850894703087,0.7153209078919239,2.274657390513223,,,CFBD/team roster,,0.010649700503140425,LOW,HIGH,calibrated passing and rushing efficiency,0.0,v1.0,2026-08-18T18:11:37+00:00
2026,CFF_MIA,Miami,CFP_BEFD5E7C,Judd Anderson,QB,159,12.0,11.073970190111273,7.221779361918555,87.85381295772743,0.7016244406656941,0.2229438506118798,3.4059982255072487,10.172910727887055,0.21043802382324409,0.0,0.0,0.0,8.377625646088164,0.698135470507347,2.27991921572817,,,CFBD/team roster,,0.015484701306130992,LOW,HIGH,calibrated passing and rushing efficiency,33.85161433088225,v1.0,2026-08-18T18:11:37+00:00
2026,CFF_COLO,Colorado,CFP_3BFEB6A8,Dominiq Ponder,QB,160,12.0,11.248531292816233,7.33778478096936,87.14647093451542,0.635679316534261,0.2890777836719112,4.607933851369666,11.74308839573777,0.24125292557052294,0.0,0.0,0.0,8.361324712842665,0.6967770594035554,2.6218263929969146,,,CFBD/team roster,,0.005839276143842987,LOW,HIGH,calibrated passing and rushing efficiency,0.9089286400987381,v1.0,2026-08-18T18:11:37+00:00
2026,CFF_ND,Notre Dame,CFP_4AA352D0,Teddy Jarrard,QB,161,12.0,10.036204434429946,6.560351044929752,79.89704987164293,0.6348277140072576,0.2122882275358128,3.5360309520589523,12.179935753408612,0.2626632683413256,0.0,0.0,0.0,8.31687780874775,0.6930731507289791,2.793973185388815,,,CFBD/team roster,,0.0011407218958948077,LOW,HIGH,calibrated passing and rushing efficiency,9.335175550129799,v1.0,2026-08-18T18:11:37+00:00
2026,CFF_FSU,Florida State,CFP_4F589051,Dean DeNobile,QB,162,12.0,14.521492951093263,8.690827983851296,106.01832339445016,0.6377187154952274,0.3588104501435521,2.5921983929411048,7.324196024844494,0.14591550901724115,0.0,0.0,0.0,8.04071000420326,0.6700591670169384,1.6079126565878963,,,CFBD/team roster,,0.028750684880732836,LOW,HIGH,calibrated passing and rushing efficiency,60.58740355108272,v1.0,2026-08-18T18:11:37+00:00
2026,CFF_TEX,Texas,CFP_A90A8DEB,MJ Morris,QB,163,12.0,12.415766447983373,7.8422893859135305,89.20809524439312,0.7808742938350555,0.27398172601147375,2.4540383119791063,6.951030075755974,0.14186143954544217,0.0,0.0,0.0,7.964110903952723,0.663675908662727,1.5462716448482503,,,CFBD/team roster,,0.002879157705506356,LOW,HIGH,calibrated passing and rushing efficiency,5.990504755970699,v1.0,2026-08-18T18:11:37+00:00
2026,CFF_MSST,Mississippi State,CFP_2CA84BC0,Jaden Rashada,QB,164,12.0,14.182850542371737,8.902950261406188,105.01057266785244,0.7210454358546856,0.3799053982933569,2.0278361247952645,5.307857845807789,0.11903103978844666,0.0,0.0,0.0,7.949671275150943,0.6624726062625786,1.244972023311459,,,CFBD/team roster,,0.02169768119375859,LOW,HIGH,calibrated passing and rushing efficiency,0.0,v1.0,2026-08-18T18:11:37+00:00
2026,CFF_VT,Virginia Tech,CFP_D571A138,Troy Huhn,QB,165,12.0,11.330252036089117,6.975944870291665,82.66539262234762,0.5662173396234126,0.2817292070955296,3.9221108996237093,12.116875598622158,0.23877293752666265,0.0,0.0,0.0,7.934081041314218,0.6611734201095182,2.6443251850221916,,,CFBD/team roster,,0.010297649808700807,LOW,HIGH,calibrated passing and rushing efficiency,48.5742700852875,v1.0,2026-08-18T18:11:37+00:00
2026,CFF_ALA,Alabama,CFP_11F78D47,Tayden-Evan Kaawa,QB,166,12.0,11.527948928670229,7.313342493166492,88.98052053769061,0.6224014222157958,0.2635633773385382,3.2224224620920996,8.67712021582646,0.20162476136951363,0.0,0.0,0.0,7.862723722831996,0.6552269769026663,2.0774605897997276,,,CFBD/team roster,,0.021452946077601592,LOW,HIGH,calibrated passing and rushing efficiency,48.190253804269574,v1.0,2026-08-18T18:11:37+00:00
2026,CFF_KSU,Kansas State,CFP_B3B799DA,Blake Barnett,QB,167,12.0,10.903876032039422,6.784022875048418,79.31488003587793,0.6061875186938459,0.2557748616216423,3.269769770120771,12.040566536337737,0.19965471480182193,0.0,0.0,0.0,7.743555357033564,0.645296279752797,2.401984942444705,,,CFBD/team roster,,0.0010922148510175609,LOW,HIGH,calibrated passing and rushing efficiency,0.0,v1.0,2026-08-18T18:11:37+00:00
2026,CFF_DUKE,Duke,CFP_7BC9A77A,Terry Walker III,QB,168,12.0,11.40064935689211,7.343185668734769,85.28669608683033,0.6157175452904957,0.25905049226855326,3.3782448738027013,8.653637417664452,0.19318655076341373,0.0,0.0,0.0,7.63977057871357,0.6366475482261308,2.0244830463469277,,,CFBD/team roster,,0.009146228184626067,LOW,HIGH,calibrated passing and rushing efficiency,62.72148216364826,v1.0,2026-08-18T18:11:37+00:00
2026,CFF_MICH,Michigan,CFP_14522A8F,Brayden Fowler-Nicolosi,QB,169,12.0,14.032614121012985,8.454708164681984,91.02770173840575,0.5920888186705244,0.41778238710696347,2.786251621311798,9.013187812088905,0.1665760169423405,0.0,0.0,0.0,7.492455839974298,0.6243713199978581,1.9007748828629336,,,CFBD/team roster,,0.005453110544238256,LOW,HIGH,calibrated passing and rushing efficiency,0.0,v1.0,2026-08-18T18:11:37+00:00
2026,CFF_SMU,SMU,CFP_84B4E014,Ty Hawkins,QB,170,12.0,9.651980912296823,6.1839202463822485,76.67308410451561,0.5487514518985109,0.25526827744550445,3.721224170273708,10.916715646929303,0.22840784415435242,0.0,0.0,0.0,7.468779523948208,0.6223982936623507,2.4621186296190447,,,CFBD/team roster,,0.004814961018404021,LOW,HIGH,calibrated passing and rushing efficiency,0.7536759386992652,v1.0,2026-08-18T18:11:37+00:00
2026,CFF_CLEM,Clemson,CFP_032E8517,Tait Reynolds,QB,171,12.0,11.6529758506149,7.441823491075699,91.47703575120623,0.645698932342443,0.23682330790358577,2.25208896782169,6.6654354184422955,0.1317795719570155,0.0,0.0,0.0,7.462274825100758,0.6218562354250632,1.4572209735863226,,,CFBD/team roster,,0.010566927408864323,LOW,HIGH,calibrated passing and rushing efficiency,69.4800053064281,v1.0,2026-08-18T18:11:37+00:00
2026,CFF_BAY,Baylor,CFP_3C216656,Nate Bennett,QB,172,12.0,12.126791809969795,7.480745638687299,91.04758732435982,0.7369907923037825,0.292343507960696,1.7554422502343445,4.945572350980888,0.09924435685773834,0.0,0.0,0.0,7.387546530473346,0.6156288775394455,1.0900233762445188,,,CFBD/team roster,,0.0014155880478647056,LOW,HIGH,calibrated passing and rushing efficiency,29.514889646081784,v1.0,2026-08-18T18:11:37+00:00
2026,CFF_HOU,Houston,CFP_1D3C8DAD,Keisean Henderson,QB,173,12.0,11.14219121962822,7.08574919908313,80.58023292913097,0.6178764503918247,0.3616447996870409,3.5509761546095815,10.562965766329173,0.16525649627661607,0.0,0.0,0.0,7.38090587333811,0.6150754894448425,2.0478355542926137,,,CFBD/team roster,,0.0018383570233205327,LOW,HIGH,calibrated passing and rushing efficiency,12.127740617123044,v1.0,2026-08-18T18:11:37+00:00
2026,CFF_USC,USC,CFP_001FB0DF,Jonas Williams,QB,174,12.0,10.152756077852661,6.508660970421948,79.43752793215874,0.5794560116772663,0.25374013947187224,2.685678970693753,8.691285181366798,0.1823076131974576,0.0,0.0,0.0,7.20455922184497,0.6003799351537474,1.9629741973214254,,,CFBD/team roster,,0.004573726676919931,LOW,HIGH,calibrated passing and rushing efficiency,13.187826644674496,v1.0,2026-08-18T18:11:37+00:00
2026,CFF_ARIZ,Arizona,CFP_28F9D3F9,Oscar Rios,QB,175,12.0,11.090316872354375,6.908099979981173,80.82710055073413,0.616996079579966,0.2578192830362767,2.779140448272934,8.068690344952369,0.14313383286292547,0.0,0.0,0.0,7.108921088985742,0.5924100907488118,1.6656720316727898,,,CFBD/team roster,,0.0019232842084797286,LOW,HIGH,calibrated passing and rushing efficiency,9.4111390253439,v1.0,2026-08-18T18:11:37+00:00
2026,CFF_WISC,Wisconsin,CFP_58689311,Deuce Adams,QB,176,12.0,13.245369227271873,8.089673697959467,83.5172156831191,0.5881236117003489,0.4250327467381659,3.212030777763425,8.371927611996979,0.16089316095269943,0.0,0.0,0.0,7.070702054303888,0.5892251711919907,1.8025517269158944,,,CFBD/team roster,,0.03154830678070688,LOW,HIGH,calibrated passing and rushing efficiency,0.0,v1.0,2026-08-18T18:11:37+00:00
2026,CFF_KSU,Kansas State,CFP_CEAC393A,Jacob Knuth,QB,177,12.0,9.87990954517112,6.146945559625358,71.86653975503852,0.5492613667386632,0.23175543167633014,2.962710642289462,10.909855165455454,0.18090544286388002,0.0,0.0,0.0,7.016369799208689,0.5846974832673907,2.1764181737288255,,,CFBD/team roster,,0.0009556289367889767,LOW,HIGH,calibrated passing and rushing efficiency,2.706830307434187,v1.0,2026-08-18T18:11:37+00:00
2026,CFF_ND,Notre Dame,CFP_FAC8F684,Blake Hebert,QB,178,12.0,8.345013348731127,5.454872646325339,66.43367540579275,0.527853510970847,0.17651574398857411,2.940177802200624,10.127506580096444,0.2184021354736592,0.0,0.0,0.0,6.915408786978124,0.5762840655815104,2.3231634708515996,,,CFBD/team roster,,0.0008448616255415123,LOW,HIGH,calibrated passing and rushing efficiency,8.260195956578999,v1.0,2026-08-18T18:11:37+00:00
2026,CFF_SC,South Carolina,CFP_E7AE9697,Lucian Anderson III,QB,179,12.0,8.80767892327024,5.631676668686083,65.50956188227349,0.4308167346084756,0.23263054944150754,4.720499445238475,12.981216774841453,0.24649581748455698,0.0,0.0,0.0,6.888115446674822,0.5740096205562352,2.7770965823914873,,,CFBD/team roster,,0.004070855365547422,LOW,HIGH,calibrated passing and rushing efficiency,3.158386205503788,v1.0,2026-08-18T18:11:37+00:00
2026,CFF_DUKE,Duke,CFP_299EEDC6,Dan Mahan,QB,180,12.0,10.017357216631359,6.452203874448161,74.93847707995431,0.541009762044264,0.22761872915857417,2.96834720608938,7.603652609800418,0.16974635635785887,0.0,0.0,0.0,6.712802801343849,0.5594002334453207,1.778843399127195,,,CFBD/team roster,,0.007803761560783341,LOW,HIGH,calibrated passing and rushing efficiency,58.259978599492484,v1.0,2026-08-18T18:11:37+00:00
2026,CFF_ILL,Illinois,CFP_F69B7B29,Jershaun Newton,QB,181,12.0,9.490562946034796,6.03241864546351,73.33616900620095,0.5160032567072188,0.18680951576746238,2.9562288116946207,8.077047109063688,0.1720931388482916,0.0,0.0,0.0,6.650913815305569,0.5542428179421307,1.8402635439961186,,,CFBD/team roster,,0.0024909253153375054,LOW,HIGH,calibrated passing and rushing efficiency,46.19668501090912,v1.0,2026-08-18T18:11:37+00:00
2026,CFF_WAKE,Wake Forest,CFP_A27D6E63,Steele Pizzella,QB,182,12.0,10.547962995135785,6.548578503420761,77.24420493126998,0.4922368249553948,0.2609725771476392,2.8937694833262007,8.541640886557584,0.16606690287595183,0.0,0.0,0.0,6.648308425836207,0.5540257021530173,1.8505655059114694,,,CFBD/team roster,,0.012088356962388313,LOW,HIGH,calibrated passing and rushing efficiency,0.8010397133310599,v1.0,2026-08-18T18:11:37+00:00
2026,CFF_ND,Notre Dame,CFP_E5B409DE,Noah Grubbs,QB,183,12.0,7.960363789926831,5.20343933291288,63.371525248960296,0.5035229782774382,0.16837954333677516,2.8046551796281123,9.660695950199244,0.20833525103127143,0.0,0.0,0.0,6.596654480938941,0.5497212067449118,2.216081101207553,,,CFBD/team roster,,0.0007886116407263829,LOW,HIGH,calibrated passing and rushing efficiency,0.0,v1.0,2026-08-18T18:11:37+00:00
2026,CFF_ARIZ,Arizona,CFP_03CC5E3C,Mason Bray,QB,184,12.0,9.741203330188206,6.057996939483543,72.39024480805469,0.5419398141904942,0.22645611368961288,2.897177957883677,8.411389151243462,0.14921310862701265,0.0,0.0,0.0,6.573330502280973,0.5477775418567478,1.7364175668864221,,,CFBD/team roster,,0.0015946131667886015,LOW,HIGH,calibrated passing and rushing efficiency,1.58306576982606,v1.0,2026-08-18T18:11:37+00:00
2026,CFF_AUB,Auburn,CFP_BEB7F595,Locklan Hewlett,QB,185,12.0,9.993620992548665,6.247745814266011,77.94132326207324,0.6014245514531826,0.2308946887527895,1.8122027104787164,5.892248223415675,0.10219786825170127,0.0,0.0,0.0,6.494868479394646,0.5412390399495538,1.202412031851775,,,CFBD/team roster,,0.012732186547111309,LOW,HIGH,calibrated passing and rushing efficiency,0.0,v1.0,2026-08-18T18:11:37+00:00
2026,CFF_ILL,Illinois,CFP_43B52EDE,Carson Boyd,QB,186,12.0,9.230247677144002,5.86695631296702,71.32464190682629,0.5018498785270145,0.18168554476543836,2.8751428421483656,7.855502960208116,0.1673728212055673,0.0,0.0,0.0,6.468486868869887,0.5390405724058239,1.7897872232542154,,,CFBD/team roster,,0.002405637561728296,LOW,HIGH,calibrated passing and rushing efficiency,45.427822363712245,v1.0,2026-08-18T18:11:37+00:00
2026,CFF_COLO,Colorado,CFP_9FC0694C,Kaneal Sweetwyne,QB,187,12.0,9.127010420746863,5.974964698325106,71.27946920700624,0.5157874921828008,0.23455648344641583,3.1283318997651293,7.9723970037522705,0.1637869047858827,0.0,0.0,0.0,6.4597333826555605,0.5383111152212967,1.7799611290905233,,,CFBD/team roster,,0.004490295837205947,LOW,HIGH,calibrated passing and rushing efficiency,59.47207562286219,v1.0,2026-08-18T18:11:37+00:00
2026,CFF_TEX,Texas,CFP_25CA1E3D,Dia Bell,QB,188,12.0,9.128097748946885,5.856000960223099,70.99666021824468,0.574100432190717,0.2014319443697436,2.392442977318296,6.776562129732648,0.13830077677925295,0.0,0.0,0.0,6.442297066771695,0.5368580888976412,1.5074608736487827,,,CFBD/team roster,,0.0011699077514438615,LOW,HIGH,calibrated passing and rushing efficiency,12.305348647457096,v1.0,2026-08-18T18:11:37+00:00
2026,CFF_UCF,UCF,CFP_FA73EF7B,Rocco Marriott,QB,189,12.0,9.363559181689785,5.839076515525214,70.76937943218077,0.47663817688970544,0.24572458446927486,2.727217062857701,9.026353395527083,0.16810080596369123,0.0,0.0,0.0,6.402843475711634,0.5335702896426362,1.9112401753348558,,,CFBD/team roster,,0.011487665573827768,LOW,HIGH,calibrated passing and rushing efficiency,63.618136950553655,v1.0,2026-08-18T18:11:37+00:00
2026,CFF_BYU,BYU,CFP_EACA8B27,Treyson Bourguet,QB,190,12.0,9.364281641907565,5.779751582797915,70.39979067324415,0.4391264201154248,0.22972682580016274,2.614020278599103,8.526208591623114,0.16454922121804133,0.0,0.0,0.0,6.182686668061861,0.5152238890051551,1.8399161864705593,,,CFBD/team roster,,0.0022983206995593718,LOW,HIGH,calibrated passing and rushing efficiency,5.121004534790005,v1.0,2026-08-18T18:11:37+00:00
2026,CFF_PSU,Penn State,CFP_489D7670,Peyton Falzone,QB,191,12.0,8.796997055604816,5.7274395055858625,67.12519419260859,0.46934109497810705,0.21327263827494644,2.489472659164607,8.03732971140798,0.16584946030543887,0.0,0.0,0.0,6.147929242315257,0.5123274368596048,1.798829732973431,,,CFBD/team roster,,0.007762500725197151,LOW,HIGH,calibrated passing and rushing efficiency,50.08236205463741,v1.0,2026-08-18T18:11:37+00:00
2026,CFF_KU,Kansas,CFP_31312F37,Jaylen Mason,QB,192,12.0,11.503965169200814,7.238108708089287,85.78508881656852,0.6275341751394321,0.2681484435085945,0.6560349599246651,2.2009119270212483,0.04011059293934219,0.0,0.0,0.0,6.134146560050053,0.5111788800041711,0.4607547503381779,,,CFBD/team roster,,0.025124903579998872,LOW,HIGH,calibrated passing and rushing efficiency,60.24016637786996,v1.0,2026-08-18T18:11:37+00:00
2026,CFF_WAKE,Wake Forest,CFP_3E624707,Gannon Jones,QB,193,12.0,9.880709257776582,6.157183088166637,72.97400965968107,0.4610984088205658,0.24446370927141248,2.4713396718755227,7.294739994838841,0.14182460891497897,0.0,0.0,0.0,6.09931196537185,0.5082759971143208,1.580421652973758,,,CFBD/team roster,,0.011267156275962371,LOW,HIGH,calibrated passing and rushing efficiency,47.60464582081728,v1.0,2026-08-18T18:11:37+00:00
2026,CFF_PUR,Purdue,CFP_3A597253,Corin Berry,QB,194,12.0,9.346206400517422,5.77945805687188,64.60651948416309,0.41285712258895685,0.25975203246521644,3.461517580530366,10.164527046576096,0.16919897257923797,0.0,0.0,0.0,6.007583777390171,0.500631981449181,2.0316465401330372,,,CFBD/team roster,,0.002029838368852436,LOW,HIGH,calibrated passing and rushing efficiency,11.828446517968201,v1.0,2026-08-18T18:11:37+00:00
2026,CFF_BAY,Baylor,CFP_51D1A2EA,Edward Griffin,QB,195,12.0,9.120640197031667,5.609180079179578,71.05380424203938,0.5542956414574447,0.21987348276693244,1.7743629038327138,4.998877130039323,0.10031404063540038,0.0,0.0,0.0,5.941233209560756,0.4951027674633963,1.1017719568163344,,,CFBD/team roster,,0.0009581706608749281,LOW,HIGH,calibrated passing and rushing efficiency,41.44742368205443,v1.0,2026-08-18T18:11:37+00:00
2026,CFF_PUR,Purdue,CFP_0B8906E4,Bennett Meredith,QB,196,12.0,9.174264680153383,5.673133638333965,63.41795637836384,0.4052618094875297,0.25497338651880846,3.397836204112892,9.977530719705083,0.1660862270242616,0.0,0.0,0.0,5.897062540681941,0.49142187839016177,1.994270434116078,,,CFBD/team roster,,0.0019888431000179498,LOW,HIGH,calibrated passing and rushing efficiency,8.7759441907506,v1.0,2026-08-18T18:11:37+00:00
2026,CFF_BAY,Baylor,CFP_9964FEBE,Cade Tessier,QB,197,12.0,9.027116646803943,5.551663235675299,70.32521459412585,0.5486118632198463,0.21761888788487688,1.7561684882463149,4.947618366810661,0.09928541490132481,0.0,0.0,0.0,5.880311474848558,0.4900259562373798,1.0904743260890148,,,CFBD/team roster,,0.0009464695707558187,LOW,HIGH,calibrated passing and rushing efficiency,25.361831923147438,v1.0,2026-08-18T18:11:37+00:00
2026,CFF_ASU,Arizona State,CFP_150DA331,Mikey Keene,QB,198,12.0,8.191892885753376,5.105848905033032,61.8036471535012,0.4404080977335527,0.2170771306767231,2.736384092809778,8.812449452305199,0.15536934185585743,0.0,0.0,0.0,5.830162142763201,0.4858468452302667,1.8134609963656645,,,CFBD/team roster,,0.005558285248912477,LOW,HIGH,calibrated passing and rushing efficiency,0.0,v1.0,2026-08-18T18:11:37+00:00
2026,CFF_CLEM,Clemson,CFP_494F1582,Trent Pearman,QB,199,12.0,8.733886223156713,5.540423900312044,68.12458692405906,0.483950287187378,0.17749867954222043,1.828753960346356,5.412504387293069,0.10700838978943056,0.0,0.0,0.0,5.666586723635544,0.472215560302962,1.1833007774658904,,,CFBD/team roster,,0.00752428737066039,LOW,HIGH,calibrated passing and rushing efficiency,18.738428313040803,v1.0,2026-08-18T18:11:37+00:00
2026,CFF_TAMU,Texas A&M,CFP_337DE679,Helaman Casuga,QB,200,12.0,7.872140528390269,4.873465797547759,60.93652702323415,0.4521266669738784,0.22945118706054918,2.4036744598964637,7.542467863171979,0.14568758710598556,0.0,0.0,0.0,5.644888870717442,0.4704074058931202,1.6283723089531112,,,CFBD/team roster,,0.0015520199667140603,LOW,HIGH,calibrated passing and rushing efficiency,8.725255473169721,v1.0,2026-08-18T18:11:37+00:00
2026,CFF_PUR,Purdue,CFP_E6205105,Evans Chuba,QB,201,12.0,8.748561024253759,5.409889246064531,60.47524033286371,0.3864568763501031,0.2431421273844415,3.2401700210815587,9.514553963277095,0.15837950430546374,0.0,0.0,0.0,5.623427413491012,0.46861895112425095,1.9017324221604919,,,CFBD/team roster,,0.0018906001677001121,LOW,HIGH,calibrated passing and rushing efficiency,0.0,v1.0,2026-08-18T18:11:37+00:00
2026,CFF_SMU,SMU,CFP_F0B51A17,Charlie Fiser,QB,202,12.0,7.730346868971628,4.982682538109111,61.097540124753024,0.4394993221156129,0.20444635637277273,2.205888370837611,6.471272621969211,0.13539689741161612,0.0,0.0,0.0,5.456961183746417,0.45474676531220143,1.4595086466666178,,,CFBD/team roster,,0.003380640849770899,LOW,HIGH,calibrated passing and rushing efficiency,3.0187776787900296,v1.0,2026-08-18T18:11:37+00:00
2026,CFF_TCU,TCU,CFP_CF81CF39,David Potter,QB,203,12.0,8.540397530466723,5.5481088011337425,67.1225374048886,0.4874060134224695,0.21985536545344078,1.5953430666011283,4.3591282703407925,0.10036862890537794,0.0,0.0,0.0,5.4527947848983285,0.45439956540819404,1.038124600466347,,,CFBD/team roster,,0.0,LOW,HIGH,calibrated passing and rushing efficiency,0.0,v1.0,2026-08-18T18:11:37+00:00
2026,CFF_MSU,Michigan State,CFP_83534528,Leo Hannan,QB,204,12.0,7.85017040573495,4.933428357768724,58.440103938134044,0.39252583700698235,0.1913805451437522,2.8161190782724583,7.715793353660119,0.14374457864179682,0.0,0.0,0.0,5.350373767626332,0.44586448063552764,1.6340468072167929,,,CFBD/team roster,,0.00946737003758993,LOW,HIGH,calibrated passing and rushing efficiency,28.09226794795279,v1.0,2026-08-18T18:11:37+00:00
2026,CFF_RUTG,Rutgers,CFP_55C2D833,Xavier Stearn,QB,205,12.0,7.742529931746669,4.767997414823131,58.242212213231234,0.389033989581188,0.16161486538766118,2.718355143938211,7.029814103722818,0.1523554958250696,0.0,0.0,0.0,5.341323966789039,0.4451103305657533,1.6171143853226995,,,CFBD/team roster,,0.0038334121659694847,LOW,HIGH,calibrated passing and rushing efficiency,70.93593987748991,v1.0,2026-08-18T18:11:37+00:00
2026,CFF_KSU,Kansas State,CFP_8B275DD6,Dillon Duff,QB,206,12.0,7.507607388599537,4.670979394069255,54.61039520566426,0.4173761587943816,0.1761077652833061,2.2513230720018296,8.290248900988855,0.13746755810599007,0.0,0.0,0.0,5.331642916855617,0.44430357640463475,1.6538302387348258,,,CFBD/team roster,,0.0006994256209736035,LOW,HIGH,calibrated passing and rushing efficiency,6.441122380779257,v1.0,2026-08-18T18:11:37+00:00
2026,CFF_MD,Maryland,CFP_C3574A95,Nathan Bernhard,QB,207,12.0,8.597598668076476,5.483550108153563,59.6645584553555,0.3837431961336148,0.1988387472233287,2.5944132603220647,7.227856790159269,0.13435647360424882,0.0,0.0,0.0,5.25164089616677,0.43763674134723085,1.5289245206414197,,,CFBD/team roster,,0.000459689606996118,LOW,HIGH,calibrated passing and rushing efficiency,9.866014676567422,v1.0,2026-08-18T18:11:37+00:00
2026,CFF_SC,South Carolina,CFP_1FF24CEA,Landon Duckworth,QB,208,12.0,8.187902182706214,5.2401056369433885,63.77656991086717,0.40050112093974544,0.21626085602460182,2.2106755133615987,6.079284277160014,0.115437418048808,0.0,0.0,0.0,5.237359360177916,0.43644661334815965,1.3005529360088492,,,CFBD/team roster,,0.0035373425411299887,LOW,HIGH,calibrated passing and rushing efficiency,8.749170809875691,v1.0,2026-08-18T18:11:37+00:00
2026,CFF_ILL,Illinois,CFP_A589E634,Michael Clayton II,QB,209,12.0,7.4109614801135795,4.710576439738741,57.26652114257648,0.4029350293354387,0.1458752376801588,2.3084508236705026,6.307179599218928,0.1343835587255006,0.0,0.0,0.0,5.19354503763955,0.4327954198032959,1.4370193122748964,,,CFBD/team roster,,0.001879755482729845,LOW,HIGH,calibrated passing and rushing efficiency,0.0,v1.0,2026-08-18T18:11:37+00:00
2026,CFF_SC,South Carolina,CFP_F2F94237,Cutter Woods,QB,210,12.0,8.129308672487065,5.230335876617509,61.813433123991295,0.3976350917665919,0.2147132700380175,2.1787832302133014,5.991581557184002,0.1137720615548001,0.0,0.0,0.0,5.130154947035202,0.42751291225293353,1.2817905250472008,,,CFBD/team roster,,0.0034897488322207315,LOW,HIGH,calibrated passing and rushing efficiency,12.982968859788395,v1.0,2026-08-18T18:11:37+00:00
2026,CFF_TTU,Texas Tech,CFP_6D8A6C01,Holden Phillips,QB,211,12.0,7.745646545530123,5.006837283572577,61.714416549286454,0.45484145130418985,0.17465780825613228,1.379895423092679,4.548614432225931,0.08995509352794068,0.0,0.0,0.0,5.107876663322323,0.4256563886101936,0.9945920043902372,,,CFBD/team roster,,0.006387642844559405,LOW,HIGH,calibrated passing and rushing efficiency,0.7585323472520641,v1.0,2026-08-18T18:11:37+00:00
2026,CFF_TEX,Texas,CFP_F9885D17,Karle Lacey Jr.,QB,212,12.0,7.293627547903388,4.688673527648377,56.628892747670456,0.4587236949749518,0.16095024603043978,1.841642279280627,5.21642665869367,0.10646045075628932,0.0,0.0,0.0,5.099505614183288,0.4249588011819407,1.160405370407103,,,CFBD/team roster,,0.0006710358753880305,LOW,HIGH,calibrated passing and rushing efficiency,0.7971708872915999,v1.0,2026-08-18T18:11:37+00:00
2026,CFF_UCLA,UCLA,CFP_3850C077,DJ Bordeaux,QB,213,12.0,8.828937062348174,5.6091842565201455,62.62716100366049,0.41154999497838146,0.20617547714997725,2.09470092753368,6.003199425128791,0.09086721315573802,0.0,0.0,0.0,5.090634164357276,0.4242195136964397,1.1455232214473072,,,CFBD/team roster,,0.0005029933200015213,LOW,HIGH,calibrated passing and rushing efficiency,10.001576331010343,v1.0,2026-08-18T18:11:37+00:00
2026,CFF_UTAH,Utah,CFP_FCAA1D7A,Kane Archer,QB,214,12.0,7.447820770513694,4.598041110571889,54.57290010078003,0.4585903638226059,0.18792521796681363,1.7282855383472775,6.093734215831714,0.09981506798940779,0.0,0.0,0.0,5.037616070874428,0.41980133923953566,1.2082638295196182,,,CFBD/team roster,,0.004907049702205366,LOW,HIGH,calibrated passing and rushing efficiency,5.605768917802215,v1.0,2026-08-18T18:11:37+00:00
2026,CFF_PITT,Pitt,CFP_2CF93119,Angelo Renda,QB,215,12.0,7.680138496937678,4.803150116293749,57.204639376953025,0.43901365813116944,0.2179558643511621,2.057554746496869,5.6210294257132585,0.10503365262577677,0.0,0.0,0.0,5.018589201577624,0.4182157667981354,1.1923048583259863,,,CFBD/team roster,,0.005323527630370515,LOW,HIGH,calibrated passing and rushing efficiency,44.642966714017135,v1.0,2026-08-18T18:11:37+00:00
2026,CFF_TTU,Texas Tech,CFP_1EF90CFC,Stephen Cannon,QB,216,12.0,7.78043858249207,5.0191388551095635,61.899823214419776,0.45688451646247974,0.17544233939692475,1.2259915291857142,4.041293760466611,0.07992213092872678,0.0,0.0,0.0,5.011750816648807,0.4176459013874006,0.8836621616190218,,,CFBD/team roster,,0.006421141477203108,LOW,HIGH,calibrated passing and rushing efficiency,68.125686437576,v1.0,2026-08-18T18:11:37+00:00
2026,CFF_MD,Maryland,CFP_63B77235,Cardell Williams,QB,217,12.0,8.204842646056434,5.2330502406704715,56.938958489690854,0.36621301625323494,0.1897553835542549,2.475895116949816,6.897673399397599,0.12821879305614625,0.0,0.0,0.0,5.011735119322957,0.41764459327691306,1.4590800982766374,,,CFBD/team roster,,0.0,LOW,HIGH,calibrated passing and rushing efficiency,0.0,v1.0,2026-08-18T18:11:37+00:00
2026,CFF_MD,Maryland,CFP_D618049A,Jack Capaldi,QB,218,12.0,8.204842646056434,5.2330502406704715,56.938958489690854,0.36621301625323494,0.1897553835542549,2.475895116949816,6.897673399397599,0.12821879305614625,0.0,0.0,0.0,5.011735119322957,0.41764459327691306,1.4590800982766374,,,CFBD/team roster,,0.0,LOW,HIGH,calibrated passing and rushing efficiency,0.0,v1.0,2026-08-18T18:11:37+00:00
2026,CFF_RUTG,Rutgers,CFP_7BB74096,Sean Ashenfelder,QB,219,12.0,7.0346740987803456,4.341297986806158,53.46718312310635,0.35346680660937096,0.14683932997905408,2.6685880196212843,6.901113616148554,0.1495662006448569,0.0,0.0,0.0,4.993223786866681,0.41610198223889006,1.5875085654839967,,,CFBD/team roster,,0.003390230954020039,LOW,HIGH,calibrated passing and rushing efficiency,0.8418030839892,v1.0,2026-08-18T18:11:37+00:00
2026,CFF_OSU,Ohio State,CFP_B27793FE,Justyn Martin,QB,220,12.0,5.89579866120511,3.8890201389174637,51.09349491463851,0.4130228922661803,0.1314895300395018,1.9372610652328843,5.634201773342669,0.1280858514205965,0.0,0.0,0.0,4.896277121468606,0.4080230934557172,1.331935285857846,,,CFBD/team roster,,0.0004429170862242232,LOW,HIGH,calibrated passing and rushing efficiency,5.0474801223200245,v1.0,2026-08-18T18:11:37+00:00
2026,CFF_MD,Maryland,CFP_3937FE6F,Max Lawrence,QB,221,12.0,7.84811035709746,5.00552631716306,54.463351598834734,0.3502907111987465,0.18150514948667862,2.36824750316939,6.597774555945531,0.12264406292327036,0.0,0.0,0.0,4.793833592395872,0.399486132699656,1.3956418331341753,,,CFBD/team roster,,0.0,LOW,HIGH,calibrated passing and rushing efficiency,0.0,v1.0,2026-08-18T18:11:37+00:00
2026,CFF_UTAH,Utah,CFP_2A561411,Michael Johnson,QB,222,12.0,7.01593650572928,4.331409881696213,51.40832652101691,0.431997623715209,0.1770278095708742,1.628065708672836,5.740370728351524,0.09402699137192518,0.0,0.0,0.0,4.745494767197342,0.39545789726644515,1.1381990210667037,,,CFBD/team roster,,0.004592375992070286,LOW,HIGH,calibrated passing and rushing efficiency,5.415803602812753,v1.0,2026-08-18T18:11:37+00:00
2026,CFF_UGA,Georgia,CFP_1ED5EE55,Ryan Montgomery,QB,223,12.0,7.267771493513222,4.643951896465736,55.05433964971379,0.41232803797343043,0.1597619136374584,1.5736851480895573,4.451754222111496,0.09680610502869205,0.0,0.0,0.0,4.717735876628117,0.3931446563856764,1.0260120523833018,,,CFBD/team roster,,0.001605735440447138,LOW,HIGH,calibrated passing and rushing efficiency,0.7802566767537302,v1.0,2026-08-18T18:11:37+00:00
2026,CFF_ALA,Alabama,CFP_2ADA0D98,John Gazzaniga,QB,224,12.0,6.866296424644143,4.355985416290323,52.99872803143967,0.3707157870404198,0.15698406426714562,1.9193447131889965,5.168281008424737,0.1200920811392695,0.0,0.0,0.0,4.683208792830211,0.3902673994025176,1.2373805876780906,,,CFBD/team roster,,0.012544061334889858,LOW,HIGH,calibrated passing and rushing efficiency,0.0,v1.0,2026-08-18T18:11:37+00:00
2026,CFF_UCF,UCF,CFP_B31289A5,Dante Carr,QB,225,12.0,6.822818295358687,4.2546810785399645,51.5665685848666,0.34730550749427963,0.1790488165883334,1.9872044498064416,6.577111106191704,0.12248774553979326,0.0,0.0,0.0,4.665473540641379,0.3887894617201149,1.3926375838579301,,,CFBD/team roster,,0.007705464200333912,LOW,HIGH,calibrated passing and rushing efficiency,0.0,v1.0,2026-08-18T18:11:37+00:00
2026,CFF_VT,Virginia Tech,CFP_00E57AC1,Kelden Ryan,QB,226,12.0,6.659949901121621,4.100477482861479,48.590920278541084,0.33282393922279674,0.16560111804773162,2.3054263943058064,7.122329158072394,0.14035131757052363,0.0,0.0,0.0,4.66367227121548,0.38863935593462334,1.554340821230381,,,CFBD/team roster,,0.005354957715082675,LOW,HIGH,calibrated passing and rushing efficiency,0.0,v1.0,2026-08-18T18:11:37+00:00
2026,CFF_CLEM,Clemson,CFP_CCD6DC3B,Brock Bradley,QB,227,12.0,7.257616404870051,4.63485902170889,56.97302078436949,0.40214922128481967,0.14749646326658777,1.4026286544846036,4.151314999587511,0.08207393506367919,0.0,0.0,0.0,4.647596363588297,0.38729969696569144,0.9075751103408263,,,CFBD/team roster,,0.006222830178315247,LOW,HIGH,calibrated passing and rushing efficiency,53.24583098603497,v1.0,2026-08-18T18:11:37+00:00
2026,CFF_OU,Oklahoma,CFP_C86DB487,Whitt Newbauer,QB,228,12.0,6.910039288409476,4.33505336942485,47.148563936872634,0.3162985126142704,0.16022475498434274,2.71935779140222,7.556097035575335,0.1379911989928504,0.0,0.0,0.0,4.57446875046228,0.38120572920519,1.583556897514636,,,CFBD/team roster,,0.0020313201752658215,LOW,HIGH,calibrated passing and rushing efficiency,3.0345106354733935,v1.0,2026-08-18T18:11:37+00:00
2026,CFF_GT,Georgia Tech,CFP_3BAA8BA9,Ben Guthrie,QB,229,12.0,6.71048191979677,4.344600238850189,49.414066711272675,0.325932449093263,0.1456375198245268,2.0918162600866603,6.797211551419556,0.12451175814979136,0.0,0.0,0.0,4.5614466490401355,0.38012055408667794,1.4267917040407037,,,CFBD/team roster,,0.0,LOW,HIGH,calibrated passing and rushing efficiency,0.0,v1.0,2026-08-18T18:11:37+00:00
2026,CFF_BYU,BYU,CFP_C519D5A4,John Sanders,QB,230,12.0,6.96306459940058,4.304657870943706,53.14377665513999,0.32652431307526913,0.17081958760222932,1.8417765692433052,6.007363958533677,0.11593747095528975,0.0,0.0,0.0,4.557389952489553,0.37978249604079606,1.2963612215851064,,,CFBD/team roster,,0.0016212058611476323,LOW,HIGH,calibrated passing and rushing efficiency,2.3667628320297363,v1.0,2026-08-18T18:11:37+00:00
2026,CFF_ARIZ,Arizona,CFP_28E94553,Sawyer Anderson,QB,231,12.0,7.069999702616836,4.40386558528926,51.52671320704637,0.39333070004699205,0.16435799584222355,1.7716826641625847,5.1437338532249095,0.09124682075566896,0.0,0.0,0.0,4.531887642484104,0.37765730354034205,1.0618543098565048,,,CFBD/team roster,,0.0010911102872072842,LOW,HIGH,calibrated passing and rushing efficiency,7.1674237610235,v1.0,2026-08-18T18:11:37+00:00
2026,CFF_WVU,West Virginia,CFP_FB208970,Jyron Hughley,QB,232,12.0,6.8596987835101375,4.292622204837027,50.087495846666826,0.3205688559886106,0.20489342722998022,2.2869716938994906,6.848812191024059,0.12619124696174083,0.0,0.0,0.0,4.522910531463986,0.3769092109553322,1.442028700872851,,,CFBD/team roster,,0.008547080648230208,LOW,HIGH,calibrated passing and rushing efficiency,26.309027935143003,v1.0,2026-08-18T18:11:37+00:00
2026,CFF_LSU,LSU,CFP_05C7BFE9,Landen Clark,QB,233,12.0,8.123188399655902,5.2059174143938955,60.05117603665025,0.4020834993980106,0.16185710854900295,1.0837696078399823,2.9146551871971584,0.05808089893487387,0.0,0.0,0.0,4.4884748428380075,0.37403957023650064,0.6399509123289591,,,CFBD/team roster,,0.006100379744909434,LOW,HIGH,calibrated passing and rushing efficiency,85.35335044488278,v1.0,2026-08-18T18:11:37+00:00
2026,CFF_OU,Oklahoma,CFP_F1C8D382,Jett Niu,QB,234,12.0,7.086026741691089,4.45953941839597,49.738222358522556,0.32435412089498106,0.16430541869774046,2.3296675334501256,6.473290862656812,0.11821674117760479,0.0,0.0,0.0,4.479269492554396,0.3732724577128663,1.35662953333131,,,CFBD/team roster,,0.0020798313589033093,LOW,HIGH,calibrated passing and rushing efficiency,6.691974965634651,v1.0,2026-08-18T18:11:37+00:00
2026,CFF_BAY,Baylor,CFP_C3598C3E,Quinn Murphy,QB,235,12.0,6.8516677889674185,4.213765441985124,53.377509833928094,0.41640164616679276,0.16517481525173722,1.3329486627578986,3.75528961487191,0.07535857858162531,0.0,0.0,0.0,4.463212595749501,0.37193438297912507,0.8276804329769429,,,CFBD/team roster,,0.0,LOW,HIGH,calibrated passing and rushing efficiency,0.0,v1.0,2026-08-18T18:11:37+00:00
2026,CFF_PSU,Penn State,CFP_7F2EAFFC,Kase Evans,QB,236,12.0,6.365801879260651,4.144567167358621,48.57404005436097,0.3396309451442088,0.1543312283662222,1.80146584475451,5.816081130608122,0.12001422751574868,0.0,0.0,0.0,4.448847632540355,0.37073730271169625,1.3016934781553042,,,CFBD/team roster,,0.00518570996391076,LOW,HIGH,calibrated passing and rushing efficiency,41.543685747832534,v1.0,2026-08-18T18:11:37+00:00
2026,CFF_MIZ,Missouri,CFP_A2190343,Brett Brown,QB,237,12.0,6.158992935618802,3.9994484715212963,45.22540362846474,0.28462064970047823,0.14719474567792493,2.4868056863609165,7.6433866307736285,0.14606135122383454,0.0,0.0,0.0,4.441010768682947,0.37008423072357893,1.64070677042037,,,CFBD/team roster,,0.00790338902846002,LOW,HIGH,calibrated passing and rushing efficiency,0.81918275968128,v1.0,2026-08-18T18:11:37+00:00
2026,CFF_MISS,Ole Miss,CFP_2CB8684C,AJ Maddox,QB,238,12.0,5.860896161135104,3.7666036531203777,51.256524804325124,0.3258292822480184,0.11497461983492485,1.7306947172178675,5.338993099896467,0.10430183855335248,0.0,0.0,0.0,4.398313842639915,0.36652615355332624,1.1597103413097616,,,CFBD/team roster,,0.00471033698497103,LOW,HIGH,calibrated passing and rushing efficiency,0.6494522372978843,v1.0,2026-08-18T18:11:37+00:00
2026,CFF_STAN,Stanford,CFP_DB169631,Davis Warren,QB,239,12.0,7.252941686843146,4.475813412966282,51.4090513850626,0.35561642417195205,0.2179000522165054,2.119866607455049,5.054561692905006,0.09773092036259362,0.0,0.0,0.0,4.352769391339868,0.3627307826116557,1.0918416914660622,,,CFBD/team roster,,0.0,LOW,HIGH,calibrated passing and rushing efficiency,0.0,v1.0,2026-08-18T18:11:37+00:00
2026,CFF_MIZ,Missouri,CFP_133A72B4,Gavin Sidwar,QB,240,12.0,6.067313083157463,3.9539526442010793,44.93057939180092,0.2803839214813106,0.1450036743927489,2.2720029104788786,6.983173943294857,0.13344501217328616,0.0,0.0,0.0,4.272742654573733,0.3560618878811444,1.4989874673692025,,,CFBD/team roster,,0.007758890465361406,LOW,HIGH,calibrated passing and rushing efficiency,58.32164715324095,v1.0,2026-08-18T18:11:37+00:00
2026,CFF_BC,Boston College,CFP_4EDF7E30,Enzo Arjona,QB,241,12.0,6.372387998642179,4.036429605873658,48.33765796479577,0.3537353812780306,0.15448573646083255,1.6239271977661494,4.399870713358403,0.08932758719998063,0.0,0.0,0.0,4.169914701778844,0.34749289181490367,0.9759525945357241,,,CFBD/team roster,,0.0,LOW,HIGH,calibrated passing and rushing efficiency,0.0,v1.0,2026-08-18T18:11:37+00:00
2026,CFF_CIN,Cincinnati,CFP_7FE7197C,Brooks Goodman,QB,242,12.0,6.087141184292825,3.861825217359377,45.83209396667223,0.3394098503650325,0.1296588305211151,1.4734387136181524,5.199486600210108,0.0850148640417076,0.0,0.0,0.0,4.091302173877161,0.3409418478230968,1.0300378442712566,,,CFBD/team roster,,0.005215843465056177,LOW,HIGH,calibrated passing and rushing efficiency,42.983535431551495,v1.0,2026-08-18T18:11:37+00:00
2026,CFF_WVU,West Virginia,CFP_7604FA25,Max Brown,QB,243,12.0,5.642283003338205,3.5122086084488857,40.30506834391372,0.26367633107915717,0.16853024286350174,2.5201445182377413,7.547096689342606,0.1390573307612581,0.0,0.0,0.0,4.087431468711485,0.34061928905929045,1.5890536535018092,,,CFBD/team roster,,0.006758740298408693,LOW,HIGH,calibrated passing and rushing efficiency,2.63829674617875,v1.0,2026-08-18T18:11:37+00:00
2026,CFF_UCLA,UCLA,CFP_56DEC36A,Madden Iamaleava,QB,244,12.0,7.068381828652559,4.490671503530475,50.13884272730756,0.3294838875330659,0.16506256482624357,1.6770020975438726,4.806117138530404,0.07274761998580759,0.0,0.0,0.0,4.075524128166209,0.3396270106805174,0.9170974337678859,,,CFBD/team roster,,0.0,LOW,HIGH,calibrated passing and rushing efficiency,0.0,v1.0,2026-08-18T18:11:37+00:00
2026,CFF_IND,Indiana,CFP_D19678F8,Jacob Bell,QB,245,12.0,4.759721237866597,3.104420035247079,38.508538101300985,0.34447275742283967,0.11414521512922772,1.840692084461264,5.629907454930058,0.11780187750602984,0.0,0.0,0.0,4.073889349143355,0.33949077909527964,1.269802010529185,,,CFBD/team roster,,0.002586373137775104,LOW,HIGH,calibrated passing and rushing efficiency,30.821726583627246,v1.0,2026-08-18T18:11:37+00:00
2026,CFF_ARIZ,Arizona,CFP_82A8223C,Luke Haugo,QB,246,12.0,6.310667373133611,3.9308814757749446,45.99263954143662,0.3510861838819626,0.14670561322530826,1.581400347179504,4.5912863888261,0.08144672685514232,0.0,0.0,0.0,4.045153703973471,0.3370961419977892,0.9478090000134639,,,CFBD/team roster,,0.000977876873472427,LOW,HIGH,calibrated passing and rushing efficiency,0.0,v1.0,2026-08-18T18:11:37+00:00
2026,CFF_OKST,Oklahoma State,CFP_961F12AF,Broderick Vehrs,QB,247,12.0,6.172317007633716,3.806627797650291,46.91105017191237,0.32471050772701426,0.15838753005564124,1.7353818602963034,4.579001865865397,0.08908708265859445,0.0,0.0,0.0,4.009319190267017,0.3341099325222514,0.9924226825381064,,,CFBD/team roster,,0.004386304356373709,LOW,HIGH,calibrated passing and rushing efficiency,60.79636628841685,v1.0,2026-08-18T18:11:37+00:00
2026,CFF_BC,Boston College,CFP_898F5554,Mason McKenzie,QB,248,12.0,6.095327650875128,3.8609326664878463,46.23602066197856,0.33835558209202926,0.14776896531036157,1.553321667428491,4.208571986690648,0.08544377906085106,0.0,0.0,0.0,3.9886140625710693,0.3323845052142558,0.9335198730341712,,,CFBD/team roster,,0.0,LOW,HIGH,calibrated passing and rushing efficiency,0.0,v1.0,2026-08-18T18:11:37+00:00
2026,CFF_UCLA,UCLA,CFP_A8908D4D,Colton Gumino,QB,249,12.0,6.854853621967852,4.355013151137567,48.6242022576303,0.3195305339449431,0.16007620241508264,1.6263416692909047,4.6609295130477175,0.07054999269108754,0.0,0.0,0.0,3.9524069311211987,0.3293672442600999,0.889392907451297,,,CFBD/team roster,,0.0003878029720737548,LOW,HIGH,calibrated passing and rushing efficiency,0.0,v1.0,2026-08-18T18:11:37+00:00
2026,CFF_MINN,Minnesota,CFP_40D05A92,Dylan Wittke,QB,250,12.0,6.485626285935724,4.1388918716593945,44.41642125879815,0.3256677124032138,0.1302783463926481,1.6563854909624742,4.0806593273990215,0.0953852724200067,0.0,0.0,0.0,3.929426920832076,0.327452243402673,0.9803775672599424,,,CFBD/team roster,,0.0020540432320665485,LOW,HIGH,calibrated passing and rushing efficiency,2.3865193428801663,v1.0,2026-08-18T18:11:37+00:00
2026,CFF_UVA,Virginia,CFP_5F35F109,Cole Geer,QB,251,12.0,6.422122352697461,4.131163448616057,45.2316060654673,0.29396090141256076,0.17760749017409685,1.7926862243194108,5.2039328524177835,0.09856343211307077,0.0,0.0,0.0,3.919274236015041,0.32660618633458677,1.1117738779202029,,,CFBD/team roster,,0.004881918304088513,LOW,HIGH,calibrated passing and rushing efficiency,1.4280968772129963,v1.0,2026-08-18T18:11:37+00:00
2026,CFF_BYU,BYU,CFP_81F72BB3,Enoch Watson,QB,252,12.0,5.953581123699115,3.6805819447143264,45.43915700040472,0.27918583247397877,0.1460546944220865,1.5747615234909929,5.136434992976422,0.09912921656194995,0.0,0.0,0.0,3.8966737141593595,0.32472280951328,1.108418798669342,,,CFBD/team roster,,0.0,LOW,HIGH,calibrated passing and rushing efficiency,0.0,v1.0,2026-08-18T18:11:37+00:00
2026,CFF_BYU,BYU,CFP_F97EFDE8,Owen Geilman,QB,253,12.0,5.953581123699115,3.6805819447143264,45.43915700040472,0.27918583247397877,0.1460546944220865,1.5747615234909929,5.136434992976422,0.09912921656194995,0.0,0.0,0.0,3.8966737141593595,0.32472280951328,1.108418798669342,,,CFBD/team roster,,0.0,LOW,HIGH,calibrated passing and rushing efficiency,0.0,v1.0,2026-08-18T18:11:37+00:00
2026,CFF_ISU,Iowa State,CFP_DF323698,Connor Moberly,QB,254,12.0,5.635616932411921,3.446713345672847,40.4231205274791,0.23588201949601648,0.1397724948260667,2.1637667737909427,6.356070053305884,0.13470600654125875,0.0,0.0,0.0,3.864523448835304,0.32204362073627535,1.443843044578141,,,CFBD/team roster,,0.005143854392996627,LOW,HIGH,calibrated passing and rushing efficiency,0.90984288334209,v1.0,2026-08-18T18:11:37+00:00
2026,CFF_AUB,Auburn,CFP_7B482502,Rhys Brush,QB,255,12.0,5.719095157432034,3.588638624091796,44.63568222589551,0.34417997664122246,0.13213515874850953,1.2126847915181895,3.9429583495649343,0.06838848647438513,0.0,0.0,0.0,3.8346387906550046,0.31955323255458373,0.8046267538028042,,,CFBD/team roster,,0.00646213595684284,LOW,HIGH,calibrated passing and rushing efficiency,60.36774544698667,v1.0,2026-08-18T18:11:37+00:00
2026,CFF_DUKE,Duke,CFP_498343A2,Blaine Hipa,QB,256,12.0,5.708555812136155,3.6768945273726206,42.704924026984315,0.30830331341410877,0.12971227751885822,1.6915614896538462,4.333066532465832,0.09673275378128607,0.0,0.0,0.0,3.8254011131512486,0.3187834260959374,1.0137031759342996,,,CFBD/team roster,,0.004481831455813018,LOW,HIGH,calibrated passing and rushing efficiency,0.0,v1.0,2026-08-18T18:11:37+00:00
2026,CFF_UCLA,UCLA,CFP_9DEACA02,Ty Dieffenbach,QB,257,12.0,6.5268893880376995,4.146651509790287,46.297821546482375,0.3042428863069674,0.15241750217278055,1.5485308320225,4.437931581735174,0.06717459248814811,0.0,0.0,0.0,3.76330761801679,0.3136089681680658,0.846840713102406,,,CFBD/team roster,,0.00037135843355764813,LOW,HIGH,calibrated passing and rushing efficiency,9.710919492776808,v1.0,2026-08-18T18:11:37+00:00
2026,CFF_HOU,Houston,CFP_1A82ABC7,Luke Carney,QB,258,12.0,4.728010583958631,3.0156084651109354,32.8574087371714,0.26218598653064695,0.15345818491625035,2.6867125887753738,7.992070873908799,0.12503511417471377,0.0,0.0,0.0,3.7589998831323554,0.3132499902610296,1.5494177724391625,,,CFBD/team roster,,0.0003285677784117567,LOW,HIGH,calibrated passing and rushing efficiency,0.0,v1.0,2026-08-18T18:11:37+00:00
2026,CFF_ORE,Oregon,CFP_3548FD2D,Brock Thomas,QB,259,12.0,4.508067015836723,3.0263618990239167,38.06148757981385,0.2832588222285548,0.09763229947185642,1.7528744763494635,5.555937070099916,0.104982218807614,0.0,0.0,0.0,3.743349512490592,0.31194579270754935,1.1854870198556757,,,CFBD/team roster,,0.0016521383771746102,LOW,HIGH,calibrated passing and rushing efficiency,13.820021210928505,v1.0,2026-08-18T18:11:37+00:00
2026,CFF_CAL,California,CFP_D5F90DE1,EJ Caminong,QB,260,12.0,5.769062325839353,3.682574866931081,42.5725197237656,0.2548412018538912,0.12110555393858634,1.9013357081261963,4.733658773003076,0.1108673529971059,0.0,0.0,0.0,3.7397300377105456,0.3116441698092121,1.138569995282943,,,CFBD/team roster,,0.0029963666714506493,LOW,HIGH,calibrated passing and rushing efficiency,0.0,v1.0,2026-08-18T18:11:37+00:00
2026,CFF_NW,Northwestern,CFP_8960073E,Ryan Boe,QB,261,12.0,6.504718108848537,3.775683897925139,40.70486784103169,0.2797924143233813,0.1866999949723518,2.0497210301072766,5.7067315097005835,0.10081463512601228,0.0,0.0,0.0,3.7362253376885737,0.3113521114740478,1.175560961726132,,,CFBD/team roster,,0.0067964408958556734,LOW,HIGH,calibrated passing and rushing efficiency,32.69368704408802,v1.0,2026-08-18T18:11:37+00:00
2026,CFF_CLEM,Clemson,CFP_F025ADDD,Colson Brown,QB,262,12.0,5.827911428989173,3.7218208234655887,45.749692523079794,0.32292834343135296,0.1184405838024199,1.126319594490182,3.333531945170838,0.06590588390132693,0.0,0.0,0.0,3.7320489887712287,0.3110040823976024,0.7287884979250454,,,CFBD/team roster,,0.0,LOW,HIGH,calibrated passing and rushing efficiency,0.0,v1.0,2026-08-18T18:11:37+00:00
2026,CFF_WAKE,Wake Forest,CFP_D8BDC2C0,Billy Johnson,QB,263,12.0,6.002498129144176,3.7404683209791187,44.3314690302862,0.2801157552650848,0.14851089322260871,1.5013306605735197,4.431530371886126,0.08615797990501046,0.0,0.0,0.0,3.7053118056678542,0.3087759838056545,0.9601009166186754,,,CFBD/team roster,,0.0,LOW,HIGH,calibrated passing and rushing efficiency,0.0,v1.0,2026-08-18T18:11:37+00:00
2026,CFF_OSU,Ohio State,CFP_702D6DAF,Luke Fahey,QB,264,12.0,4.426640521150886,2.919925717236935,38.36164495314118,0.31010283358195656,0.0987240092864657,1.4545202141714517,4.230230255034004,0.09616848414708763,0.0,0.0,0.0,3.676187053552934,0.3063489211294112,1.0000339303859263,,,CFBD/team roster,,0.0002850367162536642,LOW,HIGH,calibrated passing and rushing efficiency,8.590860138889798,v1.0,2026-08-18T18:11:37+00:00
2026,CFF_CAL,California,CFP_8E1B1974,Nainoa Lopes,QB,265,12.0,5.670902456805398,3.6199163192799952,41.84815366139648,0.2505051108939458,0.11904495818792998,1.8689847204685797,4.653116165042638,0.1089809589462748,0.0,0.0,0.0,3.676099002025625,0.3063415835021354,1.1191973701819125,,,CFBD/team roster,,0.00293439978252646,LOW,HIGH,calibrated passing and rushing efficiency,7.535127639410679,v1.0,2026-08-18T18:11:37+00:00
2026,CFF_STAN,Stanford,CFP_BC318787,Devin Mignery,QB,266,12.0,5.991560523913901,3.6974110802764932,42.468346796356045,0.29377008953335165,0.18000439096146095,1.7511941539846054,4.175507485443265,0.08073423856040342,0.0,0.0,0.0,3.5957660189329346,0.29964716824441123,0.901956179906747,,,CFBD/team roster,,0.0,LOW,HIGH,calibrated passing and rushing efficiency,0.0,v1.0,2026-08-18T18:11:37+00:00
2026,CFF_PITT,Pitt,CFP_7343EA15,Davin Friedman,QB,267,12.0,5.489650720975079,3.433221485442892,40.889039946874,0.3138005448519762,0.1557916655218116,1.4707100532179227,4.017829659164715,0.07507651940048343,0.0,0.0,0.0,3.5872141940804254,0.2989345161733688,0.852242082319372,,,CFBD/team roster,,0.0,LOW,HIGH,calibrated passing and rushing efficiency,0.0,v1.0,2026-08-18T18:11:37+00:00
2026,CFF_MICH,Michigan,CFP_8927EC43,Tommy Carr,QB,268,12.0,5.883469888442521,3.6826584353762044,40.492907907788144,0.24824574422773807,0.1751640908292872,1.6494229031076577,5.335684075895091,0.09861072681001737,0.0,0.0,0.0,3.562767970842804,0.296897330903567,1.1252327684496133,,,CFBD/team roster,,0.000777048809079838,LOW,HIGH,calibrated passing and rushing efficiency,5.992412482358836,v1.0,2026-08-18T18:11:37+00:00
2026,CFF_ORE,Oregon,CFP_251720F7,Akili Smith Jr.,QB,269,12.0,4.714545944630303,3.1360952442845216,39.32668026390045,0.2962326706606256,0.10210406365366315,1.3384976488264209,4.242522100523577,0.08016458390974802,0.0,0.0,0.0,3.561133543055703,0.29676112858797526,0.9052397135108459,,,CFBD/team roster,,0.0017847762732981732,LOW,HIGH,calibrated passing and rushing efficiency,7.651988641073305,v1.0,2026-08-18T18:11:37+00:00
2026,CFF_WASH,Washington,CFP_A5CC2A2A,Derek Zammit,QB,270,12.0,4.910523586467585,3.2469088006932902,39.50334160597497,0.2951900595436039,0.11020315993522621,1.381411516410197,4.253555021596814,0.08009481148092265,0.0,0.0,0.0,3.5566151135234056,0.2963845927936171,0.9059243710452173,,,CFBD/team roster,,0.002337891975709147,LOW,HIGH,calibrated passing and rushing efficiency,8.381788928663429,v1.0,2026-08-18T18:11:37+00:00
2026,CFF_ARK,Arkansas,CFP_B09534FB,Braeden Fuller,QB,271,12.0,4.377990179039655,2.758913333126542,34.469343388994766,0.22507530803394687,0.10876236481833253,1.836936505184216,6.393815784704466,0.11571483712995316,0.0,0.0,0.0,3.5039832041274117,0.291998600343951,1.3336706012501656,,,CFBD/team roster,,0.0,LOW,HIGH,calibrated passing and rushing efficiency,0.0,v1.0,2026-08-18T18:11:37+00:00
2026,CFF_DUKE,Duke,CFP_4FD22353,Lawrence Gardner,QB,272,12.0,5.175984773097622,3.3338642403226344,38.720833039775066,0.2795406243264579,0.11761096771517555,1.5337498311907212,3.9288196754039424,0.0877082185247795,0.0,0.0,0.0,3.4685161298707294,0.2890430108225608,0.9191312786890713,,,CFBD/team roster,,0.0,LOW,HIGH,calibrated passing and rushing efficiency,0.0,v1.0,2026-08-18T18:11:37+00:00
2026,CFF_VAN,Vanderbilt,CFP_138DD511,Drew Cowart,QB,273,12.0,4.369195713999658,2.808896429263827,34.43251829656176,0.2663926899213155,0.0933390829294215,1.5720335911518317,5.364405680348625,0.09352173909934047,0.0,0.0,0.0,3.4471034112492163,0.2872586176041014,1.0975710026309053,,,CFBD/team roster,,0.0,LOW,HIGH,calibrated passing and rushing efficiency,0.0,v1.0,2026-08-18T18:11:37+00:00
2026,CFF_BC,Boston College,CFP_11D9BCEB,Jake Coniglio,QB,274,12.0,5.264146607573975,3.3344418483304135,39.93110875352694,0.2922161845340253,0.12761865185894866,1.341505076415515,3.6346758066873774,0.07379235464346227,0.0,0.0,0.0,3.444712144947742,0.2870593454123118,0.8062217085295114,,,CFBD/team roster,,0.0,LOW,HIGH,calibrated passing and rushing efficiency,0.0,v1.0,2026-08-18T18:11:37+00:00
2026,CFF_RUTG,Rutgers,CFP_B626664B,Rocco Rainone,QB,275,12.0,4.992032912601117,3.0741889578494037,37.5519426898177,0.25083151078909566,0.1042019513379908,1.752672377931222,4.532506000572225,0.09823192887584109,0.0,0.0,0.0,3.4438439727233687,0.2869869977269474,1.042642173312269,,,CFBD/team roster,,0.0,LOW,HIGH,calibrated passing and rushing efficiency,0.0,v1.0,2026-08-18T18:11:37+00:00
2026,CFF_WASH,Washington,CFP_B1AC3E3B,Dash Beierly,QB,276,12.0,4.686576954328529,3.0988320675355956,37.701773981847,0.2817277843886907,0.10517729536416748,1.3184116241887829,4.0595697357242715,0.0764420516545783,0.0,0.0,0.0,3.3944140849643722,0.28286784041369767,0.8646092834998971,,,CFBD/team roster,,0.0022012977934926137,LOW,HIGH,calibrated passing and rushing efficiency,0.0,v1.0,2026-08-18T18:11:37+00:00
2026,CFF_CIN,Cincinnati,CFP_CBA522B3,Will Kocher,QB,277,12.0,4.986058623835492,3.163272601339717,37.54168015038626,0.2780151404725286,0.1062052793755491,1.2069133247124382,4.258968901426347,0.06963681031469349,0.0,0.0,0.0,3.351240240560811,0.27927002004673424,0.8437177520307957,,,CFBD/team roster,,0.0,LOW,HIGH,calibrated passing and rushing efficiency,0.0,v1.0,2026-08-18T18:11:37+00:00
2026,CFF_MIA,Miami,CFP_690AC6AD,Joe Borchers,QB,278,12.0,4.422937518603584,2.884374649972367,35.08876390421364,0.28022841034560986,0.08904364961120846,1.36035379193502,4.063054871861133,0.08404882936561968,0.0,0.0,0.0,3.3460190113196084,0.27883491760996737,0.9105984633798313,,,CFBD/team roster,,0.0,LOW,HIGH,calibrated passing and rushing efficiency,0.0,v1.0,2026-08-18T18:11:37+00:00
2026,CFF_LOU,Louisville,CFP_5A34B542,Ryan Zimmerman,QB,279,12.0,5.670530068024055,3.58452088578377,41.40241446540763,0.30025823641389976,0.1238613297317699,0.8501308379088371,2.755813325958312,0.054628294163616205,0.0,0.0,0.0,3.3366192921176627,0.2780516076764719,0.6033510975775285,,,CFBD/team roster,,0.0,LOW,HIGH,calibrated passing and rushing efficiency,0.0,v1.0,2026-08-18T18:11:37+00:00
2026,CFF_WVU,West Virginia,CFP_DAD55373,John Johnson III,QB,280,12.0,5.055053478812262,3.163321815522121,36.91050848082966,0.23623380002625713,0.15099019137611203,1.6853165980090012,5.047030924330502,0.09299293191751301,0.0,0.0,0.0,3.333026031900231,0.2777521693250193,1.0626606839381283,,,CFBD/team roster,,0.00598124869758107,LOW,HIGH,calibrated passing and rushing efficiency,22.17849710577525,v1.0,2026-08-18T18:11:37+00:00
2026,CFF_MICH,Michigan,CFP_E72C6424,Brady Smigiel,QB,281,12.0,5.438424399054646,3.4040897409328212,37.42988789438406,0.22946759955747825,0.16191408870393612,1.5246549962363878,4.9320749513815905,0.09115147912044079,0.0,0.0,0.0,3.2932681951621428,0.2744390162635119,1.0401163698608038,,,CFBD/team roster,,0.000688852681583831,LOW,HIGH,calibrated passing and rushing efficiency,5.694266207949512,v1.0,2026-08-18T18:11:37+00:00
2026,CFF_TAMU,Texas A&M,CFP_2ABB2524,Paxton Land,QB,282,12.0,4.516774960878917,2.7962341637166763,34.96337221989952,0.2594153904098106,0.1316515340041772,1.3791492384326833,4.32761964357049,0.08359073916147941,0.0,0.0,0.0,3.2388513157569716,0.26990427631308095,0.9343063993259254,,,CFBD/team roster,,0.0,LOW,HIGH,calibrated passing and rushing efficiency,0.0,v1.0,2026-08-18T18:11:37+00:00
2026,CFF_LSU,LSU,CFP_1CF544BB,Kaden Martin,QB,283,12.0,5.789655501529861,3.710423409610009,42.800388789290885,0.28657773645415896,0.11536072449238605,0.7724371716760141,2.0773677291952737,0.041396109447164445,0.0,0.0,0.0,3.1990792024983987,0.2665899335415332,0.456113429602514,,,CFBD/team roster,,0.0,LOW,HIGH,calibrated passing and rushing efficiency,0.0,v1.0,2026-08-18T18:11:37+00:00
2026,CFF_WASH,Washington,CFP_34B5EFB1,Treston McMillan,QB,284,12.0,4.361976910823402,2.884201851550749,35.090486981977094,0.26221485374435133,0.09789254255125825,1.2270962623074246,3.778397245510251,0.0711475491777162,0.0,0.0,0.0,3.159311371322553,0.2632759476102127,0.8047250196173222,,,CFBD/team roster,,0.0020148547180400774,LOW,HIGH,calibrated passing and rushing efficiency,0.0,v1.0,2026-08-18T18:11:37+00:00
2026,CFF_TCU,TCU,CFP_2A711509,Jaden Craig,QB,285,12.0,4.944440675533367,3.212062990130062,38.86041639230393,0.282182428823535,0.12728468526251838,0.9236196701374956,2.5237058407236175,0.05810815357679777,0.0,0.0,0.0,3.1568811912569275,0.263073432604744,0.6010195055331484,,,CFBD/team roster,,0.0,LOW,HIGH,calibrated passing and rushing efficiency,0.0,v1.0,2026-08-18T18:11:37+00:00
2026,CFF_PSU,Penn State,CFP_97812CDD,Jack Lambert,QB,286,12.0,4.490892096741396,2.9238742093033006,34.26760315893862,0.2395999681243749,0.10887629035523115,1.270882895541389,4.103079750023321,0.08466662269256763,0.0,0.0,0.0,3.1385354196575515,0.261544618304796,0.9183077111577378,,,CFBD/team roster,,0.0,LOW,HIGH,calibrated passing and rushing efficiency,0.0,v1.0,2026-08-18T18:11:37+00:00
2026,CFF_ARK,Arkansas,CFP_1CC49490,Cade Trotter,QB,287,12.0,3.9021216813179533,2.4590314490910488,30.722675629321422,0.20061060063895267,0.09694036864242682,1.6372694937511492,5.698835808106154,0.1031371374419148,0.0,0.0,0.0,3.123115464548345,0.2602596220456954,1.1887064054621042,,,CFBD/team roster,,0.0,LOW,HIGH,calibrated passing and rushing efficiency,0.0,v1.0,2026-08-18T18:11:37+00:00
2026,CFF_CIN,Cincinnati,CFP_A12FDCE9,JJ Miller,QB,288,12.0,4.6461000813012525,2.947594923975645,34.98202014013265,0.259059562713038,0.09896401032721619,1.1246237798456808,3.968584658147278,0.06488884597505529,0.0,0.0,0.0,3.1227465877953007,0.26022888231627506,0.7861915416650596,,,CFBD/team roster,,0.0,LOW,HIGH,calibrated passing and rushing efficiency,0.0,v1.0,2026-08-18T18:11:37+00:00
2026,CFF_LOU,Louisville,CFP_BE53A86F,Mason Fields,QB,289,12.0,5.255613233778393,3.322238869750812,38.37296950452415,0.2782881215543461,0.11479830560505505,0.787926142452093,2.554168448449168,0.05063110190774185,0.0,0.0,0.0,3.0924764170846633,0.2577063680903886,0.5592034562913679,,,CFBD/team roster,,0.0,LOW,HIGH,calibrated passing and rushing efficiency,0.0,v1.0,2026-08-18T18:11:37+00:00
2026,CFF_TAMU,Texas A&M,CFP_589877F5,Eli Morcos,QB,290,12.0,4.249652787844857,2.6308648122228555,32.89563759843393,0.2440735583714787,0.12386565931459115,1.2975863213736676,4.071684120267269,0.0786471809626019,0.0,0.0,0.0,3.0473055759110195,0.2539421313259183,0.8790514978023383,,,CFBD/team roster,,0.0007259172784165717,LOW,HIGH,calibrated passing and rushing efficiency,6.0335378994040925,v1.0,2026-08-18T18:11:37+00:00
2026,CFF_ISU,Iowa State,CFP_DFC18F34,Hudson Kurland,QB,291,12.0,4.972267702367255,3.0525169237556837,35.97514170296931,0.20811715224356878,0.1233203516204049,1.2828369156145922,3.768336496048347,0.07986343077234234,0.0,0.0,0.0,3.0041681597115315,0.25034734664262764,0.8560142342388888,,,CFBD/team roster,,0.0044552441827703975,LOW,HIGH,calibrated passing and rushing efficiency,46.05345852658571,v1.0,2026-08-18T18:11:37+00:00
2026,CFF_PUR,Purdue,CFP_255F3506,Garyt Odom,QB,292,12.0,4.628255599003756,2.8619964041714065,31.993246534569263,0.2044474739082516,0.12862960083389424,1.7141487611757287,5.0334892253114045,0.0837875881001502,0.0,0.0,0.0,2.974964607313924,0.24791371727616032,1.0060744511320419,,,CFBD/team roster,,0.0011472804638137106,LOW,HIGH,calibrated passing and rushing efficiency,0.0,v1.0,2026-08-18T18:11:37+00:00
2026,CFF_FSU,Florida State,CFP_4F24D02B,Malachi Marshall,QB,293,12.0,5.303534120992277,3.1740608839093074,38.71997166314288,0.23290738621814197,0.1310446158472749,0.9467217091001291,2.6749400807080477,0.05329120659020348,0.0,0.0,0.0,2.9366250431630334,0.24471875359691944,0.5872412476120257,,,CFBD/team roster,,0.011742916761165852,LOW,HIGH,calibrated passing and rushing efficiency,0.0,v1.0,2026-08-18T18:11:37+00:00
2026,CFF_MINN,Minnesota,CFP_B739DB71,Owen Lansu,QB,294,12.0,4.668592352565338,2.9947054324672733,32.71164781240616,0.23442759797926477,0.09377914558421456,1.3200418841915358,3.252045647993185,0.0760164559617488,0.0,0.0,0.0,2.9337004593989024,0.24447503828324188,0.7813033005698113,,,CFBD/team roster,,0.0013781804894780695,LOW,HIGH,calibrated passing and rushing efficiency,3.0816581545913673,v1.0,2026-08-18T18:11:37+00:00
2026,CFF_MIA,Miami,CFP_D1CA7FB2,Vinny Gonzalez,QB,295,12.0,3.81980967515764,2.4910508340670434,30.303932462729957,0.24201544529848115,0.07690133375513457,1.1748510021256986,3.5090019347891586,0.07258762536121698,0.0,0.0,0.0,2.889743691594206,0.24081197429951717,0.7864259456462177,,,CFBD/team roster,,0.0,LOW,HIGH,calibrated passing and rushing efficiency,0.0,v1.0,2026-08-18T18:11:37+00:00
2026,CFF_TENN,Tennessee,CFP_89AAA369,Mason Phillips,QB,296,12.0,4.194347395126951,2.721090185429594,32.63208332564731,0.2319920685215937,0.09673419067024082,1.085357460917178,3.3757822094599175,0.06808296154669269,0.0,0.0,0.0,2.882593406668174,0.24021611722234784,0.7460759902261479,,,CFBD/team roster,,0.0,LOW,HIGH,calibrated passing and rushing efficiency,0.0,v1.0,2026-08-18T18:11:37+00:00
2026,CFF_CIN,Cincinnati,CFP_58112FF5,Liam O'Brien,QB,297,12.0,4.26631111215792,2.7066478892498465,32.122463708913614,0.2378831001857927,0.09087433537257406,1.0326929779801204,3.6441782420345907,0.05958459779044351,0.0,0.0,0.0,2.8674820246732615,0.23895683538943846,0.7219254109461202,,,CFBD/team roster,,0.0038464818538587104,LOW,HIGH,calibrated passing and rushing efficiency,57.65790792587025,v1.0,2026-08-18T18:11:37+00:00
2026,CFF_WVU,West Virginia,CFP_D29989FB,Wyatt Walker Brown,QB,298,12.0,4.339791177340968,2.7157291537336397,31.687874268327313,0.20280801487871974,0.1296259086368829,1.4468535562919982,4.33290377025307,0.07983494283140903,0.0,0.0,0.0,2.86142115562485,0.2384517629687375,0.9123000340137613,,,CFBD/team roster,,0.005111900874925874,LOW,HIGH,calibrated passing and rushing efficiency,0.0,v1.0,2026-08-18T18:11:37+00:00
2026,CFF_MD,Maryland,CFP_16123B52,Jackson Hamilton,QB,299,12.0,4.628663396824057,2.9521624176881414,32.12142930506893,0.20659467303575915,0.10704821970352361,1.3967464821167768,3.891239572081737,0.07233309154188265,0.0,0.0,0.0,2.8273101511017398,0.23560917925847832,0.8231225064594696,,,CFBD/team roster,,0.000266688930693289,LOW,HIGH,calibrated passing and rushing efficiency,7.1403841628075515,v1.0,2026-08-18T18:11:37+00:00
2026,CFF_OKST,Oklahoma State,CFP_8027CCAE,Luke Tepas,QB,300,12.0,4.345616624517627,2.6800543491789632,33.027700821023736,0.2286122664777119,0.11151265932628279,1.2217947089663586,3.223843915889607,0.06272171486852739,0.0,0.0,0.0,2.8227591202256392,0.23522992668546994,0.698714680800125,,,CFBD/team roster,,0.0,LOW,HIGH,calibrated passing and rushing efficiency,0.0,v1.0,2026-08-18T18:11:37+00:00
2026,CFF_FLA,Florida,CFP_29CB55EB,Aaron Williams,QB,301,12.0,4.472557661290164,2.7985138844560367,33.21792483167344,0.22941432038822263,0.144876171272009,1.1618885758801536,3.3314206559225856,0.06251948262881427,0.0,0.0,0.0,2.8097570649129633,0.23414642207608027,0.7082589613651442,,,CFBD/team roster,,0.0,LOW,HIGH,calibrated passing and rushing efficiency,0.0,v1.0,2026-08-18T18:11:37+00:00
2026,CFF_USC,USC,CFP_EE8E9719,Will Doherty,QB,302,12.0,3.9492522212127787,2.5317602035797497,30.89986908265037,0.22539869210524252,0.09870066824574747,1.0446841782807852,3.3807644982805685,0.07091461085474411,0.0,0.0,0.0,2.802452978437759,0.23353774820314657,0.7635641149565215,,,CFBD/team roster,,0.0,LOW,HIGH,calibrated passing and rushing efficiency,0.0,v1.0,2026-08-18T18:11:37+00:00
2026,CFF_UCF,UCF,CFP_1A0D6938,Kaleb Annett,QB,303,12.0,4.0193893849046205,2.5064744835534327,30.378372897159586,0.20460109147139935,0.1054794194452525,1.1706816927281705,3.8746408623469635,0.07215873600773666,0.0,0.0,0.0,2.7484763646078454,0.22903969705065377,0.8204165022811163,,,CFBD/team roster,,0.004476894945450177,LOW,HIGH,calibrated passing and rushing efficiency,0.0,v1.0,2026-08-18T18:11:37+00:00
2026,CFF_MINN,Minnesota,CFP_98E372F4,Brady Palmer,QB,304,12.0,4.368734559754827,2.8023592832893844,30.61061997114839,0.21937060932072278,0.08775582945744108,1.2352572604936454,3.0431708616584072,0.07113401496442286,0.0,0.0,0.0,2.7452725826237634,0.22877271521864695,0.7311211759523779,,,CFBD/team roster,,0.0012880263656641269,LOW,HIGH,calibrated passing and rushing efficiency,2.970138559129677,v1.0,2026-08-18T18:11:37+00:00
2026,CFF_MSST,Mississippi State,CFP_3B6F0E20,Brodie McWhorter,QB,305,12.0,4.893736460470259,3.071927760208272,36.233482589713226,0.24879387458507835,0.1310848544587975,0.69969683105113,1.831455347387379,0.04107118929302329,0.0,0.0,0.0,2.7430026179669222,0.22858355149724352,0.42957267049687764,,,CFBD/team roster,,0.005138410244379833,LOW,HIGH,calibrated passing and rushing efficiency,53.41072783158126,v1.0,2026-08-18T18:11:37+00:00
2026,CFF_HOU,Houston,CFP_6F920992,Jake Sock,QB,306,12.0,4.077178476814565,2.5928350678199674,29.486120358138976,0.2260948959869123,0.13233396954617307,1.2993820752018126,3.86522685034689,0.060471070410806245,0.0,0.0,0.0,2.700839536226561,0.22506996135221344,0.7493491074995264,,,CFBD/team roster,,0.00027356378568439357,LOW,HIGH,calibrated passing and rushing efficiency,2.3722393734592324,v1.0,2026-08-18T18:11:37+00:00
2026,CFF_FLA,Florida,CFP_C81F2BB6,Will Griffin,QB,307,12.0,4.1452973446103965,2.593744575837303,30.787344965941244,0.2126279067012795,0.13427547581308152,1.0768723386206305,3.087658168903861,0.05794488633890105,0.0,0.0,0.0,2.604165084553479,0.21701375704612325,0.6564351349237924,,,CFBD/team roster,,0.0,LOW,HIGH,calibrated passing and rushing efficiency,0.0,v1.0,2026-08-18T18:11:37+00:00
2026,CFF_MSU,Michigan State,CFP_90250ADB,Peyton Babbitt,QB,308,12.0,3.806466771123011,2.3921685951993665,28.33700445266398,0.1903317352554261,0.09279845507517971,1.3655071343596008,3.7413087226874473,0.0697002655801396,0.0,0.0,0.0,2.594341129802666,0.21619509415022217,0.7923324657495824,,,CFBD/team roster,,0.0,LOW,HIGH,calibrated passing and rushing efficiency,0.0,v1.0,2026-08-18T18:11:37+00:00
2026,CFF_OSU,Ohio State,CFP_2843BFF5,Kolton Stover,QB,309,12.0,3.058251141731456,2.017300956751106,26.50306568063918,0.21424200594666998,0.06820585784502407,1.004890296469073,2.922556382301666,0.06644031179765848,0.0,0.0,0.0,2.5397823021833403,0.21164852518194502,0.6908975090161176,,,CFBD/team roster,,0.0,LOW,HIGH,calibrated passing and rushing efficiency,0.0,v1.0,2026-08-18T18:11:37+00:00
2026,CFF_OSU,Ohio State,CFP_CA72A68F,Brady Geibel,QB,310,12.0,3.058251141731456,2.017300956751106,26.50306568063918,0.21424200594666998,0.06820585784502407,1.004890296469073,2.922556382301666,0.06644031179765848,0.0,0.0,0.0,2.5397823021833403,0.21164852518194502,0.6908975090161176,,,CFBD/team roster,,0.0,LOW,HIGH,calibrated passing and rushing efficiency,0.0,v1.0,2026-08-18T18:11:37+00:00
2026,CFF_MISS,Ole Miss,CFP_481DDE27,Maealiuaki Smith,QB,311,12.0,3.423802341467013,2.195880895524632,29.67534233466931,0.1903420618295383,0.0671655599719507,0.9254202602246993,2.854814505811016,0.05577126550147508,0.0,0.0,0.0,2.5013254243229266,0.20844378536024388,0.6201090435899521,,,CFBD/team roster,,0.0023382523285347544,LOW,HIGH,calibrated passing and rushing efficiency,0.0,v1.0,2026-08-18T18:11:37+00:00
2026,CFF_NCSU,NC State,CFP_CF93CA9B,Parker Thompson,QB,312,12.0,3.313901906763152,2.136331104425025,25.689632575915084,0.19013102831369597,0.08666596548093483,1.1578688529549177,3.595597435498268,0.07262335446037085,0.0,0.0,0.0,2.4967433211225045,0.20806194342687537,0.795299870312052,,,CFBD/team roster,,0.0,LOW,HIGH,calibrated passing and rushing efficiency,0.0,v1.0,2026-08-18T18:11:37+00:00
2026,CFF_USC,USC,CFP_098B73FD,Alex Medyn,QB,313,12.0,3.4107178274110366,2.1865201758188753,26.68625057137987,0.19466250681816402,0.08524148621223646,0.90222724487886,2.9197511576059454,0.061244436647279014,0.0,0.0,0.0,2.4203002995598832,0.20169169162999026,0.6594417356442686,,,CFBD/team roster,,0.0,LOW,HIGH,calibrated passing and rushing efficiency,0.0,v1.0,2026-08-18T18:11:37+00:00
2026,CFF_USC,USC,CFP_45EB80C7,James Johnson,QB,314,12.0,3.4107178274110366,2.1865201758188753,26.68625057137987,0.19466250681816402,0.08524148621223646,0.90222724487886,2.9197511576059454,0.061244436647279014,0.0,0.0,0.0,2.4203002995598832,0.20169169162999026,0.6594417356442686,,,CFBD/team roster,,0.0,LOW,HIGH,calibrated passing and rushing efficiency,0.0,v1.0,2026-08-18T18:11:37+00:00
2026,CFF_WVU,West Virginia,CFP_56EA39FF,Max Anderson,QB,315,12.0,3.623351035186554,2.2673994296878073,26.456639810801725,0.169327186637857,0.1082264447881165,1.207997831399359,3.6176006447686966,0.06665528614892569,0.0,0.0,0.0,2.3890396755658045,0.1990866396304837,0.7616917813704238,,,CFBD/team roster,,0.004327851918624478,LOW,HIGH,calibrated passing and rushing efficiency,0.0,v1.0,2026-08-18T18:11:37+00:00
2026,CFF_AUB,Auburn,CFP_3D3D7AA2,John Colvin,QB,316,12.0,3.5461971385104794,2.2251806744926936,27.676918153606504,0.2134131387395457,0.08193207298564886,0.7519405114301225,2.4448810924788917,0.04240514423463835,0.0,0.0,0.0,2.377716182772513,0.19814301523104275,0.49891897465571927,,,CFBD/team roster,,0.0,LOW,HIGH,calibrated passing and rushing efficiency,0.0,v1.0,2026-08-18T18:11:37+00:00
2026,CFF_CAL,California,CFP_52048D36,Dominic Ingrassia,QB,317,12.0,3.639045109084289,2.3229175386647483,26.854159468562084,0.1607503224650357,0.07639171651331338,1.1993363944767717,2.9859267993719474,0.0699336002792344,0.0,0.0,0.0,2.3589702337019136,0.1965808528084928,0.7181942816126011,,,CFBD/team roster,,0.0,LOW,HIGH,calibrated passing and rushing efficiency,0.0,v1.0,2026-08-18T18:11:37+00:00
2026,CFF_UNC,North Carolina,CFP_E56B4F3D,DJ Mazzone,QB,318,12.0,3.7682081474350215,2.3833221984327695,27.285544958371908,0.18340112888468912,0.08554959066722158,0.960964680830747,2.6894824543643483,0.053283711591828216,0.0,0.0,0.0,2.3281272381938156,0.19401060318281796,0.5886505149874042,,,CFBD/team roster,,0.0,LOW,HIGH,calibrated passing and rushing efficiency,0.0,v1.0,2026-08-18T18:11:37+00:00
2026,CFF_NW,Northwestern,CFP_B2679B8F,Aidan Gray,QB,319,12.0,4.872140077739879,2.8707251882727287,31.86484694812289,0.20956908700135182,0.13984134482034477,0.5805072577196912,1.6162194808848973,0.028551996352376645,0.0,0.0,0.0,2.305962807312728,0.19216356727606065,0.3329339262027496,,,CFBD/team roster,,0.004754191570565179,LOW,HIGH,calibrated passing and rushing efficiency,38.797716148718315,v1.0,2026-08-18T18:11:37+00:00
2026,CFF_UVA,Virginia,CFP_FDDCF094,Jae'Oyn Williams,QB,320,12.0,3.969729431123863,2.5432518885533564,28.41304663290718,0.1817071020839388,0.10978515235481513,0.8166469256848917,2.370618855517234,0.04489995110586025,0.0,0.0,0.0,2.260026713484112,0.18833555945700933,0.5064615921868849,,,CFBD/team roster,,0.0028596233525946648,LOW,HIGH,calibrated passing and rushing efficiency,57.17326172404306,v1.0,2026-08-18T18:11:37+00:00
2026,CFF_MINN,Minnesota,CFP_CFD7B20C,Max Shikenjanski,QB,321,12.0,3.363489020068403,2.1672314327004196,24.5308700158358,0.1688934463020739,0.0675632187741942,1.1158174480985452,2.7489198028486337,0.06425590651366536,0.0,0.0,0.0,2.2496727864343886,0.18747273220286573,0.6604274193668556,,,CFBD/team roster,,0.0010234060194824943,LOW,HIGH,calibrated passing and rushing efficiency,5.174509229422417,v1.0,2026-08-18T18:11:37+00:00
2026,CFF_CAL,California,CFP_E5B27830,Alonzo Esparza,QB,322,12.0,3.4310453654479307,2.190144726554087,25.319235300931652,0.15156219072720103,0.07202533550554706,1.1307849874161167,2.815257849092686,0.06593635086527792,0.0,0.0,0.0,2.2241367295414594,0.1853447274617883,0.6771438901009361,,,CFBD/team roster,,0.0017725167781065675,LOW,HIGH,calibrated passing and rushing efficiency,0.0,v1.0,2026-08-18T18:11:37+00:00
2026,CFF_MISS,Ole Miss,CFP_CD7B5F03,Rees Wise,QB,323,12.0,3.044267297460449,1.952463294507683,26.385773827022128,0.16924227988890786,0.059720129068729436,0.8228356527737756,2.5383528526452244,0.04958891395330291,0.0,0.0,0.0,2.224048712552127,0.18533739271267724,0.5513687689843398,,,CFBD/team roster,,0.0020646528351849327,LOW,HIGH,calibrated passing and rushing efficiency,13.70623126567314,v1.0,2026-08-18T18:11:37+00:00
2026,CFF_AUB,Auburn,CFP_D82DD84D,Will Myers,QB,324,12.0,3.3044109699756747,2.0734638103227376,25.78985555222425,0.19886224291639493,0.07634579528208192,0.7006718401962506,2.2781846543553317,0.03951388440045847,0.0,0.0,0.0,2.215599170310752,0.18463326419256265,0.46490177183828396,,,CFBD/team roster,,0.0,LOW,HIGH,calibrated passing and rushing efficiency,0.0,v1.0,2026-08-18T18:11:37+00:00
2026,CFF_UGA,Georgia,CFP_922B2495,Hezekiah Millender,QB,325,12.0,3.3826346865270174,2.157002397301959,25.35957196474683,0.19190960044924774,0.07435789514548492,0.7630362395068143,2.158532032263436,0.04693859278780663,0.0,0.0,0.0,2.205148145194563,0.18376234543288025,0.49748475995318336,,,CFBD/team roster,,0.00044479475065929886,LOW,HIGH,calibrated passing and rushing efficiency,7.303963720441016,v1.0,2026-08-18T18:11:37+00:00
2026,CFF_HOU,Houston,CFP_2E746082,Ryan Smith,QB,326,12.0,3.2882319006001075,2.0911135069224063,23.780465372788385,0.18234483817050753,0.10672693939430906,1.0479476468944615,3.11729356579373,0.048769732283979184,0.0,0.0,0.0,2.1782187784825044,0.1815182315402087,0.6043477502832482,,,CFBD/team roster,,0.0,LOW,HIGH,calibrated passing and rushing efficiency,0.0,v1.0,2026-08-18T18:11:37+00:00
2026,CFF_HOU,Houston,CFP_72D4DE4E,Canon Toon,QB,327,12.0,3.2882319006001075,2.0911135069224063,23.780465372788385,0.18234483817050753,0.10672693939430906,1.0479476468944615,3.11729356579373,0.048769732283979184,0.0,0.0,0.0,2.1782187784825044,0.1815182315402087,0.6043477502832482,,,CFBD/team roster,,0.0,LOW,HIGH,calibrated passing and rushing efficiency,0.0,v1.0,2026-08-18T18:11:37+00:00
2026,CFF_TEX,Texas,CFP_4A4C9371,Luke Dunham,QB,328,12.0,3.0573561138557994,1.961403222325167,23.779551791788798,0.19228863609924068,0.06746741802975847,0.8013225060609532,2.2697350782261374,0.04632232662997479,0.0,0.0,0.0,2.1577766656412187,0.17981472213676822,0.5049074676024625,,,CFBD/team roster,,0.0,LOW,HIGH,calibrated passing and rushing efficiency,0.0,v1.0,2026-08-18T18:11:37+00:00
2026,CFF_WISC,Wisconsin,CFP_4F653BD0,Ryan Hopkins,QB,329,12.0,4.45018591954829,2.6940728893755916,29.919814120799774,0.1975980715096948,0.14280271938260677,0.5223193205838812,1.361387808780756,0.026163387691422863,0.0,0.0,0.0,2.1375012385147762,0.17812510320956468,0.2931191070266128,,,CFBD/team roster,,0.008166332582174295,LOW,HIGH,calibrated passing and rushing efficiency,0.0,v1.0,2026-08-18T18:11:37+00:00
2026,CFF_UVA,Virginia,CFP_59952527,Boone Lourd,QB,330,12.0,3.67518173409633,2.354546587667841,26.304843140335805,0.16822472012794273,0.1016392662547711,0.7560530047594043,2.1947226548975953,0.04156844516210735,0.0,0.0,0.0,2.0923362763328357,0.17436135636106964,0.46888293646240364,,,CFBD/team roster,,0.0026661936314735448,LOW,HIGH,calibrated passing and rushing efficiency,0.0,v1.0,2026-08-18T18:11:37+00:00
2026,CFF_ALA,Alabama,CFP_44DA1095,John Cooper,QB,331,12.0,3.0641722986468403,1.9439140142567013,23.651357916123132,0.16543664518229526,0.0700561396286227,0.8565320426015238,2.3064112759242534,0.053592621925417326,0.0,0.0,0.0,2.089941616890413,0.17416180140753443,0.5521968591449293,,,CFBD/team roster,,0.0,LOW,HIGH,calibrated passing and rushing efficiency,0.0,v1.0,2026-08-18T18:11:37+00:00
2026,CFF_ISU,Iowa State,CFP_7A0E00E6,Wyatt Bohm,QB,332,12.0,3.3180217300288746,2.03696142093883,24.006410969081745,0.13887772639577106,0.082292352488684,0.8560441667422612,2.5146317793783526,0.05329330892846532,0.0,0.0,0.0,2.0046980233662968,0.16705816861385805,0.5712230315086272,,,CFBD/team roster,,0.0,LOW,HIGH,calibrated passing and rushing efficiency,0.0,v1.0,2026-08-18T18:11:37+00:00
2026,CFF_SC,South Carolina,CFP_8D70F301,Brandon Cunningham,QB,333,12.0,3.086018194821347,1.9749944463855873,24.037372547504162,0.1509487679123567,0.08150866017050794,0.8332030237841813,2.2912806567758053,0.043508332722176794,0.0,0.0,0.0,1.9739593753897267,0.16449661461581055,0.4901780620106413,,,CFBD/team roster,,0.0,LOW,HIGH,calibrated passing and rushing efficiency,0.0,v1.0,2026-08-18T18:11:37+00:00
2026,CFF_UVA,Virginia,CFP_C2E33775,Ely Hamrick,QB,334,12.0,3.365171818859939,2.1559352424679226,24.085969957389057,0.1540345834215868,0.09306576361026087,0.6922782189453599,2.009592820935932,0.03806205252806198,0.0,0.0,0.0,1.9158429656336136,0.1596535804694678,0.4293315972619651,,,CFBD/team roster,,0.0024735437748902487,LOW,HIGH,calibrated passing and rushing efficiency,0.0,v1.0,2026-08-18T18:11:37+00:00
2026,CFF_MISS,Ole Miss,CFP_1A57C67B,George Hamsley,QB,335,12.0,2.5865674182698117,1.6589140996765315,22.41872221396107,0.14379702049144275,0.05074131965773951,0.6991238554613389,2.1567162614798834,0.042133313735623096,0.0,0.0,0.0,1.889667159428201,0.15747226328568342,0.4684715085617269,,,CFBD/team roster,,0.0,LOW,HIGH,calibrated passing and rushing efficiency,0.0,v1.0,2026-08-18T18:11:37+00:00
2026,CFF_SMU,SMU,CFP_28657824,Cole Leinart,QB,336,12.0,2.619183206813496,1.6746527441074275,20.70860572024293,0.14891042580658015,0.06927017278553366,0.7573699213368842,2.2218473524974023,0.04648718353003316,0.0,0.0,0.0,1.8558235956804432,0.1546519663067036,0.5011078364299392,,,CFBD/team roster,,0.0011399499889000356,LOW,HIGH,calibrated passing and rushing efficiency,5.74830675407926,v1.0,2026-08-18T18:11:37+00:00
2026,CFF_UK,Kentucky,CFP_700883BA,Kendall Tambling,QB,337,12.0,2.837468754466751,1.725766087879534,20.719509594334845,0.14173340036762053,0.09432594450994664,0.828779798811631,2.3879646379006596,0.04440882745525447,0.0,0.0,0.0,1.806637469255522,0.15055312243796018,0.5052494285215927,,,CFBD/team roster,,0.0,LOW,HIGH,calibrated passing and rushing efficiency,0.0,v1.0,2026-08-18T18:11:37+00:00
2026,CFF_PITT,Pitt,CFP_CC1F8E0B,Beau Jackson,QB,338,12.0,2.6461776006111095,1.6549165428692534,19.709753337220018,0.15126134886398923,0.07509629239080097,0.7089267054730908,1.9367153554104781,0.036189151927341096,0.0,0.0,0.0,1.729145683659051,0.14409547363825426,0.4108064471050944,,,CFBD/team roster,,0.0026674994138176037,LOW,HIGH,calibrated passing and rushing efficiency,0.0,v1.0,2026-08-18T18:11:37+00:00
2026,CFF_MISS,Ole Miss,CFP_25A2D5F2,Jack Patterson,QB,339,12.0,2.30541878584918,1.4785973497116909,19.981904582008777,0.12816690956845983,0.04522595882537652,0.6231321320416281,1.9222905808842439,0.03755360572088145,0.0,0.0,0.0,1.6842685551425267,0.1403557129285439,0.41755069241371306,,,CFBD/team roster,,0.0,LOW,HIGH,calibrated passing and rushing efficiency,0.0,v1.0,2026-08-18T18:11:37+00:00
2026,CFF_UGA,Georgia,CFP_BB539E1C,Bryson Beaver,QB,340,12.0,2.577876987475293,1.643833093795524,19.326313077947063,0.14625266649223267,0.05666751644690656,0.5815033974164836,1.6449988155277984,0.03577150043843317,0.0,0.0,0.0,1.6805245568232856,0.14004371306860713,0.37912888418337887,,,CFBD/team roster,,0.0,LOW,HIGH,calibrated passing and rushing efficiency,0.0,v1.0,2026-08-18T18:11:37+00:00
2026,CFF_UGA,Georgia,CFP_9FD2F1A6,Jake Bobo,QB,341,12.0,2.577876987475293,1.643833093795524,19.326313077947063,0.14625266649223267,0.05666751644690656,0.5815033974164836,1.6449988155277984,0.03577150043843317,0.0,0.0,0.0,1.6805245568232856,0.14004371306860713,0.37912888418337887,,,CFBD/team roster,,0.0,LOW,HIGH,calibrated passing and rushing efficiency,0.0,v1.0,2026-08-18T18:11:37+00:00
2026,CFF_KU,Kansas,CFP_8E5F0C13,Braylen Rooney,QB,342,12.0,3.1163769968513955,1.9607739720031028,23.238828832387725,0.16999643508817228,0.07264031390923822,0.17771718083023214,0.5962180170562341,0.010865795169555418,0.0,0.0,0.0,1.661715152461916,0.13847626270515967,0.12481657272295592,,,CFBD/team roster,,0.0,LOW,HIGH,calibrated passing and rushing efficiency,0.0,v1.0,2026-08-18T18:11:37+00:00
2026,CFF_KU,Kansas,CFP_6D28F497,Connor Hanika,QB,343,12.0,3.1163769968513955,1.9607739720031028,23.238828832387725,0.16999643508817228,0.07264031390923822,0.17771718083023214,0.5962180170562341,0.010865795169555418,0.0,0.0,0.0,1.661715152461916,0.13847626270515967,0.12481657272295592,,,CFBD/team roster,,0.0,LOW,HIGH,calibrated passing and rushing efficiency,0.0,v1.0,2026-08-18T18:11:37+00:00
2026,CFF_ILL,Illinois,CFP_B7BDF1B1,Dane Eisenmenger,QB,344,12.0,2.350562448331416,1.4940711969636207,18.16343729562259,0.12780041450960075,0.04626779625727406,0.7321800058602451,2.0004718093041274,0.04262293734232988,0.0,0.0,0.0,1.6472561585904244,0.13727134654920203,0.455784804984392,,,CFBD/team roster,,0.0,LOW,HIGH,calibrated passing and rushing efficiency,0.0,v1.0,2026-08-18T18:11:37+00:00
2026,CFF_SYR,Syracuse,CFP_D8EC02BE,Zaid Lott,QB,345,12.0,2.4580948940515355,1.5564519712699647,18.1417678470403,0.12458167155124474,0.06717766389365537,0.8127207370081238,2.0869285738184775,0.04474852325275097,0.0,0.0,0.0,1.6340037330912893,0.13616697775760744,0.47718399689835356,,,CFBD/team roster,,0.0014595062233505088,LOW,HIGH,calibrated passing and rushing efficiency,0.0,v1.0,2026-08-18T18:11:37+00:00
2026,CFF_ORE,Oregon,CFP_F7C46AE4,Ryder Hayes,QB,346,12.0,2.1592368943250113,1.4363148933332432,18.011409784616255,0.1356729829992167,0.046763116510212956,0.6130247833526891,1.943052491592187,0.036714951817001434,0.0,0.0,0.0,1.6309801669325314,0.1359150139110443,0.4145949600612273,,,CFBD/team roster,,0.0,LOW,HIGH,calibrated passing and rushing efficiency,0.0,v1.0,2026-08-18T18:11:37+00:00
2026,CFF_NEB,Nebraska,CFP_771F92F7,Bode Soukup,QB,347,12.0,2.7003053063103386,1.796512028494845,19.90802574012947,0.13780253639458306,0.06302285236262872,0.5295048112597782,1.4771709660301602,0.030407063388174137,0.0,0.0,0.0,1.6146677997529428,0.1345556499794119,0.3301594769320608,,,CFBD/team roster,,0.0,LOW,HIGH,calibrated passing and rushing efficiency,0.0,v1.0,2026-08-18T18:11:37+00:00
2026,CFF_PSU,Penn State,CFP_CF6E5F1F,Connor Barry,QB,348,12.0,2.245446048370698,1.4619371046516503,17.13380157946931,0.11979998406218745,0.054438145177615575,0.6354414477706944,2.0515398750116605,0.04233331134628381,0.0,0.0,0.0,1.5692677098287757,0.130772309152398,0.4591538555788689,,,CFBD/team roster,,0.0,LOW,HIGH,calibrated passing and rushing efficiency,0.0,v1.0,2026-08-18T18:11:37+00:00
2026,CFF_SYR,Syracuse,CFP_537BCB3F,Rich Belin,QB,349,12.0,2.308080497486008,1.4614636924129019,17.034598891605913,0.11697861101598579,0.06307789673817417,0.7631214268945865,1.9595659844268523,0.04201757794660968,0.0,0.0,0.0,1.5342825691123487,0.12785688075936238,0.44806206612234334,,,CFBD/team roster,,0.0013724509764526786,LOW,HIGH,calibrated passing and rushing efficiency,0.0,v1.0,2026-08-18T18:11:37+00:00
2026,CFF_ORE,Oregon,CFP_EA1DF4C1,TC Manumaleuna,QB,350,12.0,2.0012439508378157,1.331218681625933,16.693501751595555,0.12574569156024965,0.04334142505824616,0.5681693114000534,1.8008779190366615,0.03402849192795256,0.0,0.0,0.0,1.511640154717956,0.125970012893163,0.3842587434713815,,,CFBD/team roster,,0.0,LOW,HIGH,calibrated passing and rushing efficiency,0.0,v1.0,2026-08-18T18:11:37+00:00
2026,CFF_MSST,Mississippi State,CFP_422CCC86,Parker Puckett,QB,351,12.0,2.530129455898042,1.5882291527703083,18.73321179645069,0.12862987527412145,0.06777268334070459,0.36175294210078124,0.9468877531548779,0.021234373092713872,0.0,0.0,0.0,1.4181703034855797,0.1181808586237983,0.22209501387177105,,,CFBD/team roster,,0.0,LOW,HIGH,calibrated passing and rushing efficiency,0.0,v1.0,2026-08-18T18:11:37+00:00
2026,CFF_UGA,Georgia,CFP_BEC1685F,Colter Ginn,QB,352,12.0,2.0651790445922344,1.3169013395936038,15.482622705319313,0.11716538202674442,0.04539726606188918,0.46585179841333374,1.3178352181708268,0.0286571288924942,0.0,0.0,0.0,1.346295465429909,0.11219128878582575,0.3037262951720479,,,CFBD/team roster,,0.00027957973677086796,LOW,HIGH,calibrated passing and rushing efficiency,0.0,v1.0,2026-08-18T18:11:37+00:00
2026,CFF_NW,Northwestern,CFP_D563D653,Sean Winton,QB,353,12.0,2.75227276028042,1.6216731481166873,18.000457471761877,0.11838561296419536,0.07899639952235481,0.32792864882245965,0.9130026602062642,0.01612902760561139,0.0,0.0,0.0,1.3026387828591963,0.10855323190493303,0.18807443165429477,,,CFBD/team roster,,0.0,LOW,HIGH,calibrated passing and rushing efficiency,0.0,v1.0,2026-08-18T18:11:37+00:00
2026,CFF_MICH,Michigan,CFP_6A0AA7D8,Chase Herbstreit,QB,354,12.0,2.0807181455315678,1.3023903199257483,14.320516607823995,0.08779333188741437,0.06194764469688136,0.5833265452574584,1.886990991038742,0.03487416992151466,0.0,0.0,0.0,1.2599904657986982,0.10499920548322485,0.3979441186329622,,,CFBD/team roster,,0.00027176601766344726,LOW,HIGH,calibrated passing and rushing efficiency,0.0,v1.0,2026-08-18T18:11:37+00:00
2026,CFF_NW,Northwestern,CFP_764E1673,Johnny O'Brien,QB,355,12.0,2.5508869485525847,1.503014137278881,16.683350827486617,0.10972325103998595,0.07321617516706055,0.3039338696403285,0.8461975875082449,0.014948854853981295,0.0,0.0,0.0,1.2073237499670602,0.10061031249725501,0.17431288787471227,,,CFBD/team roster,,0.0,LOW,HIGH,calibrated passing and rushing efficiency,0.0,v1.0,2026-08-18T18:11:37+00:00
2026,CFF_NCSU,NC State,CFP_6BB289AD,Hudson Wilharm,QB,356,12.0,1.5063190485287052,0.9710595929204656,11.677105716325038,0.0864231946880436,0.03939362067315219,0.526304024070417,1.6343624706810305,0.03301061566380493,0.0,0.0,0.0,1.1348833277829562,0.09457361064857968,0.36149994105093264,,,CFBD/team roster,,0.0,LOW,HIGH,calibrated passing and rushing efficiency,0.0,v1.0,2026-08-18T18:11:37+00:00
2026,CFF_UNC,North Carolina,CFP_362AC3B2,Andres Miyares Jr.,QB,357,12.0,1.562427768448668,0.9882067652038315,11.313518641276161,0.07604437051316382,0.035471781496165054,0.39844877010055385,1.1151512615657058,0.02209324626978244,0.0,0.0,0.0,0.9653210499828018,0.08044342083190015,0.24407460377526521,,,CFBD/team roster,,0.0,LOW,HIGH,calibrated passing and rushing efficiency,0.0,v1.0,2026-08-18T18:11:37+00:00
2026,CFF_SC,South Carolina,CFP_6200584F,Jimmy Francis,QB,358,12.0,1.3805870871569184,0.8835501470672363,10.753561402830808,0.06752971196079115,0.036464400602595655,0.3727487211666074,1.0250466096102286,0.019464254112552776,0.0,0.0,0.0,0.8830870889901408,0.0735905907491784,0.21929018563633954,,,CFBD/team roster,,0.0,LOW,HIGH,calibrated passing and rushing efficiency,0.0,v1.0,2026-08-18T18:11:37+00:00
2026,CFF_NW,Northwestern,CFP_9509B0D1,Gavin Frakes,QB,359,12.0,1.4768292860041279,0.8701660794772468,9.658782058018568,0.06352398744420239,0.04238831193882453,0.1759617140022954,0.48990386645214173,0.008654600178620747,0.0,0.0,0.0,0.6989769078756664,0.05824807565630553,0.10091798771693865,,,CFBD/team roster,,0.0,LOW,HIGH,calibrated passing and rushing efficiency,0.0,v1.0,2026-08-18T18:11:37+00:00
2026,CFF_SYR,Syracuse,CFP_14866F2A,Danny Lauter,QB,360,12.0,0.9627552424822393,0.609611247571534,7.1055361389427265,0.04879455943438719,0.026311290197883867,0.3183160878459543,0.8173815543052821,0.017526530590491165,0.0,0.0,0.0,0.6399857320708492,0.053332144339237435,0.1868973389734752,,,CFBD/team roster,,0.0007623101198435904,LOW,HIGH,calibrated passing and rushing efficiency,0.0,v1.0,2026-08-18T18:11:37+00:00
2026,CFF_IND,Indiana,CFP_C2AAB549,Maverick Geske,QB,361,12.0,0.7023324462851952,0.45808038090674463,5.682222637827386,0.05082953019908987,0.016842979697145717,0.2716078757412532,0.8307349270211837,0.017382547563412103,0.0,0.0,0.0,0.6011328246949001,0.05009440205790835,0.18736877808259098,,,CFBD/team roster,,0.001382954046660925,LOW,HIGH,calibrated passing and rushing efficiency,0.0,v1.0,2026-08-18T18:11:37+00:00
2026,CFF_MISS,Ole Miss,CFP_89DE2ECC,Kewan Lacy,RB,1,12.0,0.0,0.0,0.0,0.0,0.0,232.71259072300685,1213.2094991010617,13.719647025650007,22.108478254559124,304.9792065113917,1.8837729617301624,256.49362961280593,21.374469134400496,203.63883206400624,,,CFBD/team roster,,0.0,,MEDIUM,calibrated rushing efficiency; team receiving rates,0.0,v1.0,2026-08-18T18:11:37+00:00
2026,CFF_KSU,Kansas State,CFP_F3B0190B,Joe Jackson,RB,2,12.0,0.0,0.0,0.0,0.0,0.0,203.3541858991937,1286.0527428934859,10.207133819989139,24.085069983515826,285.62650396211876,2.22564222055969,243.80711592061135,20.317259660050947,189.84807720928342,,,CFBD/team roster,,0.0,,MEDIUM,calibrated rushing efficiency; team receiving rates,0.0,v1.0,2026-08-18T18:11:37+00:00
2026,CFF_TENN,Tennessee,CFP_3B37A6FF,DeSean Bishop,RB,3,12.0,0.0,0.0,0.0,0.0,0.0,197.89476682303618,1094.4875284260158,12.308160828517803,18.17177109265501,220.46975961725983,1.5623492566522115,223.80467486167518,18.650389571806265,183.2977178137084,,,CFBD/team roster,,0.0,,MEDIUM,calibrated rushing efficiency; team receiving rates,0.0,v1.0,2026-08-18T18:11:37+00:00
2026,CFF_FLA,Florida,CFP_407B8D1C,Jadan Baugh,RB,4,12.0,0.0,0.0,0.0,0.0,0.0,222.2125956285017,1092.2157301567222,9.244202426343286,27.097013311095967,315.37921021282216,2.2227323124455167,223.1096091252352,18.592467427102935,164.68678757373192,,,CFBD/team roster,,0.0,,MEDIUM,calibrated rushing efficiency; team receiving rates,0.0,v1.0,2026-08-18T18:11:37+00:00
2026,CFF_DUKE,Duke,CFP_9520EEE6,Nate Sheppard,RB,5,12.0,0.0,0.0,0.0,0.0,0.0,215.5980166898265,968.5206895512379,10.547138328692947,26.218634694982985,319.54254571783974,2.2886188600228214,218.93018400669388,18.244182000557824,160.13489892728148,,,CFBD/team roster,,0.0,,MEDIUM,calibrated rushing efficiency; team receiving rates,0.0,v1.0,2026-08-18T18:11:37+00:00
2026,CFF_BYU,BYU,CFP_99A02DF5,LJ Martin,RB,6,12.0,0.0,0.0,0.0,0.0,0.0,178.30517349758466,1014.1337117328975,9.413038457186484,26.684741171476453,329.7156584044491,2.006796516281026,216.24631744027792,18.020526453356492,157.89160191640866,,,CFBD/team roster,,0.0,,MEDIUM,calibrated rushing efficiency; team receiving rates,0.0,v1.0,2026-08-18T18:11:37+00:00
2026,CFF_RUTG,Rutgers,CFP_EC0E2E75,Antwan Raymond,RB,7,12.0,0.0,0.0,0.0,0.0,0.0,232.90132418645453,1014.6143161334171,11.097944127330194,14.97236619692652,176.41474902091971,1.194901654599177,200.3461643054732,16.695513692122766,168.04909637732288,,,CFBD/team roster,,0.0,,MEDIUM,calibrated rushing efficiency; team receiving rates,0.0,v1.0,2026-08-18T18:11:37+00:00
2026,CFF_MIZ,Missouri,CFP_69B70CE9,Ahmad Hardy,RB,8,12.0,0.0,0.0,0.0,0.0,0.0,203.72026098545993,1173.5399716598336,10.70101836661331,5.294190159172941,59.972071741563994,0.38737706161555513,192.52867198909942,16.04405599909162,181.5601073656632,,,CFBD/team roster,,0.0,,MEDIUM,calibrated rushing efficiency; team receiving rates,0.0,v1.0,2026-08-18T18:11:37+00:00
2026,CFF_AUB,Auburn,CFP_2C9C3C8A,Jeremiah Cobb,RB,9,12.0,0.0,0.0,0.0,0.0,0.0,198.14101554686806,1117.3601832976008,8.324693765006108,11.865718203487832,151.9401114307685,1.1164774100668104,189.50991562501835,15.79249296875153,161.68418091979672,,,CFBD/team roster,,0.0,,MEDIUM,calibrated rushing efficiency; team receiving rates,0.0,v1.0,2026-08-18T18:11:37+00:00
2026,CFF_OSU,Ohio State,CFP_B23F38FD,Bo Jackson,RB,10,12.0,0.0,0.0,0.0,0.0,0.0,177.90012917354096,929.7687674881189,8.996051523897005,17.215346248193953,214.22386795421613,1.6512515671700514,186.8907552147328,15.574229601227733,146.95318589219391,,,CFBD/team roster,,0.0,,MEDIUM,calibrated rushing efficiency; team receiving rates,0.0,v1.0,2026-08-18T18:11:37+00:00
2026,CFF_MD,Maryland,CFP_9F3E3356,DeJuan Williams,RB,11,12.0,0.0,0.0,0.0,0.0,0.0,145.10153857116993,638.9594780590071,5.534275203856457,42.29053592645579,464.9249885891811,3.135550749674736,183.55267034923386,15.296055862436155,97.10159902903945,,,CFBD/team roster,,0.0,,MEDIUM,calibrated rushing efficiency; team receiving rates,0.0,v1.0,2026-08-18T18:11:37+00:00
2026,CFF_VT,Virginia Tech,CFP_5E51349C,Marcellous Hawkins,RB,12,12.0,0.0,0.0,0.0,0.0,0.0,184.4012918855649,1019.6914344248671,7.730723340611831,15.91076720526567,183.02323629664673,1.2541850398250227,182.13630095740533,15.178025079783778,148.3534834861577,,,CFBD/team roster,,0.0,,MEDIUM,calibrated rushing efficiency; team receiving rates,0.0,v1.0,2026-08-18T18:11:37+00:00
2026,CFF_MSST,Mississippi State,CFP_041CB720,Fluff Bothwell,RB,13,12.0,0.0,0.0,0.0,0.0,0.0,202.7933749154165,878.0351885668405,9.555612900992198,13.903507993153754,168.42339322948578,1.1621756511930281,175.9043434893209,14.658695290776741,145.13719626263725,,,CFBD/team roster,,0.0,,MEDIUM,calibrated rushing efficiency; team receiving rates,0.0,v1.0,2026-08-18T18:11:37+00:00
2026,CFF_USC,USC,CFP_3223AB72,King Miller,RB,14,12.0,0.0,0.0,0.0,0.0,0.0,149.05192825555469,868.9495013611678,8.47204825356154,16.620111050673394,210.2768993104357,1.456309006803523,175.80283915468743,14.650236596223953,137.72723965748602,,,CFBD/team roster,,0.0,,MEDIUM,calibrated rushing efficiency; team receiving rates,0.0,v1.0,2026-08-18T18:11:37+00:00
2026,CFF_TTU,Texas Tech,CFP_E58E9553,Cameron Dickey,RB,15,12.0,0.0,0.0,0.0,0.0,0.0,150.35861211785715,853.9088545679851,8.884485036958335,15.78430021098659,187.51889497003495,1.4429178791304893,173.99934255582826,14.499945212985688,138.69779567854852,,,CFBD/team roster,,0.0,,MEDIUM,calibrated rushing efficiency; team receiving rates,0.0,v1.0,2026-08-18T18:11:37+00:00
2026,CFF_UTAH,Utah,CFP_0FBCFF14,Wayshawn Parker,RB,16,12.0,0.0,0.0,0.0,0.0,0.0,151.8313495032704,981.1251198011536,6.969344646645807,14.707929014169679,175.15286076280609,1.4721650713600716,173.63082087151605,14.469235072626338,139.92857985999018,,,CFBD/team roster,,0.0,,MEDIUM,calibrated rushing efficiency; team receiving rates,0.0,v1.0,2026-08-18T18:11:37+00:00
2026,CFF_IOWA,Iowa,CFP_29C456F5,Kamari Moulton,RB,17,12.0,0.0,0.0,0.0,0.0,0.0,171.64344676495605,934.506734534232,8.562477182599057,13.856518869523436,155.14679389443228,1.0571177944253431,173.61118213977454,14.467598511647878,144.82553654901756,,,CFBD/team roster,,0.0,,MEDIUM,calibrated rushing efficiency; team receiving rates,0.0,v1.0,2026-08-18T18:11:37+00:00
2026,CFF_MINN,Minnesota,CFP_C3B9EA9E,Darius Taylor,RB,18,12.0,0.0,0.0,0.0,0.0,0.0,160.88581355018079,652.4354944427756,6.9397061888017,29.02105915397742,303.40777933562407,2.2859824584791113,165.44898883851354,13.787415736542796,106.88178657708775,,,CFBD/team roster,,0.0,,MEDIUM,calibrated rushing efficiency; team receiving rates,0.0,v1.0,2026-08-18T18:11:37+00:00
2026,CFF_GT,Georgia Tech,CFP_ACA2AC80,Malachi Hosley,RB,19,12.0,0.0,0.0,0.0,0.0,0.0,142.47686755742077,847.8737362482221,7.596916804937163,14.338641929405982,169.11750944330262,1.0675902486348103,160.8554878552873,13.404623987940608,130.36887445444518,,,CFBD/team roster,,0.0,,MEDIUM,calibrated rushing efficiency; team receiving rates,0.0,v1.0,2026-08-18T18:11:37+00:00
2026,CFF_MICH,Michigan,CFP_26E2A8C0,Jordan Marshall,RB,20,12.0,0.0,0.0,0.0,0.0,0.0,151.75936853192349,881.9880981322485,8.130219655262028,9.603666132404157,107.48283650392555,0.6675532539120169,156.53556398486376,13.04463033207198,136.98012774479702,,,CFBD/team roster,,0.0,,MEDIUM,calibrated rushing efficiency; team receiving rates,0.0,v1.0,2026-08-18T18:11:37+00:00
2026,CFF_NCSU,NC State,CFP_5E3BCB79,Jayden Scott,RB,21,12.0,0.0,0.0,0.0,0.0,0.0,146.73949124713948,786.1221631232778,7.274043416223443,14.261963793686384,166.0625680757374,1.2354699773561455,153.40653537822226,12.783877948185188,122.25647680966844,,,CFBD/team roster,,0.0,,MEDIUM,calibrated rushing efficiency; team receiving rates,0.0,v1.0,2026-08-18T18:11:37+00:00
2026,CFF_TAMU,Texas A&M,CFP_271A5559,Rueben Owens II,RB,22,12.0,0.0,0.0,0.0,0.0,0.0,144.80757047485162,776.2903885762048,7.050042191187712,12.46876682446273,162.67988943386456,1.1751184993732584,149.4823753566041,12.456864613050342,119.92929200474676,,,CFBD/team roster,,0.0,,MEDIUM,calibrated rushing efficiency; team receiving rates,0.0,v1.0,2026-08-18T18:11:37+00:00
2026,CFF_IND,Indiana,CFP_7E01EAAE,Turbo Richard,RB,23,12.0,0.0,0.0,0.0,0.0,0.0,155.43019570935135,804.5075711838975,8.728944785556243,6.6997369652811845,83.89498367279977,0.73116646359139,148.9507914631961,12.412565955266343,132.8244258317272,,,CFBD/team roster,,0.0,,MEDIUM,calibrated rushing efficiency; team receiving rates,0.0,v1.0,2026-08-18T18:11:37+00:00
2026,CFF_ORE,Oregon,CFP_05052721,Jordon Davison,RB,24,12.0,0.0,0.0,0.0,0.0,0.0,121.8654315142315,677.6584568297048,8.098354090769709,14.51285546592251,175.4525867426539,1.2869374822473745,148.8792815282996,12.406606794024967,116.35597022758873,,,CFBD/team roster,,0.0,,MEDIUM,calibrated rushing efficiency; team receiving rates,0.0,v1.0,2026-08-18T18:11:37+00:00
2026,CFF_TTU,Texas Tech,CFP_92926593,J'Koby Williams,RB,25,12.0,0.0,0.0,0.0,0.0,0.0,110.02712557330254,630.6987816924218,5.661689861919631,22.834233093139012,271.27272668909757,2.0873857406355034,148.10872100005224,12.34239341667102,97.04001734075996,,,CFBD/team roster,,0.0,,MEDIUM,calibrated rushing efficiency; team receiving rates,0.0,v1.0,2026-08-18T18:11:37+00:00
2026,CFF_TCU,TCU,CFP_A713F3BB,Jeremy Payne,RB,26,12.0,0.0,0.0,0.0,0.0,0.0,125.1602860075544,591.7527998083802,6.419157168400335,21.48258150616289,259.9021454673572,1.8872628106720717,145.74530515508962,12.145442096257469,97.69022299124003,,,CFBD/team roster,,0.0,,MEDIUM,calibrated rushing efficiency; team receiving rates,0.0,v1.0,2026-08-18T18:11:37+00:00
2026,CFF_VAN,Vanderbilt,CFP_80D0B20C,Sedrick Alexander,RB,27,12.0,0.0,0.0,0.0,0.0,0.0,118.0558694788234,687.6749829975972,7.049242139654864,15.009375082000863,185.03450929638973,1.4257352911941708,145.62550135549336,12.135458446291112,111.06295113768891,,,CFBD/team roster,,0.0,,MEDIUM,calibrated rushing efficiency; team receiving rates,0.0,v1.0,2026-08-18T18:11:37+00:00
2026,CFF_WAKE,Wake Forest,CFP_38AD34F2,Ty Clark III,RB,28,12.0,0.0,0.0,0.0,0.0,0.0,134.26824208961855,649.5862610694477,6.175822535925069,20.76700109481664,237.35811698922353,1.5418513878473443,145.38398189590993,12.11533182465916,102.01356132249518,,,CFBD/team roster,,0.0,,MEDIUM,calibrated rushing efficiency; team receiving rates,0.0,v1.0,2026-08-18T18:11:37+00:00
2026,CFF_STAN,Stanford,CFP_C689C294,Micah Ford,RB,29,12.0,0.0,0.0,0.0,0.0,0.0,185.28665565183636,716.3072168600086,6.382079753516624,14.129017990907593,162.18286643462687,1.1224429319262794,139.94065343757475,11.661721119797896,109.92320020710059,,,CFBD/team roster,,0.0,,MEDIUM,calibrated rushing efficiency; team receiving rates,0.0,v1.0,2026-08-18T18:11:37+00:00
2026,CFF_BAY,Baylor,CFP_C831C36C,Caden Knighten,RB,30,12.0,0.0,0.0,0.0,0.0,0.0,141.16438196770082,652.5633679584392,5.592188708349594,16.82761762356164,208.46560690402697,1.6717624490901999,138.1004132426662,11.508367770222184,98.80946904594148,,,CFBD/team roster,,0.0,,MEDIUM,calibrated rushing efficiency; team receiving rates,0.0,v1.0,2026-08-18T18:11:37+00:00
2026,CFF_NEB,Nebraska,CFP_5A3BD7C3,Jamal Rule,RB,31,12.0,0.0,0.0,0.0,0.0,0.0,160.26492032624188,753.1688263504618,7.534676159538206,7.845091314741065,87.67812908382469,0.6026441522825331,136.8311630717236,11.402596922643633,120.52493959227542,,,CFBD/team roster,,0.0,,MEDIUM,calibrated rushing efficiency; team receiving rates,0.0,v1.0,2026-08-18T18:11:37+00:00
2026,CFF_UGA,Georgia,CFP_82143892,Nate Frazier,RB,32,12.0,0.0,0.0,0.0,0.0,0.0,135.60331994640228,662.5160283529829,6.425915996955629,15.010904701298161,167.84823327606716,1.2739749131011882,136.741223973895,11.395101997824582,104.80709881703206,,,CFBD/team roster,,0.0,,MEDIUM,calibrated rushing efficiency; team receiving rates,0.0,v1.0,2026-08-18T18:11:37+00:00
2026,CFF_MIA,Miami,CFP_B8F3F07E,Mark Fletcher Jr.,RB,33,12.0,0.0,0.0,0.0,0.0,0.0,127.37123588401505,661.6556376329834,6.760159070589114,12.400591988329655,148.93462604428237,1.1755949399521397,134.87384642513894,11.239487202094912,106.72651818683302,,,CFBD/team roster,,0.0,,MEDIUM,calibrated rushing efficiency; team receiving rates,0.0,v1.0,2026-08-18T18:11:37+00:00
2026,CFF_NW,Northwestern,CFP_7304E588,Caleb Komolafe,RB,34,12.0,0.0,0.0,0.0,0.0,0.0,153.07720895716471,711.3237340042285,6.527921452279645,10.241252532388808,111.22666468692174,0.7488803673713557,131.03647705321544,10.919706421101287,110.29990211410072,,,CFBD/team roster,,0.0,,MEDIUM,calibrated rushing efficiency; team receiving rates,0.0,v1.0,2026-08-18T18:11:37+00:00
2026,CFF_PUR,Purdue,CFP_34CECA97,Antonio Harris,RB,35,12.0,0.0,0.0,0.0,0.0,0.0,124.24848075224136,601.3673161237695,4.705571403007653,18.98470400143421,211.9260797851664,1.4137410046601389,127.53756603761745,10.628130503134788,88.37016003042287,,,CFBD/team roster,,0.0,,MEDIUM,calibrated rushing efficiency; team receiving rates,0.0,v1.0,2026-08-18T18:11:37+00:00
2026,CFF_ARK,Arkansas,CFP_CC032816,Braylen Russell,RB,36,12.0,0.0,0.0,0.0,0.0,0.0,116.84349684418329,687.1984480141385,6.728914689375764,7.24008764083517,91.48623862975849,0.5946300752076825,125.42978107230796,10.452481756025664,109.09333293766844,,,CFBD/team roster,,0.0,,MEDIUM,calibrated rushing efficiency; team receiving rates,0.0,v1.0,2026-08-18T18:11:37+00:00
2026,CFF_LSU,LSU,CFP_8E450CBC,Caden Durham,RB,37,12.0,0.0,0.0,0.0,0.0,0.0,115.8594543695468,511.5646130739014,4.682669871835502,19.829810900335236,227.11045993069988,1.5581016619037897,121.22704195306349,10.102253496088624,79.25248053840315,,,CFBD/team roster,,0.0,,MEDIUM,calibrated rushing efficiency; team receiving rates,0.0,v1.0,2026-08-18T18:11:37+00:00
2026,CFF_WISC,Wisconsin,CFP_DC2F8E3A,Darrion Dupree,RB,38,12.0,0.0,0.0,0.0,0.0,0.0,152.3659528227285,651.0333641382479,5.767694238088584,10.344272550376846,116.19447740759135,0.7665234904789501,121.10022680117757,10.091685566764797,99.7095018423563,,,CFBD/team roster,,0.0,,MEDIUM,calibrated rushing efficiency; team receiving rates,0.0,v1.0,2026-08-18T18:11:37+00:00
2026,CFF_UK,Kentucky,CFP_FD9833A4,Jason Patterson,RB,39,12.0,0.0,0.0,0.0,0.0,0.0,113.70110640998512,534.5774099639572,4.5986915947775975,18.27913557789586,215.77090089679834,1.4899930546534008,120.70650677160948,10.05887556430079,81.0498905650613,,,CFBD/team roster,,0.0,,MEDIUM,calibrated rushing efficiency; team receiving rates,0.0,v1.0,2026-08-18T18:11:37+00:00
2026,CFF_MSU,Michigan State,CFP_21471000,Brandon Tullis,RB,40,12.0,0.0,0.0,0.0,0.0,0.0,127.27749850425077,573.9546678277082,5.5172106264945935,13.775468979058656,160.76678838739932,1.0966642780333924,120.04312953820798,10.003594128183998,90.49873054173838,,,CFBD/team roster,,0.0,,MEDIUM,calibrated rushing efficiency; team receiving rates,0.0,v1.0,2026-08-18T18:11:37+00:00
2026,CFF_LOU,Louisville,CFP_0C140E3A,Isaac Brown,RB,41,12.0,0.0,0.0,0.0,0.0,0.0,94.05005860962598,559.7073025401443,5.381278578200821,14.268253098693268,169.21839085066242,1.18663590811841,119.43418280634268,9.952848567195224,88.25840172321935,,,CFBD/team roster,,0.0,,MEDIUM,calibrated rushing efficiency; team receiving rates,0.0,v1.0,2026-08-18T18:11:37+00:00
2026,CFF_ORE,Oregon,CFP_B84F1AF7,Dierre Hill Jr.,RB,42,12.0,0.0,0.0,0.0,0.0,0.0,82.13837454483446,469.60991694606207,4.289253177448964,20.291113197903506,245.30860290172913,1.7993284775847875,118.16889851393339,9.847408209494448,72.6965107593,,,CFBD/team roster,,0.0,,MEDIUM,calibrated rushing efficiency; team receiving rates,0.0,v1.0,2026-08-18T18:11:37+00:00
2026,CFF_MIZ,Missouri,CFP_AFC86FFA,Jamal Roberts,RB,43,12.0,0.0,0.0,0.0,0.0,0.0,99.28890389776787,540.1725966242022,4.812693521857322,15.736385635401705,178.2602475364542,1.151434807706916,115.49624721115192,9.624687267595993,82.89342079356416,,,CFBD/team roster,,0.0,,MEDIUM,calibrated rushing efficiency; team receiving rates,0.0,v1.0,2026-08-18T18:11:37+00:00
2026,CFF_COLO,Colorado,CFP_24AD4EC7,Micah Welch,RB,44,12.0,0.0,0.0,0.0,0.0,0.0,129.21400041030148,529.2282783984987,5.43829607182413,13.069281829673336,154.70600432861934,1.1634911062415867,114.53879225594277,9.544899354661897,85.55260427079465,,,CFBD/team roster,,0.0,,MEDIUM,calibrated rushing efficiency; team receiving rates,0.0,v1.0,2026-08-18T18:11:37+00:00
2026,CFF_UNC,North Carolina,CFP_0F6C4664,Demon June,RB,45,12.0,0.0,0.0,0.0,0.0,0.0,106.61804507035671,511.0450379967684,4.460116768600756,17.25084045817865,199.2446232134591,1.3386179411706347,114.44679460874042,9.537232884061702,77.86520441128137,,,CFBD/team roster,,0.0,,MEDIUM,calibrated rushing efficiency; team receiving rates,0.0,v1.0,2026-08-18T18:11:37+00:00
2026,CFF_CLEM,Clemson,CFP_160BCDBF,Chris Johnson Jr.,RB,46,12.0,0.0,0.0,0.0,0.0,0.0,121.15376640018115,642.9652681768239,6.033641960697416,5.83053163701321,68.07494431743986,0.5065069363583071,113.26018045026733,9.43834837085561,100.49837858186689,,,CFBD/team roster,,0.0,,MEDIUM,calibrated rushing efficiency; team receiving rates,0.0,v1.0,2026-08-18T18:11:37+00:00
2026,CFF_LOU,Louisville,CFP_220186FC,Keyjuan Brown,RB,47,12.0,0.0,0.0,0.0,0.0,0.0,89.48452178391598,530.8323780096208,4.98878904900165,13.763364235756404,163.2305183091793,1.1446462370475465,113.0885834660534,9.424048622171115,83.01597209497199,,,CFBD/team roster,,0.0,,MEDIUM,calibrated rushing efficiency; team receiving rates,0.0,v1.0,2026-08-18T18:11:37+00:00
2026,CFF_ND,Notre Dame,CFP_5D96444C,Javian Osborne,RB,48,12.0,0.0,0.0,0.0,0.0,0.0,105.60110697325823,612.7600209101229,6.42204444750848,4.5819434389584455,57.84643900209624,0.43487502253106564,110.4931345309384,9.207761210911533,99.80826877606316,,,CFBD/team roster,,0.0,,MEDIUM,calibrated rushing efficiency; team receiving rates,0.0,v1.0,2026-08-18T18:11:37+00:00
2026,CFF_IND,Indiana,CFP_4F638D08,Khobie Martin,RB,49,12.0,0.0,0.0,0.0,0.0,0.0,117.14608193035498,635.3745539496049,6.769930493423159,2.4980095091056267,31.280402210852994,0.2726167890255031,110.16978406529057,9.180815338774215,104.15703835549944,,,CFBD/team roster,,0.0,,MEDIUM,calibrated rushing efficiency; team receiving rates,0.0,v1.0,2026-08-18T18:11:37+00:00
2026,CFF_ND,Notre Dame,CFP_A8406EDA,Jonaz Walton,RB,50,12.0,0.0,0.0,0.0,0.0,0.0,103.62988630975748,601.3218338531343,6.302166284488327,4.519866443513202,57.0627250217087,0.42898325735487924,108.48528636030014,9.04044053002501,97.94518109224339,,,CFBD/team roster,,0.0,,MEDIUM,calibrated rushing efficiency; team receiving rates,0.0,v1.0,2026-08-18T18:11:37+00:00
2026,CFF_FSU,Florida State,CFP_EF06D58F,Ousmane Kromah,RB,51,12.0,0.0,0.0,0.0,0.0,0.0,107.65744399756578,522.4026773297621,4.235983366663188,13.528201668718081,167.50636556222892,1.0166075827749994,107.27055082018727,8.939212568348939,77.65616793295534,,,CFBD/team roster,,0.0,,MEDIUM,calibrated rushing efficiency; team receiving rates,0.0,v1.0,2026-08-18T18:11:37+00:00
2026,CFF_ALA,Alabama,CFP_E088C2E6,Daniel Hill,RB,52,12.0,0.0,0.0,0.0,0.0,0.0,83.97622542267227,363.75299974057236,4.766275589205473,18.10887328912212,220.732987721251,1.5244292422418295,105.24726437942722,8.770605364952269,64.97295350929008,,,CFBD/team roster,,0.0,,MEDIUM,calibrated rushing efficiency; team receiving rates,0.0,v1.0,2026-08-18T18:11:37+00:00
2026,CFF_HOU,Houston,CFP_12C5C015,DJ Butler,RB,53,12.0,0.0,0.0,0.0,0.0,0.0,118.43494231740692,580.9648900431063,3.876459365333149,10.679495899845778,120.34971067638723,0.9213577798127387,104.25811089274757,8.688175907728963,81.35524519630953,,,CFBD/team roster,,0.0,,MEDIUM,calibrated rushing efficiency; team receiving rates,0.0,v1.0,2026-08-18T18:11:37+00:00
2026,CFF_ARIZ,Arizona,CFP_5120D106,Quincy Craig,RB,54,12.0,0.0,0.0,0.0,0.0,0.0,71.39902824999837,354.72912112570197,2.871098193665417,23.399365632278286,273.2057775878456,2.085424288692845,104.23230758164347,8.686025631803622,52.6995012745627,,,CFBD/team roster,,0.0,,MEDIUM,calibrated rushing efficiency; team receiving rates,0.0,v1.0,2026-08-18T18:11:37+00:00
2026,CFF_PSU,Penn State,CFP_49B02BC9,James Peoples,RB,55,12.0,0.0,0.0,0.0,0.0,0.0,101.75894340597057,562.3740503572167,5.59185970704379,6.382174211079275,76.85605268790871,0.5365141861963003,103.88434076949271,8.657028397457726,89.78856327798441,,,CFBD/team roster,,0.0,,MEDIUM,calibrated rushing efficiency; team receiving rates,0.0,v1.0,2026-08-18T18:11:37+00:00
2026,CFF_OU,Oklahoma,CFP_67FAC990,Tory Blaylock,RB,56,12.0,0.0,0.0,0.0,0.0,0.0,114.71551115707219,508.138171200722,4.501144850206202,12.43037709791783,139.2069143061109,0.9170163788922161,103.45866447423272,8.621555372852727,77.82068622130942,,,CFBD/team roster,,0.0,,MEDIUM,calibrated rushing efficiency; team receiving rates,0.0,v1.0,2026-08-18T18:11:37+00:00
2026,CFF_WVU,West Virginia,CFP_16433AAE,Cam Cook,RB,57,12.0,0.0,0.0,0.0,0.0,0.0,109.37056872939688,578.7118502236309,5.166022837016962,6.725742129853454,80.08049696214448,0.5146444094494563,103.32610926230278,8.610509105191898,88.86732204446487,,,CFBD/team roster,,0.0,,MEDIUM,calibrated rushing efficiency; team receiving rates,0.0,v1.0,2026-08-18T18:11:37+00:00
2026,CFF_CLEM,Clemson,CFP_AAF2E2A6,Gideon Davidson,RB,58,12.0,0.0,0.0,0.0,0.0,0.0,101.20864120332716,493.67779012502217,4.219413160081207,12.852533234377358,150.06101308396032,1.1165186364244835,102.81573771712105,8.567978143093422,74.68425797298946,,,CFBD/team roster,,0.0,,MEDIUM,calibrated rushing efficiency; team receiving rates,0.0,v1.0,2026-08-18T18:11:37+00:00
2026,CFF_SC,South Carolina,CFP_4706A30C,Matt Fuller,RB,59,12.0,0.0,0.0,0.0,0.0,0.0,118.0483501315682,519.8065665484379,4.74945789259894,9.902107823424744,126.16515006344554,0.7744447813965845,102.69164161687387,8.557636801406156,80.47740401043743,,,CFBD/team roster,,0.0,,MEDIUM,calibrated rushing efficiency; team receiving rates,0.0,v1.0,2026-08-18T18:11:37+00:00
2026,CFF_OKST,Oklahoma State,CFP_B88D1364,Caleb Hawkins,RB,60,12.0,0.0,0.0,0.0,0.0,0.0,99.12965869765935,477.7732078424709,5.601050178223655,8.84785662826118,109.94566355247933,0.7296204527698348,101.17983923958657,8.431653269965548,81.38362185358903,,,CFBD/team roster,,0.0,,MEDIUM,calibrated rushing efficiency; team receiving rates,0.0,v1.0,2026-08-18T18:11:37+00:00
2026,CFF_GT,Georgia Tech,CFP_6DF70C14,Justice Haynes,RB,61,12.0,0.0,0.0,0.0,0.0,0.0,88.49544887083978,533.2704536595312,4.971651859520837,8.363906484220198,98.6483267238272,0.622738544348102,100.94017370365958,8.411681141971632,83.15695652307815,,,CFBD/team roster,,0.0,,MEDIUM,calibrated rushing efficiency; team receiving rates,0.0,v1.0,2026-08-18T18:11:37+00:00
2026,CFF_ILL,Illinois,CFP_30FE7976,Ca'Lil Valentine,RB,62,12.0,0.0,0.0,0.0,0.0,0.0,114.71158938891324,516.6938096496602,5.082623632755106,8.143975079742457,99.00961298883632,0.6844019355370154,100.24448321347361,8.353706934456135,82.16512276149666,,,CFBD/team roster,,0.0,,MEDIUM,calibrated rushing efficiency; team receiving rates,0.0,v1.0,2026-08-18T18:11:37+00:00
2026,CFF_UCLA,UCLA,CFP_62C20DE0,Anthony Woods,RB,63,12.0,0.0,0.0,0.0,0.0,0.0,78.3689321939627,373.5937499669826,2.410145606164113,23.69119180629201,248.83972872365916,1.7309506096851253,98.93552106730563,8.244626755608802,51.820248633682944,,,CFBD/team roster,,0.0,,MEDIUM,calibrated rushing efficiency; team receiving rates,0.0,v1.0,2026-08-18T18:11:37+00:00
2026,CFF_PSU,Penn State,CFP_2561FB06,Carson Hansen,RB,64,12.0,0.0,0.0,0.0,0.0,0.0,88.60785587824402,481.7195229813669,4.47341519048966,10.552446336715148,127.07571821417878,0.8870859634158198,98.31875421134502,8.193229517612085,75.01244344107465,,,CFBD/team roster,,0.0,,MEDIUM,calibrated rushing efficiency; team receiving rates,0.0,v1.0,2026-08-18T18:11:37+00:00
2026,CFF_LSU,LSU,CFP_A15AACC7,Harlem Berry,RB,65,12.0,0.0,0.0,0.0,0.0,0.0,108.68232002807046,484.2884280633738,4.2603283304676305,10.752547077072123,123.1487241292386,0.8448674349285691,96.7511633501745,8.062596945847874,73.99081278914316,,,CFBD/team roster,,0.0,,MEDIUM,calibrated rushing efficiency; team receiving rates,0.0,v1.0,2026-08-18T18:11:37+00:00
2026,CFF_ORE,Oregon,CFP_5E7B6C50,Simeon Price,RB,66,12.0,0.0,0.0,0.0,0.0,0.0,100.03827789596409,544.6812152223132,5.2008113138917,4.4406848776235375,53.68548253770608,0.39378079863620824,95.62456488998114,7.968713740831762,85.67298940558152,,,CFBD/team roster,,0.0,,MEDIUM,calibrated rushing efficiency; team receiving rates,0.0,v1.0,2026-08-18T18:11:37+00:00
2026,CFF_USC,USC,CFP_D17E0E68,Waymond Jordan,RB,67,12.0,0.0,0.0,0.0,0.0,0.0,84.69934970712472,488.3643574380717,4.879448148759285,7.550298315584255,95.52603552582978,0.661582068104973,95.41036975536782,7.950864146280652,78.11312463636288,,,CFBD/team roster,,0.0,,MEDIUM,calibrated rushing efficiency; team receiving rates,0.0,v1.0,2026-08-18T18:11:37+00:00
2026,CFF_SMU,SMU,CFP_3FD30369,Kendrick Raphael,RB,68,12.0,0.0,0.0,0.0,0.0,0.0,94.21365417900402,429.0039447645485,4.980306749306805,9.701766084757185,118.95595242794859,0.8468954391480249,94.61008589235728,7.884173824363106,72.78223497229567,,,CFBD/team roster,,0.0,,MEDIUM,calibrated rushing efficiency; team receiving rates,0.0,v1.0,2026-08-18T18:11:37+00:00
2026,CFF_NW,Northwestern,CFP_C6D23C89,Joseph Himon II,RB,69,12.0,0.0,0.0,0.0,0.0,0.0,80.33555874775485,373.8934253190236,2.7871667225631183,18.943161477077936,205.73505663078296,1.3851979219596555,92.46861680065626,7.705718066721356,54.11234286728107,,,CFBD/team roster,,0.0,,MEDIUM,calibrated rushing efficiency; team receiving rates,0.0,v1.0,2026-08-18T18:11:37+00:00
2026,CFF_UGA,Georgia,CFP_10D24F93,Chauncey Bowens,RB,70,12.0,0.0,0.0,0.0,0.0,0.0,81.05026019784964,386.6002722731708,4.268066392147094,12.500946667041651,139.78250172754883,1.060954869858689,90.86287830562749,7.5719065254689575,64.26842558019965,,,CFBD/team roster,,0.0,,MEDIUM,calibrated rushing efficiency; team receiving rates,0.0,v1.0,2026-08-18T18:11:37+00:00
2026,CFF_MIA,Miami,CFP_A49CDE76,CharMar Brown,RB,71,12.0,0.0,0.0,0.0,0.0,0.0,72.16025221360538,338.7964758352749,3.8185078529034953,13.902116916880864,166.96836620284915,1.3179417819317836,88.34624047126451,7.362186705938709,56.790694700948464,,,CFBD/team roster,,0.0,,MEDIUM,calibrated rushing efficiency; team receiving rates,0.0,v1.0,2026-08-18T18:11:37+00:00
2026,CFF_ARIZ,Arizona,CFP_8A512817,Kedrick Reescano,RB,72,12.0,0.0,0.0,0.0,0.0,0.0,91.89119647884986,443.06809714136034,4.686615476133737,6.796442773780188,79.35375095299624,0.6057201318996686,87.39441984452618,7.282868320377182,72.42650257093845,,,CFBD/team roster,,0.0,,MEDIUM,calibrated rushing efficiency; team receiving rates,0.0,v1.0,2026-08-18T18:11:37+00:00
2026,CFF_OU,Oklahoma,CFP_EEF04654,Xavier Robinson,RB,73,12.0,0.0,0.0,0.0,0.0,0.0,79.78156948784033,373.25054729235376,3.333542323270791,14.463381060392706,161.97438195080764,1.0669955723838214,87.15741082844016,7.26311756903668,57.32630866886012,,,CFBD/team roster,,0.0,,MEDIUM,calibrated rushing efficiency; team receiving rates,0.0,v1.0,2026-08-18T18:11:37+00:00
2026,CFF_UCLA,UCLA,CFP_8DDFE288,Jaivian Thomas,RB,74,12.0,0.0,0.0,0.0,0.0,0.0,101.45435408055634,465.04824583937744,3.1818479713011922,10.482228131226218,110.09977150668679,0.7658635041646901,86.44218465301482,7.203515387751235,65.5959124117449,,,CFBD/team roster,,0.0,,MEDIUM,calibrated rushing efficiency; team receiving rates,0.0,v1.0,2026-08-18T18:11:37+00:00
2026,CFF_BAY,Baylor,CFP_CF7C9E81,Michael Turner,RB,75,12.0,0.0,0.0,0.0,0.0,0.0,88.98039242513843,420.17615376434236,3.7412718085708887,8.97801223969113,111.22232583407492,0.8919327777434423,85.42808159757328,7.1190067997977735,64.46524622785957,,,CFBD/team roster,,0.0,,MEDIUM,calibrated rushing efficiency; team receiving rates,0.0,v1.0,2026-08-18T18:11:37+00:00
2026,CFF_CIN,Cincinnati,CFP_BA7AC517,Zion Johnson,RB,76,12.0,0.0,0.0,0.0,0.0,0.0,83.99093504105772,497.7355875891338,3.9620946161988635,5.098540478556587,60.55989319461104,0.4482022462015624,84.84059949205535,7.070049957671279,73.54612645610656,,,CFBD/team roster,,0.0,,MEDIUM,calibrated rushing efficiency; team receiving rates,0.0,v1.0,2026-08-18T18:11:37+00:00
2026,CFF_BC,Boston College,CFP_3ED225F9,Evan Dickens,RB,77,12.0,0.0,0.0,0.0,0.0,0.0,90.77334086826379,437.6148604428998,4.625212674781173,5.941439613903531,71.1508198873186,0.5206822891463907,84.72265762353898,7.0602214686282485,71.51276209297701,,,CFBD/team roster,,0.0,,MEDIUM,calibrated rushing efficiency; team receiving rates,0.0,v1.0,2026-08-18T18:11:37+00:00
2026,CFF_HOU,Houston,CFP_6DB66AAC,John Hebert,RB,78,12.0,0.0,0.0,0.0,0.0,0.0,88.38430880894548,442.90063020376897,3.3674992290446806,7.6083597165274695,85.74036632376848,0.6564000288194931,80.81167505820252,6.73430625485021,64.49505839464499,,,CFBD/team roster,,0.0,,MEDIUM,calibrated rushing efficiency; team receiving rates,0.0,v1.0,2026-08-18T18:11:37+00:00
2026,CFF_UVA,Virginia,CFP_5A3A7D3B,Peyton Lewis,RB,79,12.0,0.0,0.0,0.0,0.0,0.0,83.3662464909163,395.07083409839436,4.372179124806894,7.22811652366994,80.92895260519319,0.5117320930981318,80.51750423962388,6.709792019968656,65.7401581586808,,,CFBD/team roster,,0.0,,MEDIUM,calibrated rushing efficiency; team receiving rates,0.0,v1.0,2026-08-18T18:11:37+00:00
2026,CFF_UNC,North Carolina,CFP_B45F212B,Benjamin Hall,RB,80,12.0,0.0,0.0,0.0,0.0,0.0,90.35003349858863,408.64334509575986,3.867054705476789,7.69003756957387,88.81878200436738,0.5967258397562534,80.3739147661979,6.697826230516491,64.06666274243672,,,CFBD/team roster,,0.0,,MEDIUM,calibrated rushing efficiency; team receiving rates,0.0,v1.0,2026-08-18T18:11:37+00:00
2026,CFF_ND,Notre Dame,CFP_000E36E3,Aneyas Williams,RB,81,12.0,0.0,0.0,0.0,0.0,0.0,67.6788263462318,402.8172168571467,5.038467558546409,3.5552854373640206,44.88501548030219,0.3374342907710585,78.80327704833172,6.5669397540276435,70.51252703699313,,,CFBD/team roster,,0.0,,MEDIUM,calibrated rushing efficiency; team receiving rates,0.0,v1.0,2026-08-18T18:11:37+00:00
2026,CFF_UCF,UCF,CFP_0839C459,Landen Chambers,RB,82,12.0,0.0,0.0,0.0,0.0,0.0,75.7600149864636,422.40173295074146,3.8230650918905638,5.861313338360402,71.79222214518467,0.49175189632569877,78.23895410807036,6.519912842339196,65.17856384641752,,,CFBD/team roster,,0.0,,MEDIUM,calibrated rushing efficiency; team receiving rates,0.0,v1.0,2026-08-18T18:11:37+00:00
2026,CFF_UVA,Virginia,CFP_DBC83567,Xavier Brown,RB,83,12.0,0.0,0.0,0.0,0.0,0.0,78.9969613942932,382.8218564960237,3.3174286968194524,9.688693046565815,108.47857499309927,0.6859345938694277,77.99456941632849,6.499547451360708,58.186757830519085,,,CFBD/team roster,,0.0,,MEDIUM,calibrated rushing efficiency; team receiving rates,0.0,v1.0,2026-08-18T18:11:37+00:00
2026,CFF_ALA,Alabama,CFP_54313FFD,Kevin Riley,RB,84,12.0,0.0,0.0,0.0,0.0,0.0,66.41257043230945,290.2385232658821,3.2836470019793365,12.97515842751099,158.1570228105513,1.0922662395290936,77.58261327044941,6.465217772537451,48.725734338464235,,,CFBD/team roster,,0.0,,MEDIUM,calibrated rushing efficiency; team receiving rates,0.0,v1.0,2026-08-18T18:11:37+00:00
2026,CFF_SYR,Syracuse,CFP_AD8A5944,Ju'Juan Johnson,RB,85,12.0,0.0,0.0,0.0,0.0,0.0,79.63591204778821,335.21058158727277,3.6070727545578674,9.541548002703315,113.2483807022265,0.7911180365659143,76.00581497704428,6.33381791475369,55.163494686074486,,,CFBD/team roster,,0.0,,MEDIUM,calibrated rushing efficiency; team receiving rates,0.0,v1.0,2026-08-18T18:11:37+00:00
2026,CFF_VAN,Vanderbilt,CFP_CFB9E8E0,Makhilyn Young,RB,86,12.0,0.0,0.0,0.0,0.0,0.0,50.87855568956754,305.83435004112914,2.9678198480545377,10.775727642457763,132.8424045465266,1.0235826011552072,73.20395397525292,6.100329497937743,48.39035409244014,,,CFBD/team roster,,0.0,,MEDIUM,calibrated rushing efficiency; team receiving rates,0.0,v1.0,2026-08-18T18:11:37+00:00
2026,CFF_MICH,Michigan,CFP_06A069C3,Bryson Kuzdzal,RB,87,12.0,0.0,0.0,0.0,0.0,0.0,77.4856035096858,410.4531958395923,3.868043014937756,3.955812997604657,44.27288452136205,0.27496955870928097,72.30858997677998,6.025715831398332,64.25357767358577,,,CFBD/team roster,,0.0,,MEDIUM,calibrated rushing efficiency; team receiving rates,0.0,v1.0,2026-08-18T18:11:37+00:00
2026,CFF_NEB,Nebraska,CFP_B5A283B6,Isaiah Mozee,RB,88,12.0,0.0,0.0,0.0,0.0,0.0,47.41207353532805,220.80563610469235,2.075494381163075,17.87082703506468,199.72752600991507,1.3728010264071469,71.6785021744144,5.973208514534534,34.53352989744768,,,CFBD/team roster,,0.0,,MEDIUM,calibrated rushing efficiency; team receiving rates,0.0,v1.0,2026-08-18T18:11:37+00:00
2026,CFF_ASU,Arizona State,CFP_9A8C452E,Marquis Gillis,RB,89,12.0,0.0,0.0,0.0,0.0,0.0,74.97818830877321,406.76870811907406,3.4853368783714505,4.50212382762678,53.10424212596548,0.3828342346977057,71.44738361673228,5.95394863472769,61.58889208213611,,,CFBD/team roster,,0.0,,MEDIUM,calibrated rushing efficiency; team receiving rates,0.0,v1.0,2026-08-18T18:11:37+00:00
2026,CFF_UCF,UCF,CFP_3580E29C,Agyeman Addae,RB,90,12.0,0.0,0.0,0.0,0.0,0.0,60.819357771826205,337.0676679605102,2.961579775439646,8.799172604488342,107.77655413521374,0.7382321272666654,71.08287992805444,5.92357332733787,51.4762454486889,,,CFBD/team roster,,0.0,,MEDIUM,calibrated rushing efficiency; team receiving rates,0.0,v1.0,2026-08-18T18:11:37+00:00
2026,CFF_TEX,Texas,CFP_8D5EFB6C,Raleek Brown,RB,91,12.0,0.0,0.0,0.0,0.0,0.0,74.08787344122071,378.7996609723031,3.055311944393604,6.202501786513415,77.3880134362475,0.6214384996488859,70.7805209983667,5.898376749863892,56.21183776359193,,,CFBD/team roster,,0.0,,MEDIUM,calibrated rushing efficiency; team receiving rates,0.0,v1.0,2026-08-18T18:11:37+00:00
2026,CFF_ASU,Arizona State,CFP_D0520B57,Demarius Robinson,RB,92,12.0,0.0,0.0,0.0,0.0,0.0,57.966150619773984,308.37613249773256,2.5209198349034554,10.930728546613075,128.93205020052227,0.9294851181463072,69.89861226143059,5.824884355119216,45.96313225919398,,,CFBD/team roster,,0.0,,MEDIUM,calibrated rushing efficiency; team receiving rates,0.0,v1.0,2026-08-18T18:11:37+00:00
2026,CFF_TENN,Tennessee,CFP_18B21296,Javin Gordon,RB,93,12.0,0.0,0.0,0.0,0.0,0.0,74.04795625983499,366.43086560047055,3.6794975376346297,4.316348788069459,52.36827906744703,0.37110550678341747,68.34170712733476,5.69514226061123,58.72007178585483,,,CFBD/team roster,,0.0,,MEDIUM,calibrated rushing efficiency; team receiving rates,0.0,v1.0,2026-08-18T18:11:37+00:00
2026,CFF_PSU,Penn State,CFP_E1642BFD,Quinton Martin Jr.,RB,94,12.0,0.0,0.0,0.0,0.0,0.0,69.90279244976578,380.44049808743284,3.6022500653728615,3.855395420125149,46.42782596367766,0.32410182923283015,68.17264148280778,5.681053456900648,59.65755020098045,,,CFBD/team roster,,0.0,,MEDIUM,calibrated rushing efficiency; team receiving rates,0.0,v1.0,2026-08-18T18:11:37+00:00
2026,CFF_PITT,Pitt,CFP_63481E79,Ja'Kyrian Turner,RB,95,12.0,0.0,0.0,0.0,0.0,0.0,61.073089544946164,285.00635256537157,2.592840514240109,10.635287852120788,126.56458526123829,0.9740855630658,67.87629417255684,5.65635784771307,44.05767834197781,,,CFBD/team roster,,0.0,,MEDIUM,calibrated rushing efficiency; team receiving rates,0.0,v1.0,2026-08-18T18:11:37+00:00
2026,CFF_TEX,Texas,CFP_32A45B26,James Simon,RB,96,12.0,0.0,0.0,0.0,0.0,0.0,79.01568842955984,372.04144435634305,3.4578416471238835,4.113976293096096,51.32968334467658,0.4121858152031011,67.61426569061192,5.634522140884326,57.9511943183776,,,CFBD/team roster,,0.0,,MEDIUM,calibrated rushing efficiency; team receiving rates,0.0,v1.0,2026-08-18T18:11:37+00:00
2026,CFF_FSU,Florida State,CFP_A10A79F1,Samuel Singleton Jr.,RB,97,12.0,0.0,0.0,0.0,0.0,0.0,77.10600718744575,385.10993829046714,3.836047169729621,2.651711020995935,32.83351967434311,0.1992688752937514,67.33209757711923,5.611008131426602,61.52727684742443,,,CFBD/team roster,,0.0,,MEDIUM,calibrated rushing efficiency; team receiving rates,0.0,v1.0,2026-08-18T18:11:37+00:00
2026,CFF_UCF,UCF,CFP_DE7E588F,Duke Watson,RB,98,12.0,0.0,0.0,0.0,0.0,0.0,72.613080615591,389.8281725662961,3.432595310991536,3.474052594459654,42.55188917698616,0.29146572664525644,67.31939869737882,5.609949891448235,59.57838912257883,,,CFBD/team roster,,0.0,,MEDIUM,calibrated rushing efficiency; team receiving rates,0.0,v1.0,2026-08-18T18:11:37+00:00
2026,CFF_UK,Kentucky,CFP_EE1A82F5,CJ Baxter,RB,99,12.0,0.0,0.0,0.0,0.0,0.0,82.66634519334647,385.8874826599631,3.1888100248114983,4.1459832578697435,48.94009012851659,0.3379528661303522,66.71632625343395,5.559693854452829,57.7216084148653,,,CFBD/team roster,,0.0,,MEDIUM,calibrated rushing efficiency; team receiving rates,0.0,v1.0,2026-08-18T18:11:37+00:00
2026,CFF_SYR,Syracuse,CFP_48FC4662,Ahmad Miller,RB,100,12.0,0.0,0.0,0.0,0.0,0.0,72.96266248625514,315.6166672966214,3.288967562674268,6.995548909712655,83.02998485400147,0.5800217026193984,66.57637526168062,5.548031271806718,51.29547210570775,,,CFBD/team roster,,0.0,,MEDIUM,calibrated rushing efficiency; team receiving rates,0.0,v1.0,2026-08-18T18:11:37+00:00
2026,CFF_CIN,Cincinnati,CFP_3947F89C,Cole Tabb,RB,101,12.0,0.0,0.0,0.0,0.0,0.0,66.62412086065332,373.4273409561217,2.8863897986641347,5.358026032485877,63.642033563525224,0.47101308954332005,66.53036779745236,5.544197316454363,54.66107288759698,,,CFBD/team roster,,0.0,,MEDIUM,calibrated rushing efficiency; team receiving rates,0.0,v1.0,2026-08-18T18:11:37+00:00
2026,CFF_ARIZ,Arizona,CFP_7A981E8F,Antwan Roberts,RB,102,12.0,0.0,0.0,0.0,0.0,0.0,76.77076868395517,384.57749923782336,3.2129455353170955,3.8906997322114094,45.426942866918445,0.34675126877678614,66.30397490114316,5.52533124176193,57.73542313568491,,,CFBD/team roster,,0.0,,MEDIUM,calibrated rushing efficiency; team receiving rates,0.0,v1.0,2026-08-18T18:11:37+00:00
2026,CFF_SMU,SMU,CFP_C81CC7DA,Dramekco Green,RB,103,12.0,0.0,0.0,0.0,0.0,0.0,73.21127636791178,354.75937516016734,3.64461308537859,3.727172823466964,45.69986425210494,0.32535577930187126,65.72932354104348,5.47744362842029,57.343616028288274,,,CFBD/team roster,,0.0,,MEDIUM,calibrated rushing efficiency; team receiving rates,0.0,v1.0,2026-08-18T18:11:37+00:00
2026,CFF_ASU,Arizona State,CFP_8CB47693,David Avit,RB,104,12.0,0.0,0.0,0.0,0.0,0.0,68.17451963914618,369.8577133666098,3.169070536687961,4.361088622184572,51.44067888673838,0.3708414270788707,65.5498553190281,5.462487943252341,56.00019455678874,,,CFBD/team roster,,0.0,,MEDIUM,calibrated rushing efficiency; team receiving rates,0.0,v1.0,2026-08-18T18:11:37+00:00
2026,CFF_UVA,Virginia,CFP_14913888,Jekail Middlebrook,RB,105,12.0,0.0,0.0,0.0,0.0,0.0,53.938594220824285,267.99434560202457,2.2299940872622237,12.286737099237275,137.56734013908485,0.8698694428277963,65.2987183042697,5.441559858689142,40.1793990837758,,,CFBD/team roster,,0.0,,MEDIUM,calibrated rushing efficiency; team receiving rates,0.0,v1.0,2026-08-18T18:11:37+00:00
2026,CFF_ILL,Illinois,CFP_F39D07FC,Aidan Laughery,RB,106,12.0,0.0,0.0,0.0,0.0,0.0,65.99334124107578,303.82009892421246,3.0791296727871362,7.383549082790487,89.76480527176193,0.6204973902688034,65.24802733932832,5.437335611610693,48.85678792914406,,,CFBD/team roster,,0.0,,MEDIUM,calibrated rushing efficiency; team receiving rates,0.0,v1.0,2026-08-18T18:11:37+00:00
2026,CFF_KU,Kansas,CFP_FFF12510,Yasin Willis,RB,107,12.0,0.0,0.0,0.0,0.0,0.0,72.39890104448416,391.84998836125305,3.378549410294118,2.7128838385737373,29.912619148904383,0.23024712464934247,65.18548187996338,5.432123489996948,59.45629529789001,,,CFBD/team roster,,0.0,,MEDIUM,calibrated rushing efficiency; team receiving rates,0.0,v1.0,2026-08-18T18:11:37+00:00
2026,CFF_CIN,Cincinnati,CFP_D9D23B2A,Zylan Perry,RB,108,12.0,0.0,0.0,0.0,0.0,0.0,50.72972662073348,300.00172209586924,2.5202405610878267,8.798516570430273,104.50779512632617,0.7734595629267098,64.6124107515219,5.384367562626825,45.12161557611388,,,CFBD/team roster,,0.0,,MEDIUM,calibrated rushing efficiency; team receiving rates,0.0,v1.0,2026-08-18T18:11:37+00:00
2026,CFF_IOWA,Iowa,CFP_76476C46,L.J. Phillips Jr.,RB,109,12.0,0.0,0.0,0.0,0.0,0.0,68.24031529225714,369.66452194973556,3.7194220070322657,2.23420158659823,25.01560574762821,0.1704478791365838,63.92433288004859,5.327027740004049,59.28298423716715,,,CFBD/team roster,,0.0,,MEDIUM,calibrated rushing efficiency; team receiving rates,0.0,v1.0,2026-08-18T18:11:37+00:00
2026,CFF_BC,Boston College,CFP_55AFD402,Nolan Ray,RB,110,12.0,0.0,0.0,0.0,0.0,0.0,68.99393124606972,307.21680724700866,2.9517039368699236,6.732918518365927,80.62905692001272,0.5900441062423996,63.40153393455904,5.283461161213253,48.43190434592041,,,CFBD/team roster,,0.0,,MEDIUM,calibrated rushing efficiency; team receiving rates,0.0,v1.0,2026-08-18T18:11:37+00:00
2026,CFF_KU,Kansas,CFP_EC556A0F,Dylan Edwards,RB,111,12.0,0.0,0.0,0.0,0.0,0.0,65.80733601244464,378.0217955023138,3.3686109678630163,2.4596692169317667,27.120640947547894,0.2087563635178646,63.208282241737344,5.267356853478112,58.01384535740948,,,CFBD/team roster,,0.0,,MEDIUM,calibrated rushing efficiency; team receiving rates,0.0,v1.0,2026-08-18T18:11:37+00:00
2026,CFF_TEX,Texas,CFP_180C2566,Hollywood Smothers,RB,112,12.0,0.0,0.0,0.0,0.0,0.0,62.869965847604725,314.47017133764075,2.845939745736251,6.16107959958064,76.87119282591209,0.617288344987802,62.99404476048993,5.249503730040828,48.52265560818158,,,CFBD/team roster,,0.0,,MEDIUM,calibrated rushing efficiency; team receiving rates,0.0,v1.0,2026-08-18T18:11:37+00:00
2026,CFF_WASH,Washington,CFP_BF2D83D6,Jayden Limar,RB,113,12.0,0.0,0.0,0.0,0.0,0.0,64.94249367245587,341.55072045727593,3.2161044061788546,3.8951615649098583,46.97577136269695,0.341562182171721,62.14622949455567,5.178852457879639,53.45169848280072,,,CFBD/team roster,,0.0,,MEDIUM,calibrated rushing efficiency; team receiving rates,0.0,v1.0,2026-08-18T18:11:37+00:00
2026,CFF_NEB,Nebraska,CFP_FDB66306,Mekhi Nelson,RB,114,12.0,0.0,0.0,0.0,0.0,0.0,49.136148936612706,232.08164849406091,2.407347259683537,11.235120993995663,125.5657008010816,0.8630594209267892,61.004735510174044,5.083727959181171,37.652248407507315,,,CFBD/team roster,,0.0,,MEDIUM,calibrated rushing efficiency; team receiving rates,0.0,v1.0,2026-08-18T18:11:37+00:00
2026,CFF_WASH,Washington,CFP_136C0695,Brian Bonner Jr.,RB,115,12.0,0.0,0.0,0.0,0.0,0.0,54.10958739886843,280.67014368902124,2.568485295914974,6.540044895530444,78.87314777437767,0.5734889217798336,58.07619690027396,4.839683075022831,43.47792614439197,,,CFBD/team roster,,0.0,,MEDIUM,calibrated rushing efficiency; team receiving rates,0.0,v1.0,2026-08-18T18:11:37+00:00
2026,CFF_IOWA,Iowa,CFP_4ADA5167,Xavier Williams,RB,116,12.0,0.0,0.0,0.0,0.0,0.0,50.18814232893451,276.6676624443195,2.832960395076984,6.374980608273524,71.3785195131648,0.48634909702643203,57.907965452505685,4.825663787708807,44.664528614893854,,,CFBD/team roster,,0.0,,MEDIUM,calibrated rushing efficiency; team receiving rates,0.0,v1.0,2026-08-18T18:11:37+00:00
2026,CFF_NCSU,NC State,CFP_EFB5CD67,Davion Gause,RB,117,12.0,0.0,0.0,0.0,0.0,0.0,59.967409522552025,305.8623810892545,3.102481486074299,3.8786203263898367,45.1616384186997,0.3359929274914628,57.672558595384906,4.806046549615409,49.20112702537124,,,CFBD/team roster,,0.0,,MEDIUM,calibrated rushing efficiency; team receiving rates,0.0,v1.0,2026-08-18T18:11:37+00:00
2026,CFF_ISU,Iowa State,CFP_87FF4675,Cameron Pettaway,RB,118,12.0,0.0,0.0,0.0,0.0,0.0,68.47516423297203,338.65807067457735,2.9797961889198303,2.856758684613427,32.16007912672209,0.19633964403594742,57.56700932017132,4.797250776680944,51.74458420097672,,,CFBD/team roster,,0.0,,MEDIUM,calibrated rushing efficiency; team receiving rates,0.0,v1.0,2026-08-18T18:11:37+00:00
2026,CFF_CAL,California,CFP_AD0C803B,Ashten Emory,RB,119,12.0,0.0,0.0,0.0,0.0,0.0,60.89507793190178,251.51466935775366,2.7497399122175095,7.773645060133328,87.90091440419387,0.5366923213850265,57.54697430787664,4.795581192323053,41.64990640908042,,,CFBD/team roster,,0.0,,MEDIUM,calibrated rushing efficiency; team receiving rates,0.0,v1.0,2026-08-18T18:11:37+00:00
2026,CFF_UTAH,Utah,CFP_DB12CD8B,Daniel Bray,RB,120,12.0,0.0,0.0,0.0,0.0,0.0,41.86711630821077,257.270740740385,1.890800587114812,8.921848987514034,106.24795455235939,0.893017258834579,57.51570109872781,4.792975091560651,37.071877596727376,,,CFBD/team roster,,0.0,,MEDIUM,calibrated rushing efficiency; team receiving rates,0.0,v1.0,2026-08-18T18:11:37+00:00
2026,CFF_HOU,Houston,CFP_7D3FA406,Makhi Hughes,RB,121,12.0,0.0,0.0,0.0,0.0,0.0,70.94995810583127,352.39982463918534,2.5737807442546266,3.169894973504696,35.722280013360326,0.27347802016292017,57.4807105385122,4.790059211542683,50.6826669294463,,,CFBD/team roster,,0.0,,MEDIUM,calibrated rushing efficiency; team receiving rates,0.0,v1.0,2026-08-18T18:11:37+00:00
2026,CFF_TAMU,Texas A&M,CFP_A26D6348,Jamarion Morrow,RB,122,12.0,0.0,0.0,0.0,0.0,0.0,53.47665465668795,277.4893935340166,2.517733719101337,6.130196789035242,79.98062277430198,0.5777401849764934,57.38494344981647,4.782078620818039,42.855341668009686,,,CFBD/team roster,,0.0,,MEDIUM,calibrated rushing efficiency; team receiving rates,0.0,v1.0,2026-08-18T18:11:37+00:00
2026,CFF_ASU,Arizona State,CFP_8132B0CE,Kyson Brown,RB,123,12.0,0.0,0.0,0.0,0.0,0.0,44.32705635629775,242.33798723292352,1.9567759237965605,9.05376001461093,106.79250113378727,0.7698787103679813,55.7998566489638,4.649988054080317,35.97445426607172,,,CFBD/team roster,,0.0,,MEDIUM,calibrated rushing efficiency; team receiving rates,0.0,v1.0,2026-08-18T18:11:37+00:00
2026,CFF_ARK,Arkansas,CFP_C8F777B8,Sutton Smith,RB,124,12.0,0.0,0.0,0.0,0.0,0.0,47.298056501621076,295.45507886481766,2.647732470961565,4.377065260250885,55.30889358835801,0.35948938383177964,55.30826100420308,4.609021750350257,45.43190271225116,,,CFBD/team roster,,0.0,,MEDIUM,calibrated rushing efficiency; team receiving rates,0.0,v1.0,2026-08-18T18:11:37+00:00
2026,CFF_KU,Kansas,CFP_FB39CAA9,Jalen Dupree,RB,125,12.0,0.0,0.0,0.0,0.0,0.0,60.62454191783373,341.01638350609943,2.719088843710105,2.236476448634173,24.659687706591754,0.1898136087959871,55.13926006062276,4.59493833838523,50.416171412870575,,,CFBD/team roster,,0.0,,MEDIUM,calibrated rushing efficiency; team receiving rates,0.0,v1.0,2026-08-18T18:11:37+00:00
2026,CFF_PITT,Pitt,CFP_901EE1CE,Ethan Shine,RB,126,12.0,0.0,0.0,0.0,0.0,0.0,54.04785830611839,248.7344619272212,2.2587965132956147,7.393125496691219,87.98143268744913,0.6771360505136235,54.98374759266807,4.581978966055672,38.42622527249581,,,CFBD/team roster,,0.0,,MEDIUM,calibrated rushing efficiency; team receiving rates,0.0,v1.0,2026-08-18T18:11:37+00:00
2026,CFF_MICH,Michigan,CFP_89809AD2,Savion Hiter,RB,127,12.0,0.0,0.0,0.0,0.0,0.0,58.796502244107465,320.407438153259,2.8778302966450204,2.7594149055746007,30.882970841898942,0.1918076257247512,54.92657588652173,4.577214657210145,49.307725595196025,,,CFBD/team roster,,0.0,,MEDIUM,calibrated rushing efficiency; team receiving rates,0.0,v1.0,2026-08-18T18:11:37+00:00
2026,CFF_IND,Indiana,CFP_1CEA1A86,Jayreon Campbell,RB,128,12.0,0.0,0.0,0.0,0.0,0.0,55.379846267639756,285.3414533829982,2.901645572582572,3.6141237089203684,45.25653038658174,0.39442235791150926,54.64326781438267,4.553605651198556,45.94401877379525,,,CFBD/team roster,,0.0,,MEDIUM,calibrated rushing efficiency; team receiving rates,0.0,v1.0,2026-08-18T18:11:37+00:00
2026,CFF_PITT,Pitt,CFP_4522D64E,La'Vell Wright,RB,129,12.0,0.0,0.0,0.0,0.0,0.0,56.45075845295024,264.3348618525013,2.94341899964159,4.570018139582479,54.38521820142863,0.41856776747499364,54.32893767788372,4.527411473156977,44.094000183099666,,,CFBD/team roster,,0.0,,MEDIUM,calibrated rushing efficiency; team receiving rates,0.0,v1.0,2026-08-18T18:11:37+00:00
2026,CFF_CAL,California,CFP_F1005A06,Adam Mohammed,RB,130,12.0,0.0,0.0,0.0,0.0,0.0,60.54664242536356,252.16838551247957,2.897885580175217,5.532803586545543,62.56247753969556,0.3819846645506091,53.91870956684523,4.493225797237103,42.604152032299254,,,CFBD/team roster,,0.0,,MEDIUM,calibrated rushing efficiency; team receiving rates,0.0,v1.0,2026-08-18T18:11:37+00:00
2026,CFF_SMU,SMU,CFP_DE2CE2D8,Christian Rhodes,RB,131,12.0,0.0,0.0,0.0,0.0,0.0,50.36561853458756,248.90484412411925,2.5309344869892563,6.112020723310962,74.94112309542571,0.533536103563954,53.82743062692924,4.48561921891077,40.07609133434747,,,CFBD/team roster,,0.0,,MEDIUM,calibrated rushing efficiency; team receiving rates,0.0,v1.0,2026-08-18T18:11:37+00:00
2026,CFF_WASH,Washington,CFP_DB7485FA,Jordan Washington,RB,132,12.0,0.0,0.0,0.0,0.0,0.0,65.96817244620624,352.0076663217204,3.086061525089972,0.0,0.0,0.0,53.71713578271187,4.476427981892656,53.71713578271187,,,CFBD/team roster,,0.0,,MEDIUM,calibrated rushing efficiency; team receiving rates,0.0,v1.0,2026-08-18T18:11:37+00:00
2026,CFF_VT,Virginia Tech,CFP_43C09B4F,Bill Davis,RB,133,12.0,0.0,0.0,0.0,0.0,0.0,56.297624333463894,288.3861132137667,2.69089797481528,4.024181200574192,46.290581545902015,0.31721084182759735,53.528412976111234,4.460701081342603,44.98399917026835,,,CFBD/team roster,,0.0,,MEDIUM,calibrated rushing efficiency; team receiving rates,0.0,v1.0,2026-08-18T18:11:37+00:00
2026,CFF_OSU,Ohio State,CFP_B408ADA4,Isaiah West,RB,134,12.0,0.0,0.0,0.0,0.0,0.0,59.628575152350294,293.5335027854592,3.1153885896698177,2.3416803002348265,29.139339063896067,0.22460792886925793,53.47810344628739,4.456508620523949,48.04568181656482,,,CFBD/team roster,,0.0,,MEDIUM,calibrated rushing efficiency; team receiving rates,0.0,v1.0,2026-08-18T18:11:37+00:00
2026,CFF_RUTG,Rutgers,CFP_A6375FF5,Ja'shon Benjamin,RB,135,12.0,0.0,0.0,0.0,0.0,0.0,65.7290849661609,283.9391758491044,2.8597133209166885,3.51165842979552,41.37678256004347,0.2802553993777666,53.12723737757928,4.42726978146494,45.55219751041057,,,CFBD/team roster,,0.0,,MEDIUM,calibrated rushing efficiency; team receiving rates,0.0,v1.0,2026-08-18T18:11:37+00:00
2026,CFF_WVU,West Virginia,CFP_EEE8D1AE,Andre Devine,RB,136,12.0,0.0,0.0,0.0,0.0,0.0,63.64267353414646,321.06716638537404,2.8750037016549657,1.6364991656424828,19.485086393825256,0.1252226342321802,52.87483287606405,4.406236073005338,49.3567388484672,,,CFBD/team roster,,0.0,,MEDIUM,calibrated rushing efficiency; team receiving rates,0.0,v1.0,2026-08-18T18:11:37+00:00
2026,CFF_SC,South Carolina,CFP_E0883687,Christian Clark,RB,137,12.0,0.0,0.0,0.0,0.0,0.0,63.851077626898224,289.51311572883384,2.656875983554281,3.3831536802031357,43.10557907083071,0.26459676656901837,52.482282820807825,4.373523568400652,44.89256747420907,,,CFBD/team roster,,0.0,,MEDIUM,calibrated rushing efficiency; team receiving rates,0.0,v1.0,2026-08-18T18:11:37+00:00
2026,CFF_WAKE,Wake Forest,CFP_E3EDD5E1,KD Daniels,RB,138,12.0,0.0,0.0,0.0,0.0,0.0,59.26986952057648,291.2809251623049,2.737348279829495,3.1011090515213926,35.4443764743228,0.2302426466451938,52.028630248271604,4.335719187355967,45.552182195207465,,,CFBD/team roster,,0.0,,MEDIUM,calibrated rushing efficiency; team receiving rates,0.0,v1.0,2026-08-18T18:11:37+00:00
2026,CFF_WAKE,Wake Forest,CFP_995B15BF,Sawyer Seidl,RB,139,12.0,0.0,0.0,0.0,0.0,0.0,55.0594056417743,273.78011844850744,2.5868558155206323,4.3686358593984576,49.9316765412619,0.32435050357340295,52.02273534324036,4.33522794527003,42.89914673797453,,,CFBD/team roster,,0.0,,MEDIUM,calibrated rushing efficiency; team receiving rates,0.0,v1.0,2026-08-18T18:11:37+00:00
2026,CFF_TCU,TCU,CFP_46837C09,Jon Denman,RB,140,12.0,0.0,0.0,0.0,0.0,0.0,58.110132789221666,257.44712713886867,3.0922674979306577,3.417124367440223,41.34130500897752,0.30019724288075794,51.94219384337322,4.3285161536144345,44.29831770147081,,,CFBD/team roster,,0.0,,MEDIUM,calibrated rushing efficiency; team receiving rates,0.0,v1.0,2026-08-18T18:11:37+00:00
2026,CFF_OKST,Oklahoma State,CFP_99AC1D0D,Tre Page III,RB,141,12.0,0.0,0.0,0.0,0.0,0.0,73.81190101292174,328.0916439090939,3.1021845077789276,0.0,0.0,0.0,51.42227143758295,4.285189286465246,51.42227143758295,,,CFBD/team roster,,0.0,,MEDIUM,calibrated rushing efficiency; team receiving rates,0.0,v1.0,2026-08-18T18:11:37+00:00
2026,CFF_SYR,Syracuse,CFP_48F8AD3C,Tylik Hill,RB,142,12.0,0.0,0.0,0.0,0.0,0.0,62.67695417534011,272.11170067768717,2.643270173926016,3.8139652120915084,45.26785215581516,0.3162271645298722,51.401921920131315,4.2834934933442765,43.07079111132481,,,CFBD/team roster,,0.0,,MEDIUM,calibrated rushing efficiency; team receiving rates,0.0,v1.0,2026-08-18T18:11:37+00:00
2026,CFF_UVA,Virginia,CFP_5E9D97D5,Solomon Beebe,RB,143,12.0,0.0,0.0,0.0,0.0,0.0,39.29147596258321,197.08851994283933,2.0539345013206853,9.199714584947962,103.00377189389033,0.6513161741435983,50.84059052893265,4.236715877411054,32.03245900220804,,,CFBD/team roster,,0.0,,MEDIUM,calibrated rushing efficiency; team receiving rates,0.0,v1.0,2026-08-18T18:11:37+00:00
2026,CFF_TAMU,Texas A&M,CFP_D3D7D347,KJ Edwards,RB,144,12.0,0.0,0.0,0.0,0.0,0.0,54.39453515288492,287.53194434997545,2.6991294982150156,2.190621333829707,28.581016983950004,0.2064550320609539,50.140113981963225,4.1783428318302684,44.947971424287644,,,CFBD/team roster,,0.0,,MEDIUM,calibrated rushing efficiency; team receiving rates,0.0,v1.0,2026-08-18T18:11:37+00:00
2026,CFF_ASU,Arizona State,CFP_DEB86452,Cardae Mack,RB,145,12.0,0.0,0.0,0.0,0.0,0.0,46.8456342091847,254.145085899056,2.1776041830670114,4.985244424992639,58.80283109438167,0.42391597994520447,49.39653488991339,4.116377907492782,38.480133688307674,,,CFBD/team roster,,0.0,,MEDIUM,calibrated rushing efficiency; team receiving rates,0.0,v1.0,2026-08-18T18:11:37+00:00
2026,CFF_UK,Kentucky,CFP_A202A848,Jovantae Barnes,RB,146,12.0,0.0,0.0,0.0,0.0,0.0,58.669528982374544,280.3381532349722,2.591608413517576,2.632925623909942,31.07962799686772,0.2146185128025826,49.29560249305992,4.10796687442166,43.583465804602675,,,CFBD/team roster,,0.0,,MEDIUM,calibrated rushing efficiency; team receiving rates,0.0,v1.0,2026-08-18T18:11:37+00:00
2026,CFF_FSU,Florida State,CFP_EC5E157E,Quintrevion Wisner,RB,147,12.0,0.0,0.0,0.0,0.0,0.0,53.73012640801215,248.49988036286598,2.2188195449194534,5.081140780597556,62.914749935759566,0.381833918003104,49.28595419769668,4.107162849808057,38.16290530580332,,,CFBD/team roster,,0.0,,MEDIUM,calibrated rushing efficiency; team receiving rates,0.0,v1.0,2026-08-18T18:11:37+00:00
2026,CFF_ARK,Arkansas,CFP_7DFBED16,Jasper Parker,RB,148,12.0,0.0,0.0,0.0,0.0,0.0,53.909403978426475,310.43906263498275,2.9136830883572133,0.0,0.0,0.0,48.526004793641555,4.043833732803463,48.526004793641555,,,CFBD/team roster,,0.0,,MEDIUM,calibrated rushing efficiency; team receiving rates,0.0,v1.0,2026-08-18T18:11:37+00:00
2026,CFF_MSST,Mississippi State,CFP_3EC6231C,Brinston Williams,RB,149,12.0,0.0,0.0,0.0,0.0,0.0,59.02315929891522,260.256683751385,2.8364254543095497,2.2238930300047324,26.939647927503987,0.18589224615845512,47.965485885699294,3.9971238238082747,43.0442211009958,,,CFBD/team roster,,0.0,,MEDIUM,calibrated rushing efficiency; team receiving rates,0.0,v1.0,2026-08-18T18:11:37+00:00
2026,CFF_BC,Boston College,CFP_F2ED67DE,Bo MacCormack III,RB,150,12.0,0.0,0.0,0.0,0.0,0.0,49.98661049080275,225.31585506513193,2.29290269379218,5.056579362604873,60.55430852696256,0.44313693125994835,47.53154379082466,3.9609619825687212,36.28900166926627,,,CFBD/team roster,,0.0,,MEDIUM,calibrated rushing efficiency; team receiving rates,0.0,v1.0,2026-08-18T18:11:37+00:00
2026,CFF_CAL,California,CFP_C3FD74C2,Anthony League,RB,151,12.0,0.0,0.0,0.0,0.0,0.0,52.905841071336724,219.84491674506094,2.6036301226812313,4.377110345074806,49.49441334198671,0.3021956230165622,46.557442655428936,3.8797868879524113,37.60627241059348,,,CFBD/team roster,,0.0,,MEDIUM,calibrated rushing efficiency; team receiving rates,0.0,v1.0,2026-08-18T18:11:37+00:00
2026,CFF_MIA,Miami,CFP_E4AA1ADE,Javian Mallory,RB,152,12.0,0.0,0.0,0.0,0.0,0.0,53.737330838335446,270.3771083210057,2.7181751555370792,1.3645076808857242,16.388124162017537,0.12935739896004414,46.44397241572793,3.870331034643994,43.34676176532305,,,CFBD/team roster,,0.0,,MEDIUM,calibrated rushing efficiency; team receiving rates,0.0,v1.0,2026-08-18T18:11:37+00:00
2026,CFF_ISU,Iowa State,CFP_1536F0B3,Arnold Barnes III,RB,153,12.0,0.0,0.0,0.0,0.0,0.0,61.44646574073185,297.7461604751763,2.7687807398409916,0.0,0.0,0.0,46.387300486563575,3.8656083738802978,46.387300486563575,,,CFBD/team roster,,0.0,,MEDIUM,calibrated rushing efficiency; team receiving rates,0.0,v1.0,2026-08-18T18:11:37+00:00
2026,CFF_COLO,Colorado,CFP_F4C16FAA,DeKalon Taylor,RB,154,12.0,0.0,0.0,0.0,0.0,0.0,27.688714373636028,118.00622225350492,1.124193723640441,12.477815807646365,147.70459857760244,1.1108359209574177,46.22016785452107,3.8516806545434226,18.545784567193138,,,CFBD/team roster,,0.0,,MEDIUM,calibrated rushing efficiency; team receiving rates,0.0,v1.0,2026-08-18T18:11:37+00:00
2026,CFF_ISU,Iowa State,CFP_1719A403,Salahadin Allah,RB,155,12.0,0.0,0.0,0.0,0.0,0.0,52.170822451960966,254.6394575395492,2.5186986503213387,2.6374158118212567,29.690817658166065,0.1812646214945652,45.95151505657758,3.8292929213814646,40.57613765588295,,,CFBD/team roster,,0.0,,MEDIUM,calibrated rushing efficiency; team receiving rates,0.0,v1.0,2026-08-18T18:11:37+00:00
2026,CFF_BAY,Baylor,CFP_711562E6,Ryelan Morris,RB,156,12.0,0.0,0.0,0.0,0.0,0.0,57.528817614981826,273.0288079659958,2.6627247386085187,0.950632698801543,11.776724841964427,0.09444189214927776,45.49886941474357,3.7915724512286304,43.279229228250685,,,CFBD/team roster,,0.0,,MEDIUM,calibrated rushing efficiency; team receiving rates,0.0,v1.0,2026-08-18T18:11:37+00:00
2026,CFF_CAL,California,CFP_76A955D5,Carter Vargas,RB,157,12.0,0.0,0.0,0.0,0.0,0.0,49.72568483309159,208.55083302990244,2.3738167906757286,4.714481478042745,53.30925578103062,0.32548772023996625,44.73907668560885,3.728256390467404,35.09798404704462,,,CFBD/team roster,,0.0,,MEDIUM,calibrated rushing efficiency; team receiving rates,0.0,v1.0,2026-08-18T18:11:37+00:00
2026,CFF_CIN,Cincinnati,CFP_B4B225A8,Gi'Bran Payne,RB,158,12.0,0.0,0.0,0.0,0.0,0.0,41.27499373964855,246.33351010541665,1.8973324997074885,3.7712146578884127,44.79406564608275,0.3315197530906655,44.371478420883065,3.6976232017402553,36.017346008786596,,,CFBD/team roster,,0.0,,MEDIUM,calibrated rushing efficiency; team receiving rates,0.0,v1.0,2026-08-18T18:11:37+00:00
2026,CFF_UTAH,Utah,CFP_7BF52075,Steve Chavez-Soto,RB,159,12.0,0.0,0.0,0.0,0.0,0.0,44.301773843563836,263.78925714335764,2.345677272409113,1.4448777269106592,17.2066690746909,0.14462257194026115,43.76383055135643,3.6469858792797023,40.45298934879044,,,CFBD/team roster,,0.0,,MEDIUM,calibrated rushing efficiency; team receiving rates,0.0,v1.0,2026-08-18T18:11:37+00:00
2026,CFF_ALA,Alabama,CFP_0995C022,EJ Crowell,RB,160,12.0,0.0,0.0,0.0,0.0,0.0,46.340134331980124,210.20519190086173,2.3737787015548837,3.7634428736201397,45.87342218090562,0.31681166886839957,43.63312506752651,3.636093755627209,35.263191399415476,,,CFBD/team roster,,0.0,,MEDIUM,calibrated rushing efficiency; team receiving rates,0.0,v1.0,2026-08-18T18:11:37+00:00
2026,CFF_BAY,Baylor,CFP_79E9CF26,HD Davis,RB,161,12.0,0.0,0.0,0.0,0.0,0.0,57.528817614981826,273.0288079659958,2.6627247386085187,0.0,0.0,0.0,43.279229228250685,3.6066024356875572,43.279229228250685,,,CFBD/team roster,,0.0,,MEDIUM,calibrated rushing efficiency; team receiving rates,0.0,v1.0,2026-08-18T18:11:37+00:00
2026,CFF_WVU,West Virginia,CFP_CD1EBA7C,Amari Latimer,RB,162,12.0,0.0,0.0,0.0,0.0,0.0,44.98039544192764,226.91894141883944,2.031951145610848,3.8778223296788297,46.17155003805473,0.2967255574591826,43.22002052894902,3.6016683774124183,34.88360101554903,,,CFBD/team roster,,0.0,,MEDIUM,calibrated rushing efficiency; team receiving rates,0.0,v1.0,2026-08-18T18:11:37+00:00
2026,CFF_TTU,Texas Tech,CFP_BF82D8D4,Ashton Rowden,RB,163,12.0,0.0,0.0,0.0,0.0,0.0,45.282815801351624,251.45448566347486,2.4167657639957536,1.4616406740372372,17.364421632575386,0.13361551879029077,42.91499876333991,3.5762498969449923,39.64604315032201,,,CFBD/team roster,,0.0,,MEDIUM,calibrated rushing efficiency; team receiving rates,0.0,v1.0,2026-08-18T18:11:37+00:00
2026,CFF_PITT,Pitt,CFP_06D1280B,Damon Ferguson Jr.,RB,164,12.0,0.0,0.0,0.0,0.0,0.0,38.33510851436621,176.42257969291433,1.6021210120597327,6.980291287819147,83.06852471974179,0.6393245828417085,42.88792965458382,3.5739941378819853,27.254984041649827,,,CFBD/team roster,,0.0,,MEDIUM,calibrated rushing efficiency; team receiving rates,0.0,v1.0,2026-08-18T18:11:37+00:00
2026,CFF_MSU,Michigan State,CFP_3C8F1BCE,Cam Edwards,RB,165,12.0,0.0,0.0,0.0,0.0,0.0,42.40319049114604,207.52680085630087,2.0100130478364866,4.499754427531881,52.51444208150039,0.3582251862421909,42.46343091201813,3.5386192426681777,32.81275837264901,,,CFBD/team roster,,0.0,,MEDIUM,calibrated rushing efficiency; team receiving rates,0.0,v1.0,2026-08-18T18:11:37+00:00
2026,CFF_TEX,Texas,CFP_17A38D8E,Derrek Cooper,RB,166,12.0,0.0,0.0,0.0,0.0,0.0,39.82861710764487,190.04483393945242,1.8849498571376493,5.073747192595287,63.30465180460741,0.5083467851343508,42.23160202433563,3.519300168694636,30.31418253677114,,,CFBD/team roster,,0.0,,MEDIUM,calibrated rushing efficiency; team receiving rates,0.0,v1.0,2026-08-18T18:11:37+00:00
2026,CFF_FSU,Florida State,CFP_AD7613BE,Gemari Sands,RB,167,12.0,0.0,0.0,0.0,0.0,0.0,44.498248839322734,205.48190296121643,1.6761852849018133,5.245241040687318,64.94664144865843,0.3941656064882306,42.08758030967141,3.507298359139284,30.605302005532522,,,CFBD/team roster,,0.0,,MEDIUM,calibrated rushing efficiency; team receiving rates,0.0,v1.0,2026-08-18T18:11:37+00:00
2026,CFF_OKST,Oklahoma State,CFP_DE4CD347,KD Jones,RB,168,12.0,0.0,0.0,0.0,0.0,0.0,43.137685926344375,191.74569542018463,1.8130011440663407,5.1943215982335555,64.54593002768819,0.4283391374392222,41.67436503293744,3.4728637527447863,30.052576406416506,,,CFBD/team roster,,0.0,,MEDIUM,calibrated rushing efficiency; team receiving rates,0.0,v1.0,2026-08-18T18:11:37+00:00
2026,CFF_IOWA,Iowa,CFP_6D4E6F0E,Nathan McNeil,RB,169,12.0,0.0,0.0,0.0,0.0,0.0,38.14298816999023,204.61026664499613,1.8890323055119507,4.7547989252466625,53.23788866532849,0.3627449722489798,41.67287866022137,3.472739888351781,31.795220497571318,,,CFBD/team roster,,0.0,,MEDIUM,calibrated rushing efficiency; team receiving rates,0.0,v1.0,2026-08-18T18:11:37+00:00
2026,CFF_ISU,Iowa State,CFP_F6C2E187,Caleb Francois,RB,170,12.0,0.0,0.0,0.0,0.0,0.0,40.85744707514164,202.1819897541485,2.0824246252932306,4.269896679263887,48.06853858803846,0.2934619569347314,41.41532066721841,3.451276722268201,32.712746727174235,,,CFBD/team roster,,0.0,,MEDIUM,calibrated rushing efficiency; team receiving rates,0.0,v1.0,2026-08-18T18:11:37+00:00
2026,CFF_NEB,Nebraska,CFP_77145DEB,Kwinten Ives,RB,171,12.0,0.0,0.0,0.0,0.0,0.0,37.067621127620114,177.0954989289404,1.8532652523717448,5.9832745118511985,66.87013496048293,0.45962312628444724,41.265530916805076,3.4387942430670897,28.829141407124506,,,CFBD/team roster,,0.0,,MEDIUM,calibrated rushing efficiency; team receiving rates,0.0,v1.0,2026-08-18T18:11:37+00:00
2026,CFF_BC,Boston College,CFP_740F0FFE,Sedric Addison,RB,172,12.0,0.0,0.0,0.0,0.0,0.0,32.334527578015134,147.58183019648652,1.456153365759504,7.964976376403804,95.38338119907657,0.6980163734994403,41.204027763311885,3.4336689802759905,23.495103214205677,,,CFBD/team roster,,0.0,,MEDIUM,calibrated rushing efficiency; team receiving rates,0.0,v1.0,2026-08-18T18:11:37+00:00
2026,CFF_IND,Indiana,CFP_2393E759,Lee Beebe Jr.,RB,173,12.0,0.0,0.0,0.0,0.0,0.0,43.00299210101639,227.933139356482,2.2205397809698497,2.050232149299265,25.67327547070231,0.22374923044185563,41.051491625838295,3.4209576354865248,36.1165526214673,,,CFBD/team roster,,0.0,,MEDIUM,calibrated rushing efficiency; team receiving rates,0.0,v1.0,2026-08-18T18:11:37+00:00
2026,CFF_MSST,Mississippi State,CFP_66B8FED9,Xavier Gayten,RB,174,12.0,0.0,0.0,0.0,0.0,0.0,43.656907099846606,193.4497216944055,2.1742718540843473,3.6350774714924894,44.034360443586934,0.30385126758291003,40.434685679549034,3.3695571399624193,32.39060329394663,,,CFBD/team roster,,0.0,,MEDIUM,calibrated rushing efficiency; team receiving rates,0.0,v1.0,2026-08-18T18:11:37+00:00
2026,CFF_TCU,TCU,CFP_341231E7,Amante Martin,RB,175,12.0,0.0,0.0,0.0,0.0,0.0,43.68159799705953,201.06528281071485,2.2499039087386175,2.9911624936825274,36.187901781103776,0.2627761348599892,40.29697996761477,3.3580816639678974,33.60595173350319,,,CFBD/team roster,,0.0,,MEDIUM,calibrated rushing efficiency; team receiving rates,0.0,v1.0,2026-08-18T18:11:37+00:00
2026,CFF_ARK,Arkansas,CFP_5511FBCB,TJ Hodges,RB,176,12.0,0.0,0.0,0.0,0.0,0.0,31.342765411188445,183.77917544114322,1.6164183272013481,5.396687529911999,68.19290976356446,0.44323119704857067,40.25344943092628,3.3544541192438566,28.07642750732241,,,CFBD/team roster,,0.0,,MEDIUM,calibrated rushing efficiency; team receiving rates,0.0,v1.0,2026-08-18T18:11:37+00:00
2026,CFF_MSU,Michigan State,CFP_03C457D9,Marvis Parrish,RB,177,12.0,0.0,0.0,0.0,0.0,0.0,39.44563747311633,184.95742147158464,1.4071847438064158,6.126041189339311,71.49404270999314,0.4876937800319236,40.077438155857465,3.339786512988122,26.93885060999696,,,CFBD/team roster,,0.0,,MEDIUM,calibrated rushing efficiency; team receiving rates,0.0,v1.0,2026-08-18T18:11:37+00:00
2026,CFF_WISC,Wisconsin,CFP_2003FE16,Abu Sama III,RB,178,12.0,0.0,0.0,0.0,0.0,0.0,52.24864858665344,230.77573063512895,2.034712818065694,2.236499133273817,25.12200319043363,0.1657273736496569,39.910664099485274,3.325888674957106,35.285849971907055,,,CFBD/team roster,,0.0,,MEDIUM,calibrated rushing efficiency; team receiving rates,0.0,v1.0,2026-08-18T18:11:37+00:00
2026,CFF_VT,Virginia Tech,CFP_68B180E1,Jeffrey Overton Jr.,RB,179,12.0,0.0,0.0,0.0,0.0,0.0,40.531156437934555,213.0214220465254,2.0012553151299346,2.822439417389022,32.466818837673735,0.22248212467908193,39.30246843596852,3.275205702997377,33.30967409543214,,,CFBD/team roster,,0.0,,MEDIUM,calibrated rushing efficiency; team receiving rates,0.0,v1.0,2026-08-18T18:11:37+00:00
2026,CFF_STAN,Stanford,CFP_0DC092ED,Sedrick Irvin,RB,180,12.0,0.0,0.0,0.0,0.0,0.0,53.48219472303348,208.01267979869283,1.9237596391017193,3.2378169426003143,37.165954001859625,0.25721991043054987,39.222649148549024,3.268554095712419,32.3438258144796,,,CFBD/team roster,,0.0,,MEDIUM,calibrated rushing efficiency; team receiving rates,0.0,v1.0,2026-08-18T18:11:37+00:00
2026,CFF_MIA,Miami,CFP_B0667701,Girard Pringle Jr.,RB,181,12.0,0.0,0.0,0.0,0.0,0.0,36.919198806960885,191.0461607920345,1.9633375658097125,3.431095987406215,41.20843571720601,0.3252731067259439,38.67267167984109,3.2227226399867575,30.884641474061723,,,CFBD/team roster,,0.0,,MEDIUM,calibrated rushing efficiency; team receiving rates,0.0,v1.0,2026-08-18T18:11:37+00:00
2026,CFF_ASU,Arizona State,CFP_6BCA5D1F,Jason Brown Jr.,RB,182,12.0,0.0,0.0,0.0,0.0,0.0,37.507509224559634,206.83728686168038,1.7759035738760236,3.343834693569501,39.44178658678129,0.28434011255152863,38.66128681019623,3.2217739008496857,31.33915012942418,,,CFBD/team roster,,0.0,,MEDIUM,calibrated rushing efficiency; team receiving rates,0.0,v1.0,2026-08-18T18:11:37+00:00
2026,CFF_CAL,California,CFP_AFF5B701,Victor Santino,RB,183,12.0,0.0,0.0,0.0,0.0,0.0,35.989200816524836,150.93965695112692,1.7180611884587644,6.395527553876841,72.31777573252741,0.44154711243185985,38.4811568506476,3.2067630708873,25.40233282586528,,,CFBD/team roster,,0.0,,MEDIUM,calibrated rushing efficiency; team receiving rates,0.0,v1.0,2026-08-18T18:11:37+00:00
2026,CFF_ND,Notre Dame,CFP_0A1958B7,Nolan James Jr.,RB,184,12.0,0.0,0.0,0.0,0.0,0.0,41.648508520758035,238.85982440999382,2.4307721518997645,0.0,0.0,0.0,38.47061535239797,3.205884612699831,38.47061535239797,,,CFBD/team roster,,0.0,,MEDIUM,calibrated rushing efficiency; team receiving rates,0.0,v1.0,2026-08-18T18:11:37+00:00
2026,CFF_OSU,Ohio State,CFP_A7A9AEE2,Legend Bey,RB,185,12.0,0.0,0.0,0.0,0.0,0.0,37.8959728618775,185.66511822972484,2.0512926328169763,3.2607698378696566,40.57628101730238,0.3127646245005367,38.43886838754263,3.203239032295219,30.87426761987434,,,CFBD/team roster,,0.0,,MEDIUM,calibrated rushing efficiency; team receiving rates,0.0,v1.0,2026-08-18T18:11:37+00:00
2026,CFF_SC,South Carolina,CFP_6E42A1E9,Jabree Coleman,RB,186,12.0,0.0,0.0,0.0,0.0,0.0,34.29270962715842,158.86281924210482,1.4660370837446957,6.086940920581114,77.55518606409568,0.4760602201747164,38.337854814427075,3.1948212345355897,24.682504426678655,,,CFBD/team roster,,0.0,,MEDIUM,calibrated rushing efficiency; team receiving rates,0.0,v1.0,2026-08-18T18:11:37+00:00
2026,CFF_SMU,SMU,CFP_C0B9C732,EJ Kelly,RB,187,12.0,0.0,0.0,0.0,0.0,0.0,34.43051767804507,170.15422196952315,1.730176003624674,4.75700345446952,58.32689344247635,0.4152526967158336,38.09918547047776,3.174932122539813,27.39647821870036,,,CFBD/team roster,,0.0,,MEDIUM,calibrated rushing efficiency; team receiving rates,0.0,v1.0,2026-08-18T18:11:37+00:00
2026,CFF_ISU,Iowa State,CFP_795AAA58,Gabriel Wilson,RB,188,12.0,0.0,0.0,0.0,0.0,0.0,37.232996124927496,184.24649066305483,1.8976934085333488,4.054198476563429,45.640307143884414,0.27863742570445976,38.07376402440249,3.1728136687002078,29.810809517505575,,,CFBD/team roster,,0.0,,MEDIUM,calibrated rushing efficiency; team receiving rates,0.0,v1.0,2026-08-18T18:11:37+00:00
2026,CFF_MD,Maryland,CFP_AB598A49,Iverson Howard,RB,189,12.0,0.0,0.0,0.0,0.0,0.0,45.76279293398436,208.26293109503766,1.7556619410349963,3.1301059744849895,34.41111474683366,0.2320757096085423,37.75888347529086,3.1465736229409047,31.360264755713743,,,CFBD/team roster,,0.0,,MEDIUM,calibrated rushing efficiency; team receiving rates,0.0,v1.0,2026-08-18T18:11:37+00:00
2026,CFF_KSU,Kansas State,CFP_FAD02CB7,Rodney Fields Jr.,RB,190,12.0,0.0,0.0,0.0,0.0,0.0,35.31860301332201,217.5762090404407,1.4748437757458064,3.14353490598835,37.27939698306295,0.2904863474907582,37.649308794763925,3.1374423995636604,30.606683558518906,,,CFBD/team roster,,0.0,,MEDIUM,calibrated rushing efficiency; team receiving rates,0.0,v1.0,2026-08-18T18:11:37+00:00
2026,CFF_UCLA,UCLA,CFP_940BFB5D,Wayne Knight,RB,191,12.0,0.0,0.0,0.0,0.0,0.0,33.121880014053716,177.9798636590046,1.1571694772129133,6.376319130751257,66.97347840180092,0.4658732906796835,37.421750378811765,3.1184791982343136,24.74100322917794,,,CFBD/team roster,,0.0,,MEDIUM,calibrated rushing efficiency; team receiving rates,0.0,v1.0,2026-08-18T18:11:37+00:00
2026,CFF_UGA,Georgia,CFP_32B78687,Dante Dowdell,RB,192,12.0,0.0,0.0,0.0,0.0,0.0,41.62681129876141,197.55739060648622,1.928343148487601,2.657983756292685,29.720918655331236,0.22558298066168525,36.98037957922381,3.0816982982686505,31.32579795157423,,,CFBD/team roster,,0.0,,MEDIUM,calibrated rushing efficiency; team receiving rates,0.0,v1.0,2026-08-18T18:11:37+00:00
2026,CFF_PSU,Penn State,CFP_46A3C302,D'Antae Sheffey,RB,193,12.0,0.0,0.0,0.0,0.0,0.0,28.580939722532204,155.44399148723446,1.5588515383403367,5.314078259340676,63.99372144661191,0.44672525042394223,36.63427115564065,3.0528559296367206,24.897508378765465,,,CFBD/team roster,,0.0,,MEDIUM,calibrated rushing efficiency; team receiving rates,0.0,v1.0,2026-08-18T18:11:37+00:00
2026,CFF_TENN,Tennessee,CFP_F8DCAE24,Daune Morris,RB,194,12.0,0.0,0.0,0.0,0.0,0.0,39.36326424545407,201.5049127656923,1.9532883054699917,2.1008692766241595,25.488882841575663,0.18062584741582619,36.553299116353784,3.046108259696149,31.87022110938918,,,CFBD/team roster,,0.0,,MEDIUM,calibrated rushing efficiency; team receiving rates,0.0,v1.0,2026-08-18T18:11:37+00:00
2026,CFF_PUR,Purdue,CFP_98342F8D,Jerrick Gibson,RB,195,12.0,0.0,0.0,0.0,0.0,0.0,42.85469933957413,208.0911481732659,1.6493090665385415,2.668483904305338,29.788261790466827,0.19871498209859048,36.21032724034874,3.0175272700290616,30.704969216557842,,,CFBD/team roster,,0.0,,MEDIUM,calibrated rushing efficiency; team receiving rates,0.0,v1.0,2026-08-18T18:11:37+00:00
2026,CFF_RUTG,Rutgers,CFP_BB04AD74,Clay Thevenin,RB,196,12.0,0.0,0.0,0.0,0.0,0.0,44.72949217145905,192.28965616595275,2.183903960725882,1.7351439563991171,20.4446632921757,0.13847686846549837,36.07528889916068,3.0062740749300567,32.332389380950566,,,CFBD/team roster,,0.0,,MEDIUM,calibrated rushing efficiency; team receiving rates,0.0,v1.0,2026-08-18T18:11:37+00:00
2026,CFF_TEX,Texas,CFP_A8ED1666,Ryan Niblett,RB,197,12.0,0.0,0.0,0.0,0.0,0.0,16.839409009578326,80.008276048972,0.7846891363541164,9.909787516996808,123.64345806126727,0.9928773418158909,35.98546603854237,2.9987888365451973,12.708962423021898,,,CFBD/team roster,,0.0,,MEDIUM,calibrated rushing efficiency; team receiving rates,0.0,v1.0,2026-08-18T18:11:37+00:00
2026,CFF_WVU,West Virginia,CFP_129F31CC,Chris Talley,RB,198,12.0,0.0,0.0,0.0,0.0,0.0,36.26518567310603,182.95209418341693,1.6382489493538335,3.382547343889716,40.27452540803439,0.25882780615451284,35.396396164140064,2.9496996803450055,28.124703114464694,,,CFBD/team roster,,0.0,,MEDIUM,calibrated rushing efficiency; team receiving rates,0.0,v1.0,2026-08-18T18:11:37+00:00
2026,CFF_LOU,Louisville,CFP_BFEAC9DF,Braxton Jennings,RB,199,12.0,0.0,0.0,0.0,0.0,0.0,35.61118724053799,195.63309843715797,1.8017342567580654,2.220933568630068,26.339791008068,0.18470653021450562,35.226400450673054,2.9355333708894213,30.373715384264187,,,CFBD/team roster,,0.0,,MEDIUM,calibrated rushing efficiency; team receiving rates,0.0,v1.0,2026-08-18T18:11:37+00:00
2026,CFF_ISU,Iowa State,CFP_7F39D9B2,Aiden Flora,RB,200,12.0,0.0,0.0,0.0,0.0,0.0,33.520591893691034,166.62728935821713,1.8011903142960468,3.6181634001366993,40.73162422451928,0.24866955612068498,34.84413228084238,2.9036776900701984,27.469870821597993,,,CFBD/team roster,,0.0,,MEDIUM,calibrated rushing efficiency; team receiving rates,0.0,v1.0,2026-08-18T18:11:37+00:00
2026,CFF_TCU,TCU,CFP_CEA28557,G'Ivori Graham,RB,201,12.0,0.0,0.0,0.0,0.0,0.0,37.226428515271856,171.35230212868706,1.917418108891689,2.7189404684899294,32.89448528128842,0.23886120153391566,34.72182483779614,2.8934854031496786,28.639738866218842,,,CFBD/team roster,,0.0,,MEDIUM,calibrated rushing efficiency; team receiving rates,0.0,v1.0,2026-08-18T18:11:37+00:00
2026,CFF_KU,Kansas,CFP_84A73CBF,Justin Thurman,RB,202,12.0,0.0,0.0,0.0,0.0,0.0,40.04000573073123,227.31392173654373,1.9793708872736793,0.0,0.0,0.0,34.607617497296445,2.8839681247747038,34.607617497296445,,,CFBD/team roster,,0.0,,MEDIUM,calibrated rushing efficiency; team receiving rates,0.0,v1.0,2026-08-18T18:11:37+00:00
2026,CFF_MSU,Michigan State,CFP_E6C1793D,Jaziun Patterson,RB,203,12.0,0.0,0.0,0.0,0.0,0.0,42.220695747260095,194.01470962709888,1.5354573389337238,2.738459559190009,31.959227604448184,0.2180086050041669,34.48741916637705,2.873951597198088,28.614214996312228,,,CFBD/team roster,,0.0,,MEDIUM,calibrated rushing efficiency; team receiving rates,0.0,v1.0,2026-08-18T18:11:37+00:00
2026,CFF_TAMU,Texas A&M,CFP_C1A2F8DA,Carsyn Baker,RB,204,12.0,0.0,0.0,0.0,0.0,0.0,36.9443533764126,195.2895034255863,1.833228167323828,1.6564772339279732,21.612043681531272,0.15611463978622292,34.45445017033605,2.8712041808613376,30.528319346501597,,,CFBD/team roster,,0.0,,MEDIUM,calibrated rushing efficiency; team receiving rates,0.0,v1.0,2026-08-18T18:11:37+00:00
2026,CFF_VT,Virginia Tech,CFP_DD3EF612,Messiah Mickens,RB,205,12.0,0.0,0.0,0.0,0.0,0.0,30.9828812833634,161.2447542123402,1.5442179137073038,4.231454095288699,48.67486355429368,0.33354937285871744,34.374292543703866,2.8645243786419887,25.389782903477844,,,CFBD/team roster,,0.0,,MEDIUM,calibrated rushing efficiency; team receiving rates,0.0,v1.0,2026-08-18T18:11:37+00:00
2026,CFF_USC,USC,CFP_6743CB13,Deshonne Redeaux,RB,206,12.0,0.0,0.0,0.0,0.0,0.0,31.281405257996624,170.53328909620876,1.7384352181950486,2.970700347466014,37.58516750826871,0.26030257315000466,34.28962258225107,2.8574685485209224,27.48394021879117,,,CFBD/team roster,,0.0,,MEDIUM,calibrated rushing efficiency; team receiving rates,0.0,v1.0,2026-08-18T18:11:37+00:00
2026,CFF_SYR,Syracuse,CFP_8BAED004,Shavane Anderson Jr.,RB,207,12.0,0.0,0.0,0.0,0.0,0.0,28.273917660485854,122.30529094388109,1.2745148667317223,6.5791471888964255,78.0877238507871,0.5454966012730057,34.248943881943404,2.854078656828617,19.877618294778443,,,CFBD/team roster,,0.0,,MEDIUM,calibrated rushing efficiency; team receiving rates,0.0,v1.0,2026-08-18T18:11:37+00:00
2026,CFF_LOU,Louisville,CFP_22CF802C,Marquise Davis,RB,208,12.0,0.0,0.0,0.0,0.0,0.0,35.69866026935622,197.6457803970989,1.9205615789000545,1.0512803843710414,12.467957622116037,0.08743095913468556,33.58496922231546,2.7987474351929547,31.28794751311022,,,CFBD/team roster,,0.0,,MEDIUM,calibrated rushing efficiency; team receiving rates,0.0,v1.0,2026-08-18T18:11:37+00:00
2026,CFF_UVA,Virginia,CFP_A6E4DD6A,Noah Vaughn,RB,209,12.0,0.0,0.0,0.0,0.0,0.0,37.26271763881754,186.72481911162185,1.5730179508041622,2.658935710155947,29.770533079094612,0.1882458219808304,33.546585710859574,2.795548809238298,28.11058961598716,,,CFBD/team roster,,0.0,,MEDIUM,calibrated rushing efficiency; team receiving rates,0.0,v1.0,2026-08-18T18:11:37+00:00
2026,CFF_SC,South Carolina,CFP_43B54215,Jawarn Howell,RB,210,12.0,0.0,0.0,0.0,0.0,0.0,24.894550027745673,115.87317065860664,1.021380112004202,6.956666748746542,88.6365731365498,0.5440815587502423,33.322077778415576,2.7768398148679645,17.715597737885876,,,CFBD/team roster,,0.0,,MEDIUM,calibrated rushing efficiency; team receiving rates,0.0,v1.0,2026-08-18T18:11:37+00:00
2026,CFF_UCF,UCF,CFP_150636DD,Kaj Baker,RB,211,12.0,0.0,0.0,0.0,0.0,0.0,29.167417973683072,162.62362012446368,1.4718705836540948,3.6813273288446,45.09069113433226,0.308855642148855,33.296452145119595,2.774704345426633,25.093585514370936,,,CFBD/team roster,,0.0,,MEDIUM,calibrated rushing efficiency; team receiving rates,0.0,v1.0,2026-08-18T18:11:37+00:00
2026,CFF_PUR,Purdue,CFP_E99A90DB,Fame Ijeboi,RB,212,12.0,0.0,0.0,0.0,0.0,0.0,37.41203360058951,180.80368241962654,1.3514661511888904,3.392902372408866,37.874938625541965,0.25266052124493016,33.18907332532421,2.765756110443684,26.189165149095995,,,CFBD/team roster,,0.0,,MEDIUM,calibrated rushing efficiency; team receiving rates,0.0,v1.0,2026-08-18T18:11:37+00:00
2026,CFF_USC,USC,CFP_FB3054AF,Shahn Alston,RB,213,12.0,0.0,0.0,0.0,0.0,0.0,29.148582172224128,158.90601938510363,1.6199055442272046,2.8201393108667068,35.68027602851024,0.2471099179983796,32.07079197014824,2.6725659975123537,25.61003520387359,,,CFBD/team roster,,0.0,,MEDIUM,calibrated rushing efficiency; team receiving rates,0.0,v1.0,2026-08-18T18:11:37+00:00
2026,CFF_OKST,Oklahoma State,CFP_EB5CEDD4,Javen Hall,RB,214,12.0,0.0,0.0,0.0,0.0,0.0,31.93564447850094,141.95296357986325,1.3421990246504791,4.372340433755815,54.33178796445886,0.3605561370367408,32.03117634143344,2.669264695119453,22.2484905058892,,,CFBD/team roster,,0.0,,MEDIUM,calibrated rushing efficiency; team receiving rates,0.0,v1.0,2026-08-18T18:11:37+00:00
2026,CFF_CLEM,Clemson,CFP_115DE8FF,David Eziomume,RB,215,12.0,0.0,0.0,0.0,0.0,0.0,28.205686892730515,139.84429091888458,1.2898687439030714,4.5468302841230095,53.08696319347694,0.3949898947005918,31.675692384919635,2.639641032076636,21.723641555306887,,,CFBD/team roster,,0.0,,MEDIUM,calibrated rushing efficiency; team receiving rates,0.0,v1.0,2026-08-18T18:11:37+00:00
2026,CFF_WASH,Washington,CFP_C9EF3819,Trey Cooley,RB,216,12.0,0.0,0.0,0.0,0.0,0.0,31.558282512982082,163.69497742063066,1.4980152038753163,2.428601001335682,29.28900469693406,0.2129611939883266,30.77855709960617,2.5648797583005143,25.357588965314967,,,CFBD/team roster,,0.0,,MEDIUM,calibrated rushing efficiency; team receiving rates,0.0,v1.0,2026-08-18T18:11:37+00:00
2026,CFF_PSU,Penn State,CFP_8E4CF0F1,Cam Wallace,RB,217,12.0,0.0,0.0,0.0,0.0,0.0,27.353266610777915,148.14942401563616,1.4645582482475559,3.2380662440930257,38.99376319607973,0.27220637017138,30.753939553731716,2.5628282961443096,23.60229189104895,,,CFBD/team roster,,0.0,,MEDIUM,calibrated rushing efficiency; team receiving rates,0.0,v1.0,2026-08-18T18:11:37+00:00
2026,CFF_NW,Northwestern,CFP_AFBA6C48,Gavin Sawchuk,RB,218,12.0,0.0,0.0,0.0,0.0,0.0,36.615143113928085,166.69953108213537,1.6331648026090648,2.107727576301321,22.891292606956387,0.15412526902030163,30.736686586836036,2.561390548903003,26.468941923867927,,,CFBD/team roster,,0.0,,MEDIUM,calibrated rushing efficiency; team receiving rates,0.0,v1.0,2026-08-18T18:11:37+00:00
2026,CFF_KU,Kansas,CFP_D0EF752B,Kory Amachree,RB,219,12.0,0.0,0.0,0.0,0.0,0.0,27.702843386550935,156.56440766640492,1.3866855680777146,3.003398338613268,33.11587078590979,0.2549035907139602,30.31926196728815,2.5266051639406792,23.976554175106777,,,CFBD/team roster,,0.0,,MEDIUM,calibrated rushing efficiency; team receiving rates,0.0,v1.0,2026-08-18T18:11:37+00:00
2026,CFF_WISC,Wisconsin,CFP_EF98417E,Bryan Jackson II,RB,220,12.0,0.0,0.0,0.0,0.0,0.0,37.583470218800116,160.3678455398883,1.7327259507909973,1.564541722351852,17.574083332174343,0.11593449188202223,29.668426404420313,2.472368867035026,26.433140258734817,,,CFBD/team roster,,0.0,,MEDIUM,calibrated rushing efficiency; team receiving rates,0.0,v1.0,2026-08-18T18:11:37+00:00
2026,CFF_PITT,Pitt,CFP_8B4135C6,Synkwan Smith,RB,221,12.0,0.0,0.0,0.0,0.0,0.0,24.867709281378062,114.44405904916167,1.0392843820060678,5.300112610341169,63.07366229226445,0.48543708907012,29.55015726577032,2.46251310548086,17.68011219695257,,,CFBD/team roster,,0.0,,MEDIUM,calibrated rushing efficiency; team receiving rates,0.0,v1.0,2026-08-18T18:11:37+00:00
2026,CFF_WASH,Washington,CFP_49F40DD3,Ansu Sanoe,RB,222,12.0,0.0,0.0,0.0,0.0,0.0,25.598778519114234,132.7826211695245,1.2151282125855576,3.991240830419114,48.13449033597864,0.34998726109127976,29.478024407820897,2.4565020339850747,20.569031392465796,,,CFBD/team roster,,0.0,,MEDIUM,calibrated rushing efficiency; team receiving rates,0.0,v1.0,2026-08-18T18:11:37+00:00
2026,CFF_FLA,Florida,CFP_2C40348B,Evan Pryor,RB,223,12.0,0.0,0.0,0.0,0.0,0.0,30.603251230992836,157.05858970116833,1.3172963874519648,2.6523434898012233,30.87033930356059,0.21756824306801203,29.328252428493368,2.4440210357077805,23.609637294828623,,,CFBD/team roster,,0.0,,MEDIUM,calibrated rushing efficiency; team receiving rates,0.0,v1.0,2026-08-18T18:11:37+00:00
2026,CFF_WAKE,Wake Forest,CFP_7DF66AEA,Deuce Lawrence,RB,224,12.0,0.0,0.0,0.0,0.0,0.0,25.313872229175885,125.87195332954961,1.1893215487184048,4.443072569748239,50.78245693669926,0.32987707645870257,29.002169062561656,2.416847421880138,19.723124625265392,,,CFBD/team roster,,0.0,,MEDIUM,calibrated rushing efficiency; team receiving rates,0.0,v1.0,2026-08-18T18:11:37+00:00
2026,CFF_OSU,Ohio State,CFP_D19F15F3,Favour Akih,RB,225,12.0,0.0,0.0,0.0,0.0,0.0,27.42505571674229,134.36457300263854,1.4845064131587882,2.608615870295725,32.4610248138419,0.2502116996004293,28.39517639335121,2.366264699445934,22.343495779216582,,,CFBD/team roster,,0.0,,MEDIUM,calibrated rushing efficiency; team receiving rates,0.0,v1.0,2026-08-18T18:11:37+00:00
2026,CFF_MIZ,Missouri,CFP_F2380BD3,Xai'Shaun Edwards,RB,226,12.0,0.0,0.0,0.0,0.0,0.0,30.19748031863595,156.35353168015632,1.4520638695144914,1.616875088416342,18.31580390659801,0.11830710683198437,27.697596960962457,2.308133080080205,24.34773638510258,,,CFBD/team roster,,0.0,,MEDIUM,calibrated rushing efficiency; team receiving rates,0.0,v1.0,2026-08-18T18:11:37+00:00
2026,CFF_UNC,North Carolina,CFP_E2D9D3AE,Crew Davis,RB,227,12.0,0.0,0.0,0.0,0.0,0.0,28.050408241502037,132.24933218424252,1.2733499614954598,3.2055512114854765,37.02363631918396,0.24874198874184988,27.662624157509242,2.305218679792437,20.865032987397008,,,CFBD/team roster,,0.0,,MEDIUM,calibrated rushing efficiency; team receiving rates,0.0,v1.0,2026-08-18T18:11:37+00:00
2026,CFF_WISC,Wisconsin,CFP_990CE486,Nate Palmer,RB,228,12.0,0.0,0.0,0.0,0.0,0.0,37.38179888257562,162.9806058730952,1.4143009709135173,1.2770903279400883,14.345217852161298,0.09463398523793545,27.42473727340441,2.2853947727837007,24.783866412790623,,,CFBD/team roster,,0.0,,MEDIUM,calibrated rushing efficiency; team receiving rates,0.0,v1.0,2026-08-18T18:11:37+00:00
2026,CFF_UVA,Virginia,CFP_E0D43C9A,Xay Davis,RB,229,12.0,0.0,0.0,0.0,0.0,0.0,37.26271763881754,179.24382697536797,1.5730179508041622,0.0,0.0,0.0,27.362490402361768,2.2802075335301475,27.362490402361768,,,CFBD/team roster,,0.0,,MEDIUM,calibrated rushing efficiency; team receiving rates,0.0,v1.0,2026-08-18T18:11:37+00:00
2026,CFF_PUR,Purdue,CFP_2645ED65,Travis Terrell Jr.,RB,230,12.0,0.0,0.0,0.0,0.0,0.0,27.944274241448287,138.2313281615283,1.1182671436904401,3.1454905870476275,35.11308309383101,0.23423641592440833,27.022207776748832,2.2518506480624025,20.53273567829547,,,CFBD/team roster,,0.0,,MEDIUM,calibrated rushing efficiency; team receiving rates,0.0,v1.0,2026-08-18T18:11:37+00:00
2026,CFF_FSU,Florida State,CFP_225DBEDD,Amari Thomas,RB,231,12.0,0.0,0.0,0.0,0.0,0.0,24.074788623988645,114.59013125527827,1.109474309634368,4.03500162252532,49.96144154102927,0.30321940391042146,26.948820372162153,2.245735031013513,18.115858983334036,,,CFBD/team roster,,0.0,,MEDIUM,calibrated rushing efficiency; team receiving rates,0.0,v1.0,2026-08-18T18:11:37+00:00
2026,CFF_UTAH,Utah,CFP_0BDA7E07,LaMarcus Bell,RB,232,12.0,0.0,0.0,0.0,0.0,0.0,25.697678261529017,152.63527430843615,1.2150553124850676,1.8797534055716534,22.385489228110032,0.18815071134669575,26.861189199431024,2.2384324332859187,22.55385930575402,,,CFBD/team roster,,0.0,,MEDIUM,calibrated rushing efficiency; team receiving rates,0.0,v1.0,2026-08-18T18:11:37+00:00
2026,CFF_AUB,Auburn,CFP_57192332,Omar Mabson II,RB,233,12.0,0.0,0.0,0.0,0.0,0.0,19.341801744643195,105.35041840905129,0.906937211615264,4.605555931211065,58.97398449789197,0.43334917194350014,26.776936557652444,2.23141137980437,15.976665110596713,,,CFBD/team roster,,0.0,,MEDIUM,calibrated rushing efficiency; team receiving rates,0.0,v1.0,2026-08-18T18:11:37+00:00
2026,CFF_ISU,Iowa State,CFP_55D22B38,Easton Miller,RB,234,12.0,0.0,0.0,0.0,0.0,0.0,33.520591893691034,166.12040954276029,1.6872877020996002,0.0,0.0,0.0,26.73576716687363,2.227980597239469,26.73576716687363,,,CFBD/team roster,,0.0,,MEDIUM,calibrated rushing efficiency; team receiving rates,0.0,v1.0,2026-08-18T18:11:37+00:00
2026,CFF_UTAH,Utah,CFP_368E0C36,Nate Johnson,RB,235,12.0,0.0,0.0,0.0,0.0,0.0,25.725577490587344,156.73262630122687,1.2082087473546266,1.619944748607268,19.291496221044678,0.1621456069127911,26.634510752135295,2.2195425626779413,22.922515114250448,,,CFBD/team roster,,0.0,,MEDIUM,calibrated rushing efficiency; team receiving rates,0.0,v1.0,2026-08-18T18:11:37+00:00
2026,CFF_BC,Boston College,CFP_EF9BE5FC,Mekhi Dodd,RB,236,12.0,0.0,0.0,0.0,0.0,0.0,25.75067813162565,116.83515180981199,1.1350560305733346,3.4699192095323874,41.55349759395779,0.30408883950355226,26.208693765604494,2.1840578138003743,18.493851364421207,,,CFBD/team roster,,0.0,,MEDIUM,calibrated rushing efficiency; team receiving rates,0.0,v1.0,2026-08-18T18:11:37+00:00
2026,CFF_TENN,Tennessee,CFP_264AA8AE,Will Rajecki,RB,237,12.0,0.0,0.0,0.0,0.0,0.0,24.760582615540827,129.7345039015425,1.2715927775654292,2.5051887161320674,30.394305058396565,0.21538790624566395,26.1873593569265,2.182279946410542,20.603007055546826,,,CFBD/team roster,,0.0,,MEDIUM,calibrated rushing efficiency; team receiving rates,0.0,v1.0,2026-08-18T18:11:37+00:00
2026,CFF_OKST,Oklahoma State,CFP_BF0CAF5A,Ayo Adeyi,RB,238,12.0,0.0,0.0,0.0,0.0,0.0,37.90164399646268,168.28860934943796,1.4903011522994754,0.0,0.0,0.0,25.77066784874065,2.147555654061721,25.77066784874065,,,CFBD/team roster,,0.0,,MEDIUM,calibrated rushing efficiency; team receiving rates,0.0,v1.0,2026-08-18T18:11:37+00:00
2026,CFF_UGA,Georgia,CFP_85CAB0E3,Dwight Phillips Jr.,RB,239,12.0,0.0,0.0,0.0,0.0,0.0,28.055859299255644,135.88350526656302,1.3652685212206417,1.8739956729159004,20.954557311840514,0.15904594173784672,25.76669087204924,2.1472242393374366,21.779961653980152,,,CFBD/team roster,,0.0,,MEDIUM,calibrated rushing efficiency; team receiving rates,0.0,v1.0,2026-08-18T18:11:37+00:00
2026,CFF_UNC,North Carolina,CFP_AD000F49,Kaleb Jackson,RB,240,12.0,0.0,0.0,0.0,0.0,0.0,34.51670953956882,162.73601961527152,1.5668880960573999,0.0,0.0,0.0,25.674930537871553,2.1395775448226293,25.674930537871553,,,CFBD/team roster,,0.0,,MEDIUM,calibrated rushing efficiency; team receiving rates,0.0,v1.0,2026-08-18T18:11:37+00:00
2026,CFF_MD,Maryland,CFP_92BB7399,Harry Dalton III,RB,241,12.0,0.0,0.0,0.0,0.0,0.0,31.060768330247736,146.0375781037426,1.2852144824996914,1.636511650098257,17.99114491173956,0.12133602043352183,25.66043114419662,2.138369262016385,22.315044705372408,,,CFBD/team roster,,0.0,,MEDIUM,calibrated rushing efficiency; team receiving rates,0.0,v1.0,2026-08-18T18:11:37+00:00
2026,CFF_FLA,Florida,CFP_D9A5B292,London Montgomery,RB,242,12.0,0.0,0.0,0.0,0.0,0.0,26.410060017795665,125.01438450039889,1.1543190846034572,2.7582910947657346,32.10345203056232,0.22625898555970947,25.374397621457987,2.114533135121499,19.42735295766063,,,CFBD/team roster,,0.0,,MEDIUM,calibrated rushing efficiency; team receiving rates,0.0,v1.0,2026-08-18T18:11:37+00:00
2026,CFF_LSU,LSU,CFP_F54BE602,Dilin Jones,RB,243,12.0,0.0,0.0,0.0,0.0,0.0,19.81024998144662,86.16482699466434,0.8120909607971175,5.517064840619161,63.186842260776615,0.43349621134583577,25.167222378711397,2.097268531559283,13.48902846424914,,,CFBD/team roster,,0.0,,MEDIUM,calibrated rushing efficiency; team receiving rates,0.0,v1.0,2026-08-18T18:11:37+00:00
2026,CFF_CIN,Cincinnati,CFP_50606542,Jayzon Thompson,RB,244,12.0,0.0,0.0,0.0,0.0,0.0,16.263410266262877,96.67919299583976,0.7682383024032021,4.824290454986939,57.30238210769321,0.4240934885871585,24.96429348378893,2.080357790315744,14.277349114003187,,,CFBD/team roster,,0.0,,MEDIUM,calibrated rushing efficiency; team receiving rates,0.0,v1.0,2026-08-18T18:11:37+00:00
2026,CFF_DUKE,Duke,CFP_E0A46E87,Wilhelm Daal II,RB,245,12.0,0.0,0.0,0.0,0.0,0.0,28.354752739697755,122.35633068839464,1.3274958643390626,1.9787648826402253,24.116418544742622,0.17272595169983557,24.637988260867232,2.0531656884056027,20.200608254873842,,,CFBD/team roster,,0.0,,MEDIUM,calibrated rushing efficiency; team receiving rates,0.0,v1.0,2026-08-18T18:11:37+00:00
2026,CFF_ALA,Alabama,CFP_41F073BD,AK Dear,RB,246,12.0,0.0,0.0,0.0,0.0,0.0,22.503432956402374,104.18616433815323,1.2984382518123336,2.85633500609959,34.81648746241379,0.24045011191020904,24.561762865441754,2.046813572120146,18.209245944689325,,,CFBD/team roster,,0.0,,MEDIUM,calibrated rushing efficiency; team receiving rates,0.0,v1.0,2026-08-18T18:11:37+00:00
2026,CFF_WVU,West Virginia,CFP_C8C7A8EB,Lawrence Autry,RB,247,12.0,0.0,0.0,0.0,0.0,0.0,23.873892162933114,120.43998910935639,1.0784827935381722,2.678101104259817,31.88698930220017,0.20492456217285296,24.272192527551713,2.0226827106293093,18.51489567216467,,,CFBD/team roster,,0.0,,MEDIUM,calibrated rushing efficiency; team receiving rates,0.0,v1.0,2026-08-18T18:11:37+00:00
2026,CFF_NCSU,NC State,CFP_E5F85219,Dylan McCoy,RB,248,12.0,0.0,0.0,0.0,0.0,0.0,20.506419833835825,107.27401786611559,1.052999896263843,3.128623166650696,36.42886807953182,0.2710229845464187,23.87873746275166,1.9898947885626381,17.045401164194615,,,CFBD/team roster,,0.0,,MEDIUM,calibrated rushing efficiency; team receiving rates,0.0,v1.0,2026-08-18T18:11:37+00:00
2026,CFF_MSST,Mississippi State,CFP_600E4864,Cooper Crosby,RB,249,12.0,0.0,0.0,0.0,0.0,0.0,25.479867225756596,112.3509114959031,1.2244641735552089,2.3785074813469373,28.812606216174167,0.19881626150486706,23.84528812224165,1.9871073435201376,18.581876190921562,,,CFBD/team roster,,0.0,,MEDIUM,calibrated rushing efficiency; team receiving rates,0.0,v1.0,2026-08-18T18:11:37+00:00
2026,CFF_ARK,Arkansas,CFP_42BEE6CF,Cam Settles,RB,250,12.0,0.0,0.0,0.0,0.0,0.0,16.399087276376605,95.66666811410177,0.8302432044561658,4.084260525453862,51.60899309427041,0.3354412631306558,23.763803189085078,1.9803169324237564,14.54812603814717,,,CFBD/team roster,,0.0,,MEDIUM,calibrated rushing efficiency; team receiving rates,0.0,v1.0,2026-08-18T18:11:37+00:00
2026,CFF_UNC,North Carolina,CFP_785F32CD,Jaylen McGill,RB,251,12.0,0.0,0.0,0.0,0.0,0.0,10.26136114526907,48.09254489747337,0.4559335988936508,7.580682747864336,87.55575019435715,0.5882402052940496,23.620213708241423,1.9683511423534519,7.5448560831092415,,,CFBD/team roster,,0.0,,MEDIUM,calibrated rushing efficiency; team receiving rates,0.0,v1.0,2026-08-18T18:11:37+00:00
2026,CFF_ARIZ,Arizona,CFP_9B755EDD,Wesley Yarbrough,RB,252,12.0,0.0,0.0,0.0,0.0,0.0,23.943480772658063,115.25438642616189,0.9514909653622469,2.85460260832609,33.32970378633666,0.2544110685529535,23.5211225289041,1.9600935440753418,17.23438443478967,,,CFBD/team roster,,0.0,,MEDIUM,calibrated rushing efficiency; team receiving rates,0.0,v1.0,2026-08-18T18:11:37+00:00
2026,CFF_SYR,Syracuse,CFP_6F5F6939,Davion Kerr,RB,253,12.0,0.0,0.0,0.0,0.0,0.0,16.87456458566849,72.68403985338873,0.7489584286387839,5.336805791076577,63.34240668185631,0.4424903923109658,23.41974047476129,1.9516450395634408,11.762154557171577,,,CFBD/team roster,,0.0,,MEDIUM,calibrated rushing efficiency; team receiving rates,0.0,v1.0,2026-08-18T18:11:37+00:00
2026,CFF_MINN,Minnesota,CFP_772A1841,TJ Thomas,RB,254,12.0,0.0,0.0,0.0,0.0,0.0,24.9576321015516,103.57747321873151,1.1766433251260782,2.857545186011912,29.87490686122157,0.2250882069767392,23.18439979361817,1.9320333161348475,17.41760727262962,,,CFBD/team roster,,0.0,,MEDIUM,calibrated rushing efficiency; team receiving rates,0.0,v1.0,2026-08-18T18:11:37+00:00
2026,CFF_NCSU,NC State,CFP_6671B74B,Noah Moss,RB,255,12.0,0.0,0.0,0.0,0.0,0.0,19.80588996373585,103.6093775042297,1.0170278501181842,3.0712049864688864,35.76030583991599,0.2660490245227328,23.171032075494512,1.9309193396245428,16.463104851132073,,,CFBD/team roster,,0.0,,MEDIUM,calibrated rushing efficiency; team receiving rates,0.0,v1.0,2026-08-18T18:11:37+00:00
2026,CFF_TEX,Texas,CFP_D05DEDED,Jett Walker,RB,256,12.0,0.0,0.0,0.0,0.0,0.0,20.265967370665603,96.70037985931589,0.9591177167122897,3.2521123808925543,40.57629087281126,0.32583430174350403,23.063435374393755,1.9219529478661463,15.424744286205328,,,CFBD/team roster,,0.0,,MEDIUM,calibrated rushing efficiency; team receiving rates,0.0,v1.0,2026-08-18T18:11:37+00:00
2026,CFF_BYU,BYU,CFP_F3566ACF,Jovesa Damuni,RB,257,12.0,0.0,0.0,0.0,0.0,0.0,14.948383061618982,82.76475814586561,0.7757248911695159,4.5767028329629635,56.54956809192832,0.3441858866917165,22.93924870742827,1.9116040589523557,12.930825161603657,,,CFBD/team roster,,0.0,,MEDIUM,calibrated rushing efficiency; team receiving rates,0.0,v1.0,2026-08-18T18:11:37+00:00
2026,CFF_MICH,Michigan,CFP_B4D0691C,Jonathan Brown,RB,258,12.0,0.0,0.0,0.0,0.0,0.0,23.664603593334512,128.95860676835775,1.1582783087376234,1.4821140768034475,16.587605483256457,0.103022123114068,22.863480854673295,1.9052900712227745,19.845530529261517,,,CFBD/team roster,,0.0,,MEDIUM,calibrated rushing efficiency; team receiving rates,0.0,v1.0,2026-08-18T18:11:37+00:00
2026,CFF_MIA,Miami,CFP_DD10C96A,Jordan Lyle,RB,259,12.0,0.0,0.0,0.0,0.0,0.0,21.06072477397087,103.05445821252249,1.0293491530265577,2.6387326792011683,31.69192770615379,0.25015586259709627,22.471035025210135,1.8725862521008445,16.481540739411596,,,CFBD/team roster,,0.0,,MEDIUM,calibrated rushing efficiency; team receiving rates,0.0,v1.0,2026-08-18T18:11:37+00:00
2026,CFF_VAN,Vanderbilt,CFP_92BBD857,Evan Hampton,RB,260,12.0,0.0,0.0,0.0,0.0,0.0,21.852012357834514,125.61579212432166,1.064299210808707,1.452508848828655,17.906425858727076,0.1379733076982154,22.292111333760737,1.8576759444800615,18.94737447728441,,,CFBD/team roster,,0.0,,MEDIUM,calibrated rushing efficiency; team receiving rates,0.0,v1.0,2026-08-18T18:11:37+00:00
2026,CFF_BYU,BYU,CFP_EE1D4778,Sione Moa,RB,261,12.0,0.0,0.0,0.0,0.0,0.0,14.195586792328816,78.01852964021441,0.7387416283147076,4.540420930549893,56.101270270135,0.34145734625361684,22.16338430371983,1.8469486919766525,12.234302733909686,,,CFBD/team roster,,0.0,,MEDIUM,calibrated rushing efficiency; team receiving rates,0.0,v1.0,2026-08-18T18:11:37+00:00
2026,CFF_MSST,Mississippi State,CFP_EB4E80B6,J.J. Hill,RB,262,12.0,0.0,0.0,0.0,0.0,0.0,23.029275803304046,101.54527512515038,1.1066981987866433,2.2435474094126393,27.177735845555276,0.18753512946520237,21.75947477128796,1.8132895642739966,16.794716705234897,,,CFBD/team roster,,0.0,,MEDIUM,calibrated rushing efficiency; team receiving rates,0.0,v1.0,2026-08-18T18:11:37+00:00
2026,CFF_UGA,Georgia,CFP_4EDA5342,Jae Lamar,RB,263,12.0,0.0,0.0,0.0,0.0,0.0,18.474844682975263,88.04144078334139,0.9304375881302579,3.3437864280831846,37.389394948174996,0.28378702742532275,21.500324480526714,1.7916937067105596,14.386769607115685,,,CFBD/team roster,,0.0,,MEDIUM,calibrated rushing efficiency; team receiving rates,0.0,v1.0,2026-08-18T18:11:37+00:00
2026,CFF_UCF,UCF,CFP_181E41F7,Arthur Lewis IV,RB,264,12.0,0.0,0.0,0.0,0.0,0.0,23.5731380713232,131.4325818730783,1.1895673632442474,0.0,0.0,0.0,20.280662366773313,1.6900551972311095,20.280662366773313,,,CFBD/team roster,,0.0,,MEDIUM,calibrated rushing efficiency; team receiving rates,0.0,v1.0,2026-08-18T18:11:37+00:00
2026,CFF_ORE,Oregon,CFP_AE91F6C7,Da'Jaun Riggs,RB,265,12.0,0.0,0.0,0.0,0.0,0.0,19.863528484698527,106.03468775933638,0.9273206838843875,1.7693390917903171,21.390354310937546,0.15689736601988186,20.132482052348166,1.6777068376956805,16.167392879239962,,,CFBD/team roster,,0.0,,MEDIUM,calibrated rushing efficiency; team receiving rates,0.0,v1.0,2026-08-18T18:11:37+00:00
2026,CFF_PUR,Purdue,CFP_1BAE7CA1,Izaiah Wright,RB,266,12.0,0.0,0.0,0.0,0.0,0.0,15.319703645057936,75.78164183474645,0.6130601599927282,4.292250286136052,47.9143512866386,0.3196325963953049,20.111880993534733,1.675990082794561,11.256525143431015,,,CFBD/team roster,,0.0,,MEDIUM,calibrated rushing efficiency; team receiving rates,0.0,v1.0,2026-08-18T18:11:37+00:00
2026,CFF_AUB,Auburn,CFP_F066D984,Bryson Washington,RB,267,12.0,0.0,0.0,0.0,0.0,0.0,18.892148720294124,103.66943495933272,0.8409751058032335,1.932652653916057,24.747550426965375,0.18184849771408612,19.944966486691754,1.6620805405576462,15.412794130752673,,,CFBD/team roster,,0.0,,MEDIUM,calibrated rushing efficiency; team receiving rates,0.0,v1.0,2026-08-18T18:11:37+00:00
2026,CFF_UGA,Georgia,CFP_9EA9A18B,Bo Walker,RB,268,12.0,0.0,0.0,0.0,0.0,0.0,17.924576774524436,84.88215435315696,1.0071238992429523,2.540859026735441,28.4112588233412,0.2156426093030698,19.93636988229367,1.6613641568578057,14.530958830773411,,,CFBD/team roster,,0.0,,MEDIUM,calibrated rushing efficiency; team receiving rates,0.0,v1.0,2026-08-18T18:11:37+00:00
2026,CFF_GT,Georgia Tech,CFP_A1A469C8,Trelain Maddox,RB,269,12.0,0.0,0.0,0.0,0.0,0.0,17.269923340293428,93.6639186263218,0.8675770021489451,2.362655940904894,27.86641094494586,0.175912646107459,19.595298817117637,1.6329415680931365,14.571853875525852,,,CFBD/team roster,,0.0,,MEDIUM,calibrated rushing efficiency; team receiving rates,0.0,v1.0,2026-08-18T18:11:37+00:00
2026,CFF_UK,Kentucky,CFP_2E2ED440,Delvecchio Alston II,RB,270,12.0,0.0,0.0,0.0,0.0,0.0,17.807678487123237,86.43488379219339,0.7811941923144637,2.8078455815931567,33.14442130688494,0.2288768195456774,19.422279371865255,1.6185232809887713,13.330653533106121,,,CFBD/team roster,,0.0,,MEDIUM,calibrated rushing efficiency; team receiving rates,0.0,v1.0,2026-08-18T18:11:37+00:00
2026,CFF_UCLA,UCLA,CFP_E4BBAE14,Dylan Lee,RB,271,12.0,0.0,0.0,0.0,0.0,0.0,23.2201686412652,111.50674341492056,0.8169562946746598,1.6417517672332518,17.244090872685028,0.11995138301523917,19.31740537851658,1.6097837815430482,16.052412109540015,,,CFBD/team roster,,0.0,,MEDIUM,calibrated rushing efficiency; team receiving rates,0.0,v1.0,2026-08-18T18:11:37+00:00
2026,CFF_MINN,Minnesota,CFP_1BBB04EC,Ryan Estrada,RB,272,12.0,0.0,0.0,0.0,0.0,0.0,17.24464173591704,71.56754335911228,0.8130095239081557,3.598591747959404,37.62235985912405,0.28346028197718076,19.297105031115354,1.6080920859262795,12.034811479360162,,,CFBD/team roster,,0.0,,MEDIUM,calibrated rushing efficiency; team receiving rates,0.0,v1.0,2026-08-18T18:11:37+00:00
2026,CFF_ALA,Alabama,CFP_73C8A5D8,Trae'shawn Brown,RB,273,12.0,0.0,0.0,0.0,0.0,0.0,19.228271507045683,87.22207132815835,0.9849704155829386,2.0589239039536187,25.096670430809347,0.17332297579347417,19.211096476132056,1.600924706344338,14.632029626313468,,,CFBD/team roster,,0.0,,MEDIUM,calibrated rushing efficiency; team receiving rates,0.0,v1.0,2026-08-18T18:11:37+00:00
2026,CFF_DUKE,Duke,CFP_4DFE631A,CJ Givers,RB,274,12.0,0.0,0.0,0.0,0.0,0.0,18.074646640028615,77.99565249838945,0.8462080020340069,2.816302789210681,34.324005549718336,0.24583445148483632,19.19237192052918,1.599364326710765,12.876813262042987,,,CFBD/team roster,,0.0,,MEDIUM,calibrated rushing efficiency; team receiving rates,0.0,v1.0,2026-08-18T18:11:37+00:00
2026,CFF_MD,Maryland,CFP_E0FB1B06,Terrez Worthy,RB,275,12.0,0.0,0.0,0.0,0.0,0.0,20.4011803519902,93.96110514149912,0.8614525390586683,2.2320005072296114,24.537707731095676,0.16548740067727774,19.127521179289964,1.5939600982741637,14.56482574850192,,,CFBD/team roster,,0.0,,MEDIUM,calibrated rushing efficiency; team receiving rates,0.0,v1.0,2026-08-18T18:11:37+00:00
2026,CFF_KU,Kansas,CFP_E25F5960,John Kelly,RB,276,12.0,0.0,0.0,0.0,0.0,0.0,20.020002865365615,113.2735894539993,0.9989340053893301,0.7826909442609898,8.63005477568994,0.06642832871897528,18.97388389974925,1.5811569916457708,17.32096297773591,,,CFBD/team roster,,0.0,,MEDIUM,calibrated rushing efficiency; team receiving rates,0.0,v1.0,2026-08-18T18:11:37+00:00
2026,CFF_LSU,LSU,CFP_05B802DD,Rod Gainey Jr.,RB,277,12.0,0.0,0.0,0.0,0.0,0.0,14.452504013746733,62.02262912281526,0.5671846184312354,4.372080686769846,50.073359782248026,0.34353056709776264,18.85993034706524,1.5716608622554367,9.60537062286894,,,CFBD/team roster,,0.0,,MEDIUM,calibrated rushing efficiency; team receiving rates,0.0,v1.0,2026-08-18T18:11:37+00:00
2026,CFF_FSU,Florida State,CFP_BDE31E29,Zay Parks,RB,278,12.0,0.0,0.0,0.0,0.0,0.0,24.7321155129543,118.9051703727593,1.1609335742652969,0.0,0.0,0.0,18.856118482867714,1.5713432069056428,18.856118482867714,,,CFBD/team roster,,0.0,,MEDIUM,calibrated rushing efficiency; team receiving rates,0.0,v1.0,2026-08-18T18:11:37+00:00
2026,CFF_SMU,SMU,CFP_8A7A6B1F,Link Rhodes,RB,279,12.0,0.0,0.0,0.0,0.0,0.0,10.846115017468408,53.509008979496734,0.5415971997585272,4.472082187668558,54.833397478629436,0.3903810888805215,18.662151471481188,1.555179289290099,8.600484096500836,,,CFBD/team roster,,0.0,,MEDIUM,calibrated rushing efficiency; team receiving rates,0.0,v1.0,2026-08-18T18:11:37+00:00
2026,CFF_COLO,Colorado,CFP_23E17310,Richard Young,RB,280,12.0,0.0,0.0,0.0,0.0,0.0,21.455317768286665,90.39272575055155,0.9693618285335723,1.7078069146402328,20.215952748750368,0.15203728730145996,18.6431660022605,1.5535971668550417,14.855443546256588,,,CFBD/team roster,,0.0,,MEDIUM,calibrated rushing efficiency; team receiving rates,0.0,v1.0,2026-08-18T18:11:37+00:00
2026,CFF_SYR,Syracuse,CFP_EEF566E4,Malachi Coleman,RB,281,12.0,0.0,0.0,0.0,0.0,0.0,26.517172920336197,113.83691976441725,1.1632102726829898,0.0,0.0,0.0,18.362953612539663,1.5302461343783051,18.362953612539663,,,CFBD/team roster,,0.0,,MEDIUM,calibrated rushing efficiency; team receiving rates,0.0,v1.0,2026-08-18T18:11:37+00:00
2026,CFF_COLO,Colorado,CFP_A0276396,Damian Henderson II,RB,282,12.0,0.0,0.0,0.0,0.0,0.0,19.693445482920513,84.5455611727569,0.8441305301292963,2.108036809452941,24.953624538699465,0.18766770136211006,18.194726364820546,1.516227197068379,13.519339298051467,,,CFBD/team roster,,0.0,,MEDIUM,calibrated rushing efficiency; team receiving rates,0.0,v1.0,2026-08-18T18:11:37+00:00
2026,CFF_AUB,Auburn,CFP_2C510BF1,Tae Meadows,RB,283,12.0,0.0,0.0,0.0,0.0,0.0,17.179408888384938,89.96454042279566,0.7596478856141767,1.907223013732951,24.421924763452672,0.17945575432311128,18.02687986511504,1.5022399887595865,13.554341355964628,,,CFBD/team roster,,0.0,,MEDIUM,calibrated rushing efficiency; team receiving rates,0.0,v1.0,2026-08-18T18:11:37+00:00
2026,CFF_KSU,Kansas State,CFP_C7F4D73F,Jay Harris,RB,284,12.0,0.0,0.0,0.0,0.0,0.0,17.721917176043632,106.48171120546743,0.8880402342933453,0.8843005763560146,10.486981447391447,0.08171604648648459,17.957557238142876,1.496463103178573,15.976412526306817,,,CFBD/team roster,,0.0,,MEDIUM,calibrated rushing efficiency; team receiving rates,0.0,v1.0,2026-08-18T18:11:37+00:00
2026,CFF_VAN,Vanderbilt,CFP_325AC4E1,Izayah Lee,RB,285,12.0,0.0,0.0,0.0,0.0,0.0,17.318499365923724,99.55499661225049,0.8434950935278662,1.2661637899429299,15.609177216305214,0.12027245570793939,17.93210457324187,1.4943420477701557,15.016470222392247,,,CFBD/team roster,,0.0,,MEDIUM,calibrated rushing efficiency; team receiving rates,0.0,v1.0,2026-08-18T18:11:37+00:00
2026,CFF_VAN,Vanderbilt,CFP_EB397594,Jamezell Lassiter,RB,286,12.0,0.0,0.0,0.0,0.0,0.0,11.23292787951491,65.22131378264318,0.6026261646813426,3.2661270490573306,40.264582137514594,0.31024826642843456,17.658899703203105,1.4715749752669254,10.137888366352373,,,CFBD/team roster,,0.0,,MEDIUM,calibrated rushing efficiency; team receiving rates,0.0,v1.0,2026-08-18T18:11:37+00:00
2026,CFF_UCF,UCF,CFP_0E68C60B,Taevion Swint,RB,287,12.0,0.0,0.0,0.0,0.0,0.0,8.688479681689458,48.44282138683149,0.4384453115354105,4.468411117522571,54.7312769453357,0.37489032129089833,17.431629188935858,1.452635765744655,7.474954007895612,,,CFBD/team roster,,0.0,,MEDIUM,calibrated rushing efficiency; team receiving rates,0.0,v1.0,2026-08-18T18:11:37+00:00
2026,CFF_MINN,Minnesota,CFP_F693C81A,Grant Washington,RB,288,12.0,0.0,0.0,0.0,0.0,0.0,25.05142425521846,105.35473154387908,1.1131095417755168,0.0,0.0,0.0,17.21413040504101,1.434510867086751,17.21413040504101,,,CFBD/team roster,,0.0,,MEDIUM,calibrated rushing efficiency; team receiving rates,0.0,v1.0,2026-08-18T18:11:37+00:00
2026,CFF_OSU,Ohio State,CFP_FC24F173,Ja'Kobi Jackson,RB,289,12.0,0.0,0.0,0.0,0.0,0.0,21.11393951149858,103.44429182450668,1.142888420559591,0.0,0.0,0.0,17.201759705808215,1.433479975484018,17.201759705808215,,,CFBD/team roster,,0.0,,MEDIUM,calibrated rushing efficiency; team receiving rates,0.0,v1.0,2026-08-18T18:11:37+00:00
2026,CFF_LOU,Louisville,CFP_D4B887D8,Lekhy Thompkins,RB,290,12.0,0.0,0.0,0.0,0.0,0.0,14.36752722434248,78.45833117556666,0.7558497053471404,2.070080427309404,24.55070543098441,0.17216065279662077,16.904006023172375,1.408667168597698,12.380931349639507,,,CFBD/team roster,,0.0,,MEDIUM,calibrated rushing efficiency; team receiving rates,0.0,v1.0,2026-08-18T18:11:37+00:00
2026,CFF_FLA,Florida,CFP_55605B99,Duke Clark,RB,291,12.0,0.0,0.0,0.0,0.0,0.0,16.087789728760303,76.94032005534508,0.6783353502189218,2.2797001895812166,26.53318419479588,0.18700080395928306,16.679217444873935,1.3899347870728278,11.764044106848038,,,CFBD/team roster,,0.0,,MEDIUM,calibrated rushing efficiency; team receiving rates,0.0,v1.0,2026-08-18T18:11:37+00:00
2026,CFF_UCLA,UCLA,CFP_990575EE,Jayden Fox,RB,292,12.0,0.0,0.0,0.0,0.0,0.0,14.077011598270719,67.96169880026333,0.4999392131651111,3.320723372667754,34.87911920925391,0.24262216073858778,16.399811730707796,1.366650977558983,9.795805159017,,,CFBD/team roster,,0.0,,MEDIUM,calibrated rushing efficiency; team receiving rates,0.0,v1.0,2026-08-18T18:11:37+00:00
2026,CFF_RUTG,Rutgers,CFP_F0FEFF9F,Michael Dukes III,RB,293,12.0,0.0,0.0,0.0,0.0,0.0,19.92116290247858,86.7851351856074,0.9140883349380554,1.0084735117390131,11.882530732129986,0.08048338198165053,16.33843364916148,1.3615361374301234,14.163043528189071,,,CFBD/team roster,,0.0,,MEDIUM,calibrated rushing efficiency; team receiving rates,0.0,v1.0,2026-08-18T18:11:37+00:00
2026,CFF_ALA,Alabama,CFP_258258E7,Khalifa Keith,RB,294,12.0,0.0,0.0,0.0,0.0,0.0,21.373139412057796,96.95148571321597,1.094841520273559,0.0,0.0,0.0,16.264197692962952,1.3553498077469126,16.264197692962952,,,CFBD/team roster,,0.0,,MEDIUM,calibrated rushing efficiency; team receiving rates,0.0,v1.0,2026-08-18T18:11:37+00:00
2026,CFF_UK,Kentucky,CFP_0DE2DECB,Isaiah Jackson,RB,295,12.0,0.0,0.0,0.0,0.0,0.0,13.93137531398512,67.62008912057028,0.6111470113360291,2.489567310765221,29.38739521887536,0.20293290053704627,15.830011560565628,1.3191676300471358,10.428890980073204,,,CFBD/team roster,,0.0,,MEDIUM,calibrated rushing efficiency; team receiving rates,0.0,v1.0,2026-08-18T18:11:37+00:00
2026,CFF_DUKE,Duke,CFP_29C2A8FA,Paul Holyfield Jr.,RB,296,12.0,0.0,0.0,0.0,0.0,0.0,16.990403546647194,73.31693046197225,0.795446557008711,1.6346129428494562,19.922028248152603,0.14268500451545346,15.7699917115822,1.3141659759651834,12.104372388249491,,,CFBD/team roster,,0.0,,MEDIUM,calibrated rushing efficiency; team receiving rates,0.0,v1.0,2026-08-18T18:11:37+00:00
2026,CFF_ILL,Illinois,CFP_08E2DB69,Javari Barnett,RB,297,12.0,0.0,0.0,0.0,0.0,0.0,21.080008681595462,97.02381962500723,1.0046570730556705,0.0,0.0,0.0,15.730324400834746,1.3108603667362289,15.730324400834746,,,CFBD/team roster,,0.0,,MEDIUM,calibrated rushing efficiency; team receiving rates,0.0,v1.0,2026-08-18T18:11:37+00:00
2026,CFF_DUKE,Duke,CFP_C3C15BF2,Jayvian Tanelus,RB,298,12.0,0.0,0.0,0.0,0.0,0.0,14.316133670489947,61.776930366714986,0.6702441885269351,2.4625789876305353,30.012957115928593,0.21495797858862561,15.72149124477299,1.3101242703977491,10.199158167833108,,,CFBD/team roster,,0.0,,MEDIUM,calibrated rushing efficiency; team receiving rates,0.0,v1.0,2026-08-18T18:11:37+00:00
2026,CFF_MISS,Ole Miss,CFP_A6ADE2FC,Joshua Dye,RB,299,12.0,0.0,0.0,0.0,0.0,0.0,13.684170444299523,71.11322565427561,0.6751674878852489,1.9066189427618316,26.301182993595756,0.16245519801692515,15.720486451581099,1.3100405376317583,11.162327492739056,,,CFBD/team roster,,0.0,,MEDIUM,calibrated rushing efficiency; team receiving rates,0.0,v1.0,2026-08-18T18:11:37+00:00
2026,CFF_COLO,Colorado,CFP_A9DCD1A6,JaQuail Smith,RB,300,12.0,0.0,0.0,0.0,0.0,0.0,17.13289967884245,73.55293004063346,0.7343765061881172,1.7740565729966027,21.00017487097744,0.15793515447532186,15.696208741640024,1.3080173951366687,11.761552041192049,,,CFBD/team roster,,0.0,,MEDIUM,calibrated rushing efficiency; team receiving rates,0.0,v1.0,2026-08-18T18:11:37+00:00
2026,CFF_OU,Oklahoma,CFP_A2EDC954,Jonathan Hatton Jr.,RB,301,12.0,0.0,0.0,0.0,0.0,0.0,16.722974987661797,78.27764048795515,0.6947365158242176,1.7831277643634138,19.969121768008463,0.13154527434671393,15.673930848803657,1.3061609040669715,11.99618314374082,,,CFBD/team roster,,0.0,,MEDIUM,calibrated rushing efficiency; team receiving rates,0.0,v1.0,2026-08-18T18:11:37+00:00
2026,CFF_TENN,Tennessee,CFP_C10DE8C6,Justin Baker,RB,302,12.0,0.0,0.0,0.0,0.0,0.0,16.715906734370908,86.5657864787496,0.8238669761550095,0.9187920491494659,11.147282297437094,0.07899472581331633,15.647873114003358,1.3039894261669465,13.599780504805018,,,CFBD/team roster,,0.0,,MEDIUM,calibrated rushing efficiency; team receiving rates,0.0,v1.0,2026-08-18T18:11:37+00:00
2026,CFF_OU,Oklahoma,CFP_599A93F8,Lloyd Avant,RB,303,12.0,0.0,0.0,0.0,0.0,0.0,17.72349485871849,81.45026598944753,0.7602725098251102,1.3219256932348262,14.804152379899355,0.09752137870200567,15.433168014714795,1.2860973345595663,12.706661657895413,,,CFBD/team roster,,0.0,,MEDIUM,calibrated rushing efficiency; team receiving rates,0.0,v1.0,2026-08-18T18:11:37+00:00
2026,CFF_NEB,Nebraska,CFP_D3CE494E,Conor Booth,RB,304,12.0,0.0,0.0,0.0,0.0,0.0,7.758339305780953,36.366844276645644,0.3613299256923454,4.309003357604083,48.158184201214056,0.33100898019459335,14.761037961909643,1.2300864968258036,5.804663981818637,,,CFBD/team roster,,0.0,,MEDIUM,calibrated rushing efficiency; team receiving rates,0.0,v1.0,2026-08-18T18:11:37+00:00
2026,CFF_BYU,BYU,CFP_45E38D20,Preston Rex,RB,305,12.0,0.0,0.0,0.0,0.0,0.0,10.431605445877995,56.69758024811289,0.5173418061890905,2.7335024499341474,33.775053474889845,0.20557003564408124,14.751485648266376,1.2292904706888648,8.773808861945831,,,CFBD/team roster,,0.0,,MEDIUM,calibrated rushing efficiency; team receiving rates,0.0,v1.0,2026-08-18T18:11:37+00:00
2026,CFF_BYU,BYU,CFP_C2A2DECD,Devaughn Eka,RB,306,12.0,0.0,0.0,0.0,0.0,0.0,15.575649500544541,85.58273841765127,0.8027024615089755,0.6004455498250914,7.419082633194883,0.04515584505250676,14.687554719366053,1.2239628932805044,13.374488610818979,,,CFBD/team roster,,0.0,,MEDIUM,calibrated rushing efficiency; team receiving rates,0.0,v1.0,2026-08-18T18:11:37+00:00
2026,CFF_MINN,Minnesota,CFP_1CAF00E8,Zeke Bates,RB,307,12.0,0.0,0.0,0.0,0.0,0.0,12.431770561423196,51.5934916080109,0.5861036732602563,2.9625539866403012,30.97274711716517,0.23335972714934214,14.654681268295349,1.2212234390246124,8.675971200362628,,,CFBD/team roster,,0.0,,MEDIUM,calibrated rushing efficiency; team receiving rates,0.0,v1.0,2026-08-18T18:11:37+00:00
2026,CFF_MINN,Minnesota,CFP_C01FA212,Niko Castillo,RB,308,12.0,0.0,0.0,0.0,0.0,0.0,11.845701377813251,49.161227003633265,0.5584730715208445,2.885293625556202,30.1650097267818,0.2272739454679452,14.089752587752345,1.174146048979362,8.266961129488394,,,CFBD/team roster,,0.0,,MEDIUM,calibrated rushing efficiency; team receiving rates,0.0,v1.0,2026-08-18T18:11:37+00:00
2026,CFF_ARK,Arkansas,CFP_430D4C20,Markeylin Batton,RB,309,12.0,0.0,0.0,0.0,0.0,0.0,4.099771819094153,24.039125920299263,0.21143463950254285,4.50403709005774,56.91331824413843,0.36991760962858755,13.83537645625942,1.1529480380216184,3.672520429045184,,,CFBD/team roster,,0.0,,MEDIUM,calibrated rushing efficiency; team receiving rates,0.0,v1.0,2026-08-18T18:11:37+00:00
2026,CFF_WASH,Washington,CFP_79AF2F93,Quaid Carr,RB,310,12.0,0.0,0.0,0.0,0.0,0.0,11.7800307939654,60.89514118537033,0.5522410495333238,1.9610984280352355,23.65090891352014,0.1719664376870971,13.78039914722919,1.1483665956024325,9.402960415736976,,,CFBD/team roster,,0.0,,MEDIUM,calibrated rushing efficiency; team receiving rates,0.0,v1.0,2026-08-18T18:11:37+00:00
2026,CFF_STAN,Stanford,CFP_4F928D51,Tuna Altahir,RB,311,12.0,0.0,0.0,0.0,0.0,0.0,20.531079490832756,81.5210905016906,0.7417070624267208,0.5199974994840695,5.96889925821005,0.04130984320996964,13.707099159552243,1.1422582632960203,12.602351424729385,,,CFBD/team roster,,0.0,,MEDIUM,calibrated rushing efficiency; team receiving rates,0.0,v1.0,2026-08-18T18:11:37+00:00
2026,CFF_STAN,Stanford,CFP_945ACCAC,Champ Hampton,RB,312,12.0,0.0,0.0,0.0,0.0,0.0,15.461677147417259,61.53273653625473,0.5646999339013442,1.9151960448978125,21.983975428842598,0.15214774765182576,13.610355308277658,1.1341962756898047,9.541473257033537,,,CFBD/team roster,,0.0,,MEDIUM,calibrated rushing efficiency; team receiving rates,0.0,v1.0,2026-08-18T18:11:37+00:00
2026,CFF_MINN,Minnesota,CFP_E8B9FC8C,A.J. Turner,RB,313,12.0,0.0,0.0,0.0,0.0,0.0,19.48444108739214,80.10812579434527,0.9329386637556588,0.0,0.0,0.0,13.60844456196848,1.1340370468307066,13.60844456196848,,,CFBD/team roster,,0.0,,MEDIUM,calibrated rushing efficiency; team receiving rates,0.0,v1.0,2026-08-18T18:11:37+00:00
2026,CFF_VT,Virginia Tech,CFP_1535B1F0,Tyler Mason,RB,314,12.0,0.0,0.0,0.0,0.0,0.0,6.497360955699435,33.903634158478546,0.3207988634396312,3.879384178380016,44.62496610032344,0.30579704532713403,13.552127567670798,1.1293439639725664,5.315156596485641,,,CFBD/team roster,,0.0,,MEDIUM,calibrated rushing efficiency; team receiving rates,0.0,v1.0,2026-08-18T18:11:37+00:00
2026,CFF_BYU,BYU,CFP_676B8D3A,Journee Tonga,RB,315,12.0,0.0,0.0,0.0,0.0,0.0,15.575649500544541,85.58273841765127,0.8027024615089755,0.0,0.0,0.0,13.374488610818979,1.1145407175682482,13.374488610818979,,,CFBD/team roster,,0.0,,MEDIUM,calibrated rushing efficiency; team receiving rates,0.0,v1.0,2026-08-18T18:11:37+00:00
2026,CFF_BYU,BYU,CFP_BD4B63E7,Micah Beckstead,RB,316,12.0,0.0,0.0,0.0,0.0,0.0,15.575649500544541,85.58273841765127,0.8027024615089755,0.0,0.0,0.0,13.374488610818979,1.1145407175682482,13.374488610818979,,,CFBD/team roster,,0.0,,MEDIUM,calibrated rushing efficiency; team receiving rates,0.0,v1.0,2026-08-18T18:11:37+00:00
2026,CFF_KSU,Kansas State,CFP_64305861,Tanner West,RB,317,12.0,0.0,0.0,0.0,0.0,0.0,10.388710068715222,64.44428143290452,0.5193325844055444,1.6443210717106433,19.500116853527878,0.15194767562892272,13.244281924705364,1.1036901603921137,9.560423649723718,,,CFBD/team roster,,0.0,,MEDIUM,calibrated rushing efficiency; team receiving rates,0.0,v1.0,2026-08-18T18:11:37+00:00
2026,CFF_MISS,Ole Miss,CFP_697BAD95,Makhi Frazier,RB,318,12.0,0.0,0.0,0.0,0.0,0.0,13.362389208604359,67.39043698047219,0.5794043395537021,1.1887449296948323,16.398346427484576,0.10128809098342907,13.05740538886588,1.0881171157388232,10.215469735369432,,,CFBD/team roster,,0.0,,MEDIUM,calibrated rushing efficiency; team receiving rates,0.0,v1.0,2026-08-18T18:11:37+00:00
2026,CFF_PITT,Pitt,CFP_65BA8130,Jaylin Brown,RB,319,12.0,0.0,0.0,0.0,0.0,0.0,18.196648731083943,83.74307091632609,0.7604839117701829,0.0,0.0,0.0,12.937210562253707,1.078100880187809,12.937210562253707,,,CFBD/team roster,,0.0,,MEDIUM,calibrated rushing efficiency; team receiving rates,0.0,v1.0,2026-08-18T18:11:37+00:00
2026,CFF_AUB,Auburn,CFP_F16B543D,Nykahi Davenport,RB,320,12.0,0.0,0.0,0.0,0.0,0.0,14.676583905419317,84.39463026524096,0.7414232898253377,0.0,0.0,0.0,12.888002765476124,1.0740002304563436,12.888002765476124,,,CFBD/team roster,,0.0,,MEDIUM,calibrated rushing efficiency; team receiving rates,0.0,v1.0,2026-08-18T18:11:37+00:00
2026,CFF_MISS,Ole Miss,CFP_C8213A65,Damarius Yates,RB,321,12.0,0.0,0.0,0.0,0.0,0.0,10.59642544998679,55.06698394476134,0.5228202893812408,1.7361663927397621,23.94984597007836,0.14793163374025145,12.794277726582804,1.066189810548567,8.643620130763578,,,CFBD/team roster,,0.0,,MEDIUM,calibrated rushing efficiency; team receiving rates,0.0,v1.0,2026-08-18T18:11:37+00:00
2026,CFF_ILL,Illinois,CFP_979EAEB1,Nelsyn Wheeler,RB,322,12.0,0.0,0.0,0.0,0.0,0.0,16.912098219835126,77.84040281702094,0.8060176517670962,0.0,0.0,0.0,12.620146192304672,1.0516788493587226,12.620146192304672,,,CFBD/team roster,,0.0,,MEDIUM,calibrated rushing efficiency; team receiving rates,0.0,v1.0,2026-08-18T18:11:37+00:00
2026,CFF_TAMU,Texas A&M,CFP_A746EE30,Tiger Riden Jr.,RB,323,12.0,0.0,0.0,0.0,0.0,0.0,15.021532206934815,78.9310590706586,0.7684080840814604,0.0,0.0,0.0,12.503554411554624,1.041962867629552,12.503554411554624,,,CFBD/team roster,,0.0,,MEDIUM,calibrated rushing efficiency; team receiving rates,0.0,v1.0,2026-08-18T18:11:37+00:00
2026,CFF_MICH,Michigan,CFP_B5E4748A,Micah Ka'apana,RB,324,12.0,0.0,0.0,0.0,0.0,0.0,11.241434706068405,60.82912142101556,0.5339150744394415,1.528129388035373,17.102602163235808,0.1062206589980884,12.398051453068005,1.0331709544223338,9.286402588738206,,,CFBD/team roster,,0.0,,MEDIUM,calibrated rushing efficiency; team receiving rates,0.0,v1.0,2026-08-18T18:11:37+00:00
2026,CFF_ISU,Iowa State,CFP_F05424AA,Ryver Peppers,RB,325,12.0,0.0,0.0,0.0,0.0,0.0,9.141979607370281,45.23884284572778,0.46594892292962525,2.48732167077163,28.00112665324782,0.17094893386428406,12.389044926046832,1.0324204105039028,7.31957782215053,,,CFBD/team roster,,0.0,,MEDIUM,calibrated rushing efficiency; team receiving rates,0.0,v1.0,2026-08-18T18:11:37+00:00
2026,CFF_ILL,Illinois,CFP_B591ECD2,Jordan Anderson,RB,326,12.0,0.0,0.0,0.0,0.0,0.0,8.575405923981599,39.366340199751015,0.4239474543314439,2.6036185417069686,31.653248157178474,0.21880243393385507,12.260267436138227,1.021688953011519,6.480318745963764,,,CFBD/team roster,,0.0,,MEDIUM,calibrated rushing efficiency; team receiving rates,0.0,v1.0,2026-08-18T18:11:37+00:00
2026,CFF_MISS,Ole Miss,CFP_E9BF6D27,JT Lindsey,RB,327,12.0,0.0,0.0,0.0,0.0,0.0,10.08225290705494,52.39495729765266,0.4974513723859485,1.6759466295583123,23.119134087518322,0.14280055414549844,12.230894012484933,1.0192411677070778,8.224203964080957,,,CFBD/team roster,,0.0,,MEDIUM,calibrated rushing efficiency; team receiving rates,0.0,v1.0,2026-08-18T18:11:37+00:00
2026,CFF_SC,South Carolina,CFP_BE481BC3,Isaiah Augustave,RB,328,12.0,0.0,0.0,0.0,0.0,0.0,5.621350006265152,25.996484078719572,0.23880271149560856,3.629746979669874,46.24748392448852,0.28388285164351224,12.175383668990472,1.014615305749206,4.032464676845608,,,CFBD/team roster,,0.0,,MEDIUM,calibrated rushing efficiency; team receiving rates,0.0,v1.0,2026-08-18T18:11:37+00:00
2026,CFF_BC,Boston College,CFP_A9A5D62D,Anthony Ferrucci,RB,329,12.0,0.0,0.0,0.0,0.0,0.0,16.662203496934247,75.79019549786692,0.7410583942606964,0.0,0.0,0.0,12.02536991535087,1.0021141596125724,12.02536991535087,,,CFBD/team roster,,0.0,,MEDIUM,calibrated rushing efficiency; team receiving rates,0.0,v1.0,2026-08-18T18:11:37+00:00
2026,CFF_KU,Kansas,CFP_23F58D61,Micah Johnson,RB,330,12.0,0.0,0.0,0.0,0.0,0.0,13.346668576910409,75.42955901336303,0.6680770070881246,0.0,0.0,0.0,11.55141794386505,0.9626181619887543,11.55141794386505,,,CFBD/team roster,,0.0,,MEDIUM,calibrated rushing efficiency; team receiving rates,0.0,v1.0,2026-08-18T18:11:37+00:00
2026,CFF_MSST,Mississippi State,CFP_0EA95554,Kolin Wilson,RB,331,12.0,0.0,0.0,0.0,0.0,0.0,11.26629860641203,49.55368957396228,0.5314952389163429,1.5264901340141481,18.49149496865055,0.12759727015737235,11.52231857571065,0.9601932146425541,8.144340390894286,,,CFBD/team roster,,0.0,,MEDIUM,calibrated rushing efficiency; team receiving rates,0.0,v1.0,2026-08-18T18:11:37+00:00
2026,CFF_USC,USC,CFP_E7BFB979,Riley Wormley,RB,332,12.0,0.0,0.0,0.0,0.0,0.0,6.1513494200705106,33.39660678588757,0.3365959409439577,2.687057655825103,33.99653289996384,0.23544886397253695,11.51511162599666,0.9595926354997216,5.359236324252503,,,CFBD/team roster,,0.0,,MEDIUM,calibrated rushing efficiency; team receiving rates,0.0,v1.0,2026-08-18T18:11:37+00:00
2026,CFF_ND,Notre Dame,CFP_510BFA4D,Kedren Young,RB,333,12.0,0.0,0.0,0.0,0.0,0.0,5.206063565094754,30.208656996509735,0.31660247292729127,2.774364181052841,35.02598635424346,0.2633165821049494,11.390160755795184,0.949180062982932,4.920480537214721,,,CFBD/team roster,,0.0,,MEDIUM,calibrated rushing efficiency; team receiving rates,0.0,v1.0,2026-08-18T18:11:37+00:00
2026,CFF_WASH,Washington,CFP_0AC2D86C,Ryken Moon,RB,334,12.0,0.0,0.0,0.0,0.0,0.0,14.136036952758479,73.18527776438229,0.6606885091528214,0.0,0.0,0.0,11.282658831355157,0.9402215692795964,11.282658831355157,,,CFBD/team roster,,0.0,,MEDIUM,calibrated rushing efficiency; team receiving rates,0.0,v1.0,2026-08-18T18:11:37+00:00
2026,CFF_LSU,LSU,CFP_90596ED6,Stacy Gage,RB,335,12.0,0.0,0.0,0.0,0.0,0.0,9.891880523130821,44.7391449348379,0.44469995647169014,1.8671502648496985,21.384437680269272,0.14670890939445289,11.094386589132423,0.9245322157610353,7.142114232313931,,,CFBD/team roster,,0.0,,MEDIUM,calibrated rushing efficiency; team receiving rates,0.0,v1.0,2026-08-18T18:11:37+00:00
2026,CFF_DUKE,Duke,CFP_8541147C,CJ Campbell Jr.,RB,336,12.0,0.0,0.0,0.0,0.0,0.0,15.553177813108734,67.11501896088903,0.7281593817365799,0.0,0.0,0.0,11.080458186508382,0.9233715155423652,11.080458186508382,,,CFBD/team roster,,0.0,,MEDIUM,calibrated rushing efficiency; team receiving rates,0.0,v1.0,2026-08-18T18:11:37+00:00
2026,CFF_WAKE,Wake Forest,CFP_95E96B38,Jamar Searcy,RB,337,12.0,0.0,0.0,0.0,0.0,0.0,11.408412726568896,57.048122200909845,0.5277547474457654,1.0446372232138785,11.93976554952778,0.07755936184793348,11.052992042412894,0.9210826702010745,8.871340704765576,,,CFBD/team roster,,0.0,,MEDIUM,calibrated rushing efficiency; team receiving rates,0.0,v1.0,2026-08-18T18:11:37+00:00
2026,CFF_GT,Georgia Tech,CFP_AA4F5108,J.P. Powell,RB,338,12.0,0.0,0.0,0.0,0.0,0.0,8.634961670146714,47.534225215387856,0.44215722642692207,1.6901366338015458,19.934363347285707,0.12583990854855978,10.999909983021022,0.9166591652517518,7.406365880100319,,,CFBD/team roster,,0.0,,MEDIUM,calibrated rushing efficiency; team receiving rates,0.0,v1.0,2026-08-18T18:11:37+00:00
2026,CFF_MIZ,Missouri,CFP_709A50D2,Malae Fonoti,RB,339,12.0,0.0,0.0,0.0,0.0,0.0,13.614709971783403,70.49290087874235,0.6546714571991927,0.0,0.0,0.0,10.977318831069391,0.9147765692557827,10.977318831069391,,,CFBD/team roster,,0.0,,MEDIUM,calibrated rushing efficiency; team receiving rates,0.0,v1.0,2026-08-18T18:11:37+00:00
2026,CFF_NW,Northwestern,CFP_5DA78E78,Mar'Kel Porter,RB,340,12.0,0.0,0.0,0.0,0.0,0.0,12.646933125773089,57.85713125553993,0.5249243392637545,0.9527741640800422,10.347747224799097,0.06967056654072847,10.864444364900823,0.9053703637417353,8.935259161136521,,,CFBD/team roster,,0.0,,MEDIUM,calibrated rushing efficiency; team receiving rates,0.0,v1.0,2026-08-18T18:11:37+00:00
2026,CFF_ASU,Arizona State,CFP_84C48C19,Grayson Rigdon,RB,341,12.0,0.0,0.0,0.0,0.0,0.0,7.956138320361135,43.08920126221205,0.36750869354702503,1.9699917526129622,23.23679290537414,0.16751655748436603,10.827746799253447,0.9023122332711205,6.513972287503355,,,CFBD/team roster,,0.0,,MEDIUM,calibrated rushing efficiency; team receiving rates,0.0,v1.0,2026-08-18T18:11:37+00:00
2026,CFF_ARIZ,Arizona,CFP_AC9AD886,Anthony Wilhite,RB,342,12.0,0.0,0.0,0.0,0.0,0.0,6.686918053625224,32.6426663264509,0.2776166936147317,2.6403765415142013,30.828447979547118,0.23531857476396054,10.744911311629055,0.8954092759690879,4.92996679433348,,,CFBD/team roster,,0.0,,MEDIUM,calibrated rushing efficiency; team receiving rates,0.0,v1.0,2026-08-18T18:11:37+00:00
2026,CFF_WASH,Washington,CFP_2E21D65A,Julian McMahan,RB,343,12.0,0.0,0.0,0.0,0.0,0.0,2.356006158793081,12.2207656518649,0.11183539677243405,3.9550551330195236,47.698089683703714,0.3468141794202771,10.72131055722289,0.8934425464352409,1.8930889458210944,,,CFBD/team roster,,0.0,,MEDIUM,calibrated rushing efficiency; team receiving rates,0.0,v1.0,2026-08-18T18:11:37+00:00
2026,CFF_MIA,Miami,CFP_6F2EB7F4,Chris Wheatley-Humphrey,RB,344,12.0,0.0,0.0,0.0,0.0,0.0,13.42516320253123,67.40910315348933,0.6384251858675045,0.0,0.0,0.0,10.57146143055396,0.88095511921283,10.57146143055396,,,CFBD/team roster,,0.0,,MEDIUM,calibrated rushing efficiency; team receiving rates,0.0,v1.0,2026-08-18T18:11:37+00:00
2026,CFF_MSU,Michigan State,CFP_FE672A4D,Jace Clarizio,RB,345,12.0,0.0,0.0,0.0,0.0,0.0,2.207124251518798,10.187071811791464,0.0922335219057298,4.133801221853996,48.2435804748034,0.32909167298693703,10.437917008942486,0.8698264174118738,1.5721083126135251,,,CFBD/team roster,,0.0,,MEDIUM,calibrated rushing efficiency; team receiving rates,0.0,v1.0,2026-08-18T18:11:37+00:00
2026,CFF_OKST,Oklahoma State,CFP_A33F8B8E,Dennis Moody III,RB,346,12.0,0.0,0.0,0.0,0.0,0.0,9.826352147231066,43.67783494765027,0.4129843152770708,1.5399303378262672,19.135556771581175,0.12698721481652372,10.291133521397844,0.857594460116487,6.845689386427451,,,CFBD/team roster,,0.0,,MEDIUM,calibrated rushing efficiency; team receiving rates,0.0,v1.0,2026-08-18T18:11:37+00:00
2026,CFF_BAY,Baylor,CFP_065931C7,Jacorey Watson,RB,347,12.0,0.0,0.0,0.0,0.0,0.0,2.0070765208677823,9.525481883819554,0.09289765592198065,3.7553747394710646,46.52271591432742,0.37308278641411347,10.278389803566794,0.8565324836305662,1.5099341239138393,,,CFBD/team roster,,0.0,,MEDIUM,calibrated rushing efficiency; team receiving rates,0.0,v1.0,2026-08-18T18:11:37+00:00
2026,CFF_PITT,Pitt,CFP_B00687A8,Justin Cook,RB,348,12.0,0.0,0.0,0.0,0.0,0.0,14.434219602595979,66.42793921372879,0.6032424953052421,0.0,0.0,0.0,10.262248893204333,0.8551874077670277,10.262248893204333,,,CFBD/team roster,,0.0,,MEDIUM,calibrated rushing efficiency; team receiving rates,0.0,v1.0,2026-08-18T18:11:37+00:00
2026,CFF_GT,Georgia Tech,CFP_F9E17AA2,Jayden Barr,RB,349,12.0,0.0,0.0,0.0,0.0,0.0,1.4391602783577844,7.87788121219076,0.07013221329852677,4.252057554588913,50.1510106174642,0.316588921340137,10.249244768091934,0.8541037306743279,1.2085814010102367,,,CFBD/team roster,,0.0,,MEDIUM,calibrated rushing efficiency; team receiving rates,0.0,v1.0,2026-08-18T18:11:37+00:00
2026,CFF_MICH,Michigan,CFP_4E39CF02,Tomas O'Meara,RB,350,12.0,0.0,0.0,0.0,0.0,0.0,12.245134233395943,67.54428743669882,0.5799537632309985,0.0,0.0,0.0,10.234151323055872,0.8528459435879894,10.234151323055872,,,CFBD/team roster,,0.0,,MEDIUM,calibrated rushing efficiency; team receiving rates,0.0,v1.0,2026-08-18T18:11:37+00:00
2026,CFF_MIZ,Missouri,CFP_20B94A5E,Max Warner,RB,351,12.0,0.0,0.0,0.0,0.0,0.0,9.863857374557062,51.07210668664876,0.4743094707408145,1.0215255297942112,11.571741950468232,0.074745248319296,10.069475942969468,0.8391229952474557,7.953067493109763,,,CFBD/team roster,,0.0,,MEDIUM,calibrated rushing efficiency; team receiving rates,0.0,v1.0,2026-08-18T18:11:37+00:00
2026,CFF_MIZ,Missouri,CFP_67E18078,Preston Hatfield,RB,352,12.0,0.0,0.0,0.0,0.0,0.0,9.863857374557062,51.07210668664876,0.4743094707408145,1.0215255297942112,11.571741950468232,0.074745248319296,10.069475942969468,0.8391229952474557,7.953067493109763,,,CFBD/team roster,,0.0,,MEDIUM,calibrated rushing efficiency; team receiving rates,0.0,v1.0,2026-08-18T18:11:37+00:00
2026,CFF_MINN,Minnesota,CFP_12A8D81C,Jaron Thomas,RB,353,12.0,0.0,0.0,0.0,0.0,0.0,13.559796194392888,56.27494713686683,0.6392851540275118,0.0,0.0,0.0,9.463205637851754,0.7886004698209795,9.463205637851754,,,CFBD/team roster,,0.0,,MEDIUM,calibrated rushing efficiency; team receiving rates,0.0,v1.0,2026-08-18T18:11:37+00:00
2026,CFF_NCSU,NC State,CFP_C22DD1D5,Jonathan Paylor,RB,354,12.0,0.0,0.0,0.0,0.0,0.0,1.642606245303801,8.592868630094378,0.08434744923408218,3.5723900320868522,41.595973140748654,0.30946514069847153,9.167954732723052,0.763996227726921,1.3653715584139308,,,CFBD/team roster,,0.0,,MEDIUM,calibrated rushing efficiency; team receiving rates,0.0,v1.0,2026-08-18T18:11:37+00:00
2026,CFF_OU,Oklahoma,CFP_9CFBA9B7,DeZephen Walker,RB,355,12.0,0.0,0.0,0.0,0.0,0.0,9.188447795418568,43.009692575799534,0.3817233603429766,1.1852472679003667,13.273500357587388,0.08743830932401464,9.035912945290823,0.7529927454409019,6.591309419637813,,,CFBD/team roster,,0.0,,MEDIUM,calibrated rushing efficiency; team receiving rates,0.0,v1.0,2026-08-18T18:11:37+00:00
2026,CFF_GT,Georgia Tech,CFP_E9F5165C,Chad Alexander,RB,356,12.0,0.0,0.0,0.0,0.0,0.0,4.317480835073356,23.59305649980729,0.20907122917626472,2.4936244559082943,29.411122723223762,0.18566396775871416,8.915641331867125,0.7429701109889271,3.613733025038317,,,CFBD/team roster,,0.0,,MEDIUM,calibrated rushing efficiency; team receiving rates,0.0,v1.0,2026-08-18T18:11:37+00:00
2026,CFF_OSU,Ohio State,CFP_183E56F5,Anthony Rogers,RB,357,12.0,0.0,0.0,0.0,0.0,0.0,1.478394425264885,7.243151581235642,0.08002485129480061,3.3119191686597684,41.212771699926726,0.3176707362574078,8.887725437759372,0.7406437864799477,1.2044642658923679,,,CFBD/team roster,,0.0,,MEDIUM,calibrated rushing efficiency; team receiving rates,0.0,v1.0,2026-08-18T18:11:37+00:00
2026,CFF_MINN,Minnesota,CFP_9824314F,Xavier Ford,RB,358,12.0,0.0,0.0,0.0,0.0,0.0,12.804061286000547,52.69240075156227,0.58576841740938,0.0,0.0,0.0,8.783850579612507,0.7319875483010422,8.783850579612507,,,CFBD/team roster,,0.0,,MEDIUM,calibrated rushing efficiency; team receiving rates,0.0,v1.0,2026-08-18T18:11:37+00:00
2026,CFF_TCU,TCU,CFP_D4639849,Joseph Hagman,RB,359,12.0,0.0,0.0,0.0,0.0,0.0,11.298336822554564,52.00595657399184,0.5819423589087137,0.0,0.0,0.0,8.692249810851466,0.7243541509042889,8.692249810851466,,,CFBD/team roster,,0.0,,MEDIUM,calibrated rushing efficiency; team receiving rates,0.0,v1.0,2026-08-18T18:11:37+00:00
2026,CFF_CAL,California,CFP_B4AE30D5,Dean-Taylor Chapman,RB,360,12.0,0.0,0.0,0.0,0.0,0.0,12.20904024723155,51.202566715555946,0.580987733446056,0.0,0.0,0.0,8.60618307223193,0.7171819226859942,8.60618307223193,,,CFBD/team roster,,0.0,,MEDIUM,calibrated rushing efficiency; team receiving rates,0.0,v1.0,2026-08-18T18:11:37+00:00
2026,CFF_CAL,California,CFP_D081171A,Jayden Parker,RB,361,12.0,0.0,0.0,0.0,0.0,0.0,12.20904024723155,51.16094300328148,0.580987733446056,0.0,0.0,0.0,8.602020701004484,0.7168350584170403,8.602020701004484,,,CFBD/team roster,,0.0,,MEDIUM,calibrated rushing efficiency; team receiving rates,0.0,v1.0,2026-08-18T18:11:37+00:00
2026,CFF_BAY,Baylor,CFP_910AB3FE,Dawson Pendergrass,RB,362,12.0,0.0,0.0,0.0,0.0,0.0,2.0070765208677823,9.525481883819554,0.09289765592198065,3.0171529465913767,37.377401495787005,0.29974314321302814,8.554709606066396,0.7128924671721997,1.5099341239138393,,,CFBD/team roster,,0.0,,MEDIUM,calibrated rushing efficiency; team receiving rates,0.0,v1.0,2026-08-18T18:11:37+00:00
2026,CFF_UK,Kentucky,CFP_0410993E,Tovani Mizell,RB,363,12.0,0.0,0.0,0.0,0.0,0.0,11.370110640998517,55.04646323697089,0.49411203731900316,0.0,0.0,0.0,8.469318547611108,0.705776545634259,8.469318547611108,,,CFBD/team roster,,0.0,,MEDIUM,calibrated rushing efficiency; team receiving rates,0.0,v1.0,2026-08-18T18:11:37+00:00
2026,CFF_TAMU,Texas A&M,CFP_C20CDDE4,DeDe Murray,RB,364,12.0,0.0,0.0,0.0,0.0,0.0,7.809871564295302,41.2833302039224,0.3875362599792727,0.7644355696176582,9.973584051690887,0.07204420389627038,8.265391993623416,0.6887826661352846,6.453550580267876,,,CFBD/team roster,,0.0,,MEDIUM,calibrated rushing efficiency; team receiving rates,0.0,v1.0,2026-08-18T18:11:37+00:00
2026,CFF_CLEM,Clemson,CFP_0E4FEE94,Jarvis Green,RB,365,12.0,0.0,0.0,0.0,0.0,0.0,1.6591580525135585,8.272251940876512,0.07948256224482024,3.0476267352035737,35.58286503108709,0.26475185744852425,7.9747315829582135,0.6645609652465178,1.3041205675565726,,,CFBD/team roster,,0.0,,MEDIUM,calibrated rushing efficiency; team receiving rates,0.0,v1.0,2026-08-18T18:11:37+00:00
2026,CFF_HOU,Houston,CFP_C47B0379,Re'Shaun Sanford II,RB,366,12.0,0.0,0.0,0.0,0.0,0.0,1.7164484393827095,8.601256328860213,0.06539779372841806,3.069388240129168,34.58964637632243,0.2648069497690035,7.835012851567377,0.6529177376306148,1.2525123952565296,,,CFBD/team roster,,0.0,,MEDIUM,calibrated rushing efficiency; team receiving rates,0.0,v1.0,2026-08-18T18:11:37+00:00
2026,CFF_CLEM,Clemson,CFP_30045499,Jay Haynes,RB,367,12.0,0.0,0.0,0.0,0.0,0.0,1.6591580525135585,8.272251940876512,0.07948256224482024,2.97756635048625,34.76486813382072,0.25866560785200643,7.821384203293807,0.6517820169411506,1.3041205675565726,,,CFBD/team roster,,0.0,,MEDIUM,calibrated rushing efficiency; team receiving rates,0.0,v1.0,2026-08-18T18:11:37+00:00
2026,CFF_IND,Indiana,CFP_C207E68F,Sean Cuono,RB,368,12.0,0.0,0.0,0.0,0.0,0.0,5.931447186347089,30.631064033370517,0.3088223748464875,1.088648302280151,13.632196609883069,0.118808116407827,7.53643316299132,0.6280360969159433,4.916040652415976,,,CFBD/team roster,,0.0,,MEDIUM,calibrated rushing efficiency; team receiving rates,0.0,v1.0,2026-08-18T18:11:37+00:00
2026,CFF_UCF,UCF,CFP_BF812E22,Chance Nixon,RB,369,12.0,0.0,0.0,0.0,0.0,0.0,8.688479681689458,48.44282138683149,0.4384453115354105,0.0,0.0,0.0,7.474954007895612,0.6229128339913009,7.474954007895612,,,CFBD/team roster,,0.0,,MEDIUM,calibrated rushing efficiency; team receiving rates,0.0,v1.0,2026-08-18T18:11:37+00:00
2026,CFF_ISU,Iowa State,CFP_237E642F,Wyatt Archer,RB,370,12.0,0.0,0.0,0.0,0.0,0.0,9.141979607370281,45.23884284572778,0.46594892292962525,0.0,0.0,0.0,7.31957782215053,0.6099648185125441,7.31957782215053,,,CFBD/team roster,,0.0,,MEDIUM,calibrated rushing efficiency; team receiving rates,0.0,v1.0,2026-08-18T18:11:37+00:00
2026,CFF_ND,Notre Dame,CFP_E725EED6,Matt Williams,RB,371,12.0,0.0,0.0,0.0,0.0,0.0,4.928051658752054,28.595467642472414,0.299695407550396,1.1107741670202291,14.023379152023331,0.10542424788631893,7.247989695579978,0.6039991412983315,4.657719209549617,,,CFBD/team roster,,0.0,,MEDIUM,calibrated rushing efficiency; team receiving rates,0.0,v1.0,2026-08-18T18:11:37+00:00
2026,CFF_UNC,North Carolina,CFP_8F576806,JoJo Troupe,RB,372,12.0,0.0,0.0,0.0,0.0,0.0,1.5016626066247405,7.0798925699177815,0.0681680639319777,2.668633116911628,30.8223127541552,0.2070786161033907,6.776017171075322,0.5646680975896102,1.1169976405836444,,,CFBD/team roster,,0.0,,MEDIUM,calibrated rushing efficiency; team receiving rates,0.0,v1.0,2026-08-18T18:11:37+00:00
2026,CFF_MISS,Ole Miss,CFP_45447A93,Shekai Mills-Knight,RB,373,12.0,0.0,0.0,0.0,0.0,0.0,8.284266983666917,42.760493046678896,0.39890507159264754,0.0,0.0,0.0,6.669479734223775,0.5557899778519813,6.669479734223775,,,CFBD/team roster,,0.0,,MEDIUM,calibrated rushing efficiency; team receiving rates,0.0,v1.0,2026-08-18T18:11:37+00:00
2026,CFF_ARIZ,Arizona,CFP_DE98BF65,Cornelius Warren III,RB,374,12.0,0.0,0.0,0.0,0.0,0.0,8.843988393504329,43.16891635852081,0.36499721594249956,0.0,0.0,0.0,6.506874931507078,0.5422395776255898,6.506874931507078,,,CFBD/team roster,,0.0,,MEDIUM,calibrated rushing efficiency; team receiving rates,0.0,v1.0,2026-08-18T18:11:37+00:00
2026,CFF_KSU,Kansas State,CFP_91E21D41,Monterrio Elston Jr.,RB,375,12.0,0.0,0.0,0.0,0.0,0.0,5.911458892418424,36.60757480772012,0.29365276404933577,0.4745860236041931,5.628148344352938,0.04385532996765003,6.485913891111316,0.5404928242592764,5.422674065068026,,,CFBD/team roster,,0.0,,MEDIUM,calibrated rushing efficiency; team receiving rates,0.0,v1.0,2026-08-18T18:11:37+00:00
2026,CFF_OKST,Oklahoma State,CFP_A03F5BB7,William Mason,RB,376,12.0,0.0,0.0,0.0,0.0,0.0,3.4392232515308727,15.28724223167759,0.14454451034697477,1.8027930643832113,22.401954285551383,0.14866365348690058,6.4295651669177545,0.5357970972431462,2.3959912852496075,,,CFBD/team roster,,0.0,,MEDIUM,calibrated rushing efficiency; team receiving rates,0.0,v1.0,2026-08-18T18:11:37+00:00
2026,CFF_WVU,West Virginia,CFP_7FF4808A,Darius Morant,RB,377,12.0,0.0,0.0,0.0,0.0,0.0,8.26086234011527,41.67473671604031,0.3731774372104405,0.0,0.0,0.0,6.406538294866674,0.5338781912388895,6.406538294866674,,,CFBD/team roster,,0.0,,MEDIUM,calibrated rushing efficiency; team receiving rates,0.0,v1.0,2026-08-18T18:11:37+00:00
2026,CFF_RUTG,Rutgers,CFP_DAD7588B,Edd Guerrier,RB,378,12.0,0.0,0.0,0.0,0.0,0.0,7.7887066000364085,33.732812899697294,0.34980567903679577,0.34869435754854533,4.108557509404561,0.02782829776563197,6.224288080499025,0.5186906733749187,5.472115364190504,,,CFBD/team roster,,0.0,,MEDIUM,calibrated rushing efficiency; team receiving rates,0.0,v1.0,2026-08-18T18:11:37+00:00
2026,CFF_MSU,Michigan State,CFP_41B12833,Kenneth Williams,RB,379,12.0,0.0,0.0,0.0,0.0,0.0,8.546699543979777,39.44763959184189,0.3571580526419837,0.0,0.0,0.0,6.0877122750360915,0.5073093562530077,6.0877122750360915,,,CFBD/team roster,,0.0,,MEDIUM,calibrated rushing efficiency; team receiving rates,0.0,v1.0,2026-08-18T18:11:37+00:00
2026,CFF_VAN,Vanderbilt,CFP_CB98CBBD,Gabe Fields,RB,380,12.0,0.0,0.0,0.0,0.0,0.0,6.827858122842398,39.08269633303823,0.32743342520677754,0.0,0.0,0.0,5.872870184544488,0.4894058487120407,5.872870184544488,,,CFBD/team roster,,0.0,,MEDIUM,calibrated rushing efficiency; team receiving rates,0.0,v1.0,2026-08-18T18:11:37+00:00
2026,CFF_HOU,Houston,CFP_5CBF4CC5,JayShon Ridgle,RB,381,12.0,0.0,0.0,0.0,0.0,0.0,1.7164484393827095,8.601256328860213,0.06539779372841806,2.151718065830869,24.24820882075906,0.1856363070419381,5.867010152499499,0.4889175127082916,1.2525123952565296,,,CFBD/team roster,,0.0,,MEDIUM,calibrated rushing efficiency; team receiving rates,0.0,v1.0,2026-08-18T18:11:37+00:00
2026,CFF_ARK,Arkansas,CFP_A3720581,Mario Robinson,RB,382,12.0,0.0,0.0,0.0,0.0,0.0,6.482474748953143,38.010170722056515,0.33431609662902756,0.0,0.0,0.0,5.8069136519798175,0.4839094709983181,5.8069136519798175,,,CFBD/team roster,,0.0,,MEDIUM,calibrated rushing efficiency; team receiving rates,0.0,v1.0,2026-08-18T18:11:37+00:00
2026,CFF_BYU,BYU,CFP_1151DDEF,Lucky Finau,RB,383,12.0,0.0,0.0,0.0,0.0,0.0,6.667624099427174,36.461432278775725,0.3353528192107363,0.0,0.0,0.0,5.65826014314199,0.47152167859516586,5.65826014314199,,,CFBD/team roster,,0.0,,MEDIUM,calibrated rushing efficiency; team receiving rates,0.0,v1.0,2026-08-18T18:11:37+00:00
2026,CFF_LSU,LSU,CFP_8135E8A6,Raycine Guillory Jr.,RB,384,12.0,0.0,0.0,0.0,0.0,0.0,7.446160125967493,33.73460264589153,0.32670086400330384,0.0,0.0,0.0,5.333665448608976,0.44447212071741465,5.333665448608976,,,CFBD/team roster,,0.0,,MEDIUM,calibrated rushing efficiency; team receiving rates,0.0,v1.0,2026-08-18T18:11:37+00:00
2026,CFF_UGA,Georgia,CFP_CFF7E69F,Micah Bell,RB,385,12.0,0.0,0.0,0.0,0.0,0.0,0.7793294249793246,3.713876170404857,0.03924890319672921,2.2064305436166727,24.671762026467533,0.18725967661527854,5.300830570367622,0.4417358808639685,0.606881036220861,,,CFBD/team roster,,0.0,,MEDIUM,calibrated rushing efficiency; team receiving rates,0.0,v1.0,2026-08-18T18:11:37+00:00
2026,CFF_ORE,Oregon,CFP_BA3C6BD5,Zander Quinn,RB,386,12.0,0.0,0.0,0.0,0.0,0.0,1.6105563636242057,8.59954435420686,0.07897004917690707,1.7104402871240088,20.678299563405666,0.15167447383559587,5.1668716733982745,0.4305726394498562,1.3337747304821284,,,CFBD/team roster,,0.0,,MEDIUM,calibrated rushing efficiency; team receiving rates,0.0,v1.0,2026-08-18T18:11:37+00:00
2026,CFF_UNC,North Carolina,CFP_B7A103FE,Charleston French,RB,387,12.0,0.0,0.0,0.0,0.0,0.0,2.7530481121453594,12.968625886952166,0.12457801531327983,1.3577832583934824,15.682193246178507,0.10536025965302662,4.923603192307647,0.41030026602563724,2.0443306805748955,,,CFBD/team roster,,0.0,,MEDIUM,calibrated rushing efficiency; team receiving rates,0.0,v1.0,2026-08-18T18:11:37+00:00
2026,CFF_TEX,Texas,CFP_22A1865F,Michael Terry III,RB,388,12.0,0.0,0.0,0.0,0.0,0.0,6.4766957729147405,30.877362623348187,0.30554633951069027,0.0,0.0,0.0,4.92101429939896,0.4100845249499134,4.92101429939896,,,CFBD/team roster,,0.0,,MEDIUM,calibrated rushing efficiency; team receiving rates,0.0,v1.0,2026-08-18T18:11:37+00:00
2026,CFF_TCU,TCU,CFP_B48D28F3,Landon Walker,RB,389,12.0,0.0,0.0,0.0,0.0,0.0,3.39745762199352,15.638410885277827,0.17499252623522585,1.0224724861902719,12.370151732740243,0.089825065836186,4.900998057325414,0.40841650477711783,2.6137962459391377,,,CFBD/team roster,,0.0,,MEDIUM,calibrated rushing efficiency; team receiving rates,0.0,v1.0,2026-08-18T18:11:37+00:00
2026,CFF_NCSU,NC State,CFP_9679011E,Darius Johnson,RB,390,12.0,0.0,0.0,0.0,0.0,0.0,5.749121858563303,29.99778581563129,0.29244825968647414,0.0,0.0,0.0,4.754468139681974,0.3962056783068311,4.754468139681974,,,CFBD/team roster,,0.0,,MEDIUM,calibrated rushing efficiency; team receiving rates,0.0,v1.0,2026-08-18T18:11:37+00:00
2026,CFF_ND,Notre Dame,CFP_3A84AA5D,Kurt Smith,RB,391,12.0,0.0,0.0,0.0,0.0,0.0,4.928051658752054,28.595467642472414,0.299695407550396,0.0,0.0,0.0,4.657719209549617,0.3881432674624681,4.657719209549617,,,CFBD/team roster,,0.0,,MEDIUM,calibrated rushing efficiency; team receiving rates,0.0,v1.0,2026-08-18T18:11:37+00:00
2026,CFF_UCLA,UCLA,CFP_C1C4F8A8,Troy Leigber,RB,392,12.0,0.0,0.0,0.0,0.0,0.0,6.682622125066586,32.3282000896132,0.23438673895716777,0.0,0.0,0.0,4.639140442704327,0.38659503689202723,4.639140442704327,,,CFBD/team roster,,0.0,,MEDIUM,calibrated rushing efficiency; team receiving rates,0.0,v1.0,2026-08-18T18:11:37+00:00
2026,CFF_MISS,Ole Miss,CFP_D7673037,Ja'Michael Jones,RB,393,12.0,0.0,0.0,0.0,0.0,0.0,5.633542644296774,29.27611804658198,0.2779550905571153,0.0,0.0,0.0,4.59534234800089,0.38294519566674085,4.59534234800089,,,CFBD/team roster,,0.0,,MEDIUM,calibrated rushing efficiency; team receiving rates,0.0,v1.0,2026-08-18T18:11:37+00:00
2026,CFF_ORE,Oregon,CFP_147EDC96,Tradarian Ball,RB,394,12.0,0.0,0.0,0.0,0.0,0.0,5.464360718573804,29.176881621837857,0.2679327742961377,0.0,0.0,0.0,4.525284807960611,0.37710706733005095,4.525284807960611,,,CFBD/team roster,,0.0,,MEDIUM,calibrated rushing efficiency; team receiving rates,0.0,v1.0,2026-08-18T18:11:37+00:00
2026,CFF_ORE,Oregon,CFP_0A36D2BA,Brandon Smith,RB,395,12.0,0.0,0.0,0.0,0.0,0.0,5.464360718573804,29.176881621837857,0.2679327742961377,0.0,0.0,0.0,4.525284807960611,0.37710706733005095,4.525284807960611,,,CFBD/team roster,,0.0,,MEDIUM,calibrated rushing efficiency; team receiving rates,0.0,v1.0,2026-08-18T18:11:37+00:00
2026,CFF_ORE,Oregon,CFP_CD1F2EA2,Killian Sombe,RB,396,12.0,0.0,0.0,0.0,0.0,0.0,5.464360718573804,29.176881621837857,0.2679327742961377,0.0,0.0,0.0,4.525284807960611,0.37710706733005095,4.525284807960611,,,CFBD/team roster,,0.0,,MEDIUM,calibrated rushing efficiency; team receiving rates,0.0,v1.0,2026-08-18T18:11:37+00:00
2026,CFF_BYU,BYU,CFP_61ACA168,Charlie Miska,RB,397,12.0,0.0,0.0,0.0,0.0,0.0,5.162031560846844,28.21906717341581,0.2786200774231899,0.0,0.0,0.0,4.49362718188072,0.37446893182339336,4.49362718188072,,,CFBD/team roster,,0.0,,MEDIUM,calibrated rushing efficiency; team receiving rates,0.0,v1.0,2026-08-18T18:11:37+00:00
2026,CFF_FLA,Florida,CFP_20F6E8E7,Anthony Rubio,RB,398,12.0,0.0,0.0,0.0,0.0,0.0,6.032921148285112,29.165067677931244,0.26167745863418923,0.0,0.0,0.0,4.486571519598259,0.3738809599665216,4.486571519598259,,,CFBD/team roster,,0.0,,MEDIUM,calibrated rushing efficiency; team receiving rates,0.0,v1.0,2026-08-18T18:11:37+00:00
2026,CFF_SMU,SMU,CFP_BFE855CA,William Fierro,RB,399,12.0,0.0,0.0,0.0,0.0,0.0,5.423057508734203,26.80053026571403,0.2725153323463266,0.0,0.0,0.0,4.3151450206493625,0.35959541838744685,4.3151450206493625,,,CFBD/team roster,,0.0,,MEDIUM,calibrated rushing efficiency; team receiving rates,0.0,v1.0,2026-08-18T18:11:37+00:00
2026,CFF_FLA,Florida,CFP_3A585F56,Byron Louis,RB,400,12.0,0.0,0.0,0.0,0.0,0.0,3.0164605741425556,14.544847864047778,0.13204609741429116,0.7916843446830923,9.214328549699147,0.06494082406727025,3.9536813426056074,0.32947344521713395,2.2467613708905247,,,CFBD/team roster,,0.0,,MEDIUM,calibrated rushing efficiency; team receiving rates,0.0,v1.0,2026-08-18T18:11:37+00:00
2026,CFF_MD,Maryland,CFP_8174677A,Liam Willson,RB,401,12.0,0.0,0.0,0.0,0.0,0.0,1.893464182828483,8.88629015931576,0.08027828495324763,1.248902539456394,13.72992765841322,0.0925974856566771,3.9233276751606434,0.3269439729300536,1.3702987256510617,,,CFBD/team roster,,0.0,,MEDIUM,calibrated rushing efficiency; team receiving rates,0.0,v1.0,2026-08-18T18:11:37+00:00
2026,CFF_TTU,Texas Tech,CFP_BBDAC86E,Loic Tshibangu,RB,402,12.0,0.0,0.0,0.0,0.0,0.0,3.3649650807798457,18.685577490916398,0.17958981261114945,0.4148410586183356,4.928348793452625,0.0379225922262411,3.8738875867704134,0.3228239655642011,2.9460966247585363,,,CFBD/team roster,,0.0,,MEDIUM,calibrated rushing efficiency; team receiving rates,0.0,v1.0,2026-08-18T18:11:37+00:00
2026,CFF_PUR,Purdue,CFP_E2BBEE45,Carter Holsworth,RB,403,12.0,0.0,0.0,0.0,0.0,0.0,5.177020031343388,25.60905138090801,0.2071727235875609,0.0,0.0,0.0,3.8039414796161664,0.3169951233013472,3.8039414796161664,,,CFBD/team roster,,0.0,,MEDIUM,calibrated rushing efficiency; team receiving rates,0.0,v1.0,2026-08-18T18:11:37+00:00
2026,CFF_HOU,Houston,CFP_7CFE1DDE,Zane Smith,RB,404,12.0,0.0,0.0,0.0,0.0,0.0,5.149345318148128,25.830112794136607,0.19495744504762957,0.0,0.0,0.0,3.752755949699438,0.31272966247495315,3.752755949699438,,,CFBD/team roster,,0.0,,MEDIUM,calibrated rushing efficiency; team receiving rates,0.0,v1.0,2026-08-18T18:11:37+00:00
2026,CFF_AUB,Auburn,CFP_0D1A1FE9,Alvin Henderson,RB,405,12.0,0.0,0.0,0.0,0.0,0.0,1.349428028696036,7.391234767950316,0.06230262397968732,1.1229356963783763,14.379152775359694,0.10566004656975381,3.746282625816836,0.3121902188180697,1.1129392206731554,,,CFBD/team roster,,0.0,,MEDIUM,calibrated rushing efficiency; team receiving rates,0.0,v1.0,2026-08-18T18:11:37+00:00
2026,CFF_WISC,Wisconsin,CFP_3A5B7C19,Mason Lane,RB,406,12.0,0.0,0.0,0.0,0.0,0.0,3.5850812428877314,15.741197948341352,0.1470206837022498,0.5852446747848369,6.573898629509962,0.04336735992942764,3.666460256967615,0.30553835474730123,2.456243897047634,,,CFBD/team roster,,0.0,,MEDIUM,calibrated rushing efficiency; team receiving rates,0.0,v1.0,2026-08-18T18:11:37+00:00
2026,CFF_TTU,Texas Tech,CFP_1D392FD7,Quinten Joyner,RB,407,12.0,0.0,0.0,0.0,0.0,0.0,1.061354909067226,5.893680594790605,0.05664502443785608,1.2156687806717474,14.44225359084749,0.11113005931749102,3.6480783114317656,0.30400652595264716,0.929238206106197,,,CFBD/team roster,,0.0,,MEDIUM,calibrated rushing efficiency; team receiving rates,0.0,v1.0,2026-08-18T18:11:37+00:00
2026,CFF_GT,Georgia Tech,CFP_1639DF13,Shane Marshall,RB,408,12.0,0.0,0.0,0.0,0.0,0.0,4.317480835073356,23.63137012627699,0.20907122917626472,0.0,0.0,0.0,3.617564387685287,0.30146369897377395,3.617564387685287,,,CFBD/team roster,,0.0,,MEDIUM,calibrated rushing efficiency; team receiving rates,0.0,v1.0,2026-08-18T18:11:37+00:00
2026,CFF_NW,Northwestern,CFP_ECCDD15E,Marcus Romain,RB,409,12.0,0.0,0.0,0.0,0.0,0.0,1.1990381902649963,5.623655537351395,0.0482817932280339,1.2925921949064945,14.038392099512249,0.09451938761607062,3.4693079462042387,0.2891089955170199,0.852056313103343,,,CFBD/team roster,,0.0,,MEDIUM,calibrated rushing efficiency; team receiving rates,0.0,v1.0,2026-08-18T18:11:37+00:00
2026,CFF_BC,Boston College,CFP_8BC7E9EF,Tim Longo,RB,410,12.0,0.0,0.0,0.0,0.0,0.0,4.544237317345703,20.740889395181288,0.20464521859790472,0.0,0.0,0.0,3.301960251105557,0.2751633542587964,3.301960251105557,,,CFBD/team roster,,0.0,,MEDIUM,calibrated rushing efficiency; team receiving rates,0.0,v1.0,2026-08-18T18:11:37+00:00
2026,CFF_MICH,Michigan,CFP_9D91768A,Donovan Johnson,RB,411,12.0,0.0,0.0,0.0,0.0,0.0,1.2044394327930423,6.563508684067321,0.05895201513476319,1.0400061845751465,11.639598165807797,0.0722910920715193,3.12777242051278,0.2606477017093983,1.0100629592153112,,,CFBD/team roster,,0.0,,MEDIUM,calibrated rushing efficiency; team receiving rates,0.0,v1.0,2026-08-18T18:11:37+00:00
2026,CFF_TEX,Texas,CFP_CE2577D5,Carson Berger,RB,412,12.0,0.0,0.0,0.0,0.0,0.0,3.886017463748845,18.542384777959246,0.1839116844888349,0.0,0.0,0.0,2.957708584728934,0.24647571539407784,2.957708584728934,,,CFBD/team roster,,0.0,,MEDIUM,calibrated rushing efficiency; team receiving rates,0.0,v1.0,2026-08-18T18:11:37+00:00
2026,CFF_UCLA,UCLA,CFP_49A1158B,Karson Cox,RB,413,12.0,0.0,0.0,0.0,0.0,0.0,4.252577715951464,20.505896292939934,0.15007711271656754,0.0,0.0,0.0,2.9510523055933984,0.24592102546611652,2.9510523055933984,,,CFBD/team roster,,0.0,,MEDIUM,calibrated rushing efficiency; team receiving rates,0.0,v1.0,2026-08-18T18:11:37+00:00
2026,CFF_TTU,Texas Tech,CFP_FFC141D6,Sawyer Wilkerson,RB,414,12.0,0.0,0.0,0.0,0.0,0.0,3.3649650807798457,18.685577490916398,0.17958981261114945,0.0,0.0,0.0,2.9460966247585363,0.24550805206321136,2.9460966247585363,,,CFBD/team roster,,0.0,,MEDIUM,calibrated rushing efficiency; team receiving rates,0.0,v1.0,2026-08-18T18:11:37+00:00
2026,CFF_RUTG,Rutgers,CFP_3424D4E4,Terrell Mitchell,RB,415,12.0,0.0,0.0,0.0,0.0,0.0,3.9893375268479163,17.367085779764004,0.18133569686284917,0.0,0.0,0.0,2.824722759153495,0.23539356326279126,2.824722759153495,,,CFBD/team roster,,0.0,,MEDIUM,calibrated rushing efficiency; team receiving rates,0.0,v1.0,2026-08-18T18:11:37+00:00
2026,CFF_IOWA,Iowa,CFP_29B0C333,O'Lontae Dean,RB,416,12.0,0.0,0.0,0.0,0.0,0.0,1.0037628465786894,5.437482392076795,0.05470985304532642,0.9145780829207573,10.240224017834564,0.06977342397111036,2.771959344550135,0.23099661204584457,0.8720073574796381,,,CFBD/team roster,,0.0,,MEDIUM,calibrated rushing efficiency; team receiving rates,0.0,v1.0,2026-08-18T18:11:37+00:00
2026,CFF_TCU,TCU,CFP_F7CDEC08,Jacob Martinez,RB,417,12.0,0.0,0.0,0.0,0.0,0.0,3.39745762199352,15.638410885277827,0.17499252623522585,0.0,0.0,0.0,2.6137962459391377,0.21781635382826148,2.6137962459391377,,,CFBD/team roster,,0.0,,MEDIUM,calibrated rushing efficiency; team receiving rates,0.0,v1.0,2026-08-18T18:11:37+00:00
2026,CFF_IOWA,Iowa,CFP_3791C35B,Brevin Doll,RB,418,12.0,0.0,0.0,0.0,0.0,0.0,3.01128853973607,16.284433064877327,0.1630956116492545,0.0,0.0,0.0,2.60701697638326,0.21725141469860498,2.60701697638326,,,CFBD/team roster,,0.0,,MEDIUM,calibrated rushing efficiency; team receiving rates,0.0,v1.0,2026-08-18T18:11:37+00:00
2026,CFF_ILL,Illinois,CFP_3768F338,John Forster,RB,419,12.0,0.0,0.0,0.0,0.0,0.0,0.7456874716505743,3.4321355289203406,0.03553889393493591,0.9015783082322899,10.960853698981566,0.07576667820696233,2.5579215097577253,0.21316012581314378,0.5564469165016495,,,CFBD/team roster,,0.0,,MEDIUM,calibrated rushing efficiency; team receiving rates,0.0,v1.0,2026-08-18T18:11:37+00:00
2026,CFF_NW,Northwestern,CFP_29E8DF50,Daniel Anderson,RB,420,12.0,0.0,0.0,0.0,0.0,0.0,3.597114570794991,16.827629804510515,0.14348737478773993,0.0,0.0,0.0,2.543687229177491,0.21197393576479093,2.543687229177491,,,CFBD/team roster,,0.0,,MEDIUM,calibrated rushing efficiency; team receiving rates,0.0,v1.0,2026-08-18T18:11:37+00:00
2026,CFF_STAN,Stanford,CFP_E277FD94,Chris Davis Jr.,RB,421,12.0,0.0,0.0,0.0,0.0,0.0,1.5208207030246457,6.10866059372278,0.05740147087672597,0.7286226593755982,8.363646470179381,0.05788352414752177,2.503252006223502,0.2086043338519585,0.9552748846326338,,,CFBD/team roster,,0.0,,MEDIUM,calibrated rushing efficiency; team receiving rates,0.0,v1.0,2026-08-18T18:11:37+00:00
2026,CFF_ILL,Illinois,CFP_0FACC80E,Cedric Wyche II,RB,422,12.0,0.0,0.0,0.0,0.0,0.0,0.7456874716505743,3.4321355289203406,0.03553889393493591,0.8764275327677967,10.655085505841743,0.0736530617924214,2.5020876042242506,0.2085073003520209,0.5564469165016495,,,CFBD/team roster,,0.0,,MEDIUM,calibrated rushing efficiency; team receiving rates,0.0,v1.0,2026-08-18T18:11:37+00:00
2026,CFF_PSU,Penn State,CFP_AD6A27AE,Amar'e Glover,RB,423,12.0,0.0,0.0,0.0,0.0,0.0,2.858093972253222,15.544399148723455,0.15588515383403376,0.0,0.0,0.0,2.489750837876548,0.20747923648971234,2.489750837876548,,,CFBD/team roster,,0.0,,MEDIUM,calibrated rushing efficiency; team receiving rates,0.0,v1.0,2026-08-18T18:11:37+00:00
2026,CFF_PSU,Penn State,CFP_D578FA22,Jeremy Washington,RB,424,12.0,0.0,0.0,0.0,0.0,0.0,2.858093972253222,15.544399148723455,0.15588515383403376,0.0,0.0,0.0,2.489750837876548,0.20747923648971234,2.489750837876548,,,CFBD/team roster,,0.0,,MEDIUM,calibrated rushing efficiency; team receiving rates,0.0,v1.0,2026-08-18T18:11:37+00:00
2026,CFF_TAMU,Texas A&M,CFP_399A01BD,Ramarian Tillman,RB,425,12.0,0.0,0.0,0.0,0.0,0.0,3.0043064413869627,15.867222800323608,0.1486044087486293,0.0,0.0,0.0,2.4783487325241365,0.20652906104367805,2.4783487325241365,,,CFBD/team roster,,0.0,,MEDIUM,calibrated rushing efficiency; team receiving rates,0.0,v1.0,2026-08-18T18:11:37+00:00
2026,CFF_WISC,Wisconsin,CFP_E6EB0423,Harrison Bortolotti,RB,426,12.0,0.0,0.0,0.0,0.0,0.0,3.5850812428877314,15.741197948341352,0.1470206837022498,0.0,0.0,0.0,2.456243897047634,0.20468699142063618,2.456243897047634,,,CFBD/team roster,,0.0,,MEDIUM,calibrated rushing efficiency; team receiving rates,0.0,v1.0,2026-08-18T18:11:37+00:00
2026,CFF_OU,Oklahoma,CFP_48838952,Gabe Sawchuk,RB,427,12.0,0.0,0.0,0.0,0.0,0.0,3.304562049792201,15.50337990414086,0.13641934813708423,0.0,0.0,0.0,2.3688540792365913,0.19740450660304928,2.3688540792365913,,,CFBD/team roster,,0.0,,MEDIUM,calibrated rushing efficiency; team receiving rates,0.0,v1.0,2026-08-18T18:11:37+00:00
2026,CFF_COLO,Colorado,CFP_4636787A,Bryce Hicks,RB,428,12.0,0.0,0.0,0.0,0.0,0.0,3.335306833172716,14.318743164494743,0.142963014149641,0.0,0.0,0.0,2.28965240134732,0.19080436677894333,2.28965240134732,,,CFBD/team roster,,0.0,,MEDIUM,calibrated rushing efficiency; team receiving rates,0.0,v1.0,2026-08-18T18:11:37+00:00
2026,CFF_DUKE,Duke,CFP_2CDA56AF,Cole Denson,RB,429,12.0,0.0,0.0,0.0,0.0,0.0,3.1861775865491584,13.748982471850521,0.14916855766730658,0.0,0.0,0.0,2.2699095931888915,0.18915913276574095,2.2699095931888915,,,CFBD/team roster,,0.0,,MEDIUM,calibrated rushing efficiency; team receiving rates,0.0,v1.0,2026-08-18T18:11:37+00:00
2026,CFF_WVU,West Virginia,CFP_5C7ECA78,Martavious Boswell,RB,430,12.0,0.0,0.0,0.0,0.0,0.0,2.891301819040344,14.586157850614104,0.13061210302365414,0.0,0.0,0.0,2.242288403203335,0.18685736693361124,2.242288403203335,,,CFBD/team roster,,0.0,,MEDIUM,calibrated rushing efficiency; team receiving rates,0.0,v1.0,2026-08-18T18:11:37+00:00
2026,CFF_TENN,Tennessee,CFP_59FB0258,Hunter Barnes,RB,431,12.0,0.0,0.0,0.0,0.0,0.0,2.696113989414663,14.114280543209922,0.1380207732995359,0.0,0.0,0.0,2.239552694118208,0.18662939117651733,2.239552694118208,,,CFBD/team roster,,0.0,,MEDIUM,calibrated rushing efficiency; team receiving rates,0.0,v1.0,2026-08-18T18:11:37+00:00
2026,CFF_BC,Boston College,CFP_76B2882F,Billy Barrett,RB,432,12.0,0.0,0.0,0.0,0.0,0.0,2.9939377387051045,13.664984277452453,0.13482901534810218,0.0,0.0,0.0,2.1754725198338583,0.18128937665282152,2.1754725198338583,,,CFBD/team roster,,0.0,,MEDIUM,calibrated rushing efficiency; team receiving rates,0.0,v1.0,2026-08-18T18:11:37+00:00
2026,CFF_USC,USC,CFP_E9B1F142,Cian McKelvey,RB,433,12.0,0.0,0.0,0.0,0.0,0.0,2.3659036231040425,12.890081459879221,0.13106547916214598,0.0,0.0,0.0,2.075401020960798,0.17295008508006648,2.075401020960798,,,CFBD/team roster,,0.0,,MEDIUM,calibrated rushing efficiency; team receiving rates,0.0,v1.0,2026-08-18T18:11:37+00:00
2026,CFF_WAKE,Wake Forest,CFP_6409D052,Ryan Henley,RB,434,12.0,0.0,0.0,0.0,0.0,0.0,2.6327106292082076,13.09102086199055,0.12369263202839702,0.0,0.0,0.0,2.0512578783694373,0.17093815653078645,2.0512578783694373,,,CFBD/team roster,,0.0,,MEDIUM,calibrated rushing efficiency; team receiving rates,0.0,v1.0,2026-08-18T18:11:37+00:00
2026,CFF_WAKE,Wake Forest,CFP_951C73BC,Kalil Townes,RB,435,12.0,0.0,0.0,0.0,0.0,0.0,2.6327106292082076,13.09102086199055,0.12369263202839702,0.0,0.0,0.0,2.0512578783694373,0.17093815653078645,2.0512578783694373,,,CFBD/team roster,,0.0,,MEDIUM,calibrated rushing efficiency; team receiving rates,0.0,v1.0,2026-08-18T18:11:37+00:00
2026,CFF_ARK,Arkansas,CFP_9798D6C3,Kevin Young,RB,436,12.0,0.0,0.0,0.0,0.0,0.0,2.268866162133599,13.303559752719776,0.11701063382015958,0.0,0.0,0.0,2.032419778192935,0.16936831484941126,2.032419778192935,,,CFBD/team roster,,0.0,,MEDIUM,calibrated rushing efficiency; team receiving rates,0.0,v1.0,2026-08-18T18:11:37+00:00
2026,CFF_KU,Kansas,CFP_A4978B8F,Jack Reeves,RB,437,12.0,0.0,0.0,0.0,0.0,0.0,2.265419435816081,12.803164178327505,0.1133971843054206,0.0,0.0,0.0,1.960699523665274,0.16339162697210616,1.960699523665274,,,CFBD/team roster,,0.0,,MEDIUM,calibrated rushing efficiency; team receiving rates,0.0,v1.0,2026-08-18T18:11:37+00:00
2026,CFF_CIN,Cincinnati,CFP_3E3322E1,James Lewis,RB,438,12.0,0.0,0.0,0.0,0.0,0.0,2.227864420036014,13.243725067923275,0.10523812361687716,0.0,0.0,0.0,1.9558012484935905,0.16298343737446588,1.9558012484935905,,,CFBD/team roster,,0.0,,MEDIUM,calibrated rushing efficiency; team receiving rates,0.0,v1.0,2026-08-18T18:11:37+00:00
2026,CFF_CIN,Cincinnati,CFP_92AD33D2,James Minor,RB,439,12.0,0.0,0.0,0.0,0.0,0.0,2.227864420036014,13.243725067923275,0.10523812361687716,0.0,0.0,0.0,1.9558012484935905,0.16298343737446588,1.9558012484935905,,,CFBD/team roster,,0.0,,MEDIUM,calibrated rushing efficiency; team receiving rates,0.0,v1.0,2026-08-18T18:11:37+00:00
2026,CFF_WASH,Washington,CFP_69FF4A62,D'Aryhian Clemons,RB,440,12.0,0.0,0.0,0.0,0.0,0.0,2.356006158793081,12.2207656518649,0.11183539677243405,0.0,0.0,0.0,1.8930889458210944,0.15775741215175787,1.8930889458210944,,,CFBD/team roster,,0.0,,MEDIUM,calibrated rushing efficiency; team receiving rates,0.0,v1.0,2026-08-18T18:11:37+00:00
2026,CFF_WASH,Washington,CFP_8F9A5E05,Beck Walker,RB,441,12.0,0.0,0.0,0.0,0.0,0.0,2.356006158793081,12.2207656518649,0.11183539677243405,0.0,0.0,0.0,1.8930889458210944,0.15775741215175787,1.8930889458210944,,,CFBD/team roster,,0.0,,MEDIUM,calibrated rushing efficiency; team receiving rates,0.0,v1.0,2026-08-18T18:11:37+00:00
2026,CFF_NCSU,NC State,CFP_7DF6CB1F,RJ Boyd,RB,442,12.0,0.0,0.0,0.0,0.0,0.0,2.2289586775908536,11.660219333273451,0.11445651046346135,0.0,0.0,0.0,1.8527609961081133,0.1543967496756761,1.8527609961081133,,,CFBD/team roster,,0.0,,MEDIUM,calibrated rushing efficiency; team receiving rates,0.0,v1.0,2026-08-18T18:11:37+00:00
2026,CFF_COLO,Colorado,CFP_0D481113,Titus Bautista,RB,443,12.0,0.0,0.0,0.0,0.0,0.0,2.6370204165367626,11.320942855503555,0.11303199554915282,0.0,0.0,0.0,1.8102862588452724,0.15085718823710603,1.8102862588452724,,,CFBD/team roster,,0.0,,MEDIUM,calibrated rushing efficiency; team receiving rates,0.0,v1.0,2026-08-18T18:11:37+00:00
2026,CFF_UVA,Virginia,CFP_78C5752F,Jack Stevens,RB,444,12.0,0.0,0.0,0.0,0.0,0.0,2.3598134971610625,11.539795048721713,0.10622109341162485,0.0,0.0,0.0,1.7913060653419204,0.14927550544516002,1.7913060653419204,,,CFBD/team roster,,0.0,,MEDIUM,calibrated rushing efficiency; team receiving rates,0.0,v1.0,2026-08-18T18:11:37+00:00
2026,CFF_MICH,Michigan,CFP_F75E6241,Gary Stacy,RB,445,12.0,0.0,0.0,0.0,0.0,0.0,2.129205978834725,11.602959477872808,0.10421527199438772,0.0,0.0,0.0,1.785587579753607,0.14879896497946724,1.785587579753607,,,CFBD/team roster,,0.0,,MEDIUM,calibrated rushing efficiency; team receiving rates,0.0,v1.0,2026-08-18T18:11:37+00:00
2026,CFF_SC,South Carolina,CFP_EE112C78,Neil Salvage III,RB,446,12.0,0.0,0.0,0.0,0.0,0.0,2.4091500026850645,11.160516785193659,0.10299283091479056,0.0,0.0,0.0,1.7340086640081092,0.14450072200067576,1.7340086640081092,,,CFBD/team roster,,0.0,,MEDIUM,calibrated rushing efficiency; team receiving rates,0.0,v1.0,2026-08-18T18:11:37+00:00
2026,CFF_TCU,TCU,CFP_231A5987,Joe Pitchford,RB,447,12.0,0.0,0.0,0.0,0.0,0.0,2.235005107277757,10.287671573014451,0.11511819524673755,0.0,0.0,0.0,1.7194763287818704,0.14328969406515588,1.7194763287818704,,,CFBD/team roster,,0.0,,MEDIUM,calibrated rushing efficiency; team receiving rates,0.0,v1.0,2026-08-18T18:11:37+00:00
2026,CFF_SC,South Carolina,CFP_A07C73AF,Ethan Kellum,RB,448,12.0,0.0,0.0,0.0,0.0,0.0,2.262478486240424,10.481053107396173,0.09672252201897145,0.0,0.0,0.0,1.6284404428534458,0.13570337023778714,1.6284404428534458,,,CFBD/team roster,,0.0,,MEDIUM,calibrated rushing efficiency; team receiving rates,0.0,v1.0,2026-08-18T18:11:37+00:00
2026,CFF_MD,Maryland,CFP_7659E7F7,Solomon Foye,RB,449,12.0,0.0,0.0,0.0,0.0,0.0,2.232331362633382,10.476640857535504,0.0946454307743235,0.0,0.0,0.0,1.6155366703994913,0.13462805586662427,1.6155366703994913,,,CFBD/team roster,,0.0,,MEDIUM,calibrated rushing efficiency; team receiving rates,0.0,v1.0,2026-08-18T18:11:37+00:00
2026,CFF_MIZ,Missouri,CFP_C9DD7F24,Anthony Favrow,RB,450,12.0,0.0,0.0,0.0,0.0,0.0,1.977866611509322,10.234572022879801,0.09480495250887541,0.0,0.0,0.0,1.5922869173412326,0.1326905764451027,1.5922869173412326,,,CFBD/team roster,,0.0,,MEDIUM,calibrated rushing efficiency; team receiving rates,0.0,v1.0,2026-08-18T18:11:37+00:00
2026,CFF_MSU,Michigan State,CFP_A5B75F8A,Zion Gist,RB,451,12.0,0.0,0.0,0.0,0.0,0.0,2.207124251518798,10.187071811791464,0.0922335219057298,0.0,0.0,0.0,1.5721083126135251,0.1310090260511271,1.5721083126135251,,,CFBD/team roster,,0.0,,MEDIUM,calibrated rushing efficiency; team receiving rates,0.0,v1.0,2026-08-18T18:11:37+00:00
2026,CFF_MSU,Michigan State,CFP_79D3468A,Jaxon McCaig,RB,452,12.0,0.0,0.0,0.0,0.0,0.0,2.207124251518798,10.187071811791464,0.0922335219057298,0.0,0.0,0.0,1.5721083126135251,0.1310090260511271,1.5721083126135251,,,CFBD/team roster,,0.0,,MEDIUM,calibrated rushing efficiency; team receiving rates,0.0,v1.0,2026-08-18T18:11:37+00:00
2026,CFF_MSU,Michigan State,CFP_A082B14F,Darrin Jones Jr.,RB,453,12.0,0.0,0.0,0.0,0.0,0.0,2.207124251518798,10.187071811791464,0.0922335219057298,0.0,0.0,0.0,1.5721083126135251,0.1310090260511271,1.5721083126135251,,,CFBD/team roster,,0.0,,MEDIUM,calibrated rushing efficiency; team receiving rates,0.0,v1.0,2026-08-18T18:11:37+00:00
2026,CFF_VT,Virginia Tech,CFP_C001EE76,Gray Peterson,RB,454,12.0,0.0,0.0,0.0,0.0,0.0,1.9125235360100872,9.953379889650636,0.09532209343872249,0.0,0.0,0.0,1.5672705495973984,0.13060587913311653,1.5672705495973984,,,CFBD/team roster,,0.0,,MEDIUM,calibrated rushing efficiency; team receiving rates,0.0,v1.0,2026-08-18T18:11:37+00:00
2026,CFF_TTU,Texas Tech,CFP_C9C6863B,Michael Henderson III,RB,455,12.0,0.0,0.0,0.0,0.0,0.0,1.7689248484453775,9.81434238857213,0.09410864740098263,0.0,0.0,0.0,1.546086123263109,0.12884051027192575,1.546086123263109,,,CFBD/team roster,,0.0,,MEDIUM,calibrated rushing efficiency; team receiving rates,0.0,v1.0,2026-08-18T18:11:37+00:00
2026,CFF_VT,Virginia Tech,CFP_845F1AEE,Darius Taylor,RB,456,12.0,0.0,0.0,0.0,0.0,0.0,1.856388844485553,9.661237126849574,0.0925242840471484,0.0,0.0,0.0,1.5212694169678478,0.12677245141398732,1.5212694169678478,,,CFBD/team roster,,0.0,,MEDIUM,calibrated rushing efficiency; team receiving rates,0.0,v1.0,2026-08-18T18:11:37+00:00
2026,CFF_VT,Virginia Tech,CFP_FFF7125A,John Buetow,RB,457,12.0,0.0,0.0,0.0,0.0,0.0,1.856388844485553,9.661237126849574,0.0925242840471484,0.0,0.0,0.0,1.5212694169678478,0.12677245141398732,1.5212694169678478,,,CFBD/team roster,,0.0,,MEDIUM,calibrated rushing efficiency; team receiving rates,0.0,v1.0,2026-08-18T18:11:37+00:00
2026,CFF_LSU,LSU,CFP_705837ED,Joseph Ebun,RB,458,12.0,0.0,0.0,0.0,0.0,0.0,2.050609811850387,9.29022556784608,0.08997066755640415,0.0,0.0,0.0,1.468846562123033,0.12240388017691943,1.468846562123033,,,CFBD/team roster,,0.0,,MEDIUM,calibrated rushing efficiency; team receiving rates,0.0,v1.0,2026-08-18T18:11:37+00:00
2026,CFF_NCSU,NC State,CFP_7134725B,Deandre Desinor,RB,459,12.0,0.0,0.0,0.0,0.0,0.0,1.642606245303801,8.592868630094378,0.08434744923408218,0.0,0.0,0.0,1.3653715584139308,0.11378096320116089,1.3653715584139308,,,CFBD/team roster,,0.0,,MEDIUM,calibrated rushing efficiency; team receiving rates,0.0,v1.0,2026-08-18T18:11:37+00:00
2026,CFF_NCSU,NC State,CFP_4DB5A043,Isiah Jones,RB,460,12.0,0.0,0.0,0.0,0.0,0.0,1.642606245303801,8.592868630094378,0.08434744923408218,0.0,0.0,0.0,1.3653715584139308,0.11378096320116089,1.3653715584139308,,,CFBD/team roster,,0.0,,MEDIUM,calibrated rushing efficiency; team receiving rates,0.0,v1.0,2026-08-18T18:11:37+00:00
2026,CFF_UTAH,Utah,CFP_34CC1F15,Mateaki Helu,RB,461,12.0,0.0,0.0,0.0,0.0,0.0,1.5132692641521963,8.988293295826038,0.07155143900222104,0.0,0.0,0.0,1.32813796359593,0.11067816363299417,1.32813796359593,,,CFBD/team roster,,0.0,,MEDIUM,calibrated rushing efficiency; team receiving rates,0.0,v1.0,2026-08-18T18:11:37+00:00
2026,CFF_CLEM,Clemson,CFP_46692D5C,Peyton Streko,RB,462,12.0,0.0,0.0,0.0,0.0,0.0,1.6591580525135585,8.272251940876512,0.07948256224482024,0.0,0.0,0.0,1.3041205675565726,0.10867671396304772,1.3041205675565726,,,CFBD/team roster,,0.0,,MEDIUM,calibrated rushing efficiency; team receiving rates,0.0,v1.0,2026-08-18T18:11:37+00:00
2026,CFF_CLEM,Clemson,CFP_7AECB001,Max Wilson,RB,463,12.0,0.0,0.0,0.0,0.0,0.0,1.6591580525135585,8.272251940876512,0.07948256224482024,0.0,0.0,0.0,1.3041205675565726,0.10867671396304772,1.3041205675565726,,,CFBD/team roster,,0.0,,MEDIUM,calibrated rushing efficiency; team receiving rates,0.0,v1.0,2026-08-18T18:11:37+00:00
2026,CFF_ALA,Alabama,CFP_2B888E2B,Fredrick Moore,RB,464,12.0,0.0,0.0,0.0,0.0,0.0,1.6465926553465147,7.469169653675316,0.08434689781856833,0.0,0.0,0.0,1.2529983522789416,0.10441652935657847,1.2529983522789416,,,CFBD/team roster,,0.0,,MEDIUM,calibrated rushing efficiency; team receiving rates,0.0,v1.0,2026-08-18T18:11:37+00:00
2026,CFF_HOU,Houston,CFP_8B704896,Aaron Davis,RB,465,12.0,0.0,0.0,0.0,0.0,0.0,1.7164484393827095,8.601256328860213,0.06539779372841806,0.0,0.0,0.0,1.2525123952565296,0.10437603293804414,1.2525123952565296,,,CFBD/team roster,,0.0,,MEDIUM,calibrated rushing efficiency; team receiving rates,0.0,v1.0,2026-08-18T18:11:37+00:00
2026,CFF_HOU,Houston,CFP_E24FF243,Nehemiah Warmate,RB,466,12.0,0.0,0.0,0.0,0.0,0.0,1.7164484393827095,8.601256328860213,0.06539779372841806,0.0,0.0,0.0,1.2525123952565296,0.10437603293804414,1.2525123952565296,,,CFBD/team roster,,0.0,,MEDIUM,calibrated rushing efficiency; team receiving rates,0.0,v1.0,2026-08-18T18:11:37+00:00
2026,CFF_OSU,Ohio State,CFP_4B9D8F70,Stanley Jackson Jr.,RB,467,12.0,0.0,0.0,0.0,0.0,0.0,1.478394425264885,7.243151581235642,0.08002485129480061,0.0,0.0,0.0,1.2044642658923679,0.10037202215769732,1.2044642658923679,,,CFBD/team roster,,0.0,,MEDIUM,calibrated rushing efficiency; team receiving rates,0.0,v1.0,2026-08-18T18:11:37+00:00
2026,CFF_MSU,Michigan State,CFP_64672317,Cedric Williams Jr.,RB,468,12.0,0.0,0.0,0.0,0.0,0.0,1.690760127178608,7.803772180125243,0.07065517997917502,0.0,0.0,0.0,1.2043082978875743,0.10035902482396453,1.2043082978875743,,,CFBD/team roster,,0.0,,MEDIUM,calibrated rushing efficiency; team receiving rates,0.0,v1.0,2026-08-18T18:11:37+00:00
2026,CFF_USC,USC,CFP_2980FB36,Kayne Miller,RB,469,12.0,0.0,0.0,0.0,0.0,0.0,1.3450235676042779,7.33251243042667,0.07474844304278468,0.0,0.0,0.0,1.181741901299375,0.09847849177494793,1.181741901299375,,,CFBD/team roster,,0.0,,MEDIUM,calibrated rushing efficiency; team receiving rates,0.0,v1.0,2026-08-18T18:11:37+00:00
2026,CFF_USC,USC,CFP_16F190B6,Tyson Park,RB,470,12.0,0.0,0.0,0.0,0.0,0.0,1.3450235676042779,7.33251243042667,0.07474844304278468,0.0,0.0,0.0,1.181741901299375,0.09847849177494793,1.181741901299375,,,CFBD/team roster,,0.0,,MEDIUM,calibrated rushing efficiency; team receiving rates,0.0,v1.0,2026-08-18T18:11:37+00:00
2026,CFF_WISC,Wisconsin,CFP_6CB5DFC0,Juju Pope,RB,471,12.0,0.0,0.0,0.0,0.0,0.0,1.6940392242859041,7.43810389642936,0.06947089566436973,0.0,0.0,0.0,1.1606357636291544,0.0967196469690962,1.1606357636291544,,,CFBD/team roster,,0.0,,MEDIUM,calibrated rushing efficiency; team receiving rates,0.0,v1.0,2026-08-18T18:11:37+00:00
2026,CFF_VAN,Vanderbilt,CFP_61F6C153,Jake Balis,RB,472,12.0,0.0,0.0,0.0,0.0,0.0,1.3215209270017543,7.596732755584248,0.06436449223272077,0.0,0.0,0.0,1.1458602289547493,0.09548835241289577,1.1458602289547493,,,CFBD/team roster,,0.0,,MEDIUM,calibrated rushing efficiency; team receiving rates,0.0,v1.0,2026-08-18T18:11:37+00:00
2026,CFF_KSU,Kansas State,CFP_9745F733,LJ McGhee,RB,473,12.0,0.0,0.0,0.0,0.0,0.0,1.212016174683444,7.518499500505534,0.060588801513980245,0.0,0.0,0.0,1.115382759134435,0.09294856326120292,1.115382759134435,,,CFBD/team roster,,0.0,,MEDIUM,calibrated rushing efficiency; team receiving rates,0.0,v1.0,2026-08-18T18:11:37+00:00
2026,CFF_AUB,Auburn,CFP_42A64EB4,Christian Burnette,RB,474,12.0,0.0,0.0,0.0,0.0,0.0,1.349428028696036,7.391234767950316,0.06230262397968732,0.0,0.0,0.0,1.1129392206731554,0.09274493505609628,1.1129392206731554,,,CFBD/team roster,,0.0,,MEDIUM,calibrated rushing efficiency; team receiving rates,0.0,v1.0,2026-08-18T18:11:37+00:00
2026,CFF_AUB,Auburn,CFP_B6186E54,Cole Gamble,RB,475,12.0,0.0,0.0,0.0,0.0,0.0,1.349428028696036,7.391234767950316,0.06230262397968732,0.0,0.0,0.0,1.1129392206731554,0.09274493505609628,1.1129392206731554,,,CFBD/team roster,,0.0,,MEDIUM,calibrated rushing efficiency; team receiving rates,0.0,v1.0,2026-08-18T18:11:37+00:00
2026,CFF_OU,Oklahoma,CFP_D3EF5579,Andy Bass,RB,476,12.0,0.0,0.0,0.0,0.0,0.0,1.4162408784823706,6.629202902712062,0.05883607756458421,0.0,0.0,0.0,1.0159367556587116,0.08466139630489262,1.0159367556587116,,,CFBD/team roster,,0.0,,MEDIUM,calibrated rushing efficiency; team receiving rates,0.0,v1.0,2026-08-18T18:11:37+00:00
2026,CFF_MIZ,Missouri,CFP_C3AE1944,Brady Hultman,RB,477,12.0,0.0,0.0,0.0,0.0,0.0,1.1867199669055941,6.144481459485864,0.05706413810001233,0.0,0.0,0.0,0.9568329745486605,0.07973608121238837,0.9568329745486605,,,CFBD/team roster,,0.0,,MEDIUM,calibrated rushing efficiency; team receiving rates,0.0,v1.0,2026-08-18T18:11:37+00:00
2026,CFF_IOWA,Iowa,CFP_2FDE7924,Braeden Jackson,RB,478,12.0,0.0,0.0,0.0,0.0,0.0,1.0037628465786894,5.437482392076795,0.05470985304532642,0.0,0.0,0.0,0.8720073574796381,0.07266727978996984,0.8720073574796381,,,CFBD/team roster,,0.0,,MEDIUM,calibrated rushing efficiency; team receiving rates,0.0,v1.0,2026-08-18T18:11:37+00:00
2026,CFF_RUTG,Rutgers,CFP_14044465,Xavier Williams,RB,479,12.0,0.0,0.0,0.0,0.0,0.0,1.1398107219565485,4.965504678378813,0.05230054540883118,0.0,0.0,0.0,0.8103537402908684,0.06752947835757236,0.8103537402908684,,,CFBD/team roster,,0.0,,MEDIUM,calibrated rushing efficiency; team receiving rates,0.0,v1.0,2026-08-18T18:11:37+00:00
2026,CFF_FLA,Florida,CFP_596CBE78,Kelvin Jimenez,RB,480,12.0,0.0,0.0,0.0,0.0,0.0,1.005486858047518,4.856623122285612,0.04429440198722691,0.0,0.0,0.0,0.7514287241519226,0.06261906034599356,0.7514287241519226,,,CFBD/team roster,,0.0,,MEDIUM,calibrated rushing efficiency; team receiving rates,0.0,v1.0,2026-08-18T18:11:37+00:00
2026,CFF_FLA,Florida,CFP_A48AFF5E,Brian Case,RB,481,12.0,0.0,0.0,0.0,0.0,0.0,1.005486858047518,4.856623122285612,0.04429440198722691,0.0,0.0,0.0,0.7514287241519226,0.06261906034599356,0.7514287241519226,,,CFBD/team roster,,0.0,,MEDIUM,calibrated rushing efficiency; team receiving rates,0.0,v1.0,2026-08-18T18:11:37+00:00
2026,CFF_NW,Northwestern,CFP_716A9B9F,Sean Morris II,RB,482,12.0,0.0,0.0,0.0,0.0,0.0,0.8921381159807161,4.184251591609758,0.03592381660262963,0.0,0.0,0.0,0.6339680587767536,0.05283067156472946,0.6339680587767536,,,CFBD/team roster,,0.0,,MEDIUM,calibrated rushing efficiency; team receiving rates,0.0,v1.0,2026-08-18T18:11:37+00:00
2026,CFF_UGA,Georgia,CFP_7E69717A,Wade Penn,RB,483,12.0,0.0,0.0,0.0,0.0,0.0,0.7793294249793246,3.713876170404857,0.03924890319672921,0.0,0.0,0.0,0.606881036220861,0.05057341968507175,0.606881036220861,,,CFBD/team roster,,0.0,,MEDIUM,calibrated rushing efficiency; team receiving rates,0.0,v1.0,2026-08-18T18:11:37+00:00
2026,CFF_ILL,Illinois,CFP_A796A156,Corey Rashad,RB,484,12.0,0.0,0.0,0.0,0.0,0.0,0.7456874716505743,3.4321355289203406,0.03553889393493591,0.0,0.0,0.0,0.5564469165016495,0.04637057637513745,0.5564469165016495,,,CFBD/team roster,,0.0,,MEDIUM,calibrated rushing efficiency; team receiving rates,0.0,v1.0,2026-08-18T18:11:37+00:00
2026,CFF_ILL,Illinois,CFP_AE4A105A,Murphy Clement,RB,485,12.0,0.0,0.0,0.0,0.0,0.0,0.7456874716505743,3.4321355289203406,0.03553889393493591,0.0,0.0,0.0,0.5564469165016495,0.04637057637513745,0.5564469165016495,,,CFBD/team roster,,0.0,,MEDIUM,calibrated rushing efficiency; team receiving rates,0.0,v1.0,2026-08-18T18:11:37+00:00
2026,CFF_BYU,BYU,CFP_58D73ACF,Logan Payne,RB,486,12.0,0.0,0.0,0.0,0.0,0.0,0.6452539451058568,3.5454444191891588,0.03325363285921019,0.0,0.0,0.0,0.5540662390741771,0.04617218658951475,0.5540662390741771,,,CFBD/team roster,,0.0,,MEDIUM,calibrated rushing efficiency; team receiving rates,0.0,v1.0,2026-08-18T18:11:37+00:00
2026,CFF_OU,Oklahoma,CFP_AA9DCA45,Ben McCreary,RB,487,12.0,0.0,0.0,0.0,0.0,0.0,0.7146570507547778,3.345198311451076,0.029689594693342636,0.0,0.0,0.0,0.5126573993051634,0.04272144994209695,0.5126573993051634,,,CFBD/team roster,,0.0,,MEDIUM,calibrated rushing efficiency; team receiving rates,0.0,v1.0,2026-08-18T18:11:37+00:00
2026,CFF_AUB,Auburn,CFP_873D6E2F,Stuart Andrews,RB,488,12.0,0.0,0.0,0.0,0.0,0.0,0.5988674340303916,3.2801821999175913,0.027649501687118237,0.0,0.0,0.0,0.49391523011446853,0.041159602509539046,0.49391523011446853,,,CFBD/team roster,,0.0,,MEDIUM,calibrated rushing efficiency; team receiving rates,0.0,v1.0,2026-08-18T18:11:37+00:00
2026,CFF_COLO,Colorado,CFP_7CE5D1C5,Leonardo Valle,RB,489,12.0,0.0,0.0,0.0,0.0,0.0,0.6598106996059067,2.8326209303674377,0.02828181366873332,0.0,0.0,0.0,0.45295297504914367,0.03774608125409531,0.45295297504914367,,,CFBD/team roster,,0.0,,MEDIUM,calibrated rushing efficiency; team receiving rates,0.0,v1.0,2026-08-18T18:11:37+00:00
2026,CFF_COLO,Colorado,CFP_03F19294,Cam Netwon,RB,490,12.0,0.0,0.0,0.0,0.0,0.0,0.6598106996059067,2.8326209303674377,0.02828181366873332,0.0,0.0,0.0,0.45295297504914367,0.03774608125409531,0.45295297504914367,,,CFBD/team roster,,0.0,,MEDIUM,calibrated rushing efficiency; team receiving rates,0.0,v1.0,2026-08-18T18:11:37+00:00
2026,CFF_COLO,Colorado,CFP_488E7EC8,Cody Jordan,RB,491,12.0,0.0,0.0,0.0,0.0,0.0,0.6598106996059067,2.8326209303674377,0.02828181366873332,0.0,0.0,0.0,0.45295297504914367,0.03774608125409531,0.45295297504914367,,,CFBD/team roster,,0.0,,MEDIUM,calibrated rushing efficiency; team receiving rates,0.0,v1.0,2026-08-18T18:11:37+00:00
2026,CFF_MIA,Miami,CFP_747C5F85,Terrell Walden II,RB,492,12.0,0.0,0.0,0.0,0.0,0.0,0.5034436200949198,2.533055290993679,0.025465498918666566,0.0,0.0,0.0,0.40609852261136725,0.03384154355094727,0.40609852261136725,,,CFBD/team roster,,0.0,,MEDIUM,calibrated rushing efficiency; team receiving rates,0.0,v1.0,2026-08-18T18:11:37+00:00
2026,CFF_MIA,Miami,CFP_51F0069D,Jack Whitehouse,RB,493,12.0,0.0,0.0,0.0,0.0,0.0,0.5034436200949198,2.533055290993679,0.025465498918666566,0.0,0.0,0.0,0.40609852261136725,0.03384154355094727,0.40609852261136725,,,CFBD/team roster,,0.0,,MEDIUM,calibrated rushing efficiency; team receiving rates,0.0,v1.0,2026-08-18T18:11:37+00:00
2026,CFF_ILL,Illinois,CFP_8B0BEB04,Kaden Feagin,TE,1,12.0,0.0,0.0,0.0,0.0,0.0,95.70615464160491,440.5015588564416,4.561282049167108,17.402416547163316,211.568246530004,1.4624612000011923,110.05064830723602,9.170887358936335,71.41784818064681,Hybrid rushing role,BLOCKING_ELIGIBILITY_CHECK,CFBD/team roster,,0.0,,MODELLED_ON_TEAM_RATES,opportunity-differentiated; team receiving rates,0.0,v1.0,2026-08-18T18:11:37+00:00
2026,CFF_TTU,Texas Tech,CFP_FA9E3888,Terrance Carter Jr.,TE,2,12.0,0.0,0.0,0.0,0.0,0.0,1.3692306643398229,7.603307929582226,0.07307650228965827,38.851820536673635,461.5630947984723,3.5516295141241176,88.09078663962492,7.340898886635411,1.1987898066961722,,,CFBD/team roster,,0.0,,MODELLED_ON_TEAM_RATES,opportunity-differentiated; team receiving rates,0.0,v1.0,2026-08-18T18:11:37+00:00
2026,CFF_UCF,UCF,CFP_727AF2A8,Dylan Wade,TE,3,12.0,0.0,0.0,0.0,0.0,0.0,0.0,0.0,0.0,36.08558898021347,441.9938793157927,3.0275052341790696,80.40721382676043,6.7006011522300355,0.0,,,CFBD/team roster,,0.0,,MODELLED_ON_TEAM_RATES,opportunity-differentiated; team receiving rates,0.0,v1.0,2026-08-18T18:11:37+00:00
2026,CFF_KSU,Kansas State,CFP_32BA23EC,Garrett Oakley,TE,4,12.0,0.0,0.0,0.0,0.0,0.0,0.0,0.0,0.0,33.21773541203106,393.9314123550704,3.0695694243361706,74.4194254875396,6.2016187906283,0.0,,,CFBD/team roster,,0.0,,MODELLED_ON_TEAM_RATES,opportunity-differentiated; team receiving rates,0.0,v1.0,2026-08-18T18:11:37+00:00
2026,CFF_MD,Maryland,CFP_15B4B84F,Dorian Fleming,TE,5,12.0,0.0,0.0,0.0,0.0,0.0,0.0,0.0,0.0,36.32891270996185,399.38532243972617,2.6935376198751184,74.26421431820425,6.188684526517021,0.0,,,CFBD/team roster,,0.0,,MODELLED_ON_TEAM_RATES,opportunity-differentiated; team receiving rates,0.0,v1.0,2026-08-18T18:11:37+00:00
2026,CFF_CAL,California,CFP_A9ACC910,Mason Mini,TE,6,12.0,0.0,0.0,0.0,0.0,0.0,1.1959420197424375,5.0158123575357605,0.057092169905118555,35.01378780446058,395.9203103509989,2.4173513084139167,72.44716704299796,6.03726392024983,0.8441342551842874,,,CFBD/team roster,,0.0,,MODELLED_ON_TEAM_RATES,opportunity-differentiated; team receiving rates,0.0,v1.0,2026-08-18T18:11:37+00:00
2026,CFF_LSU,LSU,CFP_06353D64,Trey'Dez Green,TE,7,12.0,0.0,0.0,0.0,0.0,0.0,0.0,0.0,0.0,32.14461819183065,368.15172159407655,2.5257216661157074,68.04181125201723,5.670150937668102,0.0,,,CFBD/team roster,,0.0,,MODELLED_ON_TEAM_RATES,opportunity-differentiated; team receiving rates,0.0,v1.0,2026-08-18T18:11:37+00:00
2026,CFF_WASH,Washington,CFP_E3B2D893,Decker DeGraaf,TE,8,12.0,0.0,0.0,0.0,0.0,0.0,0.0,0.0,0.0,29.297350265410692,353.3269685137261,2.5690505314725,65.39567517291296,5.449639597742746,0.0,,,CFBD/team roster,,0.0,,MODELLED_ON_TEAM_RATES,opportunity-differentiated; team receiving rates,0.0,v1.0,2026-08-18T18:11:37+00:00
2026,CFF_DUKE,Duke,CFP_76B3F393,Jeremiah Hasley,TE,9,12.0,0.0,0.0,0.0,0.0,0.0,0.0,0.0,0.0,28.632813845530773,348.9656244005977,2.4993520274701253,64.2090815276459,5.3507567939704925,0.0,,,CFBD/team roster,,0.0,,MODELLED_ON_TEAM_RATES,opportunity-differentiated; team receiving rates,0.0,v1.0,2026-08-18T18:11:37+00:00
2026,CFF_BC,Boston College,CFP_2A6A4DD6,Kaelan Chudzinski,TE,10,12.0,0.0,0.0,0.0,0.0,0.0,0.0,0.0,0.0,28.391792720982508,340.001659773077,2.488134961825943,63.124872108754616,5.260406009062884,0.0,,,CFBD/team roster,,0.0,,MODELLED_ON_TEAM_RATES,opportunity-differentiated; team receiving rates,0.0,v1.0,2026-08-18T18:11:37+00:00
2026,CFF_SC,South Carolina,CFP_0A6E8C4D,Brady Hunt,TE,11,12.0,0.0,0.0,0.0,0.0,0.0,7.0366463634226495,32.59764222357414,0.30082150480768716,25.014736225762157,318.7188027032874,1.9564048658635398,61.18237082959459,5.098530902466216,5.064693251203536,,,CFBD/team roster,,0.0,,MODELLED_ON_TEAM_RATES,opportunity-differentiated; team receiving rates,0.0,v1.0,2026-08-18T18:11:37+00:00
2026,CFF_NEB,Nebraska,CFP_111411EC,Luke Lindenmeyer,TE,12,12.0,0.0,0.0,0.0,0.0,0.0,0.0,0.0,0.0,28.4454185966994,317.9110329638216,2.1851199034890416,59.124532015666105,4.927044334638842,0.0,,,CFBD/team roster,,0.0,,MODELLED_ON_TEAM_RATES,opportunity-differentiated; team receiving rates,0.0,v1.0,2026-08-18T18:11:37+00:00
2026,CFF_PSU,Penn State,CFP_09EB6D4B,Andrew Rappleyea,TE,13,12.0,0.0,0.0,0.0,0.0,0.0,0.0,0.0,0.0,25.860898235899555,311.4246793709551,2.173983083578764,57.11681555651787,4.759734629709823,0.0,,,CFBD/team roster,,0.0,,MODELLED_ON_TEAM_RATES,opportunity-differentiated; team receiving rates,0.0,v1.0,2026-08-18T18:11:37+00:00
2026,CFF_ORE,Oregon,CFP_D4EFCF94,Jamari Johnson,TE,14,12.0,0.0,0.0,0.0,0.0,0.0,0.0,0.0,0.0,25.48247423238165,308.069354867663,2.259676002910587,57.106228620420644,4.758852385035054,0.0,,,CFBD/team roster,,0.0,,MODELLED_ON_TEAM_RATES,opportunity-differentiated; team receiving rates,0.0,v1.0,2026-08-18T18:11:37+00:00
2026,CFF_ARK,Arkansas,CFP_57F0AC72,Jaden Platt,TE,15,12.0,0.0,0.0,0.0,0.0,0.0,0.0,0.0,0.0,24.945183229238676,315.209027678279,2.048753677512191,56.28601644752039,4.690501370626699,0.0,,,CFBD/team roster,,0.0,,MODELLED_ON_TEAM_RATES,opportunity-differentiated; team receiving rates,0.0,v1.0,2026-08-18T18:11:37+00:00
2026,CFF_TENN,Tennessee,CFP_68ADAA8C,Ethan Davis,TE,16,12.0,0.0,0.0,0.0,0.0,0.0,0.0,0.0,0.0,24.621112494629557,298.7166592360698,2.116842469993646,54.88327699088363,4.573606415906969,0.0,,,CFBD/team roster,,0.0,,MODELLED_ON_TEAM_RATES,opportunity-differentiated; team receiving rates,0.0,v1.0,2026-08-18T18:11:37+00:00
2026,CFF_LOU,Louisville,CFP_B12340E1,Jaleel Skinner,TE,17,12.0,0.0,0.0,0.0,0.0,0.0,0.0,0.0,0.0,24.569018188995397,291.38323338988266,2.043311049265473,53.6826987290788,4.473558227423234,0.0,,,CFBD/team roster,,0.0,,MODELLED_ON_TEAM_RATES,opportunity-differentiated; team receiving rates,0.0,v1.0,2026-08-18T18:11:37+00:00
2026,CFF_MIZ,Missouri,CFP_0F0A1980,Brett Norfleet,TE,18,12.0,0.0,0.0,0.0,0.0,0.0,0.0,0.0,0.0,25.63018892476959,290.33628992016526,1.8753665765341203,53.10092291360604,4.42507690946717,0.0,,,CFBD/team roster,,0.0,,MODELLED_ON_TEAM_RATES,opportunity-differentiated; team receiving rates,0.0,v1.0,2026-08-18T18:11:37+00:00
2026,CFF_IOWA,Iowa,CFP_F06708FE,DJ Vonnahme,TE,19,12.0,0.0,0.0,0.0,0.0,0.0,0.0,0.0,0.0,24.786652475994966,277.5278335949302,1.89098081872799,51.49199450985844,4.290999542488204,0.0,,,CFBD/team roster,,0.0,,MODELLED_ON_TEAM_RATES,opportunity-differentiated; team receiving rates,0.0,v1.0,2026-08-18T18:11:37+00:00
2026,CFF_MIA,Miami,CFP_6E12D4B8,Elija Lofton,TE,20,12.0,0.0,0.0,0.0,0.0,0.0,2.838030272446079,14.27942933563121,0.14355501579400765,21.080193942092855,253.17910666371682,1.9984343775568558,50.13788693108641,4.178157244257201,2.289273028327167,,,CFBD/team roster,,0.0,,MODELLED_ON_TEAM_RATES,opportunity-differentiated; team receiving rates,0.0,v1.0,2026-08-18T18:11:37+00:00
2026,CFF_CLEM,Clemson,CFP_B46033C3,Christian Bentancur,TE,21,12.0,0.0,0.0,0.0,0.0,0.0,0.0,0.0,0.0,22.69069806164317,264.92747201033666,1.9711746157202479,49.66514392617674,4.138761993848061,0.0,,,CFBD/team roster,,0.0,,MODELLED_ON_TEAM_RATES,opportunity-differentiated; team receiving rates,0.0,v1.0,2026-08-18T18:11:37+00:00
2026,CFF_MISS,Ole Miss,CFP_D303052F,Caleb Odom,TE,22,12.0,0.0,0.0,0.0,0.0,0.0,0.0,0.0,0.0,20.189005423789435,278.50070834847105,1.7202225365156205,48.26590876583555,4.022159063819629,0.0,,,CFBD/team roster,,0.0,,MODELLED_ON_TEAM_RATES,opportunity-differentiated; team receiving rates,0.0,v1.0,2026-08-18T18:11:37+00:00
2026,CFF_UK,Kentucky,CFP_6EBFFED8,Willie Rodriguez,TE,23,12.0,0.0,0.0,0.0,0.0,0.0,0.0,0.0,0.0,21.6039116117139,255.01728194364117,1.7610065923317078,46.86972355421131,3.905810296184276,0.0,,,CFBD/team roster,,0.0,,MODELLED_ON_TEAM_RATES,opportunity-differentiated; team receiving rates,0.0,v1.0,2026-08-18T18:11:37+00:00
2026,CFF_COLO,Colorado,CFP_1BA10DB3,Zach Atkins,TE,24,12.0,0.0,0.0,0.0,0.0,0.0,0.0,0.0,0.0,19.871658638948862,235.22829696992687,1.7690718123616809,44.0730898906372,3.672757490886433,0.0,,,CFBD/team roster,,0.0,,MODELLED_ON_TEAM_RATES,opportunity-differentiated; team receiving rates,0.0,v1.0,2026-08-18T18:11:37+00:00
2026,CFF_MICH,Michigan,CFP_5D1FA69F,Zack Marshall,TE,25,12.0,0.0,0.0,0.0,0.0,0.0,0.0,0.0,0.0,21.448821588966396,240.0520959667744,1.4909129958174052,43.675098366065065,3.639591530505422,0.0,,,CFBD/team roster,,0.0,,MODELLED_ON_TEAM_RATES,opportunity-differentiated; team receiving rates,0.0,v1.0,2026-08-18T18:11:37+00:00
2026,CFF_UTAH,Utah,CFP_CC4D853D,Hunter Andrews,TE,26,12.0,0.0,0.0,0.0,0.0,0.0,15.080030107146323,89.57013581377139,0.7130243638217563,12.902346687147356,153.65065541383785,1.2914383876273405,42.800028975029186,3.566669081252432,13.235159764307676,Hybrid rushing role,PRESENTATION_DISCLOSURE,CFBD/team roster,,0.0,,MODELLED_ON_TEAM_RATES,opportunity-differentiated; team receiving rates,0.0,v1.0,2026-08-18T18:11:37+00:00
2026,CFF_CLEM,Clemson,CFP_98B217F8,Olsen Patt-Henry,TE,27,12.0,0.0,0.0,0.0,0.0,0.0,0.0,0.0,0.0,17.535017457647715,204.73181715659038,1.5232929901418617,38.38044838533406,3.1983706987778384,0.0,,,CFBD/team roster,,0.0,,MODELLED_ON_TEAM_RATES,opportunity-differentiated; team receiving rates,0.0,v1.0,2026-08-18T18:11:37+00:00
2026,CFF_VAN,Vanderbilt,CFP_C3017D8F,Cole Spence,TE,28,12.0,0.0,0.0,0.0,0.0,0.0,0.0,0.0,0.0,16.110189023981313,198.60526533840766,1.5303012226567134,37.09742838177171,3.091452365147642,0.0,,,CFBD/team roster,,0.0,,MODELLED_ON_TEAM_RATES,opportunity-differentiated; team receiving rates,0.0,v1.0,2026-08-18T18:11:37+00:00
2026,CFF_UGA,Georgia,CFP_2C1592FA,Lawson Luckie,TE,29,12.0,0.0,0.0,0.0,0.0,0.0,0.0,0.0,0.0,15.984365406661077,178.733230736927,1.3565924862721703,34.005060694656265,2.833755057888022,0.0,,,CFBD/team roster,,0.0,,MODELLED_ON_TEAM_RATES,opportunity-differentiated; team receiving rates,0.0,v1.0,2026-08-18T18:11:37+00:00
2026,CFF_UVA,Virginia,CFP_0C5D6A77,Dakota Twitty,TE,30,12.0,0.0,0.0,0.0,0.0,0.0,0.0,0.0,0.0,16.04877716812758,179.68868135391605,1.1362122214019874,32.81053004786732,2.7342108373222764,0.0,,,CFBD/team roster,,0.0,,MODELLED_ON_TEAM_RATES,opportunity-differentiated; team receiving rates,0.0,v1.0,2026-08-18T18:11:37+00:00
2026,CFF_PUR,Purdue,CFP_4316B054,George Burhenn,TE,31,12.0,0.0,0.0,0.0,0.0,0.0,0.0,0.0,0.0,14.83057434608722,165.55356785606367,1.1043938885821079,30.597007290142624,2.549750607511885,0.0,,,CFBD/team roster,,0.0,,MODELLED_ON_TEAM_RATES,opportunity-differentiated; team receiving rates,0.0,v1.0,2026-08-18T18:11:37+00:00
2026,CFF_SMU,SMU,CFP_F4D81F78,Randy Pittman,TE,32,12.0,0.0,0.0,0.0,0.0,0.0,4.213641538373883,20.823645590366898,0.2117406873094853,12.017546565628738,147.35035714864566,1.0490466670981082,30.390897683161185,2.5325748069300986,3.3528086828936017,,,CFBD/team roster,,0.0,,MODELLED_ON_TEAM_RATES,opportunity-differentiated; team receiving rates,0.0,v1.0,2026-08-18T18:11:37+00:00
2026,CFF_NW,Northwestern,CFP_2D716A77,Robby Preckel,TE,33,12.0,0.0,0.0,0.0,0.0,0.0,33.935762274418124,159.1634353085904,1.366494804312324,2.7609504155017963,29.98571757810228,0.20189147322713294,29.70570816165691,2.475475680138076,24.115312356732986,Hybrid rushing role,BLOCKING_ELIGIBILITY_CHECK,CFBD/team roster,,0.0,,MODELLED_ON_TEAM_RATES,opportunity-differentiated; team receiving rates,0.0,v1.0,2026-08-18T18:11:37+00:00
2026,CFF_WAKE,Wake Forest,CFP_2A0F7133,Kamrean Johnson,TE,34,12.0,0.0,0.0,0.0,0.0,0.0,0.0,0.0,0.0,13.8941156164497,158.8039170843114,1.0315722211562575,29.016882843593535,2.418073570299461,0.0,,,CFBD/team roster,,0.0,,MODELLED_ON_TEAM_RATES,opportunity-differentiated; team receiving rates,0.0,v1.0,2026-08-18T18:11:37+00:00
2026,CFF_BAY,Baylor,CFP_A3256C30,Matthew Klopfenstein,TE,35,12.0,0.0,0.0,0.0,0.0,0.0,0.0,0.0,0.0,12.390933828987995,153.50262874709298,1.2309940924411866,28.931694343850417,2.4109745286542013,0.0,,,CFBD/team roster,,0.0,,MODELLED_ON_TEAM_RATES,opportunity-differentiated; team receiving rates,0.0,v1.0,2026-08-18T18:11:37+00:00
2026,CFF_VT,Virginia Tech,CFP_2AA2DC7E,Benji Gosnell,TE,36,12.0,0.0,0.0,0.0,0.0,0.0,0.0,0.0,0.0,12.837656136204245,147.67291496377433,1.0119434257775268,27.25778011914472,2.271481676595393,0.0,,,CFBD/team roster,,0.0,,MODELLED_ON_TEAM_RATES,opportunity-differentiated; team receiving rates,0.0,v1.0,2026-08-18T18:11:37+00:00
2026,CFF_VT,Virginia Tech,CFP_BD5E0DCE,Ja'Ricous Hairston,TE,37,12.0,0.0,0.0,0.0,0.0,0.0,0.0,0.0,0.0,12.811833264665903,147.3758717440196,1.0099079073923423,27.20295125108897,2.266912604257414,0.0,,,CFBD/team roster,,0.0,,MODELLED_ON_TEAM_RATES,opportunity-differentiated; team receiving rates,0.0,v1.0,2026-08-18T18:11:37+00:00
2026,CFF_PITT,Pitt,CFP_6A1B3DEA,Elijah Lagg,TE,38,12.0,0.0,0.0,0.0,0.0,0.0,0.0,0.0,0.0,12.060605408401713,143.52648867979826,1.104630337562018,27.010733597552793,2.2508944664627326,0.0,,,CFBD/team roster,,0.0,,MODELLED_ON_TEAM_RATES,opportunity-differentiated; team receiving rates,0.0,v1.0,2026-08-18T18:11:37+00:00
2026,CFF_ALA,Alabama,CFP_3086C863,Kaleb Edwards,TE,39,12.0,0.0,0.0,0.0,0.0,0.0,0.0,0.0,0.0,12.135389559262087,147.9208977725998,1.0215733698489053,26.989224775984457,2.2491020646653714,0.0,,,CFBD/team roster,,0.0,,MODELLED_ON_TEAM_RATES,opportunity-differentiated; team receiving rates,0.0,v1.0,2026-08-18T18:11:37+00:00
2026,CFF_UVA,Virginia,CFP_9BFCA6D1,John Rogers,TE,40,12.0,0.0,0.0,0.0,0.0,0.0,0.0,0.0,0.0,12.856234416858074,143.94366532360436,0.9101883908421948,26.283614085842643,2.1903011738202203,0.0,,,CFBD/team roster,,0.0,,MODELLED_ON_TEAM_RATES,opportunity-differentiated; team receiving rates,0.0,v1.0,2026-08-18T18:11:37+00:00
2026,CFF_STAN,Stanford,CFP_85A8EFBA,Benji Blackburn,TE,41,12.0,0.0,0.0,0.0,0.0,0.0,0.0,0.0,0.0,11.4616196531328,131.56458081692372,0.910538437729022,24.350498534632905,2.0292082112194088,0.0,,,CFBD/team roster,,0.0,,MODELLED_ON_TEAM_RATES,opportunity-differentiated; team receiving rates,0.0,v1.0,2026-08-18T18:11:37+00:00
2026,CFF_MICH,Michigan,CFP_4A57A297,Deakon Tonielli,TE,42,12.0,0.0,0.0,0.0,0.0,0.0,0.0,0.0,0.0,11.225427939554955,125.63335910259728,0.7802823259672039,22.857743835840427,1.9048119863200357,0.0,,,CFBD/team roster,,0.0,,MODELLED_ON_TEAM_RATES,opportunity-differentiated; team receiving rates,0.0,v1.0,2026-08-18T18:11:37+00:00
2026,CFF_VAN,Vanderbilt,CFP_8B6083A0,Jayvontay Conner,TE,43,12.0,0.0,0.0,0.0,0.0,0.0,2.790118983030254,16.038935015922913,0.13589235549909623,8.721607301068053,107.51935496396466,0.8284624281247441,22.50276135026583,1.8752301125221524,2.4192476345868688,,,CFBD/team roster,,0.0,,MODELLED_ON_TEAM_RATES,opportunity-differentiated; team receiving rates,0.0,v1.0,2026-08-18T18:11:37+00:00
2026,CFF_USC,USC,CFP_43F7FBB2,Mark Bowman,TE,44,12.0,0.0,0.0,0.0,0.0,0.0,0.0,0.0,0.0,9.424029196228537,119.23239455813768,0.8257645545810549,21.589841381414367,1.7991534484511973,0.0,,,CFBD/team roster,,0.0,,MODELLED_ON_TEAM_RATES,opportunity-differentiated; team receiving rates,0.0,v1.0,2026-08-18T18:11:37+00:00
2026,CFF_LOU,Louisville,CFP_360061D2,Brody Foley,TE,45,12.0,0.0,0.0,0.0,0.0,0.0,10.508373603306259,57.38422787798242,0.5528265906661749,5.625822518524129,66.72103636031383,0.46787809040149914,21.347665769497734,1.7789721474581446,9.055382331795292,Hybrid rushing role,PRESENTATION_DISCLOSURE,CFBD/team roster,,0.0,,MODELLED_ON_TEAM_RATES,opportunity-differentiated; team receiving rates,0.0,v1.0,2026-08-18T18:11:37+00:00
2026,CFF_ISU,Iowa State,CFP_E228167B,Tyler Fortenberry,TE,46,12.0,0.0,0.0,0.0,0.0,0.0,0.0,0.0,0.0,10.439634909582441,117.52462206715698,0.7174964455529541,21.277258334824644,1.773104861235387,0.0,,,CFBD/team roster,,0.0,,MODELLED_ON_TEAM_RATES,opportunity-differentiated; team receiving rates,0.0,v1.0,2026-08-18T18:11:37+00:00
2026,CFF_SYR,Syracuse,CFP_0B97EC7E,Noah Meyers,TE,47,12.0,0.0,0.0,0.0,0.0,0.0,0.0,0.0,0.0,9.517794844470686,112.96645509585247,0.7891485917863131,20.79043448253847,1.7325362068782058,0.0,,,CFBD/team roster,,0.0,,MODELLED_ON_TEAM_RATES,opportunity-differentiated; team receiving rates,0.0,v1.0,2026-08-18T18:11:37+00:00
2026,CFF_WVU,West Virginia,CFP_30318701,Ryan Ward,TE,48,12.0,0.0,0.0,0.0,0.0,0.0,0.0,0.0,0.0,9.645447759225595,114.84416664633834,0.7380562129922751,20.73547782220028,1.7279564851833566,0.0,,,CFBD/team roster,,0.0,,MODELLED_ON_TEAM_RATES,opportunity-differentiated; team receiving rates,0.0,v1.0,2026-08-18T18:11:37+00:00
2026,CFF_SMU,SMU,CFP_3DC11DE2,Theo Melin Ohrstrom,TE,49,12.0,0.0,0.0,0.0,0.0,0.0,0.0,0.0,0.0,8.81293447450155,108.05774999528576,0.7693067372230462,19.82808266011763,1.652340221676469,0.0,,,CFBD/team roster,,0.0,,MODELLED_ON_TEAM_RATES,opportunity-differentiated; team receiving rates,0.0,v1.0,2026-08-18T18:11:37+00:00
2026,CFF_PSU,Penn State,CFP_04A96EF1,Benjamin Brahmer,TE,50,12.0,0.0,0.0,0.0,0.0,0.0,2.4431706772250807,13.287743707497278,0.13325455375485085,7.806108622124867,94.0034971950588,0.6562164986798453,19.369004715926216,1.6140837263271848,2.128301693278833,,,CFBD/team roster,,0.0,,MODELLED_ON_TEAM_RATES,opportunity-differentiated; team receiving rates,0.0,v1.0,2026-08-18T18:11:37+00:00
2026,CFF_OU,Oklahoma,CFP_4FD89EDA,Rocky Beers,TE,51,12.0,0.0,0.0,0.0,0.0,0.0,0.0,0.0,0.0,9.371455312981118,104.95026549888291,0.6913529612468217,19.32887197385978,1.6107393311549816,0.0,,,CFBD/team roster,,0.0,,MODELLED_ON_TEAM_RATES,opportunity-differentiated; team receiving rates,0.0,v1.0,2026-08-18T18:11:37+00:00
2026,CFF_HOU,Houston,CFP_9B90B1C9,Patrick Overmyer,TE,52,12.0,0.0,0.0,0.0,0.0,0.0,7.457690470301025,37.371065675253256,0.28414282181557066,6.400663127365228,72.13055398303484,0.5522077843059662,19.168597166240644,1.5973830971867204,5.441963498418749,,,CFBD/team roster,,0.0,,MODELLED_ON_TEAM_RATES,opportunity-differentiated; team receiving rates,0.0,v1.0,2026-08-18T18:11:37+00:00
2026,CFF_ASU,Arizona State,CFP_1683B6C8,Khamari Anderson,TE,53,12.0,0.0,0.0,0.0,0.0,0.0,0.0,0.0,0.0,8.683064135336414,102.42000395650095,0.7383569045089761,19.013673890372157,1.5844728241976798,0.0,,,CFBD/team roster,,0.0,,MODELLED_ON_TEAM_RATES,opportunity-differentiated; team receiving rates,0.0,v1.0,2026-08-18T18:11:37+00:00
2026,CFF_BAY,Baylor,CFP_46CA25BE,Tony Livingston,TE,54,12.0,0.0,0.0,0.0,0.0,0.0,0.0,0.0,0.0,8.095594253355786,100.2906654422403,0.8042677685331256,18.902470282100676,1.575205856841723,0.0,,,CFBD/team roster,,0.0,,MODELLED_ON_TEAM_RATES,opportunity-differentiated; team receiving rates,0.0,v1.0,2026-08-18T18:11:37+00:00
2026,CFF_BYU,BYU,CFP_4F7BC148,Walker Lyons,TE,55,12.0,0.0,0.0,0.0,0.0,0.0,0.0,0.0,0.0,8.639219914883743,106.74587638052463,0.649703001320702,18.89241560341855,1.5743679669515458,0.0,,,CFBD/team roster,,0.0,,MODELLED_ON_TEAM_RATES,opportunity-differentiated; team receiving rates,0.0,v1.0,2026-08-18T18:11:37+00:00
2026,CFF_TENN,Tennessee,CFP_65951A9F,DaSaahn Brame,TE,56,12.0,0.0,0.0,0.0,0.0,0.0,0.0,0.0,0.0,8.409244911598762,102.0255094987533,0.7229992866217174,18.745169125405013,1.5620974271170844,0.0,,,CFBD/team roster,,0.0,,MODELLED_ON_TEAM_RATES,opportunity-differentiated; team receiving rates,0.0,v1.0,2026-08-18T18:11:37+00:00
2026,CFF_OU,Oklahoma,CFP_127EAD50,Hayden Hansen,TE,57,12.0,0.0,0.0,0.0,0.0,0.0,0.0,0.0,0.0,9.053364140477841,101.3879849467015,0.6678866727449712,18.672800601378896,1.5560667167815747,0.0,,,CFBD/team roster,,0.0,,MODELLED_ON_TEAM_RATES,opportunity-differentiated; team receiving rates,0.0,v1.0,2026-08-18T18:11:37+00:00
2026,CFF_MICH,Michigan,CFP_73C273B3,Hogan Hansen,TE,58,12.0,0.0,0.0,0.0,0.0,0.0,0.0,0.0,0.0,9.046862622725786,101.25117249452809,0.6288497015861743,18.42164677033275,1.5351372308610625,0.0,,,CFBD/team roster,,0.0,,MODELLED_ON_TEAM_RATES,opportunity-differentiated; team receiving rates,0.0,v1.0,2026-08-18T18:11:37+00:00
2026,CFF_SYR,Syracuse,CFP_7F25B62D,Daunte Bacheyie,TE,59,12.0,0.0,0.0,0.0,0.0,0.0,0.0,0.0,0.0,8.322951983686611,98.78489680582709,0.6900806273679101,18.180449436633474,1.5150374530527895,0.0,,,CFBD/team roster,,0.0,,MODELLED_ON_TEAM_RATES,opportunity-differentiated; team receiving rates,0.0,v1.0,2026-08-18T18:11:37+00:00
2026,CFF_OSU,Ohio State,CFP_B0EBEC9A,Mason Williams,TE,60,12.0,0.0,0.0,0.0,0.0,0.0,0.0,0.0,0.0,7.788651501980997,96.92021449041879,0.747067344064412,18.06875126441885,1.5057292720349043,0.0,,,CFBD/team roster,,0.0,,MODELLED_ON_TEAM_RATES,opportunity-differentiated; team receiving rates,0.0,v1.0,2026-08-18T18:11:37+00:00
2026,CFF_TCU,TCU,CFP_47B07AA7,Lafayette Kaiuway,TE,61,12.0,0.0,0.0,0.0,0.0,0.0,0.0,0.0,0.0,8.016110479371907,96.98109658257039,0.704222031677954,17.931497088010715,1.4942914240008929,0.0,,,CFBD/team roster,,0.0,,MODELLED_ON_TEAM_RATES,opportunity-differentiated; team receiving rates,0.0,v1.0,2026-08-18T18:11:37+00:00
2026,CFF_ALA,Alabama,CFP_7B976A13,Marshall Pritchett,TE,62,12.0,0.0,0.0,0.0,0.0,0.0,0.0,0.0,0.0,7.921292919797872,96.55435900876743,0.6668250625264843,17.617032735934586,1.468086061327882,0.0,,,CFBD/team roster,,0.0,,MODELLED_ON_TEAM_RATES,opportunity-differentiated; team receiving rates,0.0,v1.0,2026-08-18T18:11:37+00:00
2026,CFF_PITT,Pitt,CFP_65F28375,Max Hunt,TE,63,12.0,0.0,0.0,0.0,0.0,0.0,0.0,0.0,0.0,7.754487016864182,92.28179310702549,0.710233136811838,17.366821640005668,1.447235136667139,0.0,,,CFBD/team roster,,0.0,,MODELLED_ON_TEAM_RATES,opportunity-differentiated; team receiving rates,0.0,v1.0,2026-08-18T18:11:37+00:00
2026,CFF_UGA,Georgia,CFP_7A2AAD0E,Elyiss Williams,TE,64,12.0,0.0,0.0,0.0,0.0,0.0,0.0,0.0,0.0,8.155055841611198,91.18782262095995,0.6921192802092389,17.349025864157028,1.445752155346419,0.0,,,CFBD/team roster,,0.0,,MODELLED_ON_TEAM_RATES,opportunity-differentiated; team receiving rates,0.0,v1.0,2026-08-18T18:11:37+00:00
2026,CFF_FLA,Florida,CFP_E52AEC87,Lacota Dippre,TE,65,12.0,0.0,0.0,0.0,0.0,0.0,1.1252155930375853,5.434927391606342,0.04956877496846141,7.622924864066041,88.72239886882191,0.6252984864485285,17.276398626577784,1.4396998855481487,0.8409053889714027,,,CFBD/team roster,,0.0,,MODELLED_ON_TEAM_RATES,opportunity-differentiated; team receiving rates,0.0,v1.0,2026-08-18T18:11:37+00:00
2026,CFF_IOWA,Iowa,CFP_C282C29F,Zach Ortwerth,TE,66,12.0,0.0,0.0,0.0,0.0,0.0,0.0,0.0,0.0,8.054533968708348,90.18391511791563,0.6144827040832237,16.73255472064508,1.3943795600537567,0.0,,,CFBD/team roster,,0.0,,MODELLED_ON_TEAM_RATES,opportunity-differentiated; team receiving rates,0.0,v1.0,2026-08-18T18:11:37+00:00
2026,CFF_TCU,TCU,CFP_EC760039,Braden Bach,TE,67,12.0,0.0,0.0,0.0,0.0,0.0,0.0,0.0,0.0,7.3118671155142465,88.46096779147301,0.642353661254694,16.356152304432587,1.363012692036049,0.0,,,CFBD/team roster,,0.0,,MODELLED_ON_TEAM_RATES,opportunity-differentiated; team receiving rates,0.0,v1.0,2026-08-18T18:11:37+00:00
2026,CFF_MSU,Michigan State,CFP_FB4BEB84,Joe Caudill,TE,68,12.0,0.0,0.0,0.0,0.0,0.0,0.0,0.0,0.0,7.62502539683625,88.98795723653738,0.6070278249342861,16.35347537167758,1.3627896143064648,0.0,,,CFBD/team roster,,0.0,,MODELLED_ON_TEAM_RATES,opportunity-differentiated; team receiving rates,0.0,v1.0,2026-08-18T18:11:37+00:00
2026,CFF_FLA,Florida,CFP_C47CB6B8,Amir Jackson,TE,69,12.0,0.0,0.0,0.0,0.0,0.0,0.0,0.0,0.0,7.5102472279632515,87.41095603655249,0.616055688366679,16.19255334783695,1.349379445653079,0.0,,,CFBD/team roster,,0.0,,MODELLED_ON_TEAM_RATES,opportunity-differentiated; team receiving rates,0.0,v1.0,2026-08-18T18:11:37+00:00
2026,CFF_WISC,Wisconsin,CFP_1FE0F75D,Grant Stec,TE,70,12.0,0.0,0.0,0.0,0.0,0.0,0.0,0.0,0.0,7.739083205920065,86.93107459673314,0.5734757125954457,16.00350333820602,1.333625278183835,0.0,,,CFBD/team roster,,0.0,,MODELLED_ON_TEAM_RATES,opportunity-differentiated; team receiving rates,0.0,v1.0,2026-08-18T18:11:37+00:00
2026,CFF_OSU,Ohio State,CFP_83611E97,Hunter Welcing,TE,71,12.0,0.0,0.0,0.0,0.0,0.0,0.0,0.0,0.0,6.897828192029733,85.83501106957225,0.6616218720174611,16.00214643507686,1.3335122029230717,0.0,,,CFBD/team roster,,0.0,,MODELLED_ON_TEAM_RATES,opportunity-differentiated; team receiving rates,0.0,v1.0,2026-08-18T18:11:37+00:00
2026,CFF_PITT,Pitt,CFP_CC716EE0,Wyatt Villarreal,TE,72,12.0,0.0,0.0,0.0,0.0,0.0,0.0,0.0,0.0,7.034671995666367,83.71567896987555,0.6443053095657822,15.754735752215431,1.3128946460179527,0.0,,,CFBD/team roster,,0.0,,MODELLED_ON_TEAM_RATES,opportunity-differentiated; team receiving rates,0.0,v1.0,2026-08-18T18:11:37+00:00
2026,CFF_ORE,Oregon,CFP_25B71624,Andrew Olesh,TE,73,12.0,0.0,0.0,0.0,0.0,0.0,0.0,0.0,0.0,7.014555345907759,84.8021868045798,0.6220205401441703,15.719619594276882,1.3099682995230735,0.0,,,CFBD/team roster,,0.0,,MODELLED_ON_TEAM_RATES,opportunity-differentiated; team receiving rates,0.0,v1.0,2026-08-18T18:11:37+00:00
2026,CFF_FLA,Florida,CFP_7B9A0263,Luke Harpring,TE,74,12.0,0.0,0.0,0.0,0.0,0.0,0.0,0.0,0.0,7.215719198459045,83.98297612363203,0.5918959420291803,15.557532863767808,1.2964610719806506,0.0,,,CFBD/team roster,,0.0,,MODELLED_ON_TEAM_RATES,opportunity-differentiated; team receiving rates,0.0,v1.0,2026-08-18T18:11:37+00:00
2026,CFF_PSU,Penn State,CFP_051D851C,Gabe Burkle,TE,75,12.0,0.0,0.0,0.0,0.0,0.0,2.4431706772250807,13.287743707497278,0.13325455375485085,6.062891309382348,73.01115239161646,0.5096738335978162,15.51890558871855,1.2932421323932124,2.128301693278833,,,CFBD/team roster,,0.0,,MODELLED_ON_TEAM_RATES,opportunity-differentiated; team receiving rates,0.0,v1.0,2026-08-18T18:11:37+00:00
2026,CFF_BYU,BYU,CFP_DDEEE76B,Roger Saleapaga II,TE,76,12.0,0.0,0.0,0.0,0.0,0.0,8.335519614158965,45.800760648140404,0.42957708518080256,3.7958808371672035,46.9017608755831,0.28546503004449314,15.458445262307727,1.2882037718589772,7.157538575898856,,,CFBD/team roster,,0.0,,MODELLED_ON_TEAM_RATES,opportunity-differentiated; team receiving rates,0.0,v1.0,2026-08-18T18:11:37+00:00
2026,CFF_VAN,Vanderbilt,CFP_A511B3CE,Tilden Riley,TE,77,12.0,0.0,0.0,0.0,0.0,0.0,0.0,0.0,0.0,6.676681145887963,82.30965065556519,0.6342156076276978,15.374599284266687,1.281216607022224,0.0,,,CFBD/team roster,,0.0,,MODELLED_ON_TEAM_RATES,opportunity-differentiated; team receiving rates,0.0,v1.0,2026-08-18T18:11:37+00:00
2026,CFF_TAMU,Texas A&M,CFP_26DEDBD0,Richie Anderson,TE,78,12.0,0.0,0.0,0.0,0.0,0.0,0.0,0.0,0.0,6.417553985657232,83.72976955301759,0.6048221540623246,15.210686872504324,1.2675572393753602,0.0,,,CFBD/team roster,,0.0,,MODELLED_ON_TEAM_RATES,opportunity-differentiated; team receiving rates,0.0,v1.0,2026-08-18T18:11:37+00:00
2026,CFF_CIN,Cincinnati,CFP_4084F522,Gavin Grover,TE,79,12.0,0.0,0.0,0.0,0.0,0.0,0.0,0.0,0.0,6.833386079645233,81.16619508687583,0.600708968172506,15.137566357545236,1.2614638631287696,0.0,,,CFBD/team roster,,0.0,,MODELLED_ON_TEAM_RATES,opportunity-differentiated; team receiving rates,0.0,v1.0,2026-08-18T18:11:37+00:00
2026,CFF_ND,Notre Dame,CFP_7B098BDF,Ty Washington,TE,80,12.0,0.0,0.0,0.0,0.0,0.0,0.0,0.0,0.0,6.366099979401665,80.37118289339152,0.6042103986789138,14.845430671113466,1.2371192225927887,0.0,,,CFBD/team roster,,0.0,,MODELLED_ON_TEAM_RATES,opportunity-differentiated; team receiving rates,0.0,v1.0,2026-08-18T18:11:37+00:00
2026,CFF_ASU,Arizona State,CFP_43AD3311,Landen Miree,TE,81,12.0,0.0,0.0,0.0,0.0,0.0,0.0,0.0,0.0,6.735019400740979,79.44208437477772,0.5727065928606483,14.74795769501215,1.2289964745843458,0.0,,,CFBD/team roster,,0.0,,MODELLED_ON_TEAM_RATES,opportunity-differentiated; team receiving rates,0.0,v1.0,2026-08-18T18:11:37+00:00
2026,CFF_TEX,Texas,CFP_98323DE5,Michael Masunas,TE,82,12.0,0.0,0.0,0.0,0.0,0.0,0.0,0.0,0.0,6.25948119676505,78.09894001360553,0.6271473572093379,14.702518742999104,1.2252098952499253,0.0,,,CFBD/team roster,,0.0,,MODELLED_ON_TEAM_RATES,opportunity-differentiated; team receiving rates,0.0,v1.0,2026-08-18T18:11:37+00:00
2026,CFF_KSU,Kansas State,CFP_82093B2B,Linkon Cure,TE,83,12.0,0.0,0.0,0.0,0.0,0.0,0.0,0.0,0.0,6.500407426298164,77.08877942948405,0.6006867004626006,14.563201858873091,1.2136001549060909,0.0,,,CFBD/team roster,,0.0,,MODELLED_ON_TEAM_RATES,opportunity-differentiated; team receiving rates,0.0,v1.0,2026-08-18T18:11:37+00:00
2026,CFF_BC,Boston College,CFP_19A787E8,DJ Johnson,TE,84,12.0,0.0,0.0,0.0,0.0,0.0,0.0,0.0,0.0,6.477060532247999,77.56506794259242,0.5676218095322692,14.400767917576857,1.2000639931314048,0.0,,,CFBD/team roster,,0.0,,MODELLED_ON_TEAM_RATES,opportunity-differentiated; team receiving rates,0.0,v1.0,2026-08-18T18:11:37+00:00
2026,CFF_ALA,Alabama,CFP_A36192E9,Mack Sutter,TE,85,12.0,0.0,0.0,0.0,0.0,0.0,0.0,0.0,0.0,6.444945623830129,78.55884132247918,0.5425441669817684,14.333621946053594,1.1944684955044662,0.0,,,CFBD/team roster,,0.0,,MODELLED_ON_TEAM_RATES,opportunity-differentiated; team receiving rates,0.0,v1.0,2026-08-18T18:11:37+00:00
2026,CFF_VAN,Vanderbilt,CFP_5B4F5DA2,Adam Gehm,TE,86,12.0,0.0,0.0,0.0,0.0,0.0,0.0,0.0,0.0,6.213450631316633,76.59897779366787,0.5902135030114716,14.307904113093933,1.1923253427578278,0.0,,,CFBD/team roster,,0.0,,MODELLED_ON_TEAM_RATES,opportunity-differentiated; team receiving rates,0.0,v1.0,2026-08-18T18:11:37+00:00
2026,CFF_MSST,Mississippi State,CFP_E5D4273E,Sam West,TE,87,12.0,0.0,0.0,0.0,0.0,0.0,1.3962657313218252,6.15669329100449,0.06709914732358543,5.946087939795147,72.02932581866041,0.49702554397675713,14.17639402866612,1.18136616905551,1.0182642130419615,,,CFBD/team roster,,0.0,,MODELLED_ON_TEAM_RATES,opportunity-differentiated; team receiving rates,0.0,v1.0,2026-08-18T18:11:37+00:00
2026,CFF_MSU,Michigan State,CFP_52062178,Eddie Whiting,TE,88,12.0,0.0,0.0,0.0,0.0,0.0,0.0,0.0,0.0,6.5151087313824645,76.03466047735509,0.5186674242504697,13.97302495892956,1.1644187465774634,0.0,,,CFBD/team roster,,0.0,,MODELLED_ON_TEAM_RATES,opportunity-differentiated; team receiving rates,0.0,v1.0,2026-08-18T18:11:37+00:00
2026,CFF_OSU,Ohio State,CFP_C4345FDC,Bennett Christian,TE,89,12.0,0.0,0.0,0.0,0.0,0.0,0.0,0.0,0.0,5.823701804989216,72.46882569135792,0.5585944420506993,13.510300123934597,1.1258583436612164,0.0,,,CFBD/team roster,,0.0,,MODELLED_ON_TEAM_RATES,opportunity-differentiated; team receiving rates,0.0,v1.0,2026-08-18T18:11:37+00:00
2026,CFF_TEX,Texas,CFP_B42D8F03,Nick Townsend,TE,90,12.0,0.0,0.0,0.0,0.0,0.0,1.7437368998048217,8.32035389684406,0.082524999833395,5.159176368066121,64.37054334430188,0.5169060698323854,13.445264326142336,1.1204386938451947,1.327185388684776,,,CFBD/team roster,,0.0,,MODELLED_ON_TEAM_RATES,opportunity-differentiated; team receiving rates,0.0,v1.0,2026-08-18T18:11:37+00:00
2026,CFF_SMU,SMU,CFP_0E38EC34,Zack Turner,TE,91,12.0,0.0,0.0,0.0,0.0,0.0,0.0,0.0,0.0,5.960538293672284,73.08375645348204,0.5203127607569553,13.410521356726079,1.1175434463938398,0.0,,,CFBD/team roster,,0.0,,MODELLED_ON_TEAM_RATES,opportunity-differentiated; team receiving rates,0.0,v1.0,2026-08-18T18:11:37+00:00
2026,CFF_TCU,TCU,CFP_B6CFB552,Ka'Morreun Pimpton,TE,92,12.0,0.0,0.0,0.0,0.0,0.0,0.0,0.0,0.0,5.988855835654998,72.45481555067789,0.5261260102220784,13.39666553422776,1.1163887945189799,0.0,,,CFBD/team roster,,0.0,,MODELLED_ON_TEAM_RATES,opportunity-differentiated; team receiving rates,0.0,v1.0,2026-08-18T18:11:37+00:00
2026,CFF_KSU,Kansas State,CFP_5336B663,Will Anciaux,TE,93,12.0,0.0,0.0,0.0,0.0,0.0,0.0,0.0,0.0,5.948075057620364,70.53863182358006,0.5496470215099383,13.325782840227818,1.1104819033523181,0.0,,,CFBD/team roster,,0.0,,MODELLED_ON_TEAM_RATES,opportunity-differentiated; team receiving rates,0.0,v1.0,2026-08-18T18:11:37+00:00
2026,CFF_UTAH,Utah,CFP_55B1CBC6,Bear Fisher,TE,94,12.0,0.0,0.0,0.0,0.0,0.0,0.0,0.0,0.0,5.779757892262607,68.8296175736848,0.578515009265366,13.243930759091981,1.1036608965909984,0.0,,,CFBD/team roster,,0.0,,MODELLED_ON_TEAM_RATES,opportunity-differentiated; team receiving rates,0.0,v1.0,2026-08-18T18:11:37+00:00
2026,CFF_HOU,Houston,CFP_0B63668F,Jaivion Martin,TE,95,12.0,0.0,0.0,0.0,0.0,0.0,0.0,0.0,0.0,6.16207352566178,69.44183254855037,0.5316238178178972,13.214962924593312,1.101246910382776,0.0,,,CFBD/team roster,,0.0,,MODELLED_ON_TEAM_RATES,opportunity-differentiated; team receiving rates,0.0,v1.0,2026-08-18T18:11:37+00:00
2026,CFF_FLA,Florida,CFP_3F03C3CF,Micah Jones,TE,96,12.0,0.0,0.0,0.0,0.0,0.0,0.0,0.0,0.0,6.107649935316925,71.08627769200952,0.5010024798111455,13.168467615726287,1.0973723013105239,0.0,,,CFBD/team roster,,0.0,,MODELLED_ON_TEAM_RATES,opportunity-differentiated; team receiving rates,0.0,v1.0,2026-08-18T18:11:37+00:00
2026,CFF_GT,Georgia Tech,CFP_55C703DD,Gavin Harris,TE,97,12.0,0.0,0.0,0.0,0.0,0.0,0.0,0.0,0.0,6.134939677735175,72.35871597823301,0.4567797848749399,13.044020145940529,1.0870016788283774,0.0,,,CFBD/team roster,,0.0,,MODELLED_ON_TEAM_RATES,opportunity-differentiated; team receiving rates,0.0,v1.0,2026-08-18T18:11:37+00:00
2026,CFF_OSU,Ohio State,CFP_62E8EB5E,Nate Roberts,TE,98,12.0,0.0,0.0,0.0,0.0,0.0,2.0037527874280117,9.817058913803828,0.10846227238494814,4.877541717048744,60.695023943758834,0.46784120912229604,12.947800033324103,1.078983336110342,1.6324795256900717,,,CFBD/team roster,,0.0,,MODELLED_ON_TEAM_RATES,opportunity-differentiated; team receiving rates,0.0,v1.0,2026-08-18T18:11:37+00:00
2026,CFF_OU,Oklahoma,CFP_46127B45,Tyler Ruxer,TE,99,12.0,0.0,0.0,0.0,0.0,0.0,0.0,0.0,0.0,6.260523645899082,70.11116169854877,0.4618526596987252,12.912493950996769,1.0760411625830641,0.0,,,CFBD/team roster,,0.0,,MODELLED_ON_TEAM_RATES,opportunity-differentiated; team receiving rates,0.0,v1.0,2026-08-18T18:11:37+00:00
2026,CFF_SYR,Syracuse,CFP_6CD8803D,David Clement,TE,100,12.0,0.0,0.0,0.0,0.0,0.0,0.0,0.0,0.0,5.908592442058333,70.12892730853942,0.4898989189495287,12.90658246558028,1.0755485387983568,0.0,,,CFBD/team roster,,0.0,,MODELLED_ON_TEAM_RATES,opportunity-differentiated; team receiving rates,0.0,v1.0,2026-08-18T18:11:37+00:00
2026,CFF_BAY,Baylor,CFP_408E5771,Hawkins Polley,TE,101,12.0,0.0,0.0,0.0,0.0,0.0,0.0,0.0,0.0,5.512865955467608,68.29504763514237,0.5476831300417833,12.87203652149874,1.072669710124895,0.0,,,CFBD/team roster,,0.0,,MODELLED_ON_TEAM_RATES,opportunity-differentiated; team receiving rates,0.0,v1.0,2026-08-18T18:11:37+00:00
2026,CFF_BC,Boston College,CFP_79F89D06,Cameron Kossmann,TE,102,12.0,0.0,0.0,0.0,0.0,0.0,0.0,0.0,0.0,5.786740618134099,69.29824524211266,0.5071251325513152,12.865945628586207,1.0721621357155173,0.0,,,CFBD/team roster,,0.0,,MODELLED_ON_TEAM_RATES,opportunity-differentiated; team receiving rates,0.0,v1.0,2026-08-18T18:11:37+00:00
2026,CFF_TAMU,Texas A&M,CFP_9D61D217,Kiotti Armstrong,TE,103,12.0,0.0,0.0,0.0,0.0,0.0,0.0,0.0,0.0,5.363889909876386,69.9826237637347,0.5055196195770468,12.713325048773942,1.0594437540644952,0.0,,,CFBD/team roster,,0.0,,MODELLED_ON_TEAM_RATES,opportunity-differentiated; team receiving rates,0.0,v1.0,2026-08-18T18:11:37+00:00
2026,CFF_SMU,SMU,CFP_AFFFE64A,Andre Nickerson Jr.,TE,104,12.0,0.0,0.0,0.0,0.0,0.0,0.0,0.0,0.0,5.621888474070572,68.93148031341234,0.49075103094576195,12.648598454051092,1.0540498711709243,0.0,,,CFBD/team roster,,0.0,,MODELLED_ON_TEAM_RATES,opportunity-differentiated; team receiving rates,0.0,v1.0,2026-08-18T18:11:37+00:00
2026,CFF_KU,Kansas,CFP_92AEE5B9,Carson Bruhn,TE,105,12.0,0.0,0.0,0.0,0.0,0.0,0.0,0.0,0.0,5.97155016904732,65.84310887015259,0.5068157495623892,12.610980468913255,1.0509150390761046,0.0,,,CFBD/team roster,,0.0,,MODELLED_ON_TEAM_RATES,opportunity-differentiated; team receiving rates,0.0,v1.0,2026-08-18T18:11:37+00:00
2026,CFF_MISS,Ole Miss,CFP_6798663F,Luke Hasz,TE,106,12.0,0.0,0.0,0.0,0.0,0.0,0.0,0.0,0.0,5.218423033463448,71.9864342385599,0.4446404723165949,12.475697774487283,1.0396414812072736,0.0,,,CFBD/team roster,,0.0,,MODELLED_ON_TEAM_RATES,opportunity-differentiated; team receiving rates,0.0,v1.0,2026-08-18T18:11:37+00:00
2026,CFF_OU,Oklahoma,CFP_21829F45,Trynae Washington,TE,107,12.0,0.0,0.0,0.0,0.0,0.0,0.0,0.0,0.0,6.007029449965703,67.27229812004113,0.44315183286186605,12.38965553415816,1.03247129451318,0.0,,,CFBD/team roster,,0.0,,MODELLED_ON_TEAM_RATES,opportunity-differentiated; team receiving rates,0.0,v1.0,2026-08-18T18:11:37+00:00
2026,CFF_PSU,Penn State,CFP_D1C9977D,Brian Kortovich,TE,108,12.0,0.0,0.0,0.0,0.0,0.0,0.0,0.0,0.0,5.511570941662033,66.37198745690306,0.4633273709914798,12.1729484424702,1.01441237020585,0.0,,,CFBD/team roster,,0.0,,MODELLED_ON_TEAM_RATES,opportunity-differentiated; team receiving rates,0.0,v1.0,2026-08-18T18:11:37+00:00
2026,CFF_TAMU,Texas A&M,CFP_2DE9532A,Houston Thomas,TE,109,12.0,0.0,0.0,0.0,0.0,0.0,0.0,0.0,0.0,5.110770608180267,66.68017849443068,0.48166439971777514,12.113389551839852,1.0094491293199876,0.0,,,CFBD/team roster,,0.0,,MODELLED_ON_TEAM_RATES,opportunity-differentiated; team receiving rates,0.0,v1.0,2026-08-18T18:11:37+00:00
2026,CFF_ISU,Iowa State,CFP_C713108F,Jordan Vyborny,TE,110,12.0,0.0,0.0,0.0,0.0,0.0,0.0,0.0,0.0,5.90419073874154,66.46667160228898,0.4057839096485381,12.033465987490898,1.0027888322909082,0.0,,,CFBD/team roster,,0.0,,MODELLED_ON_TEAM_RATES,opportunity-differentiated; team receiving rates,0.0,v1.0,2026-08-18T18:11:37+00:00
2026,CFF_ISU,Iowa State,CFP_363DD614,Drake DeBaun,TE,111,12.0,0.0,0.0,0.0,0.0,0.0,0.0,0.0,0.0,5.90419073874154,66.46667160228898,0.4057839096485381,12.033465987490898,1.0027888322909082,0.0,,,CFBD/team roster,,0.0,,MODELLED_ON_TEAM_RATES,opportunity-differentiated; team receiving rates,0.0,v1.0,2026-08-18T18:11:37+00:00
2026,CFF_ASU,Arizona State,CFP_E971BAFC,Anthony Miller,TE,112,12.0,0.0,0.0,0.0,0.0,0.0,0.0,0.0,0.0,5.419362322525406,63.92341480652435,0.4608308226802478,11.867007577996624,0.9889172981663853,0.0,,,CFBD/team roster,,0.0,,MODELLED_ON_TEAM_RATES,opportunity-differentiated; team receiving rates,0.0,v1.0,2026-08-18T18:11:37+00:00
2026,CFF_MINN,Minnesota,CFP_06847F3E,Roman Voss,TE,113,12.0,0.0,0.0,0.0,0.0,0.0,0.0,0.0,0.0,5.8609603387148335,61.274847058775215,0.46166655920646027,11.8279642304737,0.9856636858728084,0.0,,,CFBD/team roster,,0.0,,MODELLED_ON_TEAM_RATES,opportunity-differentiated; team receiving rates,0.0,v1.0,2026-08-18T18:11:37+00:00
2026,CFF_OSU,Ohio State,CFP_6C08EA66,Brody Lennon,TE,114,12.0,0.0,0.0,0.0,0.0,0.0,0.0,0.0,0.0,5.066279656261935,63.04363609393265,0.4859444649858209,11.753170227439156,0.9794308522865963,0.0,,,CFBD/team roster,,0.0,,MODELLED_ON_TEAM_RATES,opportunity-differentiated; team receiving rates,0.0,v1.0,2026-08-18T18:11:37+00:00
2026,CFF_TEX,Texas,CFP_80AB7AE4,Charlie Jilek,TE,115,12.0,0.0,0.0,0.0,0.0,0.0,0.0,0.0,0.0,4.9181967091844045,61.363863504249196,0.49276193528542306,11.55205631672966,0.9626713597274716,0.0,,,CFBD/team roster,,0.0,,MODELLED_ON_TEAM_RATES,opportunity-differentiated; team receiving rates,0.0,v1.0,2026-08-18T18:11:37+00:00
2026,CFF_NCSU,NC State,CFP_F1DE5E76,Tex Vaughn,TE,116,12.0,0.0,0.0,0.0,0.0,0.0,0.0,0.0,0.0,5.234572698470312,60.949992417729845,0.4534549033220204,11.433015010940263,0.9527512509116886,0.0,,,CFBD/team roster,,0.0,,MODELLED_ON_TEAM_RATES,opportunity-differentiated; team receiving rates,0.0,v1.0,2026-08-18T18:11:37+00:00
2026,CFF_NW,Northwestern,CFP_F87F7855,Alex Honig,TE,117,12.0,0.0,0.0,0.0,0.0,0.0,0.628331027009507,2.946959728239156,0.025301069616578697,5.3953035134703615,58.596505933143206,0.3945256563559423,11.370958678708543,0.9475798898923786,0.4465023905233878,,,CFBD/team roster,,0.0,,MODELLED_ON_TEAM_RATES,opportunity-differentiated; team receiving rates,0.0,v1.0,2026-08-18T18:11:37+00:00
2026,CFF_STAN,Stanford,CFP_560D8034,Reiman Zebert,TE,118,12.0,0.0,0.0,0.0,0.0,0.0,0.0,0.0,0.0,5.321167155533521,61.08012196018023,0.4227262267746042,11.30495313443241,0.9420794278693675,0.0,,,CFBD/team roster,,0.0,,MODELLED_ON_TEAM_RATES,opportunity-differentiated; team receiving rates,0.0,v1.0,2026-08-18T18:11:37+00:00
2026,CFF_UK,Kentucky,CFP_B6233B36,Henry Boyer,TE,119,12.0,0.0,0.0,0.0,0.0,0.0,0.0,0.0,0.0,5.188624541041343,61.24765511283554,0.42294202022903976,11.256729903178464,0.938060825264872,0.0,,,CFBD/team roster,,0.0,,MODELLED_ON_TEAM_RATES,opportunity-differentiated; team receiving rates,0.0,v1.0,2026-08-18T18:11:37+00:00
2026,CFF_STAN,Stanford,CFP_1B0059DB,Marcus Monroe,TE,120,12.0,0.0,0.0,0.0,0.0,0.0,0.0,0.0,0.0,5.262541205018894,60.4071718154472,0.4180688412560246,11.180400831590314,0.9317000692991928,0.0,,,CFBD/team roster,,0.0,,MODELLED_ON_TEAM_RATES,opportunity-differentiated; team receiving rates,0.0,v1.0,2026-08-18T18:11:37+00:00
2026,CFF_MIZ,Missouri,CFP_78974A48,Jude James,TE,121,12.0,0.0,0.0,0.0,0.0,0.0,0.0,0.0,0.0,5.276620872325152,59.77304856717762,0.3860915130218793,10.932164371011613,0.9110136975843011,0.0,,,CFBD/team roster,,0.0,,MODELLED_ON_TEAM_RATES,opportunity-differentiated; team receiving rates,0.0,v1.0,2026-08-18T18:11:37+00:00
2026,CFF_TEX,Texas,CFP_0F5E5FF6,Emaree Winston,TE,122,12.0,0.0,0.0,0.0,0.0,0.0,0.0,0.0,0.0,4.63989515284682,57.891521968127165,0.46487846058873994,10.898370536768565,0.9081975447307138,0.0,,,CFBD/team roster,,0.0,,MODELLED_ON_TEAM_RATES,opportunity-differentiated; team receiving rates,0.0,v1.0,2026-08-18T18:11:37+00:00
2026,CFF_WISC,Wisconsin,CFP_35FE6B19,Jack Sievers,TE,123,12.0,0.0,0.0,0.0,0.0,0.0,0.0,0.0,0.0,5.267756449796151,59.17131483278966,0.39034731937178574,10.893093624407758,0.9077578020339798,0.0,,,CFBD/team roster,,0.0,,MODELLED_ON_TEAM_RATES,opportunity-differentiated; team receiving rates,0.0,v1.0,2026-08-18T18:11:37+00:00
2026,CFF_TCU,TCU,CFP_780D55FA,Mason Peterson,TE,124,12.0,0.0,0.0,0.0,0.0,0.0,0.0,0.0,0.0,4.860022475381832,58.797880878932055,0.42695705235365994,10.87154163970608,0.90596180330884,0.0,,,CFBD/team roster,,0.0,,MODELLED_ON_TEAM_RATES,opportunity-differentiated; team receiving rates,0.0,v1.0,2026-08-18T18:11:37+00:00
2026,CFF_SYR,Syracuse,CFP_F87FD1D9,Wyatt Bowman,TE,125,12.0,0.0,0.0,0.0,0.0,0.0,0.0,0.0,0.0,4.925314463917484,58.45842701099217,0.40837242626250364,10.75873449063298,0.8965612075527484,0.0,,,CFBD/team roster,,0.0,,MODELLED_ON_TEAM_RATES,opportunity-differentiated; team receiving rates,0.0,v1.0,2026-08-18T18:11:37+00:00
2026,CFF_STAN,Stanford,CFP_9E986137,Zach Giuliano,TE,126,12.0,0.0,0.0,0.0,0.0,0.0,0.0,0.0,0.0,5.008331201106729,57.489169507193054,0.3978737914443687,10.640325299938882,0.8866937749949068,0.0,,,CFBD/team roster,,0.0,,MODELLED_ON_TEAM_RATES,opportunity-differentiated; team receiving rates,0.0,v1.0,2026-08-18T18:11:37+00:00
2026,CFF_MISS,Ole Miss,CFP_069B1779,Brady Prieskorn,TE,127,12.0,0.0,0.0,0.0,0.0,0.0,0.0,0.0,0.0,4.4417112286935865,61.27194963318483,0.37846003782285603,10.618810804602411,0.8849009003835343,0.0,,,CFBD/team roster,,0.0,,MODELLED_ON_TEAM_RATES,opportunity-differentiated; team receiving rates,0.0,v1.0,2026-08-18T18:11:37+00:00
2026,CFF_BYU,BYU,CFP_1815FDEB,Jacob Nye,TE,128,12.0,0.0,0.0,0.0,0.0,0.0,0.0,0.0,0.0,4.855277020899269,59.99162028196729,0.36513575112112906,10.617615045373139,0.8848012537810949,0.0,,,CFBD/team roster,,0.0,,MODELLED_ON_TEAM_RATES,opportunity-differentiated; team receiving rates,0.0,v1.0,2026-08-18T18:11:37+00:00
2026,CFF_OSU,Ohio State,CFP_4E1ABC3E,Nick Lautar,TE,129,12.0,0.0,0.0,0.0,0.0,0.0,0.0,0.0,0.0,4.576647986732427,56.950770542041944,0.43898025932939916,10.617282603546801,0.8847735502955668,0.0,,,CFBD/team roster,,0.0,,MODELLED_ON_TEAM_RATES,opportunity-differentiated; team receiving rates,0.0,v1.0,2026-08-18T18:11:37+00:00
2026,CFF_ISU,Iowa State,CFP_C861FEA0,Luke Galer,TE,130,12.0,0.0,0.0,0.0,0.0,0.0,0.0,0.0,0.0,5.201537451231625,58.55652313693894,0.3574918725599895,10.601372274669643,0.8834476895558036,0.0,,,CFBD/team roster,,0.0,,MODELLED_ON_TEAM_RATES,opportunity-differentiated; team receiving rates,0.0,v1.0,2026-08-18T18:11:37+00:00
2026,CFF_KU,Kansas,CFP_721DA619,Jailen Butler,TE,131,12.0,0.0,0.0,0.0,0.0,0.0,0.0,0.0,0.0,5.0199302902786656,55.350421124591534,0.4260501311712857,10.601308044626201,0.8834423370521834,0.0,,,CFBD/team roster,,0.0,,MODELLED_ON_TEAM_RATES,opportunity-differentiated; team receiving rates,0.0,v1.0,2026-08-18T18:11:37+00:00
2026,CFF_FSU,Florida State,CFP_3856A85A,Landen Thomas,TE,132,12.0,0.0,0.0,0.0,0.0,0.0,0.0,0.0,0.0,4.831400522629874,59.822462877127634,0.36306661646581195,10.576346247822572,0.8813621873185477,0.0,,,CFBD/team roster,,0.0,,MODELLED_ON_TEAM_RATES,opportunity-differentiated; team receiving rates,0.0,v1.0,2026-08-18T18:11:37+00:00
2026,CFF_MISS,Ole Miss,CFP_AEA02BBB,Hayden Bradley,TE,133,12.0,0.0,0.0,0.0,0.0,0.0,0.0,0.0,0.0,4.409702500100366,60.83039972027819,0.375732705042689,10.542287452334136,0.878523954361178,0.0,,,CFBD/team roster,,0.0,,MODELLED_ON_TEAM_RATES,opportunity-differentiated; team receiving rates,0.0,v1.0,2026-08-18T18:11:37+00:00
2026,CFF_ND,Notre Dame,CFP_C7511EE9,Ian Premer,TE,134,12.0,0.0,0.0,0.0,0.0,0.0,0.0,0.0,0.0,4.504399298730158,56.867454333812056,0.42751526129040873,10.504036650488736,0.875336387540728,0.0,,,CFBD/team roster,,0.0,,MODELLED_ON_TEAM_RATES,opportunity-differentiated; team receiving rates,0.0,v1.0,2026-08-18T18:11:37+00:00
2026,CFF_UTAH,Utah,CFP_EF4914E7,Will Monney,TE,135,12.0,0.0,0.0,0.0,0.0,0.0,0.0,0.0,0.0,4.57533813150206,54.486499215333545,0.4579606673631639,10.484082991463369,0.8736735826219474,0.0,,,CFBD/team roster,,0.0,,MODELLED_ON_TEAM_RATES,opportunity-differentiated; team receiving rates,0.0,v1.0,2026-08-18T18:11:37+00:00
2026,CFF_HOU,Houston,CFP_D3578C8D,Wyatt Herbel,TE,136,12.0,0.0,0.0,0.0,0.0,0.0,0.0,0.0,0.0,4.865736689739709,54.83311275451799,0.41978426656605605,10.434885219717989,0.8695737683098325,0.0,,,CFBD/team roster,,0.0,,MODELLED_ON_TEAM_RATES,opportunity-differentiated; team receiving rates,0.0,v1.0,2026-08-18T18:11:37+00:00
2026,CFF_HOU,Houston,CFP_FD1D956B,Jacory Thurman,TE,137,12.0,0.0,0.0,0.0,0.0,0.0,0.0,0.0,0.0,4.865736689739709,54.83311275451799,0.41978426656605605,10.434885219717989,0.8695737683098325,0.0,,,CFBD/team roster,,0.0,,MODELLED_ON_TEAM_RATES,opportunity-differentiated; team receiving rates,0.0,v1.0,2026-08-18T18:11:37+00:00
2026,CFF_UNC,North Carolina,CFP_098E4BDE,Shamar Easter,TE,138,12.0,0.0,0.0,0.0,0.0,0.0,0.0,0.0,0.0,4.890542302119392,56.48503101385357,0.37949267941709,10.370730328947593,0.8642275274122994,0.0,,,CFBD/team roster,,0.0,,MODELLED_ON_TEAM_RATES,opportunity-differentiated; team receiving rates,0.0,v1.0,2026-08-18T18:11:37+00:00
2026,CFF_TAMU,Texas A&M,CFP_A751444D,KK Johnson,TE,139,12.0,0.0,0.0,0.0,0.0,0.0,0.0,0.0,0.0,4.367807476187547,56.98674514471999,0.4116438649649681,10.35244144235558,0.8627034535296317,0.0,,,CFBD/team roster,,0.0,,MODELLED_ON_TEAM_RATES,opportunity-differentiated; team receiving rates,0.0,v1.0,2026-08-18T18:11:37+00:00
2026,CFF_NW,Northwestern,CFP_CB991FEC,Tyler Kielmeyer,TE,140,12.0,0.0,0.0,0.0,0.0,0.0,0.0,0.0,0.0,5.054619649408006,54.89645754624246,0.36961352217414806,10.234636712373138,0.8528863926977616,0.0,,,CFBD/team roster,,0.0,,MODELLED_ON_TEAM_RATES,opportunity-differentiated; team receiving rates,0.0,v1.0,2026-08-18T18:11:37+00:00
2026,CFF_MICH,Michigan,CFP_537B888D,Mason Bonner,TE,141,12.0,0.0,0.0,0.0,0.0,0.0,0.0,0.0,0.0,5.020747010507998,56.19147132126625,0.34899339041210614,10.22348097985326,0.851956748321105,0.0,,,CFBD/team roster,,0.0,,MODELLED_ON_TEAM_RATES,opportunity-differentiated; team receiving rates,0.0,v1.0,2026-08-18T18:11:37+00:00
2026,CFF_SYR,Syracuse,CFP_BFAB950D,Carter Bashir,TE,142,12.0,0.0,0.0,0.0,0.0,0.0,0.0,0.0,0.0,4.663351991364209,55.349201357774824,0.38665234091769557,10.18651017696576,0.84887584808048,0.0,,,CFBD/team roster,,0.0,,MODELLED_ON_TEAM_RATES,opportunity-differentiated; team receiving rates,0.0,v1.0,2026-08-18T18:11:37+00:00
2026,CFF_TENN,Tennessee,CFP_74401156,Luca Wolf,TE,143,12.0,0.0,0.0,0.0,0.0,0.0,0.0,0.0,0.0,4.551902509752325,55.226144276709064,0.3913576429178881,10.146711540054397,0.8455592950045331,0.0,,,CFBD/team roster,,0.0,,MODELLED_ON_TEAM_RATES,opportunity-differentiated; team receiving rates,0.0,v1.0,2026-08-18T18:11:37+00:00
2026,CFF_PUR,Purdue,CFP_872F983F,Luca Puccinelli,TE,144,12.0,0.0,0.0,0.0,0.0,0.0,0.0,0.0,0.0,4.89441464877807,54.63630664350987,0.3644741936594891,10.097683150696957,0.8414735958914131,0.0,,,CFBD/team roster,,0.0,,MODELLED_ON_TEAM_RATES,opportunity-differentiated; team receiving rates,0.0,v1.0,2026-08-18T18:11:37+00:00
2026,CFF_USC,USC,CFP_1A019A4A,Walter Matthews,TE,145,12.0,0.0,0.0,0.0,0.0,0.0,0.0,0.0,0.0,4.393167028428675,55.58215213329719,0.3849438004587658,10.06446153029665,0.8387051275247209,0.0,,,CFBD/team roster,,0.0,,MODELLED_ON_TEAM_RATES,opportunity-differentiated; team receiving rates,0.0,v1.0,2026-08-18T18:11:37+00:00
2026,CFF_USC,USC,CFP_8CFBF49F,Carson Tabaracci,TE,146,12.0,0.0,0.0,0.0,0.0,0.0,0.0,0.0,0.0,4.3735024206066555,55.33335639743463,0.38322072259248974,10.01941118560173,0.8349509321334775,0.0,,,CFBD/team roster,,0.0,,MODELLED_ON_TEAM_RATES,opportunity-differentiated; team receiving rates,0.0,v1.0,2026-08-18T18:11:37+00:00
2026,CFF_WISC,Wisconsin,CFP_56E31C06,Nizyi Davis,TE,147,12.0,0.0,0.0,0.0,0.0,0.0,0.0,0.0,0.0,4.837267272922953,54.335743777135,0.3584475347457289,10.00289322264935,0.8335744352207791,0.0,,,CFBD/team roster,,0.0,,MODELLED_ON_TEAM_RATES,opportunity-differentiated; team receiving rates,0.0,v1.0,2026-08-18T18:11:37+00:00
2026,CFF_KU,Kansas,CFP_78C3A228,Leyton Cure,TE,148,12.0,0.0,0.0,0.0,0.0,0.0,0.0,0.0,0.0,4.7242419503386905,52.09012203856569,0.40095455240175404,9.976860493436437,0.831405041119703,0.0,,,CFBD/team roster,,0.0,,MODELLED_ON_TEAM_RATES,opportunity-differentiated; team receiving rates,0.0,v1.0,2026-08-18T18:11:37+00:00
2026,CFF_MINN,Minnesota,CFP_A4BCA68C,Gabe Weaver,TE,149,12.0,0.0,0.0,0.0,0.0,0.0,0.0,0.0,0.0,4.873805291345291,50.95439255043944,0.38390857283825375,9.835793337746113,0.819649444812176,0.0,,,CFBD/team roster,,0.0,,MODELLED_ON_TEAM_RATES,opportunity-differentiated; team receiving rates,0.0,v1.0,2026-08-18T18:11:37+00:00
2026,CFF_MD,Maryland,CFP_528A2005,AJ Szymanski,TE,150,12.0,0.0,0.0,0.0,0.0,0.0,0.0,0.0,0.0,4.787167349278891,52.62817499188203,0.35493535000249904,9.786013273842643,0.8155011061535536,0.0,,,CFBD/team roster,,0.0,,MODELLED_ON_TEAM_RATES,opportunity-differentiated; team receiving rates,0.0,v1.0,2026-08-18T18:11:37+00:00
2026,CFF_AUB,Auburn,CFP_5BCDDA21,Jake Johnson,TE,151,12.0,0.0,0.0,0.0,0.0,0.0,0.0,0.0,0.0,4.164870984891858,53.33102899352808,0.39188393746850003,9.766842016609736,0.8139035013841447,0.0,,,CFBD/team roster,,0.0,,MODELLED_ON_TEAM_RATES,opportunity-differentiated; team receiving rates,0.0,v1.0,2026-08-18T18:11:37+00:00
2026,CFF_ARIZ,Arizona,CFP_83453851,Cole Rusk,TE,152,12.0,0.0,0.0,0.0,0.0,0.0,0.0,0.0,0.0,4.414946554770785,51.54793191662655,0.39347377716510107,9.723109132038655,0.8102590943365545,0.0,,,CFBD/team roster,,0.0,,MODELLED_ON_TEAM_RATES,opportunity-differentiated; team receiving rates,0.0,v1.0,2026-08-18T18:11:37+00:00
2026,CFF_MSST,Mississippi State,CFP_3BA3A2B9,Zayion Cotton,TE,153,12.0,0.0,0.0,0.0,0.0,0.0,0.0,0.0,0.0,4.3714338951838565,52.95438606341595,0.3654023169033461,9.6735694553536,0.8061307879461334,0.0,,,CFBD/team roster,,0.0,,MODELLED_ON_TEAM_RATES,opportunity-differentiated; team receiving rates,0.0,v1.0,2026-08-18T18:11:37+00:00
2026,CFF_ARIZ,Arizona,CFP_7F13DF0F,Henry Gabalis,TE,154,12.0,0.0,0.0,0.0,0.0,0.0,0.0,0.0,0.0,4.327151708914735,50.522858865192205,0.3856492272671462,9.529757104579465,0.7941464253816221,0.0,,,CFBD/team roster,,0.0,,MODELLED_ON_TEAM_RATES,opportunity-differentiated; team receiving rates,0.0,v1.0,2026-08-18T18:11:37+00:00
2026,CFF_RUTG,Rutgers,CFP_FAEE642A,DJ Howerton,TE,155,12.0,0.0,0.0,0.0,0.0,0.0,0.0,0.0,0.0,4.352649311615387,51.28591738841745,0.3473724724557457,9.389151229383913,0.7824292691153261,0.0,,,CFBD/team roster,,0.0,,MODELLED_ON_TEAM_RATES,opportunity-differentiated; team receiving rates,0.0,v1.0,2026-08-18T18:11:37+00:00
2026,CFF_VT,Virginia Tech,CFP_9B31ED13,Harrison Saint Germain,TE,156,12.0,0.0,0.0,0.0,0.0,0.0,0.0,0.0,0.0,4.384354689045616,50.43369523978327,0.3456019429702847,9.309158526322843,0.7757632105269036,0.0,,,CFBD/team roster,,0.0,,MODELLED_ON_TEAM_RATES,opportunity-differentiated; team receiving rates,0.0,v1.0,2026-08-18T18:11:37+00:00
2026,CFF_UTAH,Utah,CFP_F6B2449E,Sione Motuapuaka,TE,157,12.0,0.0,0.0,0.0,0.0,0.0,0.0,0.0,0.0,4.056174936238744,48.3039211810281,0.40599591272870655,9.294455062594421,0.7745379218828684,0.0,,,CFBD/team roster,,0.0,,MODELLED_ON_TEAM_RATES,opportunity-differentiated; team receiving rates,0.0,v1.0,2026-08-18T18:11:37+00:00
2026,CFF_AUB,Auburn,CFP_5F66F370,Ryan Ghea,TE,158,12.0,0.0,0.0,0.0,0.0,0.0,0.0,0.0,0.0,3.9371014478532658,50.41444794510863,0.37045248777081424,9.23271044506238,0.7693925370885317,0.0,,,CFBD/team roster,,0.0,,MODELLED_ON_TEAM_RATES,opportunity-differentiated; team receiving rates,0.0,v1.0,2026-08-18T18:11:37+00:00
2026,CFF_ND,Notre Dame,CFP_B811DDDB,Jack Larsen,TE,159,12.0,0.0,0.0,0.0,0.0,0.0,0.0,0.0,0.0,3.947444364909939,49.83597085188773,0.3746543317262251,9.205245258001092,0.767103771500091,0.0,,,CFBD/team roster,,0.0,,MODELLED_ON_TEAM_RATES,opportunity-differentiated; team receiving rates,0.0,v1.0,2026-08-18T18:11:37+00:00
2026,CFF_NCSU,NC State,CFP_FA3CED09,Vander Ploog,TE,160,12.0,0.0,0.0,0.0,0.0,0.0,0.0,0.0,0.0,4.207589896799934,48.992073867235675,0.36449054770596284,9.189945621359312,0.7658288017799427,0.0,,,CFBD/team roster,,0.0,,MODELLED_ON_TEAM_RATES,opportunity-differentiated; team receiving rates,0.0,v1.0,2026-08-18T18:11:37+00:00
2026,CFF_NCSU,NC State,CFP_968B92EB,Stephen Brown,TE,161,12.0,0.0,0.0,0.0,0.0,0.0,0.0,0.0,0.0,4.1836718111715125,48.71357794757351,0.362418597647947,9.13770528623079,0.7614754405192325,0.0,,,CFBD/team roster,,0.0,,MODELLED_ON_TEAM_RATES,opportunity-differentiated; team receiving rates,0.0,v1.0,2026-08-18T18:11:37+00:00
2026,CFF_BC,Boston College,CFP_FDBCD108,Zeke Moore,TE,162,12.0,0.0,0.0,0.0,0.0,0.0,0.0,0.0,0.0,4.085265218761478,48.92248152986861,0.35801512497024846,9.08297151218909,0.7569142926824242,0.0,,,CFBD/team roster,,0.0,,MODELLED_ON_TEAM_RATES,opportunity-differentiated; team receiving rates,0.0,v1.0,2026-08-18T18:11:37+00:00
2026,CFF_LOU,Louisville,CFP_B5A2CF14,Justyn Reid,TE,163,12.0,0.0,0.0,0.0,0.0,0.0,0.0,0.0,0.0,4.141109164914117,49.112657616640846,0.3444001729248391,9.048221381670178,0.7540184484725149,0.0,,,CFBD/team roster,,0.0,,MODELLED_ON_TEAM_RATES,opportunity-differentiated; team receiving rates,0.0,v1.0,2026-08-18T18:11:37+00:00
2026,CFF_TEX,Texas,CFP_22B9545D,Spencer Shannon,TE,164,12.0,0.0,0.0,0.0,0.0,0.0,0.0,0.0,0.0,3.845076966286664,47.97465251479853,0.3852443648076499,9.031469923469084,0.7526224936224236,0.0,,,CFBD/team roster,,0.0,,MODELLED_ON_TEAM_RATES,opportunity-differentiated; team receiving rates,0.0,v1.0,2026-08-18T18:11:37+00:00
2026,CFF_WISC,Wisconsin,CFP_670343BA,Jacob Harris,TE,165,12.0,0.0,0.0,0.0,0.0,0.0,0.0,0.0,0.0,4.348446229264769,48.844946291174814,0.32222528607820083,8.99206946021907,0.7493391216849226,0.0,,,CFBD/team roster,,0.0,,MODELLED_ON_TEAM_RATES,opportunity-differentiated; team receiving rates,0.0,v1.0,2026-08-18T18:11:37+00:00
2026,CFF_BAY,Baylor,CFP_472B431F,Brody Wilhelm,TE,166,12.0,0.0,0.0,0.0,0.0,0.0,0.0,0.0,0.0,3.849125719148033,47.68413135134338,0.38239660438261336,8.987355621004035,0.7489463017503363,0.0,,,CFBD/team roster,,0.0,,MODELLED_ON_TEAM_RATES,opportunity-differentiated; team receiving rates,0.0,v1.0,2026-08-18T18:11:37+00:00
2026,CFF_UTAH,Utah,CFP_3CB132AC,Semi Taulanga,TE,167,12.0,0.0,0.0,0.0,0.0,0.0,0.0,0.0,0.0,3.9167924881184706,46.644052241976965,0.39204466429083074,8.975069454001916,0.7479224545001597,0.0,,,CFBD/team roster,,0.0,,MODELLED_ON_TEAM_RATES,opportunity-differentiated; team receiving rates,0.0,v1.0,2026-08-18T18:11:37+00:00
2026,CFF_RUTG,Rutgers,CFP_1A5488CF,Brady Owens,TE,168,12.0,0.0,0.0,0.0,0.0,0.0,0.0,0.0,0.0,4.12159167389839,48.563436877916835,0.32893242430407194,8.89073407056531,0.7408945058804425,0.0,,,CFBD/team roster,,0.0,,MODELLED_ON_TEAM_RATES,opportunity-differentiated; team receiving rates,0.0,v1.0,2026-08-18T18:11:37+00:00
2026,CFF_SYR,Syracuse,CFP_9648AF56,Elijah Washington-Baker,TE,169,12.0,0.0,0.0,0.0,0.0,0.0,0.0,0.0,0.0,3.943611410461324,46.806619452843016,0.3269765152508982,8.614326742020353,0.7178605618350294,0.0,,,CFBD/team roster,,0.0,,MODELLED_ON_TEAM_RATES,opportunity-differentiated; team receiving rates,0.0,v1.0,2026-08-18T18:11:37+00:00
2026,CFF_ND,Notre Dame,CFP_F9EC6B44,James Flanigan,TE,170,12.0,0.0,0.0,0.0,0.0,0.0,0.0,0.0,0.0,3.657827799323426,46.17959944128709,0.3471666483528496,8.529873733907518,0.7108228111589598,0.0,,,CFBD/team roster,,0.0,,MODELLED_ON_TEAM_RATES,opportunity-differentiated; team receiving rates,0.0,v1.0,2026-08-18T18:11:37+00:00
2026,CFF_ARIZ,Arizona,CFP_0410FED6,Kellan Ford,TE,171,12.0,0.0,0.0,0.0,0.0,0.0,0.0,0.0,0.0,3.8407094529276207,44.84326750844116,0.3422959795071855,8.458457354351038,0.7048714461959199,0.0,,,CFBD/team roster,,0.0,,MODELLED_ON_TEAM_RATES,opportunity-differentiated; team receiving rates,0.0,v1.0,2026-08-18T18:11:37+00:00
2026,CFF_KU,Kansas,CFP_F90C825C,Jack Utz,TE,172,12.0,0.0,0.0,0.0,0.0,0.0,0.0,0.0,0.0,3.9947269009600643,44.04639177441641,0.339039353483337,8.436238748821696,0.7030198957351413,0.0,,,CFBD/team roster,,0.0,,MODELLED_ON_TEAM_RATES,opportunity-differentiated; team receiving rates,0.0,v1.0,2026-08-18T18:11:37+00:00
2026,CFF_KU,Kansas,CFP_6C960282,Kevin Sullivan,TE,173,12.0,0.0,0.0,0.0,0.0,0.0,0.0,0.0,0.0,3.9947269009600643,44.04639177441641,0.339039353483337,8.436238748821696,0.7030198957351413,0.0,,,CFBD/team roster,,0.0,,MODELLED_ON_TEAM_RATES,opportunity-differentiated; team receiving rates,0.0,v1.0,2026-08-18T18:11:37+00:00
2026,CFF_IND,Indiana,CFP_9B7D5D7B,Parker Elmore,TE,174,12.0,0.0,0.0,0.0,0.0,0.0,0.0,0.0,0.0,3.4998235784965623,43.82524918473807,0.38194837235310736,8.424126941840733,0.7020105784867278,0.0,,,CFBD/team roster,,0.0,,MODELLED_ON_TEAM_RATES,opportunity-differentiated; team receiving rates,0.0,v1.0,2026-08-18T18:11:37+00:00
2026,CFF_USC,USC,CFP_C47C722B,Taniela Tupou,TE,175,12.0,0.0,0.0,0.0,0.0,0.0,0.0,0.0,0.0,3.6585534647918214,46.287854286431234,0.32057453445431056,8.381509367764897,0.698459113980408,0.0,,,CFBD/team roster,,0.0,,MODELLED_ON_TEAM_RATES,opportunity-differentiated; team receiving rates,0.0,v1.0,2026-08-18T18:11:37+00:00
2026,CFF_NW,Northwestern,CFP_F8BFA4DA,Chris Petrucci,TE,176,12.0,0.0,0.0,0.0,0.0,0.0,0.0,0.0,0.0,4.091028601941695,44.431231931221355,0.29915198289072986,8.283549391437361,0.6902957826197801,0.0,,,CFBD/team roster,,0.0,,MODELLED_ON_TEAM_RATES,opportunity-differentiated; team receiving rates,0.0,v1.0,2026-08-18T18:11:37+00:00
2026,CFF_RUTG,Rutgers,CFP_409DC5AD,Kameron Anthony,TE,177,12.0,0.0,0.0,0.0,0.0,0.0,0.0,0.0,0.0,3.8254293979296436,45.07384859926413,0.3052965614798273,8.251878927770198,0.6876565773141832,0.0,,,CFBD/team roster,,0.0,,MODELLED_ON_TEAM_RATES,opportunity-differentiated; team receiving rates,0.0,v1.0,2026-08-18T18:11:37+00:00
2026,CFF_CIN,Cincinnati,CFP_879F716C,Jalen Williams,TE,178,12.0,0.0,0.0,0.0,0.0,0.0,0.0,0.0,0.0,3.6994307671968465,43.94142462623434,0.32520937835021513,8.195114116323147,0.6829261763602622,0.0,,,CFBD/team roster,,0.0,,MODELLED_ON_TEAM_RATES,opportunity-differentiated; team receiving rates,0.0,v1.0,2026-08-18T18:11:37+00:00
2026,CFF_ASU,Arizona State,CFP_26B7BB9B,AJ Ia,TE,179,12.0,0.0,0.0,0.0,0.0,0.0,0.0,0.0,0.0,3.7416269669141795,44.133895913029974,0.31816603701857,8.193199296871507,0.6827666080726256,0.0,,,CFBD/team roster,,0.0,,MODELLED_ON_TEAM_RATES,opportunity-differentiated; team receiving rates,0.0,v1.0,2026-08-18T18:11:37+00:00
2026,CFF_LSU,LSU,CFP_2CBFF8DC,JC Anderson,TE,180,12.0,0.0,0.0,0.0,0.0,0.0,0.0,0.0,0.0,3.862725704939567,44.239726533152734,0.3035086602990793,8.176387467579532,0.6813656222982943,0.0,,,CFBD/team roster,,0.0,,MODELLED_ON_TEAM_RATES,opportunity-differentiated; team receiving rates,0.0,v1.0,2026-08-18T18:11:37+00:00
2026,CFF_WVU,West Virginia,CFP_478DF28A,Kade Bush,TE,181,12.0,0.0,0.0,0.0,0.0,0.0,0.0,0.0,0.0,3.7790015530879284,44.994933874842296,0.28916392942943403,8.123977740604797,0.6769981450503998,0.0,,,CFBD/team roster,,0.0,,MODELLED_ON_TEAM_RATES,opportunity-differentiated; team receiving rates,0.0,v1.0,2026-08-18T18:11:37+00:00
2026,CFF_CIN,Cincinnati,CFP_B05D5518,DaMari Witherspoon,TE,182,12.0,0.0,0.0,0.0,0.0,0.0,0.0,0.0,0.0,3.6663889321930534,43.54895740797854,0.32230473834007756,8.121918636934847,0.676826553077904,0.0,,,CFBD/team roster,,0.0,,MODELLED_ON_TEAM_RATES,opportunity-differentiated; team receiving rates,0.0,v1.0,2026-08-18T18:11:37+00:00
2026,CFF_NCSU,NC State,CFP_7430E18E,Ian Flynt,TE,183,12.0,0.0,0.0,0.0,0.0,0.0,0.0,0.0,0.0,3.713781087263135,43.24229352587725,0.32171341213317634,8.111400369018352,0.6759500307515293,0.0,,,CFBD/team roster,,0.0,,MODELLED_ON_TEAM_RATES,opportunity-differentiated; team receiving rates,0.0,v1.0,2026-08-18T18:11:37+00:00
2026,CFF_MINN,Minnesota,CFP_B8E2CBDD,Kaden Helms,TE,184,12.0,0.0,0.0,0.0,0.0,0.0,0.0,0.0,0.0,3.947310965277414,41.268130427894405,0.3109288181699503,7.966041434447849,0.6638367862039875,0.0,,,CFBD/team roster,,0.0,,MODELLED_ON_TEAM_RATES,opportunity-differentiated; team receiving rates,0.0,v1.0,2026-08-18T18:11:37+00:00
2026,CFF_MINN,Minnesota,CFP_77128D95,Pierce Walsh,TE,185,12.0,0.0,0.0,0.0,0.0,0.0,0.0,0.0,0.0,3.8844682036411564,40.611125366355786,0.30597870763192125,7.839218884247684,0.6532682403539737,0.0,,,CFBD/team roster,,0.0,,MODELLED_ON_TEAM_RATES,opportunity-differentiated; team receiving rates,0.0,v1.0,2026-08-18T18:11:37+00:00
2026,CFF_CIN,Cincinnati,CFP_AE6EB0FC,Gavin Gregory,TE,186,12.0,0.0,0.0,0.0,0.0,0.0,0.0,0.0,0.0,3.5321303367978936,41.9542488375974,0.310502340324202,7.824504094103898,0.6520420078419915,0.0,,,CFBD/team roster,,0.0,,MODELLED_ON_TEAM_RATES,opportunity-differentiated; team receiving rates,0.0,v1.0,2026-08-18T18:11:37+00:00
2026,CFF_WVU,West Virginia,CFP_6E19DEEF,Josh Sapp,TE,187,12.0,0.0,0.0,0.0,0.0,0.0,0.0,0.0,0.0,3.623216108697988,43.14006409759635,0.27724344445083005,7.789075130813609,0.6490895942344674,0.0,,,CFBD/team roster,,0.0,,MODELLED_ON_TEAM_RATES,opportunity-differentiated; team receiving rates,0.0,v1.0,2026-08-18T18:11:37+00:00
2026,CFF_WVU,West Virginia,CFP_DB13F742,Sam Hamilton,TE,188,12.0,0.0,0.0,0.0,0.0,0.0,0.0,0.0,0.0,3.5782471144410986,42.60463777014392,0.2738024797147382,7.692402212523371,0.6410335177102809,0.0,,,CFBD/team roster,,0.0,,MODELLED_ON_TEAM_RATES,opportunity-differentiated; team receiving rates,0.0,v1.0,2026-08-18T18:11:37+00:00
2026,CFF_MINN,Minnesota,CFP_B370DF84,George Rohl,TE,189,12.0,0.0,0.0,0.0,0.0,0.0,0.0,0.0,0.0,3.8054783435289163,39.785306504282936,0.2997566936917597,7.6798099843433105,0.6399841653619426,0.0,,,CFBD/team roster,,0.0,,MODELLED_ON_TEAM_RATES,opportunity-differentiated; team receiving rates,0.0,v1.0,2026-08-18T18:11:37+00:00
2026,CFF_PITT,Pitt,CFP_32263D92,Carson Kent,TE,190,12.0,0.0,0.0,0.0,0.0,0.0,0.0,0.0,0.0,3.428444717713652,40.79999430405481,0.31401110620885725,7.678288426515451,0.6398573688762875,0.0,,,CFBD/team roster,,0.0,,MODELLED_ON_TEAM_RATES,opportunity-differentiated; team receiving rates,0.0,v1.0,2026-08-18T18:11:37+00:00
2026,CFF_ALA,Alabama,CFP_523C683D,Danny Lewis Jr.,TE,191,12.0,0.0,0.0,0.0,0.0,0.0,0.0,0.0,0.0,3.4503342714280794,42.0568734569939,0.29045376677485746,7.673577082062575,0.639464756838548,0.0,,,CFBD/team roster,,0.0,,MODELLED_ON_TEAM_RATES,opportunity-differentiated; team receiving rates,0.0,v1.0,2026-08-18T18:11:37+00:00
2026,CFF_MIZ,Missouri,CFP_5090548D,Jordon Harris,TE,192,12.0,0.0,0.0,0.0,0.0,0.0,0.0,0.0,0.0,3.7028373418568434,41.945381642255185,0.27093742498908235,7.671581385088435,0.6392984487573695,0.0,,,CFBD/team roster,,0.0,,MODELLED_ON_TEAM_RATES,opportunity-differentiated; team receiving rates,0.0,v1.0,2026-08-18T18:11:37+00:00
2026,CFF_UCF,UCF,CFP_9E69A7B5,Grayson Brousseau,TE,193,12.0,0.0,0.0,0.0,0.0,0.0,0.0,0.0,0.0,3.4389564189970923,42.12201411660261,0.28852123113014005,7.662807007939647,0.6385672506616372,0.0,,,CFBD/team roster,,0.0,,MODELLED_ON_TEAM_RATES,opportunity-differentiated; team receiving rates,0.0,v1.0,2026-08-18T18:11:37+00:00
2026,CFF_ASU,Arizona State,CFP_2CBAF6DA,James Giggey,TE,194,12.0,0.0,0.0,0.0,0.0,0.0,0.0,0.0,0.0,3.499029978044319,41.272373278552315,0.29753701033475305,7.66197437888591,0.6384978649071592,0.0,,,CFBD/team roster,,0.0,,MODELLED_ON_TEAM_RATES,opportunity-differentiated; team receiving rates,0.0,v1.0,2026-08-18T18:11:37+00:00
2026,CFF_ALA,Alabama,CFP_9FD4B3D2,Jude Cascone,TE,195,12.0,0.0,0.0,0.0,0.0,0.0,0.0,0.0,0.0,3.4430232085560033,41.96775732450979,0.2898383116962272,7.6573172069063435,0.6381097672421953,0.0,,,CFBD/team roster,,0.0,,MODELLED_ON_TEAM_RATES,opportunity-differentiated; team receiving rates,0.0,v1.0,2026-08-18T18:11:37+00:00
2026,CFF_HOU,Houston,CFP_D702CC02,Traville Frederick Jr.,TE,196,12.0,0.0,0.0,0.0,0.0,0.0,0.0,0.0,0.0,3.569896915487852,40.22999446347412,0.30798759857773156,7.655873495557728,0.637989457963144,0.0,,,CFBD/team roster,,0.0,,MODELLED_ON_TEAM_RATES,opportunity-differentiated; team receiving rates,0.0,v1.0,2026-08-18T18:11:37+00:00
2026,CFF_UVA,Virginia,CFP_D06812FD,Connor Cox,TE,197,12.0,0.0,0.0,0.0,0.0,0.0,0.0,0.0,0.0,3.6961730868712848,41.3838675107745,0.2616795653478587,7.556550686600244,0.629712557216687,0.0,,,CFBD/team roster,,0.0,,MODELLED_ON_TEAM_RATES,opportunity-differentiated; team receiving rates,0.0,v1.0,2026-08-18T18:11:37+00:00
2026,CFF_MSST,Mississippi State,CFP_0B1569D2,Joeseph Skipworth,TE,198,12.0,0.0,0.0,0.0,0.0,0.0,0.0,0.0,0.0,3.4072147341256795,41.27409192453587,0.2848045259035945,7.5398437149379935,0.6283203095781661,0.0,,,CFBD/team roster,,0.0,,MODELLED_ON_TEAM_RATES,opportunity-differentiated; team receiving rates,0.0,v1.0,2026-08-18T18:11:37+00:00
2026,CFF_LSU,LSU,CFP_3CA58517,JD LaFleur,TE,199,12.0,0.0,0.0,0.0,0.0,0.0,0.0,0.0,0.0,3.5329681816722434,40.46301967743661,0.2775983907755606,7.478376403233146,0.6231980336027622,0.0,,,CFBD/team roster,,0.0,,MODELLED_ON_TEAM_RATES,opportunity-differentiated; team receiving rates,0.0,v1.0,2026-08-18T18:11:37+00:00
2026,CFF_UGA,Georgia,CFP_6B5ED6C1,Kaiden Prothro,TE,200,12.0,0.0,0.0,0.0,0.0,0.0,0.0,0.0,0.0,3.4880718389257943,39.00275881793223,0.29603252477526504,7.42050694990771,0.6183755791589759,0.0,,,CFBD/team roster,,0.0,,MODELLED_ON_TEAM_RATES,opportunity-differentiated; team receiving rates,0.0,v1.0,2026-08-18T18:11:37+00:00
2026,CFF_LOU,Louisville,CFP_4C2E88C8,Julius Miles,TE,201,12.0,0.0,0.0,0.0,0.0,0.0,0.0,0.0,0.0,3.347270167488578,39.6978990747451,0.27837962695512025,7.313702752949521,0.60947522941246,0.0,,,CFBD/team roster,,0.0,,MODELLED_ON_TEAM_RATES,opportunity-differentiated; team receiving rates,0.0,v1.0,2026-08-18T18:11:37+00:00
2026,CFF_IND,Indiana,CFP_0D99B0F2,Trevor Gibbs,TE,202,12.0,0.0,0.0,0.0,0.0,0.0,0.0,0.0,0.0,3.0373863801484755,38.034550026524215,0.331480932705633,7.311033788960458,0.6092528157467049,0.0,,,CFBD/team roster,,0.0,,MODELLED_ON_TEAM_RATES,opportunity-differentiated; team receiving rates,0.0,v1.0,2026-08-18T18:11:37+00:00
2026,CFF_ALA,Alabama,CFP_047665F9,Jay Lindsey,TE,203,12.0,0.0,0.0,0.0,0.0,0.0,0.0,0.0,0.0,3.2607340409455925,39.74579508790636,0.27449296506904874,7.251904319677725,0.6043253599731437,0.0,,,CFBD/team roster,,0.0,,MODELLED_ON_TEAM_RATES,opportunity-differentiated; team receiving rates,0.0,v1.0,2026-08-18T18:11:37+00:00
2026,CFF_CAL,California,CFP_1503D2AF,Dorian Thomas,TE,204,12.0,0.0,0.0,0.0,0.0,0.0,0.0,0.0,0.0,3.5188619683308167,39.78972313319322,0.24294216983255973,7.196056316480089,0.5996713597066741,0.0,,,CFBD/team roster,,0.0,,MODELLED_ON_TEAM_RATES,opportunity-differentiated; team receiving rates,0.0,v1.0,2026-08-18T18:11:37+00:00
2026,CFF_ILL,Illinois,CFP_EFEA39AC,Logan Farrell,TE,205,12.0,0.0,0.0,0.0,0.0,0.0,0.0,0.0,0.0,3.209279937471211,39.01651975486028,0.2697008990546749,7.124497338549683,0.5937081115458069,0.0,,,CFBD/team roster,,0.0,,MODELLED_ON_TEAM_RATES,opportunity-differentiated; team receiving rates,0.0,v1.0,2026-08-18T18:11:37+00:00
2026,CFF_FSU,Florida State,CFP_DA81F7B5,Desirrio Riles,TE,206,12.0,0.0,0.0,0.0,0.0,0.0,0.0,0.0,0.0,3.251583905312019,40.26115337701545,0.24434769196359696,7.117993442139136,0.5931661201782613,0.0,,,CFBD/team roster,,0.0,,MODELLED_ON_TEAM_RATES,opportunity-differentiated; team receiving rates,0.0,v1.0,2026-08-18T18:11:37+00:00
2026,CFF_MSST,Mississippi State,CFP_3195257C,Adam Land,TE,207,12.0,0.0,0.0,0.0,0.0,0.0,0.0,0.0,0.0,3.215459468921752,38.951219707598355,0.26877595956495526,7.115507462610443,0.5929589552175369,0.0,,,CFBD/team roster,,0.0,,MODELLED_ON_TEAM_RATES,opportunity-differentiated; team receiving rates,0.0,v1.0,2026-08-18T18:11:37+00:00
2026,CFF_BYU,BYU,CFP_8306AADC,Noah Moeaki,TE,208,12.0,0.0,0.0,0.0,0.0,0.0,0.0,0.0,0.0,3.234027317696071,39.959519918144146,0.2432114560529221,7.072234386979982,0.5893528655816652,0.0,,,CFBD/team roster,,0.0,,MODELLED_ON_TEAM_RATES,opportunity-differentiated; team receiving rates,0.0,v1.0,2026-08-18T18:11:37+00:00
2026,CFF_HOU,Houston,CFP_90627665,Luke McGary,TE,209,12.0,0.0,0.0,0.0,0.0,0.0,0.0,0.0,0.0,3.2875658868054383,37.04834076600082,0.28362990490018336,7.050396449403902,0.5875330374503251,0.0,,,CFBD/team roster,,0.0,,MODELLED_ON_TEAM_RATES,opportunity-differentiated; team receiving rates,0.0,v1.0,2026-08-18T18:11:37+00:00
2026,CFF_UCLA,UCLA,CFP_A22DBAEB,Stevie Amar Jr.,TE,210,12.0,0.0,0.0,0.0,0.0,0.0,0.0,0.0,0.0,3.4954016361503517,36.71384715600859,0.255384686539153,6.951393652910953,0.5792828044092461,0.0,,,CFBD/team roster,,0.0,,MODELLED_ON_TEAM_RATES,opportunity-differentiated; team receiving rates,0.0,v1.0,2026-08-18T18:11:37+00:00
2026,CFF_UNC,North Carolina,CFP_B397D56A,Carson Sneed,TE,211,12.0,0.0,0.0,0.0,0.0,0.0,0.0,0.0,0.0,3.2728751344958105,37.80121754520975,0.25396614065665685,6.940356165708821,0.5783630138090684,0.0,,,CFBD/team roster,,0.0,,MODELLED_ON_TEAM_RATES,opportunity-differentiated; team receiving rates,0.0,v1.0,2026-08-18T18:11:37+00:00
2026,CFF_MSST,Mississippi State,CFP_3CDA067E,Luke Hutchinson,TE,212,12.0,0.0,0.0,0.0,0.0,0.0,0.0,0.0,0.0,3.0948797388371867,37.490548968563424,0.25869686108126944,6.848675932762552,0.5707229943968793,0.0,,,CFBD/team roster,,0.0,,MODELLED_ON_TEAM_RATES,opportunity-differentiated; team receiving rates,0.0,v1.0,2026-08-18T18:11:37+00:00
2026,CFF_KU,Kansas,CFP_81831AB6,Quinton Conley,TE,213,12.0,0.0,0.0,0.0,0.0,0.0,0.0,0.0,0.0,3.2363201664575323,35.68409793544935,0.27467206747904205,6.834602281647953,0.5695501901373294,0.0,,,CFBD/team roster,,0.0,,MODELLED_ON_TEAM_RATES,opportunity-differentiated; team receiving rates,0.0,v1.0,2026-08-18T18:11:37+00:00
2026,CFF_ORE,Oregon,CFP_A6D9EF73,Markus Dixon,TE,214,12.0,0.0,0.0,0.0,0.0,0.0,0.0,0.0,0.0,3.0474312277331848,36.84179816174735,0.27023306893325266,6.829293843640843,0.5691078203034036,0.0,,,CFBD/team roster,,0.0,,MODELLED_ON_TEAM_RATES,opportunity-differentiated; team receiving rates,0.0,v1.0,2026-08-18T18:11:37+00:00
2026,CFF_MSU,Michigan State,CFP_1772EC56,Jayden Savoury,TE,215,12.0,0.0,0.0,0.0,0.0,0.0,0.0,0.0,0.0,3.164939768770976,36.93647039083514,0.25196066949261686,6.787880940424704,0.565656745035392,0.0,,,CFBD/team roster,,0.0,,MODELLED_ON_TEAM_RATES,opportunity-differentiated; team receiving rates,0.0,v1.0,2026-08-18T18:11:37+00:00
2026,CFF_RUTG,Rutgers,CFP_FEC78D69,Mike Higgins,TE,216,12.0,0.0,0.0,0.0,0.0,0.0,0.0,0.0,0.0,3.1241715950611173,36.81114531877611,0.24933118513736285,6.739187440232347,0.5615989533526956,0.0,,,CFBD/team roster,,0.0,,MODELLED_ON_TEAM_RATES,opportunity-differentiated; team receiving rates,0.0,v1.0,2026-08-18T18:11:37+00:00
2026,CFF_CLEM,Clemson,CFP_C3688896,Tayveon Wilson,TE,217,12.0,0.0,0.0,0.0,0.0,0.0,0.0,0.0,0.0,3.068529720535537,35.82691988768171,0.2665677308062853,6.716363233873651,0.5596969361561376,0.0,,,CFBD/team roster,,0.0,,MODELLED_ON_TEAM_RATES,opportunity-differentiated; team receiving rates,0.0,v1.0,2026-08-18T18:11:37+00:00
2026,CFF_STAN,Stanford,CFP_4A9D11CA,Chico Holt,TE,218,12.0,0.0,0.0,0.0,0.0,0.0,0.0,0.0,0.0,3.1554555718167023,36.220551907689504,0.2506769264411943,6.703844535324468,0.558653711277039,0.0,,,CFBD/team roster,,0.0,,MODELLED_ON_TEAM_RATES,opportunity-differentiated; team receiving rates,0.0,v1.0,2026-08-18T18:11:37+00:00
2026,CFF_ND,Notre Dame,CFP_DB33A536,Preston Fryzel,TE,219,12.0,0.0,0.0,0.0,0.0,0.0,0.0,0.0,0.0,2.873887458512326,36.28245476672947,0.2727623965511874,6.701763585236235,0.5584802987696863,0.0,,,CFBD/team roster,,0.0,,MODELLED_ON_TEAM_RATES,opportunity-differentiated; team receiving rates,0.0,v1.0,2026-08-18T18:11:37+00:00
2026,CFF_TTU,Texas Tech,CFP_DA14CD24,Jett Carpenter,TE,220,12.0,0.0,0.0,0.0,0.0,0.0,0.0,0.0,0.0,2.98701750130894,35.486034452875955,0.27305746218095744,6.68045696902781,0.5567047474189842,0.0,,,CFBD/team roster,,0.0,,MODELLED_ON_TEAM_RATES,opportunity-differentiated; team receiving rates,0.0,v1.0,2026-08-18T18:11:37+00:00
2026,CFF_GT,Georgia Tech,CFP_6F1537C0,Jack Richerson,TE,221,12.0,0.0,0.0,0.0,0.0,0.0,0.0,0.0,0.0,3.1366636924712763,36.99546681224304,0.23354175296487928,6.669129045249218,0.5557607537707682,0.0,,,CFBD/team roster,,0.0,,MODELLED_ON_TEAM_RATES,opportunity-differentiated; team receiving rates,0.0,v1.0,2026-08-18T18:11:37+00:00
2026,CFF_ARK,Arkansas,CFP_FCC9CF03,Matt Adcock,TE,222,12.0,0.0,0.0,0.0,0.0,0.0,0.0,0.0,0.0,2.954495933624647,37.33321106359646,0.24265343547821464,6.666489686041257,0.5555408071701048,0.0,,,CFBD/team roster,,0.0,,MODELLED_ON_TEAM_RATES,opportunity-differentiated; team receiving rates,0.0,v1.0,2026-08-18T18:11:37+00:00
2026,CFF_MIA,Miami,CFP_0048344E,Gavin Mueller,TE,223,12.0,0.0,0.0,0.0,0.0,0.0,0.0,0.0,0.0,2.9058630770035063,34.90023953023394,0.27548022971274483,6.595836869801616,0.549653072483468,0.0,,,CFBD/team roster,,0.0,,MODELLED_ON_TEAM_RATES,opportunity-differentiated; team receiving rates,0.0,v1.0,2026-08-18T18:11:37+00:00
2026,CFF_ILL,Illinois,CFP_775A3FE1,Will Vala III,TE,224,12.0,0.0,0.0,0.0,0.0,0.0,0.0,0.0,0.0,2.9434413797764902,35.78461242985689,0.2473604054204055,6.534344365396368,0.544528697116364,0.0,,,CFBD/team roster,,0.0,,MODELLED_ON_TEAM_RATES,opportunity-differentiated; team receiving rates,0.0,v1.0,2026-08-18T18:11:37+00:00
2026,CFF_UCF,UCF,CFP_3B5CD041,Thomas Wadsworth,TE,225,12.0,0.0,0.0,0.0,0.0,0.0,0.0,0.0,0.0,2.9261434541412807,35.84083101538355,0.2454972988865192,6.520138621928111,0.5433448851606759,0.0,,,CFBD/team roster,,0.0,,MODELLED_ON_TEAM_RATES,opportunity-differentiated; team receiving rates,0.0,v1.0,2026-08-18T18:11:37+00:00
2026,CFF_UCF,UCF,CFP_CD122C2B,Caden Piening,TE,226,12.0,0.0,0.0,0.0,0.0,0.0,0.0,0.0,0.0,2.904534685838004,35.576156290666205,0.2436843685453183,6.4719891832575325,0.5393324319381277,0.0,,,CFBD/team roster,,0.0,,MODELLED_ON_TEAM_RATES,opportunity-differentiated; team receiving rates,0.0,v1.0,2026-08-18T18:11:37+00:00
2026,CFF_UCLA,UCLA,CFP_5777F201,Dylan Sims,TE,227,12.0,0.0,0.0,0.0,0.0,0.0,0.0,0.0,0.0,3.2329651707446008,33.95735354468174,0.23621027929480964,6.429479615609332,0.5357899679674444,0.0,,,CFBD/team roster,,0.0,,MODELLED_ON_TEAM_RATES,opportunity-differentiated; team receiving rates,0.0,v1.0,2026-08-18T18:11:37+00:00
2026,CFF_UCLA,UCLA,CFP_6223DC47,Noah Fox-Flores,TE,228,12.0,0.0,0.0,0.0,0.0,0.0,0.0,0.0,0.0,3.2167598315428734,33.78714124621215,0.235026267869773,6.39725164761129,0.5331043039676074,0.0,,,CFBD/team roster,,0.0,,MODELLED_ON_TEAM_RATES,opportunity-differentiated; team receiving rates,0.0,v1.0,2026-08-18T18:11:37+00:00
2026,CFF_IND,Indiana,CFP_A36A79DB,Blake Thiry,TE,229,12.0,0.0,0.0,0.0,0.0,0.0,0.0,0.0,0.0,2.6497456344164645,33.18046184326759,0.2891762997521946,6.377976800048158,0.5314980666706798,0.0,,,CFBD/team roster,,0.0,,MODELLED_ON_TEAM_RATES,opportunity-differentiated; team receiving rates,0.0,v1.0,2026-08-18T18:11:37+00:00
2026,CFF_ORE,Oregon,CFP_64EA7DEC,A.J. Pugliano,TE,230,12.0,0.0,0.0,0.0,0.0,0.0,0.0,0.0,0.0,2.842852677186156,34.368553942522475,0.25209192466422753,6.3708332808306904,0.5309027734025575,0.0,,,CFBD/team roster,,0.0,,MODELLED_ON_TEAM_RATES,opportunity-differentiated; team receiving rates,0.0,v1.0,2026-08-18T18:11:37+00:00
2026,CFF_UNC,North Carolina,CFP_5CFD4D6C,Jelani Thurman,TE,231,12.0,0.0,0.0,0.0,0.0,0.0,0.0,0.0,0.0,2.999851139960185,34.647831305776194,0.2327802269418158,6.361390062208607,0.530115838517384,0.0,,,CFBD/team roster,,0.0,,MODELLED_ON_TEAM_RATES,opportunity-differentiated; team receiving rates,0.0,v1.0,2026-08-18T18:11:37+00:00
2026,CFF_GT,Georgia Tech,CFP_6DC6B38F,Nate Agyemang,TE,232,12.0,0.0,0.0,0.0,0.0,0.0,0.0,0.0,0.0,2.988577655378745,35.24886194549783,0.22251593825123234,6.35427065174655,0.5295225543122125,0.0,,,CFBD/team roster,,0.0,,MODELLED_ON_TEAM_RATES,opportunity-differentiated; team receiving rates,0.0,v1.0,2026-08-18T18:11:37+00:00
2026,CFF_UNC,North Carolina,CFP_5AE86FCE,Dream Rashad,TE,233,12.0,0.0,0.0,0.0,0.0,0.0,0.0,0.0,0.0,2.9951585400541036,34.59363247978593,0.23241609404984195,6.351439082304696,0.5292865901920579,0.0,,,CFBD/team roster,,0.0,,MODELLED_ON_TEAM_RATES,opportunity-differentiated; team receiving rates,0.0,v1.0,2026-08-18T18:11:37+00:00
2026,CFF_SC,South Carolina,CFP_31C1B1B9,Maurice Brown II,TE,234,12.0,0.0,0.0,0.0,0.0,0.0,0.0,0.0,0.0,2.82496586410333,35.99357313859656,0.22094084513024934,6.337485316692817,0.5281237763910681,0.0,,,CFBD/team roster,,0.0,,MODELLED_ON_TEAM_RATES,opportunity-differentiated; team receiving rates,0.0,v1.0,2026-08-18T18:11:37+00:00
2026,CFF_ARK,Arkansas,CFP_9580AACE,Gavin Garretson,TE,235,12.0,0.0,0.0,0.0,0.0,0.0,0.0,0.0,0.0,2.7695760681019843,34.996551097055274,0.2274659240836079,6.249238688258167,0.5207698906881806,0.0,,,CFBD/team roster,,0.0,,MODELLED_ON_TEAM_RATES,opportunity-differentiated; team receiving rates,0.0,v1.0,2026-08-18T18:11:37+00:00
2026,CFF_KSU,Kansas State,CFP_5F1DEB32,Arley Morrell,TE,236,12.0,0.0,0.0,0.0,0.0,0.0,0.0,0.0,0.0,2.7881115624524435,33.064407069802634,0.2576425484032983,6.246351778626275,0.5205293148855229,0.0,,,CFBD/team roster,,0.0,,MODELLED_ON_TEAM_RATES,opportunity-differentiated; team receiving rates,0.0,v1.0,2026-08-18T18:11:37+00:00
2026,CFF_USC,USC,CFP_3C06D231,Tucker Ashcraft,TE,237,12.0,0.0,0.0,0.0,0.0,0.0,0.0,0.0,0.0,2.721675363557059,34.43451458497885,0.23848218182530168,6.235182231228225,0.5195985192690188,0.0,,,CFBD/team roster,,0.0,,MODELLED_ON_TEAM_RATES,opportunity-differentiated; team receiving rates,0.0,v1.0,2026-08-18T18:11:37+00:00
2026,CFF_UK,Kentucky,CFP_321AFA48,Mikkel Skinner,TE,238,12.0,0.0,0.0,0.0,0.0,0.0,0.0,0.0,0.0,2.8238671600642222,33.33354351158432,0.23018279162213268,6.126384680923339,0.5105320567436116,0.0,,,CFBD/team roster,,0.0,,MODELLED_ON_TEAM_RATES,opportunity-differentiated; team receiving rates,0.0,v1.0,2026-08-18T18:11:37+00:00
2026,CFF_MSU,Michigan State,CFP_3CFA1075,Brennan Parachek,TE,239,12.0,0.0,0.0,0.0,0.0,0.0,0.0,0.0,0.0,2.8309438208223336,33.0385663726318,0.22537127165215173,6.071556177587257,0.5059630147989381,0.0,,,CFBD/team roster,,0.0,,MODELLED_ON_TEAM_RATES,opportunity-differentiated; team receiving rates,0.0,v1.0,2026-08-18T18:11:37+00:00
2026,CFF_NCSU,NC State,CFP_8A9A7394,Preston Douglas,TE,240,12.0,0.0,0.0,0.0,0.0,0.0,0.7417595599270932,3.8803227929961284,0.03808918114351507,2.493958720213604,29.039001623106888,0.2160439591743657,6.063710643624388,0.5053092203020323,0.6165673661607032,,,CFBD/team roster,,0.0,,MODELLED_ON_TEAM_RATES,opportunity-differentiated; team receiving rates,0.0,v1.0,2026-08-18T18:11:37+00:00
2026,CFF_UCF,UCF,CFP_C36C932E,Dylan Burk,TE,241,12.0,0.0,0.0,0.0,0.0,0.0,0.0,0.0,0.0,2.7142721161432988,33.24572761693539,0.22772173798011053,6.0480392476458515,0.5040032706371543,0.0,,,CFBD/team roster,,0.0,,MODELLED_ON_TEAM_RATES,opportunity-differentiated; team receiving rates,0.0,v1.0,2026-08-18T18:11:37+00:00
2026,CFF_TENN,Tennessee,CFP_D97BDA9B,Drake Martinez,TE,242,12.0,0.0,0.0,0.0,0.0,0.0,0.0,0.0,0.0,2.7037168148954547,32.802955375884174,0.232456700803225,6.026894149855495,0.5022411791546245,0.0,,,CFBD/team roster,,0.0,,MODELLED_ON_TEAM_RATES,opportunity-differentiated; team receiving rates,0.0,v1.0,2026-08-18T18:11:37+00:00
2026,CFF_UGA,Georgia,CFP_53EDD308,Lincoln Keyes,TE,243,12.0,0.0,0.0,0.0,0.0,0.0,0.0,0.0,0.0,2.7870377928671783,31.163969055504673,0.23653579185474605,5.9291305531125325,0.4940942127593777,0.0,,,CFBD/team roster,,0.0,,MODELLED_ON_TEAM_RATES,opportunity-differentiated; team receiving rates,0.0,v1.0,2026-08-18T18:11:37+00:00
2026,CFF_UNC,North Carolina,CFP_B94612ED,Jordan Washington,TE,244,12.0,0.0,0.0,0.0,0.0,0.0,0.0,0.0,0.0,2.7912437441353086,32.238447132209,0.21659286474407008,5.919023773752974,0.49325198114608115,0.0,,,CFBD/team roster,,0.0,,MODELLED_ON_TEAM_RATES,opportunity-differentiated; team receiving rates,0.0,v1.0,2026-08-18T18:11:37+00:00
2026,CFF_RUTG,Rutgers,CFP_44142F08,Logan Blake,TE,245,12.0,0.0,0.0,0.0,0.0,0.0,0.0,0.0,0.0,2.7437562578253996,32.32882934016186,0.2189713268544968,5.9185890240558665,0.49321575200465556,0.0,,,CFBD/team roster,,0.0,,MODELLED_ON_TEAM_RATES,opportunity-differentiated; team receiving rates,0.0,v1.0,2026-08-18T18:11:37+00:00
2026,CFF_DUKE,Duke,CFP_D4101109,Nate Kurisky,TE,246,12.0,0.0,0.0,0.0,0.0,0.0,0.0,0.0,0.0,2.6378195332058687,32.14872088462095,0.23025468729638837,5.91530997884336,0.49294249823694664,0.0,,,CFBD/team roster,,0.0,,MODELLED_ON_TEAM_RATES,opportunity-differentiated; team receiving rates,0.0,v1.0,2026-08-18T18:11:37+00:00
2026,CFF_LSU,LSU,CFP_BB53A24C,Malachi Thomas,TE,247,12.0,0.0,0.0,0.0,0.0,0.0,0.0,0.0,0.0,2.7790885608692726,31.828850230563578,0.21836327774537787,5.882608969963261,0.4902174141636051,0.0,,,CFBD/team roster,,0.0,,MODELLED_ON_TEAM_RATES,opportunity-differentiated; team receiving rates,0.0,v1.0,2026-08-18T18:11:37+00:00
2026,CFF_NEB,Nebraska,CFP_B855CB50,Carter Nelson,TE,248,12.0,0.0,0.0,0.0,0.0,0.0,0.0,0.0,0.0,2.808870998281715,31.392439435905317,0.21577182644767565,5.838310401417443,0.48652586678478693,0.0,,,CFBD/team roster,,0.0,,MODELLED_ON_TEAM_RATES,opportunity-differentiated; team receiving rates,0.0,v1.0,2026-08-18T18:11:37+00:00
2026,CFF_FSU,Florida State,CFP_CC24DFAF,Xavier Tiller,TE,249,12.0,0.0,0.0,0.0,0.0,0.0,0.0,0.0,0.0,2.6613646946689986,32.95305158485844,0.1999943226294727,5.825953441597179,0.4854961201330983,0.0,,,CFBD/team roster,,0.0,,MODELLED_ON_TEAM_RATES,opportunity-differentiated; team receiving rates,0.0,v1.0,2026-08-18T18:11:37+00:00
2026,CFF_AUB,Auburn,CFP_E877F87A,Hunter Herring,TE,250,12.0,0.0,0.0,0.0,0.0,0.0,7.0220743305856415,38.46207343529776,0.32420673594474364,0.0,0.0,0.0,5.791447759198238,0.4826206465998532,5.791447759198238,,,CFBD/team roster,,0.0,,MODELLED_ON_TEAM_RATES,opportunity-differentiated; team receiving rates,0.0,v1.0,2026-08-18T18:11:37+00:00
2026,CFF_GT,Georgia Tech,CFP_E7C3CDA3,Kevin Roche Jr.,TE,251,12.0,0.0,0.0,0.0,0.0,0.0,0.0,0.0,0.0,2.712175253651879,31.98882616147213,0.20193626897462685,5.766587856820913,0.48054898806840946,0.0,,,CFBD/team roster,,0.0,,MODELLED_ON_TEAM_RATES,opportunity-differentiated; team receiving rates,0.0,v1.0,2026-08-18T18:11:37+00:00
2026,CFF_MSU,Michigan State,CFP_1E505CE0,Kai Rios,TE,252,12.0,0.0,0.0,0.0,0.0,0.0,0.0,0.0,0.0,2.6719675835891374,31.183232145626718,0.21271518272372075,5.730598102699565,0.4775498418916304,0.0,,,CFBD/team roster,,0.0,,MODELLED_ON_TEAM_RATES,opportunity-differentiated; team receiving rates,0.0,v1.0,2026-08-18T18:11:37+00:00
2026,CFF_ARIZ,Arizona,CFP_4A563CB1,Tyler Powell,TE,253,12.0,0.0,0.0,0.0,0.0,0.0,0.0,0.0,0.0,2.5741952890233466,30.055730426744766,0.22942029557257274,5.669192460621586,0.47243270505179885,0.0,,,CFBD/team roster,,0.0,,MODELLED_ON_TEAM_RATES,opportunity-differentiated; team receiving rates,0.0,v1.0,2026-08-18T18:11:37+00:00
2026,CFF_MINN,Minnesota,CFP_DC3BF1E2,Julian Johnson,TE,254,12.0,0.0,0.0,0.0,0.0,0.0,0.0,0.0,0.0,2.800866973482636,29.28235058996421,0.22062367661854518,5.65241060544901,0.47103421712075083,0.0,,,CFBD/team roster,,0.0,,MODELLED_ON_TEAM_RATES,opportunity-differentiated; team receiving rates,0.0,v1.0,2026-08-18T18:11:37+00:00
2026,CFF_AUB,Auburn,CFP_08622412,Jonathan Echols,TE,255,12.0,0.0,0.0,0.0,0.0,0.0,0.0,0.0,0.0,2.4097532402646875,30.856806943118595,0.22674017791860177,5.650998381955814,0.47091653182965115,0.0,,,CFBD/team roster,,0.0,,MODELLED_ON_TEAM_RATES,opportunity-differentiated; team receiving rates,0.0,v1.0,2026-08-18T18:11:37+00:00
2026,CFF_ILL,Illinois,CFP_8D00EB47,Grant Smith,TE,256,12.0,0.0,0.0,0.0,0.0,0.0,0.0,0.0,0.0,2.52426522027894,30.688517596606047,0.212133753560345,5.6037868911621445,0.4669822409301787,0.0,,,CFBD/team roster,,0.0,,MODELLED_ON_TEAM_RATES,opportunity-differentiated; team receiving rates,0.0,v1.0,2026-08-18T18:11:37+00:00
2026,CFF_MIA,Miami,CFP_1DBA7638,Luka Gilbert,TE,257,12.0,0.0,0.0,0.0,0.0,0.0,0.0,0.0,0.0,2.4653665126538478,29.60975088687325,0.23372048690344097,5.595981266434895,0.4663317722029079,0.0,,,CFBD/team roster,,0.0,,MODELLED_ON_TEAM_RATES,opportunity-differentiated; team receiving rates,0.0,v1.0,2026-08-18T18:11:37+00:00
2026,CFF_MSU,Michigan State,CFP_F6CBF002,Carson Gulker,TE,258,12.0,0.0,0.0,0.0,0.0,0.0,0.0,0.0,0.0,2.557718605760999,29.8498879763723,0.2036198282950318,5.485567070287921,0.4571305891906601,0.0,,,CFBD/team roster,,0.0,,MODELLED_ON_TEAM_RATES,opportunity-differentiated; team receiving rates,0.0,v1.0,2026-08-18T18:11:37+00:00
2026,CFF_CAL,California,CFP_80AF30F3,Rico Walker,TE,259,12.0,0.0,0.0,0.0,0.0,0.0,0.0,0.0,0.0,2.6639637132879197,30.12291460778165,0.18392000899323893,5.447793371381558,0.45398278094846317,0.0,,,CFBD/team roster,,0.0,,MODELLED_ON_TEAM_RATES,opportunity-differentiated; team receiving rates,0.0,v1.0,2026-08-18T18:11:37+00:00
2026,CFF_OKST,Oklahoma State,CFP_BA72D538,Donovan Green,TE,260,12.0,0.0,0.0,0.0,0.0,0.0,0.0,0.0,0.0,2.4043541431743383,29.87710162957358,0.19827016104200199,5.379508200796539,0.44829235006637824,0.0,,,CFBD/team roster,,0.0,,MODELLED_ON_TEAM_RATES,opportunity-differentiated; team receiving rates,0.0,v1.0,2026-08-18T18:11:37+00:00
2026,CFF_IND,Indiana,CFP_B67EB067,Andrew Barker,TE,261,12.0,0.0,0.0,0.0,0.0,0.0,0.0,0.0,0.0,2.2279586820553754,27.898790388834836,0.2431451680906094,5.362729388454827,0.44689411570456894,0.0,,,CFBD/team roster,,0.0,,MODELLED_ON_TEAM_RATES,opportunity-differentiated; team receiving rates,0.0,v1.0,2026-08-18T18:11:37+00:00
2026,CFF_ARK,Arkansas,CFP_E290ACFA,Ty Lockwood,TE,262,12.0,0.0,0.0,0.0,0.0,0.0,0.0,0.0,0.0,2.370605125364732,29.955127196641058,0.1946983481294906,5.349005371123416,0.445750447593618,0.0,,,CFBD/team roster,,0.0,,MODELLED_ON_TEAM_RATES,opportunity-differentiated; team receiving rates,0.0,v1.0,2026-08-18T18:11:37+00:00
2026,CFF_TENN,Tennessee,CFP_172BFF21,Cole Harrison,TE,263,12.0,0.0,0.0,0.0,0.0,0.0,0.0,0.0,0.0,2.3773033736263782,28.842730884528805,0.2043927440910385,5.2992812398123,0.4416067699843584,0.0,,,CFBD/team roster,,0.0,,MODELLED_ON_TEAM_RATES,opportunity-differentiated; team receiving rates,0.0,v1.0,2026-08-18T18:11:37+00:00
2026,CFF_SC,South Carolina,CFP_DD42F07C,Caden Ramsey,TE,264,12.0,0.0,0.0,0.0,0.0,0.0,0.0,0.0,0.0,2.3308840947279075,29.69835784823191,0.1822986636170564,5.229069813889483,0.4357558178241236,0.0,,,CFBD/team roster,,0.0,,MODELLED_ON_TEAM_RATES,opportunity-differentiated; team receiving rates,0.0,v1.0,2026-08-18T18:11:37+00:00
2026,CFF_UCLA,UCLA,CFP_42BB6AEC,Brayden Loftin,TE,265,12.0,0.0,0.0,0.0,0.0,0.0,0.0,0.0,0.0,2.5473892928493034,26.756427695538004,0.18612001817450957,5.06605752502551,0.4221714604187925,0.0,,,CFBD/team roster,,0.0,,MODELLED_ON_TEAM_RATES,opportunity-differentiated; team receiving rates,0.0,v1.0,2026-08-18T18:11:37+00:00
2026,CFF_BYU,BYU,CFP_BDB94724,Keayen Nead,TE,266,12.0,0.0,0.0,0.0,0.0,0.0,0.0,0.0,0.0,2.2847682871982364,28.23051103528807,0.17182347806167977,4.996376115498004,0.4163646762915003,0.0,,,CFBD/team roster,,0.0,,MODELLED_ON_TEAM_RATES,opportunity-differentiated; team receiving rates,0.0,v1.0,2026-08-18T18:11:37+00:00
2026,CFF_UVA,Virginia,CFP_82937048,Justin Zames,TE,267,12.0,0.0,0.0,0.0,0.0,0.0,0.0,0.0,0.0,2.4129630636110555,27.01652259943256,0.17083159009218965,4.933123332301921,0.4110936110251601,0.0,,,CFBD/team roster,,0.0,,MODELLED_ON_TEAM_RATES,opportunity-differentiated; team receiving rates,0.0,v1.0,2026-08-18T18:11:37+00:00
2026,CFF_WAKE,Wake Forest,CFP_711F1495,Dominick Barry,TE,268,12.0,0.0,0.0,0.0,0.0,0.0,0.0,0.0,0.0,2.3170129767259957,26.48248703239806,0.17202723000370823,4.838918571625053,0.4032432143020877,0.0,,,CFBD/team roster,,0.0,,MODELLED_ON_TEAM_RATES,opportunity-differentiated; team receiving rates,0.0,v1.0,2026-08-18T18:11:37+00:00
2026,CFF_UK,Kentucky,CFP_6003F182,Lincoln Watkins,TE,269,12.0,0.0,0.0,0.0,0.0,0.0,0.0,0.0,0.0,2.2271451597257723,26.289706944516844,0.18154199937710236,4.831795270577185,0.4026496058814321,0.0,,,CFBD/team roster,,0.0,,MODELLED_ON_TEAM_RATES,opportunity-differentiated; team receiving rates,0.0,v1.0,2026-08-18T18:11:37+00:00
2026,CFF_UCLA,UCLA,CFP_E890D38D,Harry Lodge,TE,270,12.0,0.0,0.0,0.0,0.0,0.0,0.0,0.0,0.0,2.402891684967235,25.23870136751756,0.17556258296793287,4.778691477042971,0.3982242897535809,0.0,,,CFBD/team roster,,0.0,,MODELLED_ON_TEAM_RATES,opportunity-differentiated; team receiving rates,0.0,v1.0,2026-08-18T18:11:37+00:00
2026,CFF_AUB,Auburn,CFP_961F3EAB,DJ Broughton Jr.,TE,271,12.0,0.0,0.0,0.0,0.0,0.0,0.0,0.0,0.0,2.0119642438409038,25.76313259437185,0.1893111389962249,4.718162215334987,0.3931801846112489,0.0,,,CFBD/team roster,,0.0,,MODELLED_ON_TEAM_RATES,opportunity-differentiated; team receiving rates,0.0,v1.0,2026-08-18T18:11:37+00:00
2026,CFF_CLEM,Clemson,CFP_367834DA,Logan Brooking,TE,272,12.0,0.0,0.0,0.0,0.0,0.0,0.0,0.0,0.0,2.123042995236733,24.78779683945035,0.18443189578938313,4.646892556299701,0.3872410463583084,0.0,,,CFBD/team roster,,0.0,,MODELLED_ON_TEAM_RATES,opportunity-differentiated; team receiving rates,0.0,v1.0,2026-08-18T18:11:37+00:00
2026,CFF_TTU,Texas Tech,CFP_B3335182,Matt Ludwig,TE,273,12.0,0.0,0.0,0.0,0.0,0.0,0.0,0.0,0.0,2.049005455913406,24.34236765295524,0.1873093242813186,4.582595438940139,0.3818829532450116,0.0,,,CFBD/team roster,,0.0,,MODELLED_ON_TEAM_RATES,opportunity-differentiated; team receiving rates,0.0,v1.0,2026-08-18T18:11:37+00:00
2026,CFF_SC,South Carolina,CFP_11506B82,Mike Tyler,TE,274,12.0,0.0,0.0,0.0,0.0,0.0,0.0,0.0,0.0,2.0419857843954343,26.01743462197218,0.15970389967578744,4.58095975244966,0.38174664603747166,0.0,,,CFBD/team roster,,0.0,,MODELLED_ON_TEAM_RATES,opportunity-differentiated; team receiving rates,0.0,v1.0,2026-08-18T18:11:37+00:00
2026,CFF_ARK,Arkansas,CFP_50629FE9,Maddox Lassiter,TE,275,12.0,0.0,0.0,0.0,0.0,0.0,1.0316763390509023,6.049262865784979,0.05320591595234857,1.6123492384270544,20.373754365800927,0.13242261647489306,4.562247536935567,0.3801872947446306,0.9241617822925893,,,CFBD/team roster,,0.0,,MODELLED_ON_TEAM_RATES,opportunity-differentiated; team receiving rates,0.0,v1.0,2026-08-18T18:11:37+00:00
2026,CFF_DUKE,Duke,CFP_DAC70769,Jake Taylor,TE,276,12.0,0.0,0.0,0.0,0.0,0.0,0.0,0.0,0.0,2.0312598510366993,24.756206849279955,0.17730822595347784,4.555099966167212,0.37959166384726767,0.0,,,CFBD/team roster,,0.0,,MODELLED_ON_TEAM_RATES,opportunity-differentiated; team receiving rates,0.0,v1.0,2026-08-18T18:11:37+00:00
2026,CFF_CAL,California,CFP_FDF61D7D,Taimane Purcell,TE,277,12.0,0.0,0.0,0.0,0.0,0.0,0.0,0.0,0.0,2.217006508889409,25.068921704547986,0.15306209128117343,4.533767972586543,0.37781399771554525,0.0,,,CFBD/team roster,,0.0,,MODELLED_ON_TEAM_RATES,opportunity-differentiated; team receiving rates,0.0,v1.0,2026-08-18T18:11:37+00:00
2026,CFF_FSU,Florida State,CFP_8C0FB9C6,Corbyn Fordham,TE,278,12.0,0.0,0.0,0.0,0.0,0.0,0.0,0.0,0.0,2.0652467617561774,25.57191173834126,0.15519768035079812,4.5210006368170035,0.3767500530680836,0.0,,,CFBD/team roster,,0.0,,MODELLED_ON_TEAM_RATES,opportunity-differentiated; team receiving rates,0.0,v1.0,2026-08-18T18:11:37+00:00
2026,CFF_MIA,Miami,CFP_C019BFAF,Israel Briggs,TE,279,12.0,0.0,0.0,0.0,0.0,0.0,0.0,0.0,0.0,1.9853542036269303,23.844666945005237,0.18821459152861883,4.5064313454857015,0.3755359454571418,0.0,,,CFBD/team roster,,0.0,,MODELLED_ON_TEAM_RATES,opportunity-differentiated; team receiving rates,0.0,v1.0,2026-08-18T18:11:37+00:00
2026,CFF_WAKE,Wake Forest,CFP_40267E33,Charlie Wingfield,TE,280,12.0,0.0,0.0,0.0,0.0,0.0,0.0,0.0,0.0,2.1437393831465847,24.502042494056393,0.159162487062832,4.477048863355924,0.3730874052796603,0.0,,,CFBD/team roster,,0.0,,MODELLED_ON_TEAM_RATES,opportunity-differentiated; team receiving rates,0.0,v1.0,2026-08-18T18:11:37+00:00
2026,CFF_MD,Maryland,CFP_4656E74A,Preston Howard,TE,281,12.0,0.0,0.0,0.0,0.0,0.0,0.0,0.0,0.0,2.0755443733847425,22.8176924924846,0.15388726043262319,4.24286499853657,0.35357208321138084,0.0,,,CFBD/team roster,,0.0,,MODELLED_ON_TEAM_RATES,opportunity-differentiated; team receiving rates,0.0,v1.0,2026-08-18T18:11:37+00:00
2026,CFF_DUKE,Duke,CFP_1F7685B2,Benjamin Moseley,TE,282,12.0,0.0,0.0,0.0,0.0,0.0,0.0,0.0,0.0,1.8827747138621382,22.94652761594058,0.16434699096454064,4.222122064312371,0.35184350535936426,0.0,,,CFBD/team roster,,0.0,,MODELLED_ON_TEAM_RATES,opportunity-differentiated; team receiving rates,0.0,v1.0,2026-08-18T18:11:37+00:00
2026,CFF_UGA,Georgia,CFP_684CE83B,Jaden Reddell,TE,283,12.0,0.0,0.0,0.0,0.0,0.0,0.0,0.0,0.0,1.9842902391878008,22.18784394293128,0.16840663739729128,4.221369338270776,0.3517807781892313,0.0,,,CFBD/team roster,,0.0,,MODELLED_ON_TEAM_RATES,opportunity-differentiated; team receiving rates,0.0,v1.0,2026-08-18T18:11:37+00:00
2026,CFF_RUTG,Rutgers,CFP_3C7860E0,Jackson Gister,TE,284,12.0,0.0,0.0,0.0,0.0,0.0,0.0,0.0,0.0,1.9425011347662764,22.887888638002313,0.15502545085154745,4.190192136292654,0.34918267802438785,0.0,,,CFBD/team roster,,0.0,,MODELLED_ON_TEAM_RATES,opportunity-differentiated; team receiving rates,0.0,v1.0,2026-08-18T18:11:37+00:00
2026,CFF_AUB,Auburn,CFP_AD525E7B,Arlis Boardingham,TE,285,12.0,0.0,0.0,0.0,0.0,0.0,0.0,0.0,0.0,1.7789446997429106,22.779325387034927,0.16738570198281225,4.1717191004718215,0.3476432583726518,0.0,,,CFBD/team roster,,0.0,,MODELLED_ON_TEAM_RATES,opportunity-differentiated; team receiving rates,0.0,v1.0,2026-08-18T18:11:37+00:00
2026,CFF_BC,Boston College,CFP_7A22258D,Brady Clough,TE,286,12.0,0.0,0.0,0.0,0.0,0.0,0.0,0.0,0.0,1.8505007510368165,22.160394482552785,0.16216995033699072,4.1143095257956315,0.34285912714963596,0.0,,,CFBD/team roster,,0.0,,MODELLED_ON_TEAM_RATES,opportunity-differentiated; team receiving rates,0.0,v1.0,2026-08-18T18:11:37+00:00
2026,CFF_WAKE,Wake Forest,CFP_EDD6E284,Max Tillfeldt Retsler,TE,287,12.0,0.0,0.0,0.0,0.0,0.0,0.0,0.0,0.0,1.9401334318289838,22.17491182208818,0.14404571034674768,4.051832160203796,0.337652680016983,0.0,,,CFBD/team roster,,0.0,,MODELLED_ON_TEAM_RATES,opportunity-differentiated; team receiving rates,0.0,v1.0,2026-08-18T18:11:37+00:00
2026,CFF_ILL,Illinois,CFP_6DEB14B3,Christian Abney,TE,288,12.0,0.0,0.0,0.0,0.0,0.0,0.0,0.0,0.0,1.7952109829866405,21.825109104390407,0.15086562267479572,3.985310137981135,0.3321091781650946,0.0,,,CFBD/team roster,,0.0,,MODELLED_ON_TEAM_RATES,opportunity-differentiated; team receiving rates,0.0,v1.0,2026-08-18T18:11:37+00:00
2026,CFF_FSU,Florida State,CFP_0E036DE5,Chase Loftin,TE,289,12.0,0.0,0.0,0.0,0.0,0.0,0.0,0.0,0.0,1.811601704154738,22.431275400853448,0.13613694373513388,3.965750054573517,0.33047917121445974,0.0,,,CFBD/team roster,,0.0,,MODELLED_ON_TEAM_RATES,opportunity-differentiated; team receiving rates,0.0,v1.0,2026-08-18T18:11:37+00:00
2026,CFF_WASH,Washington,CFP_1ADBF849,Kade Eldridge,TE,290,12.0,0.0,0.0,0.0,0.0,0.0,1.0274009208457535,5.32919909284026,0.04876888339120856,1.2867839757658912,15.518655344957317,0.11283658852707232,3.6978102631723884,0.3081508552643657,0.8255332096312773,,,CFBD/team roster,,0.0,,MODELLED_ON_TEAM_RATES,opportunity-differentiated; team receiving rates,0.0,v1.0,2026-08-18T18:11:37+00:00
2026,CFF_IOWA,Iowa,CFP_04607B6A,Luke Brewer,TE,291,12.0,0.0,0.0,0.0,0.0,0.0,0.0,0.0,0.0,1.7420250961195873,19.504870674339113,0.13289959367022966,3.618897177515083,0.3015747647929236,0.0,,,CFBD/team roster,,0.0,,MODELLED_ON_TEAM_RATES,opportunity-differentiated; team receiving rates,0.0,v1.0,2026-08-18T18:11:37+00:00
2026,CFF_ILL,Illinois,CFP_52F557C8,Davin Stoffel,TE,292,12.0,0.0,0.0,0.0,0.0,0.0,0.0,0.0,0.0,1.555796137351937,18.914445579763854,0.13074572027525785,3.453816948303901,0.2878180790253251,0.0,,,CFBD/team roster,,0.0,,MODELLED_ON_TEAM_RATES,opportunity-differentiated; team receiving rates,0.0,v1.0,2026-08-18T18:11:37+00:00
2026,CFF_NEB,Nebraska,CFP_AE8260FD,Luke Sorensen,TE,293,12.0,0.0,0.0,0.0,0.0,0.0,0.0,0.0,0.0,1.6575227727228066,18.524767882955604,0.1273275690723428,3.4452035890910206,0.2871002990909184,0.0,,,CFBD/team roster,,0.0,,MODELLED_ON_TEAM_RATES,opportunity-differentiated; team receiving rates,0.0,v1.0,2026-08-18T18:11:37+00:00
2026,CFF_MD,Maryland,CFP_219ACC95,Javonte Williams,TE,294,12.0,0.0,0.0,0.0,0.0,0.0,0.0,0.0,0.0,1.6373795621934193,18.000686385076325,0.12140037011273541,3.3471606402807548,0.27893005335672955,0.0,,,CFBD/team roster,,0.0,,MODELLED_ON_TEAM_RATES,opportunity-differentiated; team receiving rates,0.0,v1.0,2026-08-18T18:11:37+00:00
2026,CFF_FSU,Florida State,CFP_805D3F5A,Greyson Labiad,TE,295,12.0,0.0,0.0,0.0,0.0,0.0,0.0,0.0,0.0,1.5121548030466094,18.723520053039515,0.1136343230794318,3.3102353453038473,0.2758529454419873,0.0,,,CFBD/team roster,,0.0,,MODELLED_ON_TEAM_RATES,opportunity-differentiated; team receiving rates,0.0,v1.0,2026-08-18T18:11:37+00:00
2026,CFF_MIA,Miami,CFP_733E4FB0,Jack Nickel,TE,296,12.0,0.0,0.0,0.0,0.0,0.0,0.0,0.0,0.0,1.405512644889042,16.88060540690817,0.13324473177775048,3.190285253801841,0.26585710448348676,0.0,,,CFBD/team roster,,0.0,,MODELLED_ON_TEAM_RATES,opportunity-differentiated; team receiving rates,0.0,v1.0,2026-08-18T18:11:37+00:00
2026,CFF_MD,Maryland,CFP_E47EAD8D,Damon Hall Jr.,TE,297,12.0,0.0,0.0,0.0,0.0,0.0,0.0,0.0,0.0,1.5598463243574694,17.148317434754954,0.11565181676160279,3.1886658062238467,0.2657221505186539,0.0,,,CFBD/team roster,,0.0,,MODELLED_ON_TEAM_RATES,opportunity-differentiated; team receiving rates,0.0,v1.0,2026-08-18T18:11:37+00:00
2026,CFF_OKST,Oklahoma State,CFP_06D0EC41,Morgan McPhaul,TE,298,12.0,0.0,0.0,0.0,0.0,0.0,0.0,0.0,0.0,1.3928601385212604,17.308025954712356,0.11485937076182672,3.1163888893028258,0.2596990741085688,0.0,,,CFBD/team roster,,0.0,,MODELLED_ON_TEAM_RATES,opportunity-differentiated; team receiving rates,0.0,v1.0,2026-08-18T18:11:37+00:00
2026,CFF_PUR,Purdue,CFP_A95D4C12,Kylan Fox,TE,299,12.0,0.0,0.0,0.0,0.0,0.0,0.0,0.0,0.0,1.5082846790357038,16.836968287939435,0.11231799543950453,3.1117471409488227,0.25931226174573524,0.0,,,CFBD/team roster,,0.0,,MODELLED_ON_TEAM_RATES,opportunity-differentiated; team receiving rates,0.0,v1.0,2026-08-18T18:11:37+00:00
2026,CFF_TTU,Texas Tech,CFP_E19094B6,Jason Llewellyn,TE,300,12.0,0.0,0.0,0.0,0.0,0.0,0.0,0.0,0.0,1.3689209817270718,16.262903414373863,0.12513957117186586,3.061588259332117,0.2551323549443431,0.0,,,CFBD/team roster,,0.0,,MODELLED_ON_TEAM_RATES,opportunity-differentiated; team receiving rates,0.0,v1.0,2026-08-18T18:11:37+00:00
2026,CFF_PUR,Purdue,CFP_781ACD12,Ar'mari Towns,TE,301,12.0,0.0,0.0,0.0,0.0,0.0,0.0,0.0,0.0,1.398404185365163,15.610373326717108,0.10413548390271117,2.885052328770559,0.2404210273975466,0.0,,,CFBD/team roster,,0.0,,MODELLED_ON_TEAM_RATES,opportunity-differentiated; team receiving rates,0.0,v1.0,2026-08-18T18:11:37+00:00
2026,CFF_IOWA,Iowa,CFP_67B8159E,Addison Ostrenga,TE,302,12.0,0.0,0.0,0.0,0.0,0.0,0.0,0.0,0.0,1.378434303953158,15.433866533592866,0.10516114796770101,2.863570693142072,0.23863089109517266,0.0,,,CFBD/team roster,,0.0,,MODELLED_ON_TEAM_RATES,opportunity-differentiated; team receiving rates,0.0,v1.0,2026-08-18T18:11:37+00:00
2026,CFF_DUKE,Duke,CFP_9319560C,Tony Boggs,TE,303,12.0,0.0,0.0,0.0,0.0,0.0,0.0,0.0,0.0,1.2337306156741847,15.036230003921743,0.10769207428485202,2.766640753938379,0.2305533961615316,0.0,,,CFBD/team roster,,0.0,,MODELLED_ON_TEAM_RATES,opportunity-differentiated; team receiving rates,0.0,v1.0,2026-08-18T18:11:37+00:00
2026,CFF_IOWA,Iowa,CFP_9E3C41AC,Thomas Meyer,TE,304,12.0,0.0,0.0,0.0,0.0,0.0,0.0,0.0,0.0,1.2747371687171476,14.272804493451634,0.09725006381149058,2.648149416572681,0.22067911804772342,0.0,,,CFBD/team roster,,0.0,,MODELLED_ON_TEAM_RATES,opportunity-differentiated; team receiving rates,0.0,v1.0,2026-08-18T18:11:37+00:00
2026,CFF_PUR,Purdue,CFP_43CFC4ED,Cooper McCutchan,TE,305,12.0,0.0,0.0,0.0,0.0,0.0,0.0,0.0,0.0,1.282762167681934,14.319462524831435,0.09552392681717206,2.646470897227143,0.22053924143559525,0.0,,,CFBD/team roster,,0.0,,MODELLED_ON_TEAM_RATES,opportunity-differentiated; team receiving rates,0.0,v1.0,2026-08-18T18:11:37+00:00
2026,CFF_OKST,Oklahoma State,CFP_E6A2BCFD,Oscar Hammond,TE,306,12.0,0.0,0.0,0.0,0.0,0.0,0.0,0.0,0.0,1.0803660557829113,13.424896884430028,0.08909018352079696,2.41721381745924,0.20143448478827,0.0,,,CFBD/team roster,,0.0,,MODELLED_ON_TEAM_RATES,opportunity-differentiated; team receiving rates,0.0,v1.0,2026-08-18T18:11:37+00:00
2026,CFF_VT,Virginia Tech,CFP_72178BCE,Luke Reynolds,TE,307,12.0,0.0,0.0,0.0,0.0,0.0,0.7853211814615433,4.087060842546816,0.03914119624109575,0.8167405369412701,9.395052693384953,0.06438053863998404,2.3777120313502906,0.1981426692791909,0.643553261701256,,,CFBD/team roster,,0.0,,MODELLED_ON_TEAM_RATES,opportunity-differentiated; team receiving rates,0.0,v1.0,2026-08-18T18:11:37+00:00
2026,CFF_WASH,Washington,CFP_DA158463,Sam Vyhlidal,TE,308,12.0,0.0,0.0,0.0,0.0,0.0,0.0,0.0,0.0,1.0597044506307338,12.780069107611908,0.09292424937523601,2.365404632327974,0.19711705269399782,0.0,,,CFBD/team roster,,0.0,,MODELLED_ON_TEAM_RATES,opportunity-differentiated; team receiving rates,0.0,v1.0,2026-08-18T18:11:37+00:00
2026,CFF_WASH,Washington,CFP_521AA8DB,Kekua Aumua,TE,309,12.0,0.0,0.0,0.0,0.0,0.0,0.0,0.0,0.0,1.0159251547938657,12.25208941861018,0.08908529389911622,2.2676832826526483,0.1889736068877207,0.0,,,CFBD/team roster,,0.0,,MODELLED_ON_TEAM_RATES,opportunity-differentiated; team receiving rates,0.0,v1.0,2026-08-18T18:11:37+00:00
2026,CFF_MIZ,Missouri,CFP_5CAEB779,Isaac Jensen,TE,310,12.0,0.0,0.0,0.0,0.0,0.0,0.0,0.0,0.0,1.018513249548081,11.537619132512098,0.07452483910930821,2.1101675726810996,0.17584729772342497,0.0,,,CFBD/team roster,,0.0,,MODELLED_ON_TEAM_RATES,opportunity-differentiated; team receiving rates,0.0,v1.0,2026-08-18T18:11:37+00:00
2026,CFF_OKST,Oklahoma State,CFP_84189FFC,Bodie Boydstun,TE,311,12.0,0.0,0.0,0.0,0.0,0.0,0.0,0.0,0.0,0.9230910733520974,11.470558898399776,0.07612082283698922,2.0653263635379617,0.17211053029483014,0.0,,,CFBD/team roster,,0.0,,MODELLED_ON_TEAM_RATES,opportunity-differentiated; team receiving rates,0.0,v1.0,2026-08-18T18:11:37+00:00
2026,CFF_WASH,Washington,CFP_2ECA6082,Austin Simmons,TE,312,12.0,0.0,0.0,0.0,0.0,0.0,0.0,0.0,0.0,0.9177286033840679,11.067835910568922,0.0804745526442681,2.0484952086145345,0.1707079340512112,0.0,,,CFBD/team roster,,0.0,,MODELLED_ON_TEAM_RATES,opportunity-differentiated; team receiving rates,0.0,v1.0,2026-08-18T18:11:37+00:00
2026,CFF_NEB,Nebraska,CFP_D836CC0C,Eric Ingwerson,TE,313,12.0,0.0,0.0,0.0,0.0,0.0,0.0,0.0,0.0,0.8972142717719057,10.027425504716813,0.06892219765648665,1.864882872296554,0.15540690602471283,0.0,,,CFBD/team roster,,0.0,,MODELLED_ON_TEAM_RATES,opportunity-differentiated; team receiving rates,0.0,v1.0,2026-08-18T18:11:37+00:00
2026,CFF_VT,Virginia Tech,CFP_76C1C878,Matt Henderson,TE,314,12.0,0.0,0.0,0.0,0.0,0.0,0.0,0.0,0.0,0.6075752774807008,6.989002613371732,0.04789283971998812,1.2900449383974524,0.10750374486645436,0.0,,,CFBD/team roster,,0.0,,MODELLED_ON_TEAM_RATES,opportunity-differentiated; team receiving rates,0.0,v1.0,2026-08-18T18:11:37+00:00
2026,CFF_COLO,Colorado,CFP_858966EF,Ben Gula,TE,315,12.0,0.0,0.0,0.0,0.0,0.0,0.0,0.0,0.0,0.25927534524300744,3.0691397741838706,0.023081953713251287,0.5750433723193985,0.047920281026616544,0.0,,,CFBD/team roster,,0.0,,MODELLED_ON_TEAM_RATES,opportunity-differentiated; team receiving rates,0.0,v1.0,2026-08-18T18:11:37+00:00
2026,CFF_COLO,Colorado,CFP_0429A237,Corbin Laisure,TE,316,12.0,0.0,0.0,0.0,0.0,0.0,0.0,0.0,0.0,0.16104540387476932,1.90635501427373,0.014337046025279711,0.35718047951643594,0.029765039959702994,0.0,,,CFBD/team roster,,0.0,,MODELLED_ON_TEAM_RATES,opportunity-differentiated; team receiving rates,0.0,v1.0,2026-08-18T18:11:37+00:00
2026,CFF_COLO,Colorado,CFP_22674C22,Brady Kopetz,TE,317,12.0,0.0,0.0,0.0,0.0,0.0,0.0,0.0,0.0,0.15690940634347506,1.857395655961724,0.013968839385786169,0.3480073050826269,0.029000608756885576,0.0,,,CFBD/team roster,,0.0,,MODELLED_ON_TEAM_RATES,opportunity-differentiated; team receiving rates,0.0,v1.0,2026-08-18T18:11:37+00:00
2026,CFF_BC,Boston College,CFP_FC4475F5,Danny Edgehille,TE,318,12.0,0.0,0.0,0.0,0.0,0.0,0.0,0.0,0.0,0.0,0.0,0.0,0.0,0.0,0.0,,,CFBD/team roster,,0.0,,MODELLED_ON_TEAM_RATES,opportunity-differentiated; team receiving rates,0.0,v1.0,2026-08-18T18:11:37+00:00
2026,CFF_BC,Boston College,CFP_0FB6AE09,Dominic DeSarno,TE,319,12.0,0.0,0.0,0.0,0.0,0.0,0.0,0.0,0.0,0.0,0.0,0.0,0.0,0.0,0.0,,,CFBD/team roster,,0.0,,MODELLED_ON_TEAM_RATES,opportunity-differentiated; team receiving rates,0.0,v1.0,2026-08-18T18:11:37+00:00
2026,CFF_CAL,California,CFP_D61553FA,Jack Olyphant,TE,320,12.0,0.0,0.0,0.0,0.0,0.0,0.0,0.0,0.0,0.0,0.0,0.0,0.0,0.0,0.0,,,CFBD/team roster,,0.0,,MODELLED_ON_TEAM_RATES,opportunity-differentiated; team receiving rates,0.0,v1.0,2026-08-18T18:11:37+00:00
2026,CFF_CAL,California,CFP_D1246F8A,John Tofi Jr.,TE,321,12.0,0.0,0.0,0.0,0.0,0.0,0.0,0.0,0.0,0.0,0.0,0.0,0.0,0.0,0.0,,,CFBD/team roster,,0.0,,MODELLED_ON_TEAM_RATES,opportunity-differentiated; team receiving rates,0.0,v1.0,2026-08-18T18:11:37+00:00
2026,CFF_CLEM,Clemson,CFP_D6774ADA,Charlie Johnson,TE,322,12.0,0.0,0.0,0.0,0.0,0.0,0.0,0.0,0.0,0.0,0.0,0.0,0.0,0.0,0.0,,,CFBD/team roster,,0.0,,MODELLED_ON_TEAM_RATES,opportunity-differentiated; team receiving rates,0.0,v1.0,2026-08-18T18:11:37+00:00
2026,CFF_CLEM,Clemson,CFP_A40C6A53,Jack Wolf,TE,323,12.0,0.0,0.0,0.0,0.0,0.0,0.0,0.0,0.0,0.0,0.0,0.0,0.0,0.0,0.0,,,CFBD/team roster,,0.0,,MODELLED_ON_TEAM_RATES,opportunity-differentiated; team receiving rates,0.0,v1.0,2026-08-18T18:11:37+00:00
2026,CFF_DUKE,Duke,CFP_3216BC4A,Brett Elliott,TE,324,12.0,0.0,0.0,0.0,0.0,0.0,0.0,0.0,0.0,0.0,0.0,0.0,0.0,0.0,0.0,,,CFBD/team roster,,0.0,,MODELLED_ON_TEAM_RATES,opportunity-differentiated; team receiving rates,0.0,v1.0,2026-08-18T18:11:37+00:00
2026,CFF_DUKE,Duke,CFP_C81CC20C,Jack Gaskins,TE,325,12.0,0.0,0.0,0.0,0.0,0.0,0.0,0.0,0.0,0.0,0.0,0.0,0.0,0.0,0.0,,,CFBD/team roster,,0.0,,MODELLED_ON_TEAM_RATES,opportunity-differentiated; team receiving rates,0.0,v1.0,2026-08-18T18:11:37+00:00
2026,CFF_FSU,Florida State,CFP_FED0273B,Drew Hardwick,TE,326,12.0,0.0,0.0,0.0,0.0,0.0,0.0,0.0,0.0,0.0,0.0,0.0,0.0,0.0,0.0,,,CFBD/team roster,,0.0,,MODELLED_ON_TEAM_RATES,opportunity-differentiated; team receiving rates,0.0,v1.0,2026-08-18T18:11:37+00:00
2026,CFF_FSU,Florida State,CFP_344E0C3A,Gavin Markey,TE,327,12.0,0.0,0.0,0.0,0.0,0.0,0.0,0.0,0.0,0.0,0.0,0.0,0.0,0.0,0.0,,,CFBD/team roster,,0.0,,MODELLED_ON_TEAM_RATES,opportunity-differentiated; team receiving rates,0.0,v1.0,2026-08-18T18:11:37+00:00
2026,CFF_GT,Georgia Tech,CFP_1EE61F1E,Chris Corbo,TE,328,12.0,0.0,0.0,0.0,0.0,0.0,0.0,0.0,0.0,0.0,0.0,0.0,0.0,0.0,0.0,,,CFBD/team roster,,0.0,,MODELLED_ON_TEAM_RATES,opportunity-differentiated; team receiving rates,0.0,v1.0,2026-08-18T18:11:37+00:00
2026,CFF_GT,Georgia Tech,CFP_150A6F4C,Spencer Mermans,TE,329,12.0,0.0,0.0,0.0,0.0,0.0,0.0,0.0,0.0,0.0,0.0,0.0,0.0,0.0,0.0,,,CFBD/team roster,,0.0,,MODELLED_ON_TEAM_RATES,opportunity-differentiated; team receiving rates,0.0,v1.0,2026-08-18T18:11:37+00:00
2026,CFF_GT,Georgia Tech,CFP_9F183934,Connor Roush,TE,330,12.0,0.0,0.0,0.0,0.0,0.0,0.0,0.0,0.0,0.0,0.0,0.0,0.0,0.0,0.0,,,CFBD/team roster,,0.0,,MODELLED_ON_TEAM_RATES,opportunity-differentiated; team receiving rates,0.0,v1.0,2026-08-18T18:11:37+00:00
2026,CFF_GT,Georgia Tech,CFP_2B9EEBD8,Blake Ragsdale,TE,331,12.0,0.0,0.0,0.0,0.0,0.0,0.0,0.0,0.0,0.0,0.0,0.0,0.0,0.0,0.0,,,CFBD/team roster,,0.0,,MODELLED_ON_TEAM_RATES,opportunity-differentiated; team receiving rates,0.0,v1.0,2026-08-18T18:11:37+00:00
2026,CFF_GT,Georgia Tech,CFP_A48D0B00,Rocco Xerogeanes,TE,332,12.0,0.0,0.0,0.0,0.0,0.0,0.0,0.0,0.0,0.0,0.0,0.0,0.0,0.0,0.0,,,CFBD/team roster,,0.0,,MODELLED_ON_TEAM_RATES,opportunity-differentiated; team receiving rates,0.0,v1.0,2026-08-18T18:11:37+00:00
2026,CFF_LOU,Louisville,CFP_330B2A49,Dylan Mesman,TE,333,12.0,0.0,0.0,0.0,0.0,0.0,0.0,0.0,0.0,0.0,0.0,0.0,0.0,0.0,0.0,,,CFBD/team roster,,0.0,,MODELLED_ON_TEAM_RATES,opportunity-differentiated; team receiving rates,0.0,v1.0,2026-08-18T18:11:37+00:00
2026,CFF_LOU,Louisville,CFP_CC16A289,Travis Egan,TE,334,12.0,0.0,0.0,0.0,0.0,0.0,0.0,0.0,0.0,0.0,0.0,0.0,0.0,0.0,0.0,,,CFBD/team roster,,0.0,,MODELLED_ON_TEAM_RATES,opportunity-differentiated; team receiving rates,0.0,v1.0,2026-08-18T18:11:37+00:00
2026,CFF_LOU,Louisville,CFP_86C4BA0B,Hamilton Atkins,TE,335,12.0,0.0,0.0,0.0,0.0,0.0,0.0,0.0,0.0,0.0,0.0,0.0,0.0,0.0,0.0,,,CFBD/team roster,,0.0,,MODELLED_ON_TEAM_RATES,opportunity-differentiated; team receiving rates,0.0,v1.0,2026-08-18T18:11:37+00:00
2026,CFF_MIA,Miami,CFP_597A21EF,Jackson Carver,TE,336,12.0,0.0,0.0,0.0,0.0,0.0,0.0,0.0,0.0,0.0,0.0,0.0,0.0,0.0,0.0,,,CFBD/team roster,,0.0,,MODELLED_ON_TEAM_RATES,opportunity-differentiated; team receiving rates,0.0,v1.0,2026-08-18T18:11:37+00:00
2026,CFF_MIA,Miami,CFP_F8082086,Cole McConathy II,TE,337,12.0,0.0,0.0,0.0,0.0,0.0,0.0,0.0,0.0,0.0,0.0,0.0,0.0,0.0,0.0,,,CFBD/team roster,,0.0,,MODELLED_ON_TEAM_RATES,opportunity-differentiated; team receiving rates,0.0,v1.0,2026-08-18T18:11:37+00:00
2026,CFF_MIA,Miami,CFP_541AAE8D,Owen Ruskavich,TE,338,12.0,0.0,0.0,0.0,0.0,0.0,0.0,0.0,0.0,0.0,0.0,0.0,0.0,0.0,0.0,,,CFBD/team roster,,0.0,,MODELLED_ON_TEAM_RATES,opportunity-differentiated; team receiving rates,0.0,v1.0,2026-08-18T18:11:37+00:00
2026,CFF_MIA,Miami,CFP_A4DFA196,Hunter Carver,TE,339,12.0,0.0,0.0,0.0,0.0,0.0,0.0,0.0,0.0,0.0,0.0,0.0,0.0,0.0,0.0,,,CFBD/team roster,,0.0,,MODELLED_ON_TEAM_RATES,opportunity-differentiated; team receiving rates,0.0,v1.0,2026-08-18T18:11:37+00:00
2026,CFF_MIA,Miami,CFP_B45C1723,Dylan Reiman,TE,340,12.0,0.0,0.0,0.0,0.0,0.0,0.0,0.0,0.0,0.0,0.0,0.0,0.0,0.0,0.0,,,CFBD/team roster,,0.0,,MODELLED_ON_TEAM_RATES,opportunity-differentiated; team receiving rates,0.0,v1.0,2026-08-18T18:11:37+00:00
2026,CFF_UNC,North Carolina,CFP_9EA2CD51,Deems May,TE,341,12.0,0.0,0.0,0.0,0.0,0.0,0.0,0.0,0.0,0.0,0.0,0.0,0.0,0.0,0.0,,,CFBD/team roster,,0.0,,MODELLED_ON_TEAM_RATES,opportunity-differentiated; team receiving rates,0.0,v1.0,2026-08-18T18:11:37+00:00
2026,CFF_UNC,North Carolina,CFP_B3919F46,Jaxxon Warren,TE,342,12.0,0.0,0.0,0.0,0.0,0.0,0.0,0.0,0.0,0.0,0.0,0.0,0.0,0.0,0.0,,,CFBD/team roster,,0.0,,MODELLED_ON_TEAM_RATES,opportunity-differentiated; team receiving rates,0.0,v1.0,2026-08-18T18:11:37+00:00
2026,CFF_NCSU,NC State,CFP_322BC6DD,Gus Ritchey,TE,343,12.0,0.0,0.0,0.0,0.0,0.0,0.0,0.0,0.0,0.0,0.0,0.0,0.0,0.0,0.0,,,CFBD/team roster,,0.0,,MODELLED_ON_TEAM_RATES,opportunity-differentiated; team receiving rates,0.0,v1.0,2026-08-18T18:11:37+00:00
2026,CFF_NCSU,NC State,CFP_E04777D6,Hunter Provience,TE,344,12.0,0.0,0.0,0.0,0.0,0.0,0.0,0.0,0.0,0.0,0.0,0.0,0.0,0.0,0.0,,,CFBD/team roster,,0.0,,MODELLED_ON_TEAM_RATES,opportunity-differentiated; team receiving rates,0.0,v1.0,2026-08-18T18:11:37+00:00
2026,CFF_PITT,Pitt,CFP_70CB8AF5,Adam Howanitz,TE,345,12.0,0.0,0.0,0.0,0.0,0.0,0.0,0.0,0.0,0.0,0.0,0.0,0.0,0.0,0.0,,,CFBD/team roster,,0.0,,MODELLED_ON_TEAM_RATES,opportunity-differentiated; team receiving rates,0.0,v1.0,2026-08-18T18:11:37+00:00
2026,CFF_PITT,Pitt,CFP_71B8ADA2,Truitt Brown,TE,346,12.0,0.0,0.0,0.0,0.0,0.0,0.0,0.0,0.0,0.0,0.0,0.0,0.0,0.0,0.0,,,CFBD/team roster,,0.0,,MODELLED_ON_TEAM_RATES,opportunity-differentiated; team receiving rates,0.0,v1.0,2026-08-18T18:11:37+00:00
2026,CFF_SMU,SMU,CFP_7C708904,Tripp Riordan,TE,347,12.0,0.0,0.0,0.0,0.0,0.0,0.0,0.0,0.0,0.0,0.0,0.0,0.0,0.0,0.0,,,CFBD/team roster,,0.0,,MODELLED_ON_TEAM_RATES,opportunity-differentiated; team receiving rates,0.0,v1.0,2026-08-18T18:11:37+00:00
2026,CFF_SMU,SMU,CFP_16753034,Trey Jackson,TE,348,12.0,0.0,0.0,0.0,0.0,0.0,0.0,0.0,0.0,0.0,0.0,0.0,0.0,0.0,0.0,,,CFBD/team roster,,0.0,,MODELLED_ON_TEAM_RATES,opportunity-differentiated; team receiving rates,0.0,v1.0,2026-08-18T18:11:37+00:00
2026,CFF_SMU,SMU,CFP_66F586A7,Miles Uter,TE,349,12.0,0.0,0.0,0.0,0.0,0.0,0.0,0.0,0.0,0.0,0.0,0.0,0.0,0.0,0.0,,,CFBD/team roster,,0.0,,MODELLED_ON_TEAM_RATES,opportunity-differentiated; team receiving rates,0.0,v1.0,2026-08-18T18:11:37+00:00
2026,CFF_SMU,SMU,CFP_F182D7D0,Will Locke,TE,350,12.0,0.0,0.0,0.0,0.0,0.0,0.0,0.0,0.0,0.0,0.0,0.0,0.0,0.0,0.0,,,CFBD/team roster,,0.0,,MODELLED_ON_TEAM_RATES,opportunity-differentiated; team receiving rates,0.0,v1.0,2026-08-18T18:11:37+00:00
2026,CFF_SMU,SMU,CFP_81CF2C53,Devon Martin,TE,351,12.0,0.0,0.0,0.0,0.0,0.0,0.0,0.0,0.0,0.0,0.0,0.0,0.0,0.0,0.0,,,CFBD/team roster,,0.0,,MODELLED_ON_TEAM_RATES,opportunity-differentiated; team receiving rates,0.0,v1.0,2026-08-18T18:11:37+00:00
2026,CFF_STAN,Stanford,CFP_684D9F42,Aiden Black,TE,352,12.0,0.0,0.0,0.0,0.0,0.0,0.0,0.0,0.0,0.0,0.0,0.0,0.0,0.0,0.0,,,CFBD/team roster,,0.0,,MODELLED_ON_TEAM_RATES,opportunity-differentiated; team receiving rates,0.0,v1.0,2026-08-18T18:11:37+00:00
2026,CFF_UVA,Virginia,CFP_A736F868,Lukas Ungar,TE,353,12.0,0.0,0.0,0.0,0.0,0.0,0.0,0.0,0.0,0.0,0.0,0.0,0.0,0.0,0.0,,,CFBD/team roster,,0.0,,MODELLED_ON_TEAM_RATES,opportunity-differentiated; team receiving rates,0.0,v1.0,2026-08-18T18:11:37+00:00
2026,CFF_UVA,Virginia,CFP_1B9B64E4,Hayden Rollison,TE,354,12.0,0.0,0.0,0.0,0.0,0.0,0.0,0.0,0.0,0.0,0.0,0.0,0.0,0.0,0.0,,,CFBD/team roster,,0.0,,MODELLED_ON_TEAM_RATES,opportunity-differentiated; team receiving rates,0.0,v1.0,2026-08-18T18:11:37+00:00
2026,CFF_UVA,Virginia,CFP_EAB49829,Willem Thurber,TE,355,12.0,0.0,0.0,0.0,0.0,0.0,0.0,0.0,0.0,0.0,0.0,0.0,0.0,0.0,0.0,,,CFBD/team roster,,0.0,,MODELLED_ON_TEAM_RATES,opportunity-differentiated; team receiving rates,0.0,v1.0,2026-08-18T18:11:37+00:00
2026,CFF_UVA,Virginia,CFP_3487B84A,Henry Omohundro,TE,356,12.0,0.0,0.0,0.0,0.0,0.0,0.0,0.0,0.0,0.0,0.0,0.0,0.0,0.0,0.0,,,CFBD/team roster,,0.0,,MODELLED_ON_TEAM_RATES,opportunity-differentiated; team receiving rates,0.0,v1.0,2026-08-18T18:11:37+00:00
2026,CFF_VT,Virginia Tech,CFP_067873CF,Cole Reemsnyder,TE,357,12.0,0.0,0.0,0.0,0.0,0.0,0.0,0.0,0.0,0.0,0.0,0.0,0.0,0.0,0.0,,,CFBD/team roster,,0.0,,MODELLED_ON_TEAM_RATES,opportunity-differentiated; team receiving rates,0.0,v1.0,2026-08-18T18:11:37+00:00
2026,CFF_VT,Virginia Tech,CFP_A8B5A616,Brody Jones,TE,358,12.0,0.0,0.0,0.0,0.0,0.0,0.0,0.0,0.0,0.0,0.0,0.0,0.0,0.0,0.0,,,CFBD/team roster,,0.0,,MODELLED_ON_TEAM_RATES,opportunity-differentiated; team receiving rates,0.0,v1.0,2026-08-18T18:11:37+00:00
2026,CFF_VT,Virginia Tech,CFP_4614F736,Pierce Petersohn,TE,359,12.0,0.0,0.0,0.0,0.0,0.0,0.0,0.0,0.0,0.0,0.0,0.0,0.0,0.0,0.0,,,CFBD/team roster,,0.0,,MODELLED_ON_TEAM_RATES,opportunity-differentiated; team receiving rates,0.0,v1.0,2026-08-18T18:11:37+00:00
2026,CFF_WAKE,Wake Forest,CFP_C224062F,Landon Morris,TE,360,12.0,0.0,0.0,0.0,0.0,0.0,0.0,0.0,0.0,0.0,0.0,0.0,0.0,0.0,0.0,,,CFBD/team roster,,0.0,,MODELLED_ON_TEAM_RATES,opportunity-differentiated; team receiving rates,0.0,v1.0,2026-08-18T18:11:37+00:00
2026,CFF_WAKE,Wake Forest,CFP_0743D492,Matthew Lusardi,TE,361,12.0,0.0,0.0,0.0,0.0,0.0,0.0,0.0,0.0,0.0,0.0,0.0,0.0,0.0,0.0,,,CFBD/team roster,,0.0,,MODELLED_ON_TEAM_RATES,opportunity-differentiated; team receiving rates,0.0,v1.0,2026-08-18T18:11:37+00:00
2026,CFF_WAKE,Wake Forest,CFP_3850B64A,Will Loerzel,TE,362,12.0,0.0,0.0,0.0,0.0,0.0,0.0,0.0,0.0,0.0,0.0,0.0,0.0,0.0,0.0,,,CFBD/team roster,,0.0,,MODELLED_ON_TEAM_RATES,opportunity-differentiated; team receiving rates,0.0,v1.0,2026-08-18T18:11:37+00:00
2026,CFF_ILL,Illinois,CFP_01B4C8BF,Maurice Smith Jr.,TE,363,12.0,0.0,0.0,0.0,0.0,0.0,0.0,0.0,0.0,0.0,0.0,0.0,0.0,0.0,0.0,,,CFBD/team roster,,0.0,,MODELLED_ON_TEAM_RATES,opportunity-differentiated; team receiving rates,0.0,v1.0,2026-08-18T18:11:37+00:00
2026,CFF_ILL,Illinois,CFP_17091589,Tanner Hollinger,TE,364,12.0,0.0,0.0,0.0,0.0,0.0,0.0,0.0,0.0,0.0,0.0,0.0,0.0,0.0,0.0,,,CFBD/team roster,,0.0,,MODELLED_ON_TEAM_RATES,opportunity-differentiated; team receiving rates,0.0,v1.0,2026-08-18T18:11:37+00:00
2026,CFF_ILL,Illinois,CFP_90BCF348,BJ Thurman,TE,365,12.0,0.0,0.0,0.0,0.0,0.0,0.0,0.0,0.0,0.0,0.0,0.0,0.0,0.0,0.0,,,CFBD/team roster,,0.0,,MODELLED_ON_TEAM_RATES,opportunity-differentiated; team receiving rates,0.0,v1.0,2026-08-18T18:11:37+00:00
2026,CFF_IND,Indiana,CFP_FCFFCA96,Brock Schott,TE,366,12.0,0.0,0.0,0.0,0.0,0.0,0.0,0.0,0.0,0.0,0.0,0.0,0.0,0.0,0.0,,,CFBD/team roster,,0.0,,MODELLED_ON_TEAM_RATES,opportunity-differentiated; team receiving rates,0.0,v1.0,2026-08-18T18:11:37+00:00
2026,CFF_IOWA,Iowa,CFP_77E9F9AE,Michael Burt,TE,367,12.0,0.0,0.0,0.0,0.0,0.0,0.0,0.0,0.0,0.0,0.0,0.0,0.0,0.0,0.0,,,CFBD/team roster,,0.0,,MODELLED_ON_TEAM_RATES,opportunity-differentiated; team receiving rates,0.0,v1.0,2026-08-18T18:11:37+00:00
2026,CFF_IOWA,Iowa,CFP_DCE5C04D,Eli Johnson,TE,368,12.0,0.0,0.0,0.0,0.0,0.0,0.0,0.0,0.0,0.0,0.0,0.0,0.0,0.0,0.0,,,CFBD/team roster,,0.0,,MODELLED_ON_TEAM_RATES,opportunity-differentiated; team receiving rates,0.0,v1.0,2026-08-18T18:11:37+00:00
2026,CFF_IOWA,Iowa,CFP_0A930D29,Mason Woods,TE,369,12.0,0.0,0.0,0.0,0.0,0.0,0.0,0.0,0.0,0.0,0.0,0.0,0.0,0.0,0.0,,,CFBD/team roster,,0.0,,MODELLED_ON_TEAM_RATES,opportunity-differentiated; team receiving rates,0.0,v1.0,2026-08-18T18:11:37+00:00
2026,CFF_IOWA,Iowa,CFP_25343E5F,Dylan Stecker,TE,370,12.0,0.0,0.0,0.0,0.0,0.0,0.0,0.0,0.0,0.0,0.0,0.0,0.0,0.0,0.0,,,CFBD/team roster,,0.0,,MODELLED_ON_TEAM_RATES,opportunity-differentiated; team receiving rates,0.0,v1.0,2026-08-18T18:11:37+00:00
2026,CFF_MD,Maryland,CFP_298F1EE2,Daniel Owens,TE,371,12.0,0.0,0.0,0.0,0.0,0.0,0.0,0.0,0.0,0.0,0.0,0.0,0.0,0.0,0.0,,,CFBD/team roster,,0.0,,MODELLED_ON_TEAM_RATES,opportunity-differentiated; team receiving rates,0.0,v1.0,2026-08-18T18:11:37+00:00
2026,CFF_MD,Maryland,CFP_009DE8B0,Thomas McCluskey,TE,372,12.0,0.0,0.0,0.0,0.0,0.0,0.0,0.0,0.0,0.0,0.0,0.0,0.0,0.0,0.0,,,CFBD/team roster,,0.0,,MODELLED_ON_TEAM_RATES,opportunity-differentiated; team receiving rates,0.0,v1.0,2026-08-18T18:11:37+00:00
2026,CFF_MD,Maryland,CFP_16486AB5,JT Taggart,TE,373,12.0,0.0,0.0,0.0,0.0,0.0,0.0,0.0,0.0,0.0,0.0,0.0,0.0,0.0,0.0,,,CFBD/team roster,,0.0,,MODELLED_ON_TEAM_RATES,opportunity-differentiated; team receiving rates,0.0,v1.0,2026-08-18T18:11:37+00:00
2026,CFF_MD,Maryland,CFP_A9BBA1FC,Brayden Marko,TE,374,12.0,0.0,0.0,0.0,0.0,0.0,0.0,0.0,0.0,0.0,0.0,0.0,0.0,0.0,0.0,,,CFBD/team roster,,0.0,,MODELLED_ON_TEAM_RATES,opportunity-differentiated; team receiving rates,0.0,v1.0,2026-08-18T18:11:37+00:00
2026,CFF_MICH,Michigan,CFP_EE4690D8,Eli Owens,TE,375,12.0,0.0,0.0,0.0,0.0,0.0,0.0,0.0,0.0,0.0,0.0,0.0,0.0,0.0,0.0,,,CFBD/team roster,,0.0,,MODELLED_ON_TEAM_RATES,opportunity-differentiated; team receiving rates,0.0,v1.0,2026-08-18T18:11:37+00:00
2026,CFF_MICH,Michigan,CFP_DAFCBF90,Jalen Hoffman,TE,376,12.0,0.0,0.0,0.0,0.0,0.0,0.0,0.0,0.0,0.0,0.0,0.0,0.0,0.0,0.0,,,CFBD/team roster,,0.0,,MODELLED_ON_TEAM_RATES,opportunity-differentiated; team receiving rates,0.0,v1.0,2026-08-18T18:11:37+00:00
2026,CFF_MICH,Michigan,CFP_7622BC74,Crandall Quinn,TE,377,12.0,0.0,0.0,0.0,0.0,0.0,0.0,0.0,0.0,0.0,0.0,0.0,0.0,0.0,0.0,,,CFBD/team roster,,0.0,,MODELLED_ON_TEAM_RATES,opportunity-differentiated; team receiving rates,0.0,v1.0,2026-08-18T18:11:37+00:00
2026,CFF_MICH,Michigan,CFP_66146035,Jimmy Pisani,TE,378,12.0,0.0,0.0,0.0,0.0,0.0,0.0,0.0,0.0,0.0,0.0,0.0,0.0,0.0,0.0,,,CFBD/team roster,,0.0,,MODELLED_ON_TEAM_RATES,opportunity-differentiated; team receiving rates,0.0,v1.0,2026-08-18T18:11:37+00:00
2026,CFF_MSU,Michigan State,CFP_B0014078,Charlie Baker,TE,379,12.0,0.0,0.0,0.0,0.0,0.0,0.0,0.0,0.0,0.0,0.0,0.0,0.0,0.0,0.0,,,CFBD/team roster,,0.0,,MODELLED_ON_TEAM_RATES,opportunity-differentiated; team receiving rates,0.0,v1.0,2026-08-18T18:11:37+00:00
2026,CFF_MSU,Michigan State,CFP_B78FB19A,Ethan Melville,TE,380,12.0,0.0,0.0,0.0,0.0,0.0,0.0,0.0,0.0,0.0,0.0,0.0,0.0,0.0,0.0,,,CFBD/team roster,,0.0,,MODELLED_ON_TEAM_RATES,opportunity-differentiated; team receiving rates,0.0,v1.0,2026-08-18T18:11:37+00:00
2026,CFF_MINN,Minnesota,CFP_1852EC2A,Sam Peters,TE,381,12.0,0.0,0.0,0.0,0.0,0.0,0.0,0.0,0.0,0.0,0.0,0.0,0.0,0.0,0.0,,,CFBD/team roster,,0.0,,MODELLED_ON_TEAM_RATES,opportunity-differentiated; team receiving rates,0.0,v1.0,2026-08-18T18:11:37+00:00
2026,CFF_MINN,Minnesota,CFP_B26F6F46,Jacob Simpson,TE,382,12.0,0.0,0.0,0.0,0.0,0.0,0.0,0.0,0.0,0.0,0.0,0.0,0.0,0.0,0.0,,,CFBD/team roster,,0.0,,MODELLED_ON_TEAM_RATES,opportunity-differentiated; team receiving rates,0.0,v1.0,2026-08-18T18:11:37+00:00
2026,CFF_NEB,Nebraska,CFP_638BEF26,Cayden Echternach,TE,383,12.0,0.0,0.0,0.0,0.0,0.0,0.0,0.0,0.0,0.0,0.0,0.0,0.0,0.0,0.0,,,CFBD/team roster,,0.0,,MODELLED_ON_TEAM_RATES,opportunity-differentiated; team receiving rates,0.0,v1.0,2026-08-18T18:11:37+00:00
2026,CFF_NEB,Nebraska,CFP_8D7BCE9B,Danny King,TE,384,12.0,0.0,0.0,0.0,0.0,0.0,0.0,0.0,0.0,0.0,0.0,0.0,0.0,0.0,0.0,,,CFBD/team roster,,0.0,,MODELLED_ON_TEAM_RATES,opportunity-differentiated; team receiving rates,0.0,v1.0,2026-08-18T18:11:37+00:00
2026,CFF_NW,Northwestern,CFP_0F902D61,Blake Van Buren,TE,385,12.0,0.0,0.0,0.0,0.0,0.0,0.0,0.0,0.0,0.0,0.0,0.0,0.0,0.0,0.0,,,CFBD/team roster,,0.0,,MODELLED_ON_TEAM_RATES,opportunity-differentiated; team receiving rates,0.0,v1.0,2026-08-18T18:11:37+00:00
2026,CFF_NW,Northwestern,CFP_A9D946DD,Noah LaPorte,TE,386,12.0,0.0,0.0,0.0,0.0,0.0,0.0,0.0,0.0,0.0,0.0,0.0,0.0,0.0,0.0,,,CFBD/team roster,,0.0,,MODELLED_ON_TEAM_RATES,opportunity-differentiated; team receiving rates,0.0,v1.0,2026-08-18T18:11:37+00:00
2026,CFF_NW,Northwestern,CFP_587847D0,Tom McGlinchey,TE,387,12.0,0.0,0.0,0.0,0.0,0.0,0.0,0.0,0.0,0.0,0.0,0.0,0.0,0.0,0.0,,,CFBD/team roster,,0.0,,MODELLED_ON_TEAM_RATES,opportunity-differentiated; team receiving rates,0.0,v1.0,2026-08-18T18:11:37+00:00
2026,CFF_NW,Northwestern,CFP_D5A739C3,Luke Dehnicke,TE,388,12.0,0.0,0.0,0.0,0.0,0.0,0.0,0.0,0.0,0.0,0.0,0.0,0.0,0.0,0.0,,,CFBD/team roster,,0.0,,MODELLED_ON_TEAM_RATES,opportunity-differentiated; team receiving rates,0.0,v1.0,2026-08-18T18:11:37+00:00
2026,CFF_OSU,Ohio State,CFP_7651C689,Maxence LeBlanc,TE,389,12.0,0.0,0.0,0.0,0.0,0.0,0.0,0.0,0.0,0.0,0.0,0.0,0.0,0.0,0.0,,,CFBD/team roster,,0.0,,MODELLED_ON_TEAM_RATES,opportunity-differentiated; team receiving rates,0.0,v1.0,2026-08-18T18:11:37+00:00
2026,CFF_OSU,Ohio State,CFP_4C4D7A17,Frankie McAllister,TE,390,12.0,0.0,0.0,0.0,0.0,0.0,0.0,0.0,0.0,0.0,0.0,0.0,0.0,0.0,0.0,,,CFBD/team roster,,0.0,,MODELLED_ON_TEAM_RATES,opportunity-differentiated; team receiving rates,0.0,v1.0,2026-08-18T18:11:37+00:00
2026,CFF_ORE,Oregon,CFP_19BCB6AF,Kendre Harrison,TE,391,12.0,0.0,0.0,0.0,0.0,0.0,0.0,0.0,0.0,0.0,0.0,0.0,0.0,0.0,0.0,,,CFBD/team roster,,0.0,,MODELLED_ON_TEAM_RATES,opportunity-differentiated; team receiving rates,0.0,v1.0,2026-08-18T18:11:37+00:00
2026,CFF_ORE,Oregon,CFP_25EC1325,Dayton Raiola,TE,392,12.0,0.0,0.0,0.0,0.0,0.0,0.0,0.0,0.0,0.0,0.0,0.0,0.0,0.0,0.0,,,CFBD/team roster,,0.0,,MODELLED_ON_TEAM_RATES,opportunity-differentiated; team receiving rates,0.0,v1.0,2026-08-18T18:11:37+00:00
2026,CFF_ORE,Oregon,CFP_96434103,Cole Newton,TE,393,12.0,0.0,0.0,0.0,0.0,0.0,0.0,0.0,0.0,0.0,0.0,0.0,0.0,0.0,0.0,,,CFBD/team roster,,0.0,,MODELLED_ON_TEAM_RATES,opportunity-differentiated; team receiving rates,0.0,v1.0,2026-08-18T18:11:37+00:00
2026,CFF_PSU,Penn State,CFP_594DA939,Cooper Alexander,TE,394,12.0,0.0,0.0,0.0,0.0,0.0,0.0,0.0,0.0,0.0,0.0,0.0,0.0,0.0,0.0,,,CFBD/team roster,,0.0,,MODELLED_ON_TEAM_RATES,opportunity-differentiated; team receiving rates,0.0,v1.0,2026-08-18T18:11:37+00:00
2026,CFF_PSU,Penn State,CFP_67977EAD,Finn Furmanek,TE,395,12.0,0.0,0.0,0.0,0.0,0.0,0.0,0.0,0.0,0.0,0.0,0.0,0.0,0.0,0.0,,,CFBD/team roster,,0.0,,MODELLED_ON_TEAM_RATES,opportunity-differentiated; team receiving rates,0.0,v1.0,2026-08-18T18:11:37+00:00
2026,CFF_PUR,Purdue,CFP_24C4D7F7,Jon Grimmett,TE,396,12.0,0.0,0.0,0.0,0.0,0.0,0.0,0.0,0.0,0.0,0.0,0.0,0.0,0.0,0.0,,,CFBD/team roster,,0.0,,MODELLED_ON_TEAM_RATES,opportunity-differentiated; team receiving rates,0.0,v1.0,2026-08-18T18:11:37+00:00
2026,CFF_PUR,Purdue,CFP_5EFBE70F,Jackson Berryman,TE,397,12.0,0.0,0.0,0.0,0.0,0.0,0.0,0.0,0.0,0.0,0.0,0.0,0.0,0.0,0.0,,,CFBD/team roster,,0.0,,MODELLED_ON_TEAM_RATES,opportunity-differentiated; team receiving rates,0.0,v1.0,2026-08-18T18:11:37+00:00
2026,CFF_PUR,Purdue,CFP_FB248B6A,Luke Shorter,TE,398,12.0,0.0,0.0,0.0,0.0,0.0,0.0,0.0,0.0,0.0,0.0,0.0,0.0,0.0,0.0,,,CFBD/team roster,,0.0,,MODELLED_ON_TEAM_RATES,opportunity-differentiated; team receiving rates,0.0,v1.0,2026-08-18T18:11:37+00:00
2026,CFF_RUTG,Rutgers,CFP_EF237967,Ben Rothhaar,TE,399,12.0,0.0,0.0,0.0,0.0,0.0,0.0,0.0,0.0,0.0,0.0,0.0,0.0,0.0,0.0,,,CFBD/team roster,,0.0,,MODELLED_ON_TEAM_RATES,opportunity-differentiated; team receiving rates,0.0,v1.0,2026-08-18T18:11:37+00:00
2026,CFF_RUTG,Rutgers,CFP_AA7E6D07,Ryan Bayoumy,TE,400,12.0,0.0,0.0,0.0,0.0,0.0,0.0,0.0,0.0,0.0,0.0,0.0,0.0,0.0,0.0,,,CFBD/team roster,,0.0,,MODELLED_ON_TEAM_RATES,opportunity-differentiated; team receiving rates,0.0,v1.0,2026-08-18T18:11:37+00:00
2026,CFF_UCLA,UCLA,CFP_DC5D401D,Josh Phifer,TE,401,12.0,0.0,0.0,0.0,0.0,0.0,0.0,0.0,0.0,0.0,0.0,0.0,0.0,0.0,0.0,,,CFBD/team roster,,0.0,,MODELLED_ON_TEAM_RATES,opportunity-differentiated; team receiving rates,0.0,v1.0,2026-08-18T18:11:37+00:00
2026,CFF_UCLA,UCLA,CFP_01D2B750,Peter Bario,TE,402,12.0,0.0,0.0,0.0,0.0,0.0,0.0,0.0,0.0,0.0,0.0,0.0,0.0,0.0,0.0,,,CFBD/team roster,,0.0,,MODELLED_ON_TEAM_RATES,opportunity-differentiated; team receiving rates,0.0,v1.0,2026-08-18T18:11:37+00:00
2026,CFF_USC,USC,CFP_48489EED,Fisher Melton,TE,403,12.0,0.0,0.0,0.0,0.0,0.0,0.0,0.0,0.0,0.0,0.0,0.0,0.0,0.0,0.0,,,CFBD/team roster,,0.0,,MODELLED_ON_TEAM_RATES,opportunity-differentiated; team receiving rates,0.0,v1.0,2026-08-18T18:11:37+00:00
2026,CFF_USC,USC,CFP_4CC1320B,Patrick O'Brien,TE,404,12.0,0.0,0.0,0.0,0.0,0.0,0.0,0.0,0.0,0.0,0.0,0.0,0.0,0.0,0.0,,,CFBD/team roster,,0.0,,MODELLED_ON_TEAM_RATES,opportunity-differentiated; team receiving rates,0.0,v1.0,2026-08-18T18:11:37+00:00
2026,CFF_USC,USC,CFP_7DD2D2BE,Manoah Leiato,TE,405,12.0,0.0,0.0,0.0,0.0,0.0,0.0,0.0,0.0,0.0,0.0,0.0,0.0,0.0,0.0,,,CFBD/team roster,,0.0,,MODELLED_ON_TEAM_RATES,opportunity-differentiated; team receiving rates,0.0,v1.0,2026-08-18T18:11:37+00:00
2026,CFF_USC,USC,CFP_F189B916,Josiah Jefferson,TE,406,12.0,0.0,0.0,0.0,0.0,0.0,0.0,0.0,0.0,0.0,0.0,0.0,0.0,0.0,0.0,,,CFBD/team roster,,0.0,,MODELLED_ON_TEAM_RATES,opportunity-differentiated; team receiving rates,0.0,v1.0,2026-08-18T18:11:37+00:00
2026,CFF_WASH,Washington,CFP_C3BA1312,Charlie Crowell,TE,407,12.0,0.0,0.0,0.0,0.0,0.0,0.0,0.0,0.0,0.0,0.0,0.0,0.0,0.0,0.0,,,CFBD/team roster,,0.0,,MODELLED_ON_TEAM_RATES,opportunity-differentiated; team receiving rates,0.0,v1.0,2026-08-18T18:11:37+00:00
2026,CFF_WASH,Washington,CFP_08E6954A,Baron Naone,TE,408,12.0,0.0,0.0,0.0,0.0,0.0,0.0,0.0,0.0,0.0,0.0,0.0,0.0,0.0,0.0,,,CFBD/team roster,,0.0,,MODELLED_ON_TEAM_RATES,opportunity-differentiated; team receiving rates,0.0,v1.0,2026-08-18T18:11:37+00:00
2026,CFF_WISC,Wisconsin,CFP_B47D77AA,Tyler Jansey,TE,409,12.0,0.0,0.0,0.0,0.0,0.0,0.0,0.0,0.0,0.0,0.0,0.0,0.0,0.0,0.0,,,CFBD/team roster,,0.0,,MODELLED_ON_TEAM_RATES,opportunity-differentiated; team receiving rates,0.0,v1.0,2026-08-18T18:11:37+00:00
2026,CFF_WISC,Wisconsin,CFP_3FCD65A5,Ryan Schwendeman,TE,410,12.0,0.0,0.0,0.0,0.0,0.0,0.0,0.0,0.0,0.0,0.0,0.0,0.0,0.0,0.0,,,CFBD/team roster,,0.0,,MODELLED_ON_TEAM_RATES,opportunity-differentiated; team receiving rates,0.0,v1.0,2026-08-18T18:11:37+00:00
2026,CFF_WISC,Wisconsin,CFP_CB5E33FA,Emmett Bork,TE,411,12.0,0.0,0.0,0.0,0.0,0.0,0.0,0.0,0.0,0.0,0.0,0.0,0.0,0.0,0.0,,,CFBD/team roster,,0.0,,MODELLED_ON_TEAM_RATES,opportunity-differentiated; team receiving rates,0.0,v1.0,2026-08-18T18:11:37+00:00
2026,CFF_WISC,Wisconsin,CFP_4E95D4A8,Aydon Fickell,TE,412,12.0,0.0,0.0,0.0,0.0,0.0,0.0,0.0,0.0,0.0,0.0,0.0,0.0,0.0,0.0,,,CFBD/team roster,,0.0,,MODELLED_ON_TEAM_RATES,opportunity-differentiated; team receiving rates,0.0,v1.0,2026-08-18T18:11:37+00:00
2026,CFF_WISC,Wisconsin,CFP_1C25A8F8,Treve Stoffel,TE,413,12.0,0.0,0.0,0.0,0.0,0.0,0.0,0.0,0.0,0.0,0.0,0.0,0.0,0.0,0.0,,,CFBD/team roster,,0.0,,MODELLED_ON_TEAM_RATES,opportunity-differentiated; team receiving rates,0.0,v1.0,2026-08-18T18:11:37+00:00
2026,CFF_ARIZ,Arizona,CFP_DA510543,Arthur Ban,TE,414,12.0,0.0,0.0,0.0,0.0,0.0,0.0,0.0,0.0,0.0,0.0,0.0,0.0,0.0,0.0,,,CFBD/team roster,,0.0,,MODELLED_ON_TEAM_RATES,opportunity-differentiated; team receiving rates,0.0,v1.0,2026-08-18T18:11:37+00:00
2026,CFF_ARIZ,Arizona,CFP_E78E224D,Tyler Mustain,TE,415,12.0,0.0,0.0,0.0,0.0,0.0,0.0,0.0,0.0,0.0,0.0,0.0,0.0,0.0,0.0,,,CFBD/team roster,,0.0,,MODELLED_ON_TEAM_RATES,opportunity-differentiated; team receiving rates,0.0,v1.0,2026-08-18T18:11:37+00:00
2026,CFF_ARIZ,Arizona,CFP_48CA80C6,Shane King,TE,416,12.0,0.0,0.0,0.0,0.0,0.0,0.0,0.0,0.0,0.0,0.0,0.0,0.0,0.0,0.0,,,CFBD/team roster,,0.0,,MODELLED_ON_TEAM_RATES,opportunity-differentiated; team receiving rates,0.0,v1.0,2026-08-18T18:11:37+00:00
2026,CFF_ARIZ,Arizona,CFP_9AF3716B,Lachlan Teissier,TE,417,12.0,0.0,0.0,0.0,0.0,0.0,0.0,0.0,0.0,0.0,0.0,0.0,0.0,0.0,0.0,,,CFBD/team roster,,0.0,,MODELLED_ON_TEAM_RATES,opportunity-differentiated; team receiving rates,0.0,v1.0,2026-08-18T18:11:37+00:00
2026,CFF_ASU,Arizona State,CFP_C607239C,Kristian Ingman,TE,418,12.0,0.0,0.0,0.0,0.0,0.0,0.0,0.0,0.0,0.0,0.0,0.0,0.0,0.0,0.0,,,CFBD/team roster,,0.0,,MODELLED_ON_TEAM_RATES,opportunity-differentiated; team receiving rates,0.0,v1.0,2026-08-18T18:11:37+00:00
2026,CFF_BAY,Baylor,CFP_09A06DDF,Parker Almanza,TE,419,12.0,0.0,0.0,0.0,0.0,0.0,0.0,0.0,0.0,0.0,0.0,0.0,0.0,0.0,0.0,,,CFBD/team roster,,0.0,,MODELLED_ON_TEAM_RATES,opportunity-differentiated; team receiving rates,0.0,v1.0,2026-08-18T18:11:37+00:00
2026,CFF_BAY,Baylor,CFP_FBEF76EF,Kai Wesley,TE,420,12.0,0.0,0.0,0.0,0.0,0.0,0.0,0.0,0.0,0.0,0.0,0.0,0.0,0.0,0.0,,,CFBD/team roster,,0.0,,MODELLED_ON_TEAM_RATES,opportunity-differentiated; team receiving rates,0.0,v1.0,2026-08-18T18:11:37+00:00
2026,CFF_BYU,BYU,CFP_38AA1E74,Matthew Fredrick,TE,421,12.0,0.0,0.0,0.0,0.0,0.0,0.0,0.0,0.0,0.0,0.0,0.0,0.0,0.0,0.0,,,CFBD/team roster,,0.0,,MODELLED_ON_TEAM_RATES,opportunity-differentiated; team receiving rates,0.0,v1.0,2026-08-18T18:11:37+00:00
2026,CFF_BYU,BYU,CFP_80B7F3F3,Will Zundel,TE,422,12.0,0.0,0.0,0.0,0.0,0.0,0.0,0.0,0.0,0.0,0.0,0.0,0.0,0.0,0.0,,,CFBD/team roster,,0.0,,MODELLED_ON_TEAM_RATES,opportunity-differentiated; team receiving rates,0.0,v1.0,2026-08-18T18:11:37+00:00
2026,CFF_BYU,BYU,CFP_02CE5084,Ethan Wood,TE,423,12.0,0.0,0.0,0.0,0.0,0.0,0.0,0.0,0.0,0.0,0.0,0.0,0.0,0.0,0.0,,,CFBD/team roster,,0.0,,MODELLED_ON_TEAM_RATES,opportunity-differentiated; team receiving rates,0.0,v1.0,2026-08-18T18:11:37+00:00
2026,CFF_BYU,BYU,CFP_F477FCA8,Josh Davis,TE,424,12.0,0.0,0.0,0.0,0.0,0.0,0.0,0.0,0.0,0.0,0.0,0.0,0.0,0.0,0.0,,,CFBD/team roster,,0.0,,MODELLED_ON_TEAM_RATES,opportunity-differentiated; team receiving rates,0.0,v1.0,2026-08-18T18:11:37+00:00
2026,CFF_CIN,Cincinnati,CFP_BB5E1161,Devyn Zahursky,TE,425,12.0,0.0,0.0,0.0,0.0,0.0,0.0,0.0,0.0,0.0,0.0,0.0,0.0,0.0,0.0,,,CFBD/team roster,,0.0,,MODELLED_ON_TEAM_RATES,opportunity-differentiated; team receiving rates,0.0,v1.0,2026-08-18T18:11:37+00:00
2026,CFF_CIN,Cincinnati,CFP_685A9DE6,Lyviel Waters,TE,426,12.0,0.0,0.0,0.0,0.0,0.0,0.0,0.0,0.0,0.0,0.0,0.0,0.0,0.0,0.0,,,CFBD/team roster,,0.0,,MODELLED_ON_TEAM_RATES,opportunity-differentiated; team receiving rates,0.0,v1.0,2026-08-18T18:11:37+00:00
2026,CFF_CIN,Cincinnati,CFP_E1B6DEA1,Ka'Maurri Smith,TE,427,12.0,0.0,0.0,0.0,0.0,0.0,0.0,0.0,0.0,0.0,0.0,0.0,0.0,0.0,0.0,,,CFBD/team roster,,0.0,,MODELLED_ON_TEAM_RATES,opportunity-differentiated; team receiving rates,0.0,v1.0,2026-08-18T18:11:37+00:00
2026,CFF_CIN,Cincinnati,CFP_F75CBC0A,Kellen Davis,TE,428,12.0,0.0,0.0,0.0,0.0,0.0,0.0,0.0,0.0,0.0,0.0,0.0,0.0,0.0,0.0,,,CFBD/team roster,,0.0,,MODELLED_ON_TEAM_RATES,opportunity-differentiated; team receiving rates,0.0,v1.0,2026-08-18T18:11:37+00:00
2026,CFF_COLO,Colorado,CFP_1437C927,Fisher Clements,TE,429,12.0,0.0,0.0,0.0,0.0,0.0,0.0,0.0,0.0,0.0,0.0,0.0,0.0,0.0,0.0,,,CFBD/team roster,,0.0,,MODELLED_ON_TEAM_RATES,opportunity-differentiated; team receiving rates,0.0,v1.0,2026-08-18T18:11:37+00:00
2026,CFF_COLO,Colorado,CFP_48AD6848,Charlie Williams,TE,430,12.0,0.0,0.0,0.0,0.0,0.0,0.0,0.0,0.0,0.0,0.0,0.0,0.0,0.0,0.0,,,CFBD/team roster,,0.0,,MODELLED_ON_TEAM_RATES,opportunity-differentiated; team receiving rates,0.0,v1.0,2026-08-18T18:11:37+00:00
2026,CFF_COLO,Colorado,CFP_D424B4AC,Zayne DeSouza,TE,431,12.0,0.0,0.0,0.0,0.0,0.0,0.0,0.0,0.0,0.0,0.0,0.0,0.0,0.0,0.0,,,CFBD/team roster,,0.0,,MODELLED_ON_TEAM_RATES,opportunity-differentiated; team receiving rates,0.0,v1.0,2026-08-18T18:11:37+00:00
2026,CFF_HOU,Houston,CFP_9B3844B4,Kaleb Thomas,TE,432,12.0,0.0,0.0,0.0,0.0,0.0,0.0,0.0,0.0,0.0,0.0,0.0,0.0,0.0,0.0,,,CFBD/team roster,,0.0,,MODELLED_ON_TEAM_RATES,opportunity-differentiated; team receiving rates,0.0,v1.0,2026-08-18T18:11:37+00:00
2026,CFF_ISU,Iowa State,CFP_9005A213,Jack Bjorn,TE,433,12.0,0.0,0.0,0.0,0.0,0.0,0.0,0.0,0.0,0.0,0.0,0.0,0.0,0.0,0.0,,,CFBD/team roster,,0.0,,MODELLED_ON_TEAM_RATES,opportunity-differentiated; team receiving rates,0.0,v1.0,2026-08-18T18:11:37+00:00
2026,CFF_ISU,Iowa State,CFP_D77B5BEC,Keaton Roskop,TE,434,12.0,0.0,0.0,0.0,0.0,0.0,0.0,0.0,0.0,0.0,0.0,0.0,0.0,0.0,0.0,,,CFBD/team roster,,0.0,,MODELLED_ON_TEAM_RATES,opportunity-differentiated; team receiving rates,0.0,v1.0,2026-08-18T18:11:37+00:00
2026,CFF_ISU,Iowa State,CFP_A06AF826,Vince Benetti,TE,435,12.0,0.0,0.0,0.0,0.0,0.0,0.0,0.0,0.0,0.0,0.0,0.0,0.0,0.0,0.0,,,CFBD/team roster,,0.0,,MODELLED_ON_TEAM_RATES,opportunity-differentiated; team receiving rates,0.0,v1.0,2026-08-18T18:11:37+00:00
2026,CFF_ISU,Iowa State,CFP_963DC846,AJ Petersen,TE,436,12.0,0.0,0.0,0.0,0.0,0.0,0.0,0.0,0.0,0.0,0.0,0.0,0.0,0.0,0.0,,,CFBD/team roster,,0.0,,MODELLED_ON_TEAM_RATES,opportunity-differentiated; team receiving rates,0.0,v1.0,2026-08-18T18:11:37+00:00
2026,CFF_ISU,Iowa State,CFP_BFAA0DE9,Christian Greenlaw,TE,437,12.0,0.0,0.0,0.0,0.0,0.0,0.0,0.0,0.0,0.0,0.0,0.0,0.0,0.0,0.0,,,CFBD/team roster,,0.0,,MODELLED_ON_TEAM_RATES,opportunity-differentiated; team receiving rates,0.0,v1.0,2026-08-18T18:11:37+00:00
2026,CFF_ISU,Iowa State,CFP_5E890EE3,Cash Hayden,TE,438,12.0,0.0,0.0,0.0,0.0,0.0,0.0,0.0,0.0,0.0,0.0,0.0,0.0,0.0,0.0,,,CFBD/team roster,,0.0,,MODELLED_ON_TEAM_RATES,opportunity-differentiated; team receiving rates,0.0,v1.0,2026-08-18T18:11:37+00:00
2026,CFF_ISU,Iowa State,CFP_E955BE83,Drew Byrd,TE,439,12.0,0.0,0.0,0.0,0.0,0.0,0.0,0.0,0.0,0.0,0.0,0.0,0.0,0.0,0.0,,,CFBD/team roster,,0.0,,MODELLED_ON_TEAM_RATES,opportunity-differentiated; team receiving rates,0.0,v1.0,2026-08-18T18:11:37+00:00
2026,CFF_ISU,Iowa State,CFP_F8A629B0,Carson Edney,TE,440,12.0,0.0,0.0,0.0,0.0,0.0,0.0,0.0,0.0,0.0,0.0,0.0,0.0,0.0,0.0,,,CFBD/team roster,,0.0,,MODELLED_ON_TEAM_RATES,opportunity-differentiated; team receiving rates,0.0,v1.0,2026-08-18T18:11:37+00:00
2026,CFF_KU,Kansas,CFP_56152D8A,Mikey Pauley,TE,441,12.0,0.0,0.0,0.0,0.0,0.0,0.0,0.0,0.0,0.0,0.0,0.0,0.0,0.0,0.0,,,CFBD/team roster,,0.0,,MODELLED_ON_TEAM_RATES,opportunity-differentiated; team receiving rates,0.0,v1.0,2026-08-18T18:11:37+00:00
2026,CFF_KU,Kansas,CFP_85763C11,Carter Moses,TE,442,12.0,0.0,0.0,0.0,0.0,0.0,0.0,0.0,0.0,0.0,0.0,0.0,0.0,0.0,0.0,,,CFBD/team roster,,0.0,,MODELLED_ON_TEAM_RATES,opportunity-differentiated; team receiving rates,0.0,v1.0,2026-08-18T18:11:37+00:00
2026,CFF_KU,Kansas,CFP_FE4DD0BD,Conlee Hovey,TE,443,12.0,0.0,0.0,0.0,0.0,0.0,0.0,0.0,0.0,0.0,0.0,0.0,0.0,0.0,0.0,,,CFBD/team roster,,0.0,,MODELLED_ON_TEAM_RATES,opportunity-differentiated; team receiving rates,0.0,v1.0,2026-08-18T18:11:37+00:00
2026,CFF_KSU,Kansas State,CFP_0D2BC90C,Lawson Mcgraw,TE,444,12.0,0.0,0.0,0.0,0.0,0.0,0.0,0.0,0.0,0.0,0.0,0.0,0.0,0.0,0.0,,,CFBD/team roster,,0.0,,MODELLED_ON_TEAM_RATES,opportunity-differentiated; team receiving rates,0.0,v1.0,2026-08-18T18:11:37+00:00
2026,CFF_KSU,Kansas State,CFP_4AC67689,Owen Harrington,TE,445,12.0,0.0,0.0,0.0,0.0,0.0,0.0,0.0,0.0,0.0,0.0,0.0,0.0,0.0,0.0,,,CFBD/team roster,,0.0,,MODELLED_ON_TEAM_RATES,opportunity-differentiated; team receiving rates,0.0,v1.0,2026-08-18T18:11:37+00:00
2026,CFF_OKST,Oklahoma State,CFP_455043C6,Luke Logan,TE,446,12.0,0.0,0.0,0.0,0.0,0.0,0.0,0.0,0.0,0.0,0.0,0.0,0.0,0.0,0.0,,,CFBD/team roster,,0.0,,MODELLED_ON_TEAM_RATES,opportunity-differentiated; team receiving rates,0.0,v1.0,2026-08-18T18:11:37+00:00
2026,CFF_OKST,Oklahoma State,CFP_D1B5F84B,Carson Kolb,TE,447,12.0,0.0,0.0,0.0,0.0,0.0,0.0,0.0,0.0,0.0,0.0,0.0,0.0,0.0,0.0,,,CFBD/team roster,,0.0,,MODELLED_ON_TEAM_RATES,opportunity-differentiated; team receiving rates,0.0,v1.0,2026-08-18T18:11:37+00:00
2026,CFF_TCU,TCU,CFP_FCD3237D,Kari Ashley,TE,448,12.0,0.0,0.0,0.0,0.0,0.0,0.0,0.0,0.0,0.0,0.0,0.0,0.0,0.0,0.0,,,CFBD/team roster,,0.0,,MODELLED_ON_TEAM_RATES,opportunity-differentiated; team receiving rates,0.0,v1.0,2026-08-18T18:11:37+00:00
2026,CFF_TTU,Texas Tech,CFP_6A1A3C81,Jack Esparza,TE,449,12.0,0.0,0.0,0.0,0.0,0.0,0.0,0.0,0.0,0.0,0.0,0.0,0.0,0.0,0.0,,,CFBD/team roster,,0.0,,MODELLED_ON_TEAM_RATES,opportunity-differentiated; team receiving rates,0.0,v1.0,2026-08-18T18:11:37+00:00
2026,CFF_UCF,UCF,CFP_684C93EB,Sam Powell,TE,450,12.0,0.0,0.0,0.0,0.0,0.0,0.0,0.0,0.0,0.0,0.0,0.0,0.0,0.0,0.0,,,CFBD/team roster,,0.0,,MODELLED_ON_TEAM_RATES,opportunity-differentiated; team receiving rates,0.0,v1.0,2026-08-18T18:11:37+00:00
2026,CFF_UCF,UCF,CFP_F4B9330F,Brooks Hall,TE,451,12.0,0.0,0.0,0.0,0.0,0.0,0.0,0.0,0.0,0.0,0.0,0.0,0.0,0.0,0.0,,,CFBD/team roster,,0.0,,MODELLED_ON_TEAM_RATES,opportunity-differentiated; team receiving rates,0.0,v1.0,2026-08-18T18:11:37+00:00
2026,CFF_UTAH,Utah,CFP_1B29F00E,Noah Bennee,TE,452,12.0,0.0,0.0,0.0,0.0,0.0,0.0,0.0,0.0,0.0,0.0,0.0,0.0,0.0,0.0,,,CFBD/team roster,,0.0,,MODELLED_ON_TEAM_RATES,opportunity-differentiated; team receiving rates,0.0,v1.0,2026-08-18T18:11:37+00:00
2026,CFF_UTAH,Utah,CFP_2538FAC6,Kana'i Lopes,TE,453,12.0,0.0,0.0,0.0,0.0,0.0,0.0,0.0,0.0,0.0,0.0,0.0,0.0,0.0,0.0,,,CFBD/team roster,,0.0,,MODELLED_ON_TEAM_RATES,opportunity-differentiated; team receiving rates,0.0,v1.0,2026-08-18T18:11:37+00:00
2026,CFF_UTAH,Utah,CFP_1A4648DC,Broderick Redden,TE,454,12.0,0.0,0.0,0.0,0.0,0.0,0.0,0.0,0.0,0.0,0.0,0.0,0.0,0.0,0.0,,,CFBD/team roster,,0.0,,MODELLED_ON_TEAM_RATES,opportunity-differentiated; team receiving rates,0.0,v1.0,2026-08-18T18:11:37+00:00
2026,CFF_UTAH,Utah,CFP_546116AA,Mitch Nielsen,TE,455,12.0,0.0,0.0,0.0,0.0,0.0,0.0,0.0,0.0,0.0,0.0,0.0,0.0,0.0,0.0,,,CFBD/team roster,,0.0,,MODELLED_ON_TEAM_RATES,opportunity-differentiated; team receiving rates,0.0,v1.0,2026-08-18T18:11:37+00:00
2026,CFF_WVU,West Virginia,CFP_DB06DA9F,Cam Ball,TE,456,12.0,0.0,0.0,0.0,0.0,0.0,0.0,0.0,0.0,0.0,0.0,0.0,0.0,0.0,0.0,,,CFBD/team roster,,0.0,,MODELLED_ON_TEAM_RATES,opportunity-differentiated; team receiving rates,0.0,v1.0,2026-08-18T18:11:37+00:00
2026,CFF_WVU,West Virginia,CFP_AA2FACB4,Xavier Anderson,TE,457,12.0,0.0,0.0,0.0,0.0,0.0,0.0,0.0,0.0,0.0,0.0,0.0,0.0,0.0,0.0,,,CFBD/team roster,,0.0,,MODELLED_ON_TEAM_RATES,opportunity-differentiated; team receiving rates,0.0,v1.0,2026-08-18T18:11:37+00:00
2026,CFF_WVU,West Virginia,CFP_576F79F9,Carter Zuliani,TE,458,12.0,0.0,0.0,0.0,0.0,0.0,0.0,0.0,0.0,0.0,0.0,0.0,0.0,0.0,0.0,,,CFBD/team roster,,0.0,,MODELLED_ON_TEAM_RATES,opportunity-differentiated; team receiving rates,0.0,v1.0,2026-08-18T18:11:37+00:00
2026,CFF_ALA,Alabama,CFP_7CA57FC3,Peyton Fox,TE,459,12.0,0.0,0.0,0.0,0.0,0.0,0.0,0.0,0.0,0.0,0.0,0.0,0.0,0.0,0.0,,,CFBD/team roster,,0.0,,MODELLED_ON_TEAM_RATES,opportunity-differentiated; team receiving rates,0.0,v1.0,2026-08-18T18:11:37+00:00
2026,CFF_ALA,Alabama,CFP_E79CCD99,Josh Ford,TE,460,12.0,0.0,0.0,0.0,0.0,0.0,0.0,0.0,0.0,0.0,0.0,0.0,0.0,0.0,0.0,,,CFBD/team roster,,0.0,,MODELLED_ON_TEAM_RATES,opportunity-differentiated; team receiving rates,0.0,v1.0,2026-08-18T18:11:37+00:00
2026,CFF_ALA,Alabama,CFP_76563F26,Jack Sammarco,TE,461,12.0,0.0,0.0,0.0,0.0,0.0,0.0,0.0,0.0,0.0,0.0,0.0,0.0,0.0,0.0,,,CFBD/team roster,,0.0,,MODELLED_ON_TEAM_RATES,opportunity-differentiated; team receiving rates,0.0,v1.0,2026-08-18T18:11:37+00:00
2026,CFF_ALA,Alabama,CFP_573DEA61,Jaxon Shuttlesworth,TE,462,12.0,0.0,0.0,0.0,0.0,0.0,0.0,0.0,0.0,0.0,0.0,0.0,0.0,0.0,0.0,,,CFBD/team roster,,0.0,,MODELLED_ON_TEAM_RATES,opportunity-differentiated; team receiving rates,0.0,v1.0,2026-08-18T18:11:37+00:00
2026,CFF_ARK,Arkansas,CFP_A2D22053,Breylen Gilbert,TE,463,12.0,0.0,0.0,0.0,0.0,0.0,0.0,0.0,0.0,0.0,0.0,0.0,0.0,0.0,0.0,,,CFBD/team roster,,0.0,,MODELLED_ON_TEAM_RATES,opportunity-differentiated; team receiving rates,0.0,v1.0,2026-08-18T18:11:37+00:00
2026,CFF_ARK,Arkansas,CFP_87B9DA09,Hutson Hendrix,TE,464,12.0,0.0,0.0,0.0,0.0,0.0,0.0,0.0,0.0,0.0,0.0,0.0,0.0,0.0,0.0,,,CFBD/team roster,,0.0,,MODELLED_ON_TEAM_RATES,opportunity-differentiated; team receiving rates,0.0,v1.0,2026-08-18T18:11:37+00:00
2026,CFF_AUB,Auburn,CFP_4C64B61C,Hunter Ousley,TE,465,12.0,0.0,0.0,0.0,0.0,0.0,0.0,0.0,0.0,0.0,0.0,0.0,0.0,0.0,0.0,,,CFBD/team roster,,0.0,,MODELLED_ON_TEAM_RATES,opportunity-differentiated; team receiving rates,0.0,v1.0,2026-08-18T18:11:37+00:00
2026,CFF_AUB,Auburn,CFP_81FF0295,Xavier Newsom,TE,466,12.0,0.0,0.0,0.0,0.0,0.0,0.0,0.0,0.0,0.0,0.0,0.0,0.0,0.0,0.0,,,CFBD/team roster,,0.0,,MODELLED_ON_TEAM_RATES,opportunity-differentiated; team receiving rates,0.0,v1.0,2026-08-18T18:11:37+00:00
2026,CFF_FLA,Florida,CFP_B2036F09,Heze Kent,TE,467,12.0,0.0,0.0,0.0,0.0,0.0,0.0,0.0,0.0,0.0,0.0,0.0,0.0,0.0,0.0,,,CFBD/team roster,,0.0,,MODELLED_ON_TEAM_RATES,opportunity-differentiated; team receiving rates,0.0,v1.0,2026-08-18T18:11:37+00:00
2026,CFF_FLA,Florida,CFP_0588D795,Evan Chieca,TE,468,12.0,0.0,0.0,0.0,0.0,0.0,0.0,0.0,0.0,0.0,0.0,0.0,0.0,0.0,0.0,,,CFBD/team roster,,0.0,,MODELLED_ON_TEAM_RATES,opportunity-differentiated; team receiving rates,0.0,v1.0,2026-08-18T18:11:37+00:00
2026,CFF_FLA,Florida,CFP_0DBC1C91,Jaylen Jordon,TE,469,12.0,0.0,0.0,0.0,0.0,0.0,0.0,0.0,0.0,0.0,0.0,0.0,0.0,0.0,0.0,,,CFBD/team roster,,0.0,,MODELLED_ON_TEAM_RATES,opportunity-differentiated; team receiving rates,0.0,v1.0,2026-08-18T18:11:37+00:00
2026,CFF_FLA,Florida,CFP_257EDBB8,Tripp Brown Jr.,TE,470,12.0,0.0,0.0,0.0,0.0,0.0,0.0,0.0,0.0,0.0,0.0,0.0,0.0,0.0,0.0,,,CFBD/team roster,,0.0,,MODELLED_ON_TEAM_RATES,opportunity-differentiated; team receiving rates,0.0,v1.0,2026-08-18T18:11:37+00:00
2026,CFF_UGA,Georgia,CFP_90212558,Colton Heinrich,TE,471,12.0,0.0,0.0,0.0,0.0,0.0,0.0,0.0,0.0,0.0,0.0,0.0,0.0,0.0,0.0,,,CFBD/team roster,,0.0,,MODELLED_ON_TEAM_RATES,opportunity-differentiated; team receiving rates,0.0,v1.0,2026-08-18T18:11:37+00:00
2026,CFF_UGA,Georgia,CFP_5F284DFB,Ethan Barbour,TE,472,12.0,0.0,0.0,0.0,0.0,0.0,0.0,0.0,0.0,0.0,0.0,0.0,0.0,0.0,0.0,,,CFBD/team roster,,0.0,,MODELLED_ON_TEAM_RATES,opportunity-differentiated; team receiving rates,0.0,v1.0,2026-08-18T18:11:37+00:00
2026,CFF_UGA,Georgia,CFP_C3C92277,David Lalaian,TE,473,12.0,0.0,0.0,0.0,0.0,0.0,0.0,0.0,0.0,0.0,0.0,0.0,0.0,0.0,0.0,,,CFBD/team roster,,0.0,,MODELLED_ON_TEAM_RATES,opportunity-differentiated; team receiving rates,0.0,v1.0,2026-08-18T18:11:37+00:00
2026,CFF_UGA,Georgia,CFP_A6E8D996,Brayden Fogle,TE,474,12.0,0.0,0.0,0.0,0.0,0.0,0.0,0.0,0.0,0.0,0.0,0.0,0.0,0.0,0.0,,,CFBD/team roster,,0.0,,MODELLED_ON_TEAM_RATES,opportunity-differentiated; team receiving rates,0.0,v1.0,2026-08-18T18:11:37+00:00
2026,CFF_UK,Kentucky,CFP_499CB9C2,Elijah Brown,TE,475,12.0,0.0,0.0,0.0,0.0,0.0,0.0,0.0,0.0,0.0,0.0,0.0,0.0,0.0,0.0,,,CFBD/team roster,,0.0,,MODELLED_ON_TEAM_RATES,opportunity-differentiated; team receiving rates,0.0,v1.0,2026-08-18T18:11:37+00:00
2026,CFF_UK,Kentucky,CFP_A3F883AF,Justin Kattus,TE,476,12.0,0.0,0.0,0.0,0.0,0.0,0.0,0.0,0.0,0.0,0.0,0.0,0.0,0.0,0.0,,,CFBD/team roster,,0.0,,MODELLED_ON_TEAM_RATES,opportunity-differentiated; team receiving rates,0.0,v1.0,2026-08-18T18:11:37+00:00
2026,CFF_LSU,LSU,CFP_F87DE685,Zach Grace,TE,477,12.0,0.0,0.0,0.0,0.0,0.0,0.0,0.0,0.0,0.0,0.0,0.0,0.0,0.0,0.0,,,CFBD/team roster,,0.0,,MODELLED_ON_TEAM_RATES,opportunity-differentiated; team receiving rates,0.0,v1.0,2026-08-18T18:11:37+00:00
2026,CFF_LSU,LSU,CFP_F5789E51,Landon Craig,TE,478,12.0,0.0,0.0,0.0,0.0,0.0,0.0,0.0,0.0,0.0,0.0,0.0,0.0,0.0,0.0,,,CFBD/team roster,,0.0,,MODELLED_ON_TEAM_RATES,opportunity-differentiated; team receiving rates,0.0,v1.0,2026-08-18T18:11:37+00:00
2026,CFF_MISS,Ole Miss,CFP_67BA6518,Michael Smith,TE,479,12.0,0.0,0.0,0.0,0.0,0.0,0.0,0.0,0.0,0.0,0.0,0.0,0.0,0.0,0.0,,,CFBD/team roster,,0.0,,MODELLED_ON_TEAM_RATES,opportunity-differentiated; team receiving rates,0.0,v1.0,2026-08-18T18:11:37+00:00
2026,CFF_MISS,Ole Miss,CFP_72E69345,Wyatt Smalley,TE,480,12.0,0.0,0.0,0.0,0.0,0.0,0.0,0.0,0.0,0.0,0.0,0.0,0.0,0.0,0.0,,,CFBD/team roster,,0.0,,MODELLED_ON_TEAM_RATES,opportunity-differentiated; team receiving rates,0.0,v1.0,2026-08-18T18:11:37+00:00
2026,CFF_MISS,Ole Miss,CFP_291B8A22,Jack Harper,TE,481,12.0,0.0,0.0,0.0,0.0,0.0,0.0,0.0,0.0,0.0,0.0,0.0,0.0,0.0,0.0,,,CFBD/team roster,,0.0,,MODELLED_ON_TEAM_RATES,opportunity-differentiated; team receiving rates,0.0,v1.0,2026-08-18T18:11:37+00:00
2026,CFF_MSST,Mississippi State,CFP_BF3E64D4,Riley Williams,TE,482,12.0,0.0,0.0,0.0,0.0,0.0,0.0,0.0,0.0,0.0,0.0,0.0,0.0,0.0,0.0,,,CFBD/team roster,,0.0,,MODELLED_ON_TEAM_RATES,opportunity-differentiated; team receiving rates,0.0,v1.0,2026-08-18T18:11:37+00:00
2026,CFF_MIZ,Missouri,CFP_6DEDE055,Gavin Hoffman,TE,483,12.0,0.0,0.0,0.0,0.0,0.0,0.0,0.0,0.0,0.0,0.0,0.0,0.0,0.0,0.0,,,CFBD/team roster,,0.0,,MODELLED_ON_TEAM_RATES,opportunity-differentiated; team receiving rates,0.0,v1.0,2026-08-18T18:11:37+00:00
2026,CFF_MIZ,Missouri,CFP_31C46F19,Adam Molitor,TE,484,12.0,0.0,0.0,0.0,0.0,0.0,0.0,0.0,0.0,0.0,0.0,0.0,0.0,0.0,0.0,,,CFBD/team roster,,0.0,,MODELLED_ON_TEAM_RATES,opportunity-differentiated; team receiving rates,0.0,v1.0,2026-08-18T18:11:37+00:00
2026,CFF_OU,Oklahoma,CFP_9E6BD414,John Locke Jr.,TE,485,12.0,0.0,0.0,0.0,0.0,0.0,0.0,0.0,0.0,0.0,0.0,0.0,0.0,0.0,0.0,,,CFBD/team roster,,0.0,,MODELLED_ON_TEAM_RATES,opportunity-differentiated; team receiving rates,0.0,v1.0,2026-08-18T18:11:37+00:00
2026,CFF_OU,Oklahoma,CFP_1B919915,Kade McIntyre,TE,486,12.0,0.0,0.0,0.0,0.0,0.0,0.0,0.0,0.0,0.0,0.0,0.0,0.0,0.0,0.0,,,CFBD/team roster,,0.0,,MODELLED_ON_TEAM_RATES,opportunity-differentiated; team receiving rates,0.0,v1.0,2026-08-18T18:11:37+00:00
2026,CFF_OU,Oklahoma,CFP_F2E8A5BA,Jack Van Dorselaer,TE,487,12.0,0.0,0.0,0.0,0.0,0.0,0.0,0.0,0.0,0.0,0.0,0.0,0.0,0.0,0.0,,,CFBD/team roster,,0.0,,MODELLED_ON_TEAM_RATES,opportunity-differentiated; team receiving rates,0.0,v1.0,2026-08-18T18:11:37+00:00
2026,CFF_OU,Oklahoma,CFP_BC697208,Ryder Mix,TE,488,12.0,0.0,0.0,0.0,0.0,0.0,0.0,0.0,0.0,0.0,0.0,0.0,0.0,0.0,0.0,,,CFBD/team roster,,0.0,,MODELLED_ON_TEAM_RATES,opportunity-differentiated; team receiving rates,0.0,v1.0,2026-08-18T18:11:37+00:00
2026,CFF_SC,South Carolina,CFP_2BDD153F,Max Drag,TE,489,12.0,0.0,0.0,0.0,0.0,0.0,0.0,0.0,0.0,0.0,0.0,0.0,0.0,0.0,0.0,,,CFBD/team roster,,0.0,,MODELLED_ON_TEAM_RATES,opportunity-differentiated; team receiving rates,0.0,v1.0,2026-08-18T18:11:37+00:00
2026,CFF_SC,South Carolina,CFP_B01678D6,Reno Roehm,TE,490,12.0,0.0,0.0,0.0,0.0,0.0,0.0,0.0,0.0,0.0,0.0,0.0,0.0,0.0,0.0,,,CFBD/team roster,,0.0,,MODELLED_ON_TEAM_RATES,opportunity-differentiated; team receiving rates,0.0,v1.0,2026-08-18T18:11:37+00:00
2026,CFF_TENN,Tennessee,CFP_4F9ED06B,Trent Thomas,TE,491,12.0,0.0,0.0,0.0,0.0,0.0,0.0,0.0,0.0,0.0,0.0,0.0,0.0,0.0,0.0,,,CFBD/team roster,,0.0,,MODELLED_ON_TEAM_RATES,opportunity-differentiated; team receiving rates,0.0,v1.0,2026-08-18T18:11:37+00:00
2026,CFF_TEX,Texas,CFP_899D8BE2,Will Randle,TE,492,12.0,0.0,0.0,0.0,0.0,0.0,0.0,0.0,0.0,0.0,0.0,0.0,0.0,0.0,0.0,,,CFBD/team roster,,0.0,,MODELLED_ON_TEAM_RATES,opportunity-differentiated; team receiving rates,0.0,v1.0,2026-08-18T18:11:37+00:00
2026,CFF_TEX,Texas,CFP_7E361D82,Ridge Barker,TE,493,12.0,0.0,0.0,0.0,0.0,0.0,0.0,0.0,0.0,0.0,0.0,0.0,0.0,0.0,0.0,,,CFBD/team roster,,0.0,,MODELLED_ON_TEAM_RATES,opportunity-differentiated; team receiving rates,0.0,v1.0,2026-08-18T18:11:37+00:00
2026,CFF_TEX,Texas,CFP_9CA31A09,Bryce Chambers,TE,494,12.0,0.0,0.0,0.0,0.0,0.0,0.0,0.0,0.0,0.0,0.0,0.0,0.0,0.0,0.0,,,CFBD/team roster,,0.0,,MODELLED_ON_TEAM_RATES,opportunity-differentiated; team receiving rates,0.0,v1.0,2026-08-18T18:11:37+00:00
2026,CFF_TAMU,Texas A&M,CFP_77601E44,Micah Riley,TE,495,12.0,0.0,0.0,0.0,0.0,0.0,0.0,0.0,0.0,0.0,0.0,0.0,0.0,0.0,0.0,,,CFBD/team roster,,0.0,,MODELLED_ON_TEAM_RATES,opportunity-differentiated; team receiving rates,0.0,v1.0,2026-08-18T18:11:37+00:00
2026,CFF_TAMU,Texas A&M,CFP_6A2E5E40,Caleb Tafua,TE,496,12.0,0.0,0.0,0.0,0.0,0.0,0.0,0.0,0.0,0.0,0.0,0.0,0.0,0.0,0.0,,,CFBD/team roster,,0.0,,MODELLED_ON_TEAM_RATES,opportunity-differentiated; team receiving rates,0.0,v1.0,2026-08-18T18:11:37+00:00
2026,CFF_TAMU,Texas A&M,CFP_D5DB7633,Evan Jacobson,TE,497,12.0,0.0,0.0,0.0,0.0,0.0,0.0,0.0,0.0,0.0,0.0,0.0,0.0,0.0,0.0,,,CFBD/team roster,,0.0,,MODELLED_ON_TEAM_RATES,opportunity-differentiated; team receiving rates,0.0,v1.0,2026-08-18T18:11:37+00:00
2026,CFF_TAMU,Texas A&M,CFP_B77086B0,Luke Braden,TE,498,12.0,0.0,0.0,0.0,0.0,0.0,0.0,0.0,0.0,0.0,0.0,0.0,0.0,0.0,0.0,,,CFBD/team roster,,0.0,,MODELLED_ON_TEAM_RATES,opportunity-differentiated; team receiving rates,0.0,v1.0,2026-08-18T18:11:37+00:00
2026,CFF_TAMU,Texas A&M,CFP_629E8A97,Carter Braugh,TE,499,12.0,0.0,0.0,0.0,0.0,0.0,0.0,0.0,0.0,0.0,0.0,0.0,0.0,0.0,0.0,,,CFBD/team roster,,0.0,,MODELLED_ON_TEAM_RATES,opportunity-differentiated; team receiving rates,0.0,v1.0,2026-08-18T18:11:37+00:00
2026,CFF_VAN,Vanderbilt,CFP_4027234A,Walter Taylor,TE,500,12.0,0.0,0.0,0.0,0.0,0.0,0.0,0.0,0.0,0.0,0.0,0.0,0.0,0.0,0.0,,,CFBD/team roster,,0.0,,MODELLED_ON_TEAM_RATES,opportunity-differentiated; team receiving rates,0.0,v1.0,2026-08-18T18:11:37+00:00
2026,CFF_VAN,Vanderbilt,CFP_0B4E5E91,Maurice Veney,TE,501,12.0,0.0,0.0,0.0,0.0,0.0,0.0,0.0,0.0,0.0,0.0,0.0,0.0,0.0,0.0,,,CFBD/team roster,,0.0,,MODELLED_ON_TEAM_RATES,opportunity-differentiated; team receiving rates,0.0,v1.0,2026-08-18T18:11:37+00:00
2026,CFF_VAN,Vanderbilt,CFP_3A9F1ADA,Elijah Rooney,TE,502,12.0,0.0,0.0,0.0,0.0,0.0,0.0,0.0,0.0,0.0,0.0,0.0,0.0,0.0,0.0,,,CFBD/team roster,,0.0,,MODELLED_ON_TEAM_RATES,opportunity-differentiated; team receiving rates,0.0,v1.0,2026-08-18T18:11:37+00:00
2026,CFF_VAN,Vanderbilt,CFP_C13174D6,Palmer Riley,TE,503,12.0,0.0,0.0,0.0,0.0,0.0,0.0,0.0,0.0,0.0,0.0,0.0,0.0,0.0,0.0,,,CFBD/team roster,,0.0,,MODELLED_ON_TEAM_RATES,opportunity-differentiated; team receiving rates,0.0,v1.0,2026-08-18T18:11:37+00:00
2026,CFF_ND,Notre Dame,CFP_13469F40,Cooper Flanagan,TE,504,12.0,0.0,0.0,0.0,0.0,0.0,0.0,0.0,0.0,0.0,0.0,0.0,0.0,0.0,0.0,,,CFBD/team roster,,0.0,,MODELLED_ON_TEAM_RATES,opportunity-differentiated; team receiving rates,0.0,v1.0,2026-08-18T18:11:37+00:00
2026,CFF_ND,Notre Dame,CFP_D269C5B2,Henry Garrity,TE,505,12.0,0.0,0.0,0.0,0.0,0.0,0.0,0.0,0.0,0.0,0.0,0.0,0.0,0.0,0.0,,,CFBD/team roster,,0.0,,MODELLED_ON_TEAM_RATES,opportunity-differentiated; team receiving rates,0.0,v1.0,2026-08-18T18:11:37+00:00
2026,CFF_ND,Notre Dame,CFP_286F5AC2,Kaleb Johnson,TE,506,12.0,0.0,0.0,0.0,0.0,0.0,0.0,0.0,0.0,0.0,0.0,0.0,0.0,0.0,0.0,,,CFBD/team roster,,0.0,,MODELLED_ON_TEAM_RATES,opportunity-differentiated; team receiving rates,0.0,v1.0,2026-08-18T18:11:37+00:00
2026,CFF_ND,Notre Dame,CFP_49805B66,Austin Ratigan,TE,507,12.0,0.0,0.0,0.0,0.0,0.0,0.0,0.0,0.0,0.0,0.0,0.0,0.0,0.0,0.0,,,CFBD/team roster,,0.0,,MODELLED_ON_TEAM_RATES,opportunity-differentiated; team receiving rates,0.0,v1.0,2026-08-18T18:11:37+00:00
2026,CFF_MIA,Miami,CFP_C54F334C,Malachi Toney,WR,1,12.0,0.0,0.0,0.0,0.0,0.0,19.348164348090908,97.3494709570588,0.9786809060994671,72.53925287712225,871.2169960073874,6.876831260193756,180.25934613276507,15.021612177730423,15.607032532302682,Hybrid rushing role,PRESENTATION_DISCLOSURE,CFBD/team roster,,0.0,,MODELLED_ON_TEAM_RATES,opportunity-differentiated; team receiving rates,0.0,v1.0,2026-08-18T18:11:37+00:00
2026,CFF_OSU,Ohio State,CFP_222F9F27,Jeremiah Smith,WR,2,12.0,0.0,0.0,0.0,0.0,0.0,4.304936121967197,21.091330125489584,0.23302433173901874,68.3867792700509,850.9895857423394,6.559483313048708,162.1565270905347,13.513043924211225,3.5072790029830707,,,CFBD/team roster,,0.0,,MODELLED_ON_TEAM_RATES,opportunity-differentiated; team receiving rates,0.0,v1.0,2026-08-18T18:11:37+00:00
2026,CFF_HOU,Houston,CFP_C71A1B26,Amare Thomas,WR,3,12.0,0.0,0.0,0.0,0.0,0.0,4.559301293581799,22.847012591129303,0.17371232290007096,66.28846990455828,747.0201074106128,5.718940110209636,145.4868615511116,12.123905129259299,3.326975196513356,,,CFBD/team roster,,0.0,,MODELLED_ON_TEAM_RATES,opportunity-differentiated; team receiving rates,0.0,v1.0,2026-08-18T18:11:37+00:00
2026,CFF_RUTG,Rutgers,CFP_FF7CC77C,KJ Duff,WR,4,12.0,0.0,0.0,0.0,0.0,0.0,0.0,0.0,0.0,64.4929921994228,759.9009323459405,5.147000953327026,139.11859505426762,11.593216254522302,0.0,,,CFBD/team roster,,0.0,,MODELLED_ON_TEAM_RATES,opportunity-differentiated; team receiving rates,0.0,v1.0,2026-08-18T18:11:37+00:00
2026,CFF_MSST,Mississippi State,CFP_82635B39,Anthony Evans III,WR,5,12.0,0.0,0.0,0.0,0.0,0.0,9.773860119252777,43.09685303703144,0.4696940312650981,58.28493473236007,706.0481776697632,4.87195979681375,136.10689340533258,11.34224111711105,7.127849491293732,,,CFBD/team roster,,0.0,,MODELLED_ON_TEAM_RATES,opportunity-differentiated; team receiving rates,0.0,v1.0,2026-08-18T18:11:37+00:00
2026,CFF_UCF,UCF,CFP_3BB2368C,Duane Thomas Jr.,WR,6,12.0,0.0,0.0,0.0,0.0,0.0,21.86587690865806,121.91370738713604,1.1034141258816124,52.13975440806328,638.6331211062933,4.374416043639396,134.9915410705006,11.249295089208383,18.81185549400328,Hybrid rushing role,PRESENTATION_DISCLOSURE,CFBD/team roster,,0.0,,MODELLED_ON_TEAM_RATES,opportunity-differentiated; team receiving rates,0.0,v1.0,2026-08-18T18:11:37+00:00
2026,CFF_TAMU,Texas A&M,CFP_1F067071,Mario Craver,WR,7,12.0,0.0,0.0,0.0,0.0,0.0,21.847623506688343,115.48751448372577,1.0841082639470028,47.48310985882449,619.5117103845959,4.475044051141097,130.596391306773,10.88303260889775,18.053401032054595,Hybrid rushing role,PRESENTATION_DISCLOSURE,CFBD/team roster,,0.0,,MODELLED_ON_TEAM_RATES,opportunity-differentiated; team receiving rates,0.0,v1.0,2026-08-18T18:11:37+00:00
2026,CFF_MISS,Ole Miss,CFP_FC982E27,Deuce Alexander,WR,8,12.0,0.0,0.0,0.0,0.0,0.0,26.08720845833709,135.56872514407033,1.2871247893650357,45.355170372281606,625.6596999603519,3.864528469043326,129.7103472470332,10.809195603919434,21.279621250597245,Hybrid rushing role,PRESENTATION_DISCLOSURE,CFBD/team roster,,0.0,,MODELLED_ON_TEAM_RATES,opportunity-differentiated; team receiving rates,0.0,v1.0,2026-08-18T18:11:37+00:00
2026,CFF_FLA,Florida,CFP_309C90BC,Vernell Brown III,WR,9,12.0,0.0,0.0,0.0,0.0,0.0,0.6649170783338849,3.2116298996782398,0.029291386675191804,58.69658479391431,683.1632085043958,4.8148035414001376,127.05034580581653,10.587528817151378,0.4969113100189748,,,CFBD/team roster,,0.0,,MODELLED_ON_TEAM_RATES,opportunity-differentiated; team receiving rates,0.0,v1.0,2026-08-18T18:11:37+00:00
2026,CFF_OU,Oklahoma,CFP_5E170699,Isaiah Sategna III,WR,10,12.0,0.0,0.0,0.0,0.0,0.0,8.215963664864885,38.457645873111346,0.34132263995359124,58.03593033382034,649.9402807344304,4.281438789920181,125.594326406907,10.46619386724225,5.893700427032682,,,CFBD/team roster,,0.0,,MODELLED_ON_TEAM_RATES,opportunity-differentiated; team receiving rates,0.0,v1.0,2026-08-18T18:11:37+00:00
2026,CFF_TEX,Texas,CFP_B5D7B826,Ryan Wingo,WR,11,12.0,0.0,0.0,0.0,0.0,0.0,6.985124495778692,33.32997531043727,0.33058163643546357,50.94714254155763,635.6625579886806,5.1044750831455525,124.9831649181767,10.415263743181391,5.316487349656509,,,CFBD/team roster,,0.0,,MODELLED_ON_TEAM_RATES,opportunity-differentiated; team receiving rates,0.0,v1.0,2026-08-18T18:11:37+00:00
2026,CFF_KSU,Kansas State,CFP_3C0267AA,Jaron Tibbs,WR,12,12.0,0.0,0.0,0.0,0.0,0.0,0.0,0.0,0.0,54.96470889918669,651.8302689141087,5.079153884565354,123.14030464839635,10.261692054033029,0.0,,,CFBD/team roster,,0.0,,MODELLED_ON_TEAM_RATES,opportunity-differentiated; team receiving rates,0.0,v1.0,2026-08-18T18:11:37+00:00
2026,CFF_VAN,Vanderbilt,CFP_DFF5C2B1,Junior Sherrill,WR,13,12.0,0.0,0.0,0.0,0.0,0.0,8.903786445767029,51.18321228158322,0.43365767565299834,49.209022898053654,606.6453370077517,4.674347879750927,121.03539971038387,10.086283309198656,7.720267282076311,,,CFBD/team roster,,0.0,,MODELLED_ON_TEAM_RATES,opportunity-differentiated; team receiving rates,0.0,v1.0,2026-08-18T18:11:37+00:00
2026,CFF_TTU,Texas Tech,CFP_0792E0D5,Coy Eakin,WR,14,12.0,0.0,0.0,0.0,0.0,0.0,0.0,0.0,0.0,53.58915674745888,636.6439640235006,4.898839439496544,119.85201141305876,9.987667617754896,0.0,,,CFBD/team roster,,0.0,,MODELLED_ON_TEAM_RATES,opportunity-differentiated; team receiving rates,0.0,v1.0,2026-08-18T18:11:37+00:00
2026,CFF_WAKE,Wake Forest,CFP_79F580C9,Carlos Hernandez,WR,15,12.0,0.0,0.0,0.0,0.0,0.0,5.045310312822507,25.087551145049176,0.23704379245839127,54.57459213034539,623.7647103869454,4.051904761462081,117.90621354189499,9.825517795157916,3.931017869255265,,,CFBD/team roster,,0.0,,MODELLED_ON_TEAM_RATES,opportunity-differentiated; team receiving rates,0.0,v1.0,2026-08-18T18:11:37+00:00
2026,CFF_UNC,North Carolina,CFP_062195E8,Jordan Shipp,WR,16,12.0,0.0,0.0,0.0,0.0,0.0,1.491662645682079,7.032745728233717,0.06771411510628987,54.979295011936486,635.0026217998807,4.266242614341683,117.69692463546752,9.808077052955626,1.109559263461111,,,CFBD/team roster,,0.0,,MODELLED_ON_TEAM_RATES,opportunity-differentiated; team receiving rates,0.0,v1.0,2026-08-18T18:11:37+00:00
2026,CFF_TENN,Tennessee,CFP_F72E3D80,Braylon Staley,WR,17,12.0,0.0,0.0,0.0,0.0,0.0,0.0,0.0,0.0,52.25424228312232,633.9767420798397,4.4926483044329775,116.480685176143,9.706723764678584,0.0,,,CFBD/team roster,,0.0,,MODELLED_ON_TEAM_RATES,opportunity-differentiated; team receiving rates,0.0,v1.0,2026-08-18T18:11:37+00:00
2026,CFF_COLO,Colorado,CFP_BE6C3FA8,Joseph Williams,WR,18,12.0,0.0,0.0,0.0,0.0,0.0,0.0,0.0,0.0,51.45331851333391,609.0722826538532,4.580624953771917,114.11763724468378,9.509803103723648,0.0,,,CFBD/team roster,,0.0,,MODELLED_ON_TEAM_RATES,opportunity-differentiated; team receiving rates,0.0,v1.0,2026-08-18T18:11:37+00:00
2026,CFF_NW,Northwestern,CFP_7317F5BA,Griffin Wilde,WR,19,12.0,0.0,0.0,0.0,0.0,0.0,0.8079943398670983,3.7896056025854863,0.03253559057886487,55.774058541168785,605.7425581458953,4.078416904378338,113.50596061517568,9.45883005126464,0.5741741037317378,,,CFBD/team roster,,0.0,,MODELLED_ON_TEAM_RATES,opportunity-differentiated; team receiving rates,0.0,v1.0,2026-08-18T18:11:37+00:00
2026,CFF_ND,Notre Dame,CFP_A6BACC76,Jordan Faison,WR,20,12.0,0.0,0.0,0.0,0.0,0.0,2.023413640227624,11.741041548074707,0.12305223596308862,47.74325968173351,602.7524337071341,4.531341647141768,113.24734066501678,9.437278388751398,1.9124175705860025,,,CFBD/team roster,,0.0,,MODELLED_ON_TEAM_RATES,opportunity-differentiated; team receiving rates,0.0,v1.0,2026-08-18T18:11:37+00:00
2026,CFF_FSU,Florida State,CFP_C00CB2AC,Duce Robinson,WR,21,12.0,0.0,0.0,0.0,0.0,0.0,0.0,0.0,0.0,50.79696724851106,628.9686961909365,3.817254011390196,111.19887731169035,9.26657310930753,0.0,,,CFBD/team roster,,0.0,,MODELLED_ON_TEAM_RATES,opportunity-differentiated; team receiving rates,0.0,v1.0,2026-08-18T18:11:37+00:00
2026,CFF_TCU,TCU,CFP_0ED2E417,Jordan Dwyer,WR,22,12.0,0.0,0.0,0.0,0.0,0.0,0.0,0.0,0.0,49.190746855618876,595.1231066550042,4.321448385668224,110.0363744073192,9.1696978672766,0.0,,,CFBD/team roster,,0.0,,MODELLED_ON_TEAM_RATES,opportunity-differentiated; team receiving rates,0.0,v1.0,2026-08-18T18:11:37+00:00
2026,CFF_SMU,SMU,CFP_FCB02AB6,Yamir Knight,WR,23,12.0,0.0,0.0,0.0,0.0,0.0,1.1102072780316863,5.486599341456942,0.05578928581502973,48.222485867306446,591.2688148399424,4.209481344800331,109.37840813548533,9.114867344623777,0.8833956490358725,,,CFBD/team roster,,0.0,,MODELLED_ON_TEAM_RATES,opportunity-differentiated; team receiving rates,0.0,v1.0,2026-08-18T18:11:37+00:00
2026,CFF_KU,Kansas,CFP_45541319,Cam Pickett,WR,24,12.0,0.0,0.0,0.0,0.0,0.0,5.1137446766826,28.900658141493498,0.255972134089044,49.41134737019452,544.8161084169006,4.193626168313329,108.77494015535089,9.06457834627924,4.425898618683614,,,CFBD/team roster,,0.0,,MODELLED_ON_TEAM_RATES,opportunity-differentiated; team receiving rates,0.0,v1.0,2026-08-18T18:11:37+00:00
2026,CFF_CLEM,Clemson,CFP_A230687E,T.J. Moore,WR,25,12.0,0.0,0.0,0.0,0.0,0.0,3.726366434378059,18.578966556261268,0.178512922032208,45.94110229503222,536.3898483566434,3.990971737236051,103.48434059441612,8.623695049534676,2.9289741878193745,,,CFBD/team roster,,0.0,,MODELLED_ON_TEAM_RATES,opportunity-differentiated; team receiving rates,0.0,v1.0,2026-08-18T18:11:37+00:00
2026,CFF_NEB,Nebraska,CFP_83711D30,Jacory Barney Jr.,WR,26,12.0,0.0,0.0,0.0,0.0,0.0,15.067776143022064,70.81137438092989,0.7083946596109671,42.98870930969592,480.4494240774736,3.3023062753880796,100.68464011068258,8.390386675890214,11.331505395758793,Hybrid rushing role,PRESENTATION_DISCLOSURE,CFBD/team roster,,0.0,,MODELLED_ON_TEAM_RATES,opportunity-differentiated; team receiving rates,0.0,v1.0,2026-08-18T18:11:37+00:00
2026,CFF_ALA,Alabama,CFP_7A9D0571,Ryan Coleman-Williams,WR,27,12.0,0.0,0.0,0.0,0.0,0.0,11.721175047393013,53.16885429139755,0.6004185375331687,39.91384985844013,486.5185807006123,3.3600014160574934,97.68818814996503,8.140682345830418,8.919396654338767,Hybrid rushing role,PRESENTATION_DISCLOSURE,CFBD/team roster,,0.0,,MODELLED_ON_TEAM_RATES,opportunity-differentiated; team receiving rates,0.0,v1.0,2026-08-18T18:11:37+00:00
2026,CFF_MICH,Michigan,CFP_3EFD3917,Andrew Marsh,WR,28,12.0,0.0,0.0,0.0,0.0,0.0,3.079167360743194,16.77970777249311,0.1507117053051455,46.25065286235477,517.6305893257692,3.214894540080284,96.7599936133162,8.063332801109683,2.582241009080184,,,CFBD/team roster,,0.0,,MODELLED_ON_TEAM_RATES,opportunity-differentiated; team receiving rates,0.0,v1.0,2026-08-18T18:11:37+00:00
2026,CFF_TENN,Tennessee,CFP_AAF6CFB7,Mike Matthews,WR,29,12.0,0.0,0.0,0.0,0.0,0.0,1.9321067979256377,10.123385253316076,0.09922436349237114,41.98269596533528,509.35678423239625,3.6095344531502143,95.19191783109437,7.932659819257864,1.6076847062858346,,,CFBD/team roster,,0.0,,MODELLED_ON_TEAM_RATES,opportunity-differentiated; team receiving rates,0.0,v1.0,2026-08-18T18:11:37+00:00
2026,CFF_WASH,Washington,CFP_18147C27,Dezmen Roebuck,WR,30,12.0,0.0,0.0,0.0,0.0,0.0,2.054801841691507,10.65839818568052,0.09753776678241712,41.710792880825366,503.03347809189125,3.657570860431587,94.75523583145389,7.896269652621157,1.6510664192625546,,,CFBD/team roster,,0.0,,MODELLED_ON_TEAM_RATES,opportunity-differentiated; team receiving rates,0.0,v1.0,2026-08-18T18:11:37+00:00
2026,CFF_VT,Virginia Tech,CFP_CBA9FFDB,Ayden Greene,WR,31,12.0,0.0,0.0,0.0,0.0,0.0,0.0,0.0,0.0,42.36970093475605,487.38314664259,3.3398417793860258,89.96221580795319,7.496851317329432,0.0,,,CFBD/team roster,,0.0,,MODELLED_ON_TEAM_RATES,opportunity-differentiated; team receiving rates,0.0,v1.0,2026-08-18T18:11:37+00:00
2026,CFF_ORE,Oregon,CFP_83C508EC,Jeremiah McClellan,WR,32,12.0,0.0,0.0,0.0,0.0,0.0,0.0,0.0,0.0,40.13540883632229,485.2154227568543,3.5590350994722315,89.94345729067997,7.495288107556664,0.0,,,CFBD/team roster,,0.0,,MODELLED_ON_TEAM_RATES,opportunity-differentiated; team receiving rates,0.0,v1.0,2026-08-18T18:11:37+00:00
2026,CFF_NEB,Nebraska,CFP_D1CC9088,Nyziah Hunter,WR,33,12.0,0.0,0.0,0.0,0.0,0.0,2.3139030742198754,10.87424284210965,0.10878556762962381,41.71326539519806,466.19483714049375,3.20432923652402,88.44222952078123,7.370185793398435,1.7401376899887078,,,CFBD/team roster,,0.0,,MODELLED_ON_TEAM_RATES,opportunity-differentiated; team receiving rates,0.0,v1.0,2026-08-18T18:11:37+00:00
2026,CFF_STAN,Stanford,CFP_91948DC8,Caden High,WR,34,12.0,0.0,0.0,0.0,0.0,0.0,5.286506791441425,21.23424257119858,0.1995325714760614,39.46695189857469,453.02960138259516,3.1353489132604606,87.16914925308583,7.264095771090486,3.3206196859762263,,,CFBD/team roster,,0.0,,MODELLED_ON_TEAM_RATES,opportunity-differentiated; team receiving rates,0.0,v1.0,2026-08-18T18:11:37+00:00
2026,CFF_ORE,Oregon,CFP_C6F59EB8,Dakorien Moore,WR,35,12.0,0.0,0.0,0.0,0.0,0.0,4.096881045359768,21.87524203387723,0.200881449995307,36.68853060427448,443.54452598400536,3.2533807915394597,85.61181555313411,7.134317962761176,3.392812903359565,,,CFBD/team roster,,0.0,,MODELLED_ON_TEAM_RATES,opportunity-differentiated; team receiving rates,0.0,v1.0,2026-08-18T18:11:37+00:00
2026,CFF_MIZ,Missouri,CFP_8827C6E1,Donovan Olugbode,WR,36,12.0,0.0,0.0,0.0,0.0,0.0,0.0,0.0,0.0,41.182055355056455,466.50632182889586,3.013300073305845,85.3214603002529,7.110121691687741,0.0,,,CFBD/team roster,,0.0,,MODELLED_ON_TEAM_RATES,opportunity-differentiated; team receiving rates,0.0,v1.0,2026-08-18T18:11:37+00:00
2026,CFF_MINN,Minnesota,CFP_492A92DC,Javon Tracy,WR,37,12.0,0.0,0.0,0.0,0.0,0.0,1.6365810049844227,6.792027565929231,0.07715764491228845,41.16833182632487,430.4044201868982,3.242820460152913,84.22367931883639,7.018639943236366,1.1421486260666538,,,CFBD/team roster,,0.0,,MODELLED_ON_TEAM_RATES,opportunity-differentiated; team receiving rates,0.0,v1.0,2026-08-18T18:11:37+00:00
2026,CFF_UCLA,UCLA,CFP_EFB2410B,Mikey Matthews,WR,38,12.0,0.0,0.0,0.0,0.0,0.0,0.6404750811374287,3.0921175456503343,0.02274620617312281,41.71408466509556,438.1426479887488,3.0477580391007417,83.40354435763088,6.950295363135907,0.4456889916037703,,,CFBD/team roster,,0.0,,MODELLED_ON_TEAM_RATES,opportunity-differentiated; team receiving rates,0.0,v1.0,2026-08-18T18:11:37+00:00
2026,CFF_ARK,Arkansas,CFP_BA09DB92,CJ Brown,WR,39,12.0,0.0,0.0,0.0,0.0,0.0,0.0,0.0,0.0,36.757907462874144,464.47541252293024,3.0189354554007255,82.94010771613443,6.911675643011203,0.0,,,CFBD/team roster,,0.0,,MODELLED_ON_TEAM_RATES,opportunity-differentiated; team receiving rates,0.0,v1.0,2026-08-18T18:11:37+00:00
2026,CFF_USC,USC,CFP_F158845A,Tanook Hines,WR,40,12.0,0.0,0.0,0.0,0.0,0.0,0.0,0.0,0.0,35.22550727860482,445.6715376087751,3.0865752558841524,80.69935893548484,6.72494657795707,0.0,,,CFBD/team roster,,0.0,,MODELLED_ON_TEAM_RATES,opportunity-differentiated; team receiving rates,0.0,v1.0,2026-08-18T18:11:37+00:00
2026,CFF_ILL,Illinois,CFP_A4816F12,Collin Dixon,WR,41,12.0,0.0,0.0,0.0,0.0,0.0,1.443497872423111,6.643909844559964,0.06879600333072201,35.20033160029937,427.9447290418969,2.958159233408596,79.22076110923128,6.60173009243594,1.0771670044403285,,,CFBD/team roster,,0.0,,MODELLED_ON_TEAM_RATES,opportunity-differentiated; team receiving rates,0.0,v1.0,2026-08-18T18:11:37+00:00
2026,CFF_UK,Kentucky,CFP_8A7F04EC,Hardley Gilmore IV,WR,42,12.0,0.0,0.0,0.0,0.0,0.0,9.753294175159937,47.340525000528196,0.42786131673923133,32.74490061169684,386.5279446422958,2.6691456102411846,78.3413388320133,6.5284449026677756,7.301220400488208,,,CFBD/team roster,,0.0,,MODELLED_ON_TEAM_RATES,opportunity-differentiated; team receiving rates,0.0,v1.0,2026-08-18T18:11:37+00:00
2026,CFF_SC,South Carolina,CFP_9120DCF7,Nyck Harbor,WR,43,12.0,0.0,0.0,0.0,0.0,0.0,3.0681974429651175,14.213589450360523,0.13116756536716506,33.90671438778072,432.0136465059422,2.651847311721088,78.27417005205014,6.522847504337512,2.2083643372390425,,,CFBD/team roster,,0.0,,MODELLED_ON_TEAM_RATES,opportunity-differentiated; team receiving rates,0.0,v1.0,2026-08-18T18:11:37+00:00
2026,CFF_IND,Indiana,CFP_1CEF612A,Charlie Becker,WR,44,12.0,0.0,0.0,0.0,0.0,0.0,0.0,0.0,0.0,31.62497962957829,396.01213651001046,3.4513481106400485,76.12179212963048,6.343482677469207,0.0,,,CFBD/team roster,,0.0,,MODELLED_ON_TEAM_RATES,opportunity-differentiated; team receiving rates,0.0,v1.0,2026-08-18T18:11:37+00:00
2026,CFF_ILL,Illinois,CFP_E45D07C1,Hudson Clement,WR,45,12.0,0.0,0.0,0.0,0.0,0.0,0.0,0.0,0.0,33.92539294863522,412.44478199518164,2.851016164778591,75.31327166250732,6.27610597187561,0.0,,,CFBD/team roster,,0.0,,MODELLED_ON_TEAM_RATES,opportunity-differentiated; team receiving rates,0.0,v1.0,2026-08-18T18:11:37+00:00
2026,CFF_SMU,SMU,CFP_88B6743A,Derrick McFall,WR,46,12.0,0.0,0.0,0.0,0.0,0.0,40.91655322730678,202.20794660042034,2.0561072943163903,18.84905189509802,231.11327370261287,1.6453886790059087,74.96562381778612,6.247135318148843,32.557438425940376,Hybrid rushing role,BLOCKING_ELIGIBILITY_CHECK,CFBD/team roster,,0.0,,MODELLED_ON_TEAM_RATES,opportunity-differentiated; team receiving rates,0.0,v1.0,2026-08-18T18:11:37+00:00
2026,CFF_GT,Georgia Tech,CFP_11843F8D,Jordan Allen,WR,47,12.0,0.0,0.0,0.0,0.0,0.0,21.8254664049728,119.47135723842628,1.0635842916676503,26.463289306568775,312.12199880842553,1.9703365039442817,74.59450503164116,6.2162087526367635,18.328641473848528,Hybrid rushing role,PRESENTATION_DISCLOSURE,CFBD/team roster,,0.0,,MODELLED_ON_TEAM_RATES,opportunity-differentiated; team receiving rates,0.0,v1.0,2026-08-18T18:11:37+00:00
2026,CFF_MD,Maryland,CFP_7D1D449E,Kaleb Webb,WR,48,12.0,0.0,0.0,0.0,0.0,0.0,0.0,0.0,0.0,36.1552784220515,397.47645754698055,2.6806638383138415,73.90926799560685,6.159105666300571,0.0,,,CFBD/team roster,,0.0,,MODELLED_ON_TEAM_RATES,opportunity-differentiated; team receiving rates,0.0,v1.0,2026-08-18T18:11:37+00:00
2026,CFF_COLO,Colorado,CFP_928FB78D,Quentin Gibson,WR,49,12.0,0.0,0.0,0.0,0.0,0.0,31.95980272960098,137.20602923892275,1.3699098638865994,22.530002357336155,266.69611135816876,2.0057305143459283,71.9090575077724,5.992421458981034,21.940062107211872,Hybrid rushing role,BLOCKING_ELIGIBILITY_CHECK,CFBD/team roster,,0.0,,MODELLED_ON_TEAM_RATES,opportunity-differentiated; team receiving rates,0.0,v1.0,2026-08-18T18:11:37+00:00
2026,CFF_OSU,Ohio State,CFP_E01257F5,Brandon Inniss,WR,50,12.0,0.0,0.0,0.0,0.0,0.0,3.0056291811420177,14.725588370705742,0.16269340857742223,29.39931958972106,365.83847149707634,2.81990683465649,70.65166724104222,5.887638936753518,2.4487192885351075,,,CFBD/team roster,,0.0,,MODELLED_ON_TEAM_RATES,opportunity-differentiated; team receiving rates,0.0,v1.0,2026-08-18T18:11:37+00:00
2026,CFF_NCSU,NC State,CFP_6B3BCF6C,Keenan Jackson,WR,51,12.0,0.0,0.0,0.0,0.0,0.0,0.0,0.0,0.0,32.236061175141025,375.3482466250754,2.7925106490407474,70.40791914432253,5.867326595360211,0.0,,,CFBD/team roster,,0.0,,MODELLED_ON_TEAM_RATES,opportunity-differentiated; team receiving rates,0.0,v1.0,2026-08-18T18:11:37+00:00
2026,CFF_FSU,Florida State,CFP_FF4C4FA0,Micahi Danzy,WR,52,12.0,0.0,0.0,0.0,0.0,0.0,20.757708269460434,98.80163652968187,0.9566083595393851,24.90728168296019,308.4022793949585,1.871714515001724,70.14396968119078,5.845330806765898,15.619813810204498,Hybrid rushing role,PRESENTATION_DISCLOSURE,CFBD/team roster,,0.0,,MODELLED_ON_TEAM_RATES,opportunity-differentiated; team receiving rates,0.0,v1.0,2026-08-18T18:11:37+00:00
2026,CFF_ALA,Alabama,CFP_560ABC74,Lotzeir Brooks,WR,53,12.0,0.0,0.0,0.0,0.0,0.0,15.687799420908167,71.16200536126757,0.8036093264821919,26.152555359501022,318.7791746555385,2.2015571876202764,70.10139476604593,5.841782897170494,11.937856495019908,Hybrid rushing role,PRESENTATION_DISCLOSURE,CFBD/team roster,,0.0,,MODELLED_ON_TEAM_RATES,opportunity-differentiated; team receiving rates,0.0,v1.0,2026-08-18T18:11:37+00:00
2026,CFF_MSU,Michigan State,CFP_C4A6DEF4,Chrishon McCray,WR,54,12.0,0.0,0.0,0.0,0.0,0.0,2.6374860153863633,12.173424048441149,0.11021791093491695,30.583763346220145,356.92820458211844,2.434771607457723,67.47198164652187,5.622665137210156,1.8786498704536165,,,CFBD/team roster,,0.0,,MODELLED_ON_TEAM_RATES,opportunity-differentiated; team receiving rates,0.0,v1.0,2026-08-18T18:11:37+00:00
2026,CFF_NCSU,NC State,CFP_42178A6B,Teddy Hoffmann,WR,55,12.0,0.0,0.0,0.0,0.0,0.0,0.7417595599270932,3.8803227929961284,0.03808918114351507,29.9148450104206,348.3206140389493,2.5914308451686185,65.95463634627765,5.496219695523138,0.6165673661607032,,,CFBD/team roster,,0.0,,MODELLED_ON_TEAM_RATES,opportunity-differentiated; team receiving rates,0.0,v1.0,2026-08-18T18:11:37+00:00
2026,CFF_CLEM,Clemson,CFP_537912A0,Bryant Wesco Jr.,WR,56,12.0,0.0,0.0,0.0,0.0,0.0,1.8631832171890295,9.289483278130634,0.089256461016104,28.991604705516632,338.49432588145316,2.5185437270047424,64.92098439684177,5.410082033070148,1.4644870939096872,,,CFBD/team roster,,0.0,,MODELLED_ON_TEAM_RATES,opportunity-differentiated; team receiving rates,0.0,v1.0,2026-08-18T18:11:37+00:00
2026,CFF_MINN,Minnesota,CFP_F75CCD07,Jalen Smith,WR,57,12.0,0.0,0.0,0.0,0.0,0.0,0.0,0.0,0.0,31.911308379001866,333.62459859223594,2.513646755429253,64.39999458130004,5.366666215108336,0.0,,,CFBD/team roster,,0.0,,MODELLED_ON_TEAM_RATES,opportunity-differentiated; team receiving rates,0.0,v1.0,2026-08-18T18:11:37+00:00
2026,CFF_ARIZ,Arizona,CFP_606AA1CC,Tre Spivey,WR,58,12.0,0.0,0.0,0.0,0.0,0.0,1.6919581137308375,8.275136627536472,0.07134161945361914,28.4706405019289,332.41685261858765,2.537392087906097,63.95692141973515,5.329743451644596,1.255563379475362,,,CFBD/team roster,,0.0,,MODELLED_ON_TEAM_RATES,opportunity-differentiated; team receiving rates,0.0,v1.0,2026-08-18T18:11:37+00:00
2026,CFF_ARIZ,Arizona,CFP_7FCB80A1,Chris Hunter,WR,59,12.0,0.0,0.0,0.0,0.0,0.0,0.0,0.0,0.0,28.924799437376464,337.7195111204172,2.5778681456673698,63.701559704734166,5.308463308727847,0.0,,,CFBD/team roster,,0.0,,MODELLED_ON_TEAM_RATES,opportunity-differentiated; team receiving rates,0.0,v1.0,2026-08-18T18:11:37+00:00
2026,CFF_VT,Virginia Tech,CFP_2DC2937E,Takye Heath,WR,60,12.0,0.0,0.0,0.0,0.0,0.0,1.0337993828567056,5.380220318086009,0.051525599300672235,29.562411027190674,340.0595376153497,2.330292007489763,63.616086947681524,5.30134057897346,0.8471756276126343,,,CFBD/team roster,,0.0,,MODELLED_ON_TEAM_RATES,opportunity-differentiated; team receiving rates,0.0,v1.0,2026-08-18T18:11:37+00:00
2026,CFF_UVA,Virginia,CFP_6292AD19,Kameron Courtney,WR,61,12.0,0.0,0.0,0.0,0.0,0.0,4.609812046525967,22.542580714126363,0.20749914202675143,29.036312397467654,325.10244434343133,2.0556963726787116,62.86183179272238,5.238485982726865,3.499252923573145,,,CFBD/team roster,,0.0,,MODELLED_ON_TEAM_RATES,opportunity-differentiated; team receiving rates,0.0,v1.0,2026-08-18T18:11:37+00:00
2026,CFF_TEX,Texas,CFP_B2E5A690,Emmett Mosley V,WR,62,12.0,0.0,0.0,0.0,0.0,0.0,0.0,0.0,0.0,26.742491383893576,333.66347221946313,2.6793726619500005,62.813828885593104,5.234485740466092,0.0,,,CFBD/team roster,,0.0,,MODELLED_ON_TEAM_RATES,opportunity-differentiated; team receiving rates,0.0,v1.0,2026-08-18T18:11:37+00:00
2026,CFF_ASU,Arizona State,CFP_3A0B5C88,Derek Eusebio,WR,63,12.0,0.0,0.0,0.0,0.0,0.0,3.726069068221022,20.214522855647086,0.17320511775169567,26.96542894733632,318.0673661312222,2.292982101247671,62.10802668635129,5.175668890529274,3.0606829920748826,,,CFBD/team roster,,0.0,,MODELLED_ON_TEAM_RATES,opportunity-differentiated; team receiving rates,0.0,v1.0,2026-08-18T18:11:37+00:00
2026,CFF_UCF,UCF,CFP_693BEDD5,Waden Charles,WR,64,12.0,0.0,0.0,0.0,0.0,0.0,1.5618483506184326,8.708121956224002,0.07881529470582943,26.856380651539485,328.9500380626824,2.2531940115547004,61.186062165223554,5.098838513768629,1.3437039638573767,,,CFBD/team roster,,0.0,,MODELLED_ON_TEAM_RATES,opportunity-differentiated; team receiving rates,0.0,v1.0,2026-08-18T18:11:37+00:00
2026,CFF_SC,South Carolina,CFP_0189370B,Jayden Sellers,WR,65,12.0,0.0,0.0,0.0,0.0,0.0,11.727743939037751,54.329403705956906,0.5013691746794787,23.38799592308107,297.9921111683299,1.8291773542504473,60.90942862254877,5.075785718545731,8.441155418672562,Hybrid rushing role,PRESENTATION_DISCLOSURE,CFBD/team roster,,0.0,,MODELLED_ON_TEAM_RATES,opportunity-differentiated; team receiving rates,0.0,v1.0,2026-08-18T18:11:37+00:00
2026,CFF_NW,Northwestern,CFP_D926DF4C,Hayden Eligon II,WR,66,12.0,0.0,0.0,0.0,0.0,0.0,0.0,0.0,0.0,29.64223349119467,321.9339387120369,2.167555837178003,60.01984563986905,5.00165380332242,0.0,,,CFBD/team roster,,0.0,,MODELLED_ON_TEAM_RATES,opportunity-differentiated; team receiving rates,0.0,v1.0,2026-08-18T18:11:37+00:00
2026,CFF_UTAH,Utah,CFP_74AF4E6C,Larry Simmons,WR,67,12.0,0.0,0.0,0.0,0.0,0.0,1.1356744877159193,6.745511605891591,0.05369774286647484,24.017103842847018,286.01337695193666,2.403951049709576,56.030333532662645,4.669194461055221,0.9967376177880082,,,CFBD/team roster,,0.0,,MODELLED_ON_TEAM_RATES,opportunity-differentiated; team receiving rates,0.0,v1.0,2026-08-18T18:11:37+00:00
2026,CFF_BYU,BYU,CFP_5EB42C89,Jojo Phillips,WR,68,12.0,0.0,0.0,0.0,0.0,0.0,0.0,0.0,0.0,25.368309937984336,313.44988358932767,1.9077957578955795,55.475917875298414,4.622993156274868,0.0,,,CFBD/team roster,,0.0,,MODELLED_ON_TEAM_RATES,opportunity-differentiated; team receiving rates,0.0,v1.0,2026-08-18T18:11:37+00:00
2026,CFF_ARIZ,Arizona,CFP_B26D1F69,Giovanni Richardson,WR,69,12.0,0.0,0.0,0.0,0.0,0.0,0.8459790568654187,4.137568313768236,0.03567080972680957,24.674790722390494,288.09735665777043,2.1990941421037076,54.96947756933222,4.580789797444352,0.627781689737681,,,CFBD/team roster,,0.0,,MODELLED_ON_TEAM_RATES,opportunity-differentiated; team receiving rates,0.0,v1.0,2026-08-18T18:11:37+00:00
2026,CFF_UGA,Georgia,CFP_28A6E154,London Humphreys,WR,70,12.0,0.0,0.0,0.0,0.0,0.0,8.592394215258636,40.946853923320276,0.4327336271073933,22.438008103168638,250.8962712970412,1.9043128973382875,54.42559572029455,4.535466310024546,6.691087154976387,,,CFBD/team roster,,0.0,,MODELLED_ON_TEAM_RATES,opportunity-differentiated; team receiving rates,0.0,v1.0,2026-08-18T18:11:37+00:00
2026,CFF_CLEM,Clemson,CFP_DE766D94,Tyler Brown,WR,71,12.0,0.0,0.0,0.0,0.0,0.0,11.872089387486627,59.192018704374235,0.568736704913328,19.47683095675724,227.4036512287317,1.6919812106412546,51.96228996501671,4.330190830418059,9.331622099917391,Hybrid rushing role,PRESENTATION_DISCLOSURE,CFBD/team roster,,0.0,,MODELLED_ON_TEAM_RATES,opportunity-differentiated; team receiving rates,0.0,v1.0,2026-08-18T18:11:37+00:00
2026,CFF_FLA,Florida,CFP_27AF833D,Dallas Wilson,WR,72,12.0,0.0,0.0,0.0,0.0,0.0,0.0,0.0,0.0,23.276832649043488,270.9165402411818,1.909367924295533,50.18627789441312,4.182189824534427,0.0,,,CFBD/team roster,,0.0,,MODELLED_ON_TEAM_RATES,opportunity-differentiated; team receiving rates,0.0,v1.0,2026-08-18T18:11:37+00:00
2026,CFF_TAMU,Texas A&M,CFP_6E040973,Ashton Bethel-Roman,WR,73,12.0,0.0,0.0,0.0,0.0,0.0,0.0,0.0,0.0,21.125624002298377,275.62582774206146,1.990983705557767,50.07129700870194,4.172608084058495,0.0,,,CFBD/team roster,,0.0,,MODELLED_ON_TEAM_RATES,opportunity-differentiated; team receiving rates,0.0,v1.0,2026-08-18T18:11:37+00:00
2026,CFF_FLA,Florida,CFP_93E298B7,TJ Abrams,WR,74,12.0,0.0,0.0,0.0,0.0,0.0,0.0,0.0,0.0,22.967597611667685,267.31738705267236,1.8840017814729206,49.519548199938605,4.126629016661551,0.0,,,CFBD/team roster,,0.0,,MODELLED_ON_TEAM_RATES,opportunity-differentiated; team receiving rates,0.0,v1.0,2026-08-18T18:11:37+00:00
2026,CFF_ASU,Arizona State,CFP_E948EA4B,Jalen Moss,WR,75,12.0,0.0,0.0,0.0,0.0,0.0,0.0,0.0,0.0,22.256707538251394,262.52622790722654,1.892580018570622,48.73645667127208,4.061371389272673,0.0,,,CFBD/team roster,,0.0,,MODELLED_ON_TEAM_RATES,opportunity-differentiated; team receiving rates,0.0,v1.0,2026-08-18T18:11:37+00:00
2026,CFF_CAL,California,CFP_23A4C70D,QuaRon Adams,WR,76,12.0,0.0,0.0,0.0,0.0,0.0,4.78376807896975,20.063249430143042,0.22836867962047422,21.625745884641045,244.53429803239268,1.4930411243025834,47.601086512112445,3.966757209342704,3.3765370207371497,,,CFBD/team roster,,0.0,,MODELLED_ON_TEAM_RATES,opportunity-differentiated; team receiving rates,0.0,v1.0,2026-08-18T18:11:37+00:00
2026,CFF_CAL,California,CFP_AD9E9FB9,Jordan King,WR,77,12.0,0.0,0.0,0.0,0.0,0.0,0.0,0.0,0.0,23.11543532678211,261.3790424385937,1.595889257792195,47.270957454003586,3.939246454500299,0.0,,,CFBD/team roster,,0.0,,MODELLED_ON_TEAM_RATES,opportunity-differentiated; team receiving rates,0.0,v1.0,2026-08-18T18:11:37+00:00
2026,CFF_PITT,Pitt,CFP_0E964C7A,Cataurus Hicks,WR,78,12.0,0.0,0.0,0.0,0.0,0.0,7.329136561351114,33.72952964488554,0.30630312891368033,18.496594734773396,220.1175815739652,1.6941023268522837,46.63544122386756,3.88628676865563,5.210771737970635,,,CFBD/team roster,,0.0,,MODELLED_ON_TEAM_RATES,opportunity-differentiated; team receiving rates,0.0,v1.0,2026-08-18T18:11:37+00:00
2026,CFF_TAMU,Texas A&M,CFP_D40DE195,Terry Bussey,WR,79,12.0,0.0,0.0,0.0,0.0,0.0,8.529497358302981,45.08730431959141,0.42324505320313593,16.588904632198798,216.43529062556738,1.5634207449761597,46.36670659969106,3.8638922166409215,7.048200751177957,,,CFBD/team roster,,0.0,,MODELLED_ON_TEAM_RATES,opportunity-differentiated; team receiving rates,0.0,v1.0,2026-08-18T18:11:37+00:00
2026,CFF_BAY,Baylor,CFP_2E266599,Gavin Freeman,WR,80,12.0,0.0,0.0,0.0,0.0,0.0,1.610139141243253,7.641637506531193,0.07452538574117608,19.211589340202384,237.99896818362328,1.9086013459993374,46.068615629559716,3.8390513024633095,1.211316065100176,,,CFBD/team roster,,0.0,,MODELLED_ON_TEAM_RATES,opportunity-differentiated; team receiving rates,0.0,v1.0,2026-08-18T18:11:37+00:00
2026,CFF_WISC,Wisconsin,CFP_F759667E,Tyrell Henry,WR,81,12.0,0.0,0.0,0.0,0.0,0.0,36.03908328030429,158.23862985461335,1.4779276409381445,10.158476754953744,114.10748238222065,0.7527557904371679,45.69795018941215,3.8081625157843457,24.691428831090203,Hybrid rushing role,BLOCKING_ELIGIBILITY_CHECK,CFBD/team roster,,0.0,,MODELLED_ON_TEAM_RATES,opportunity-differentiated; team receiving rates,0.0,v1.0,2026-08-18T18:11:37+00:00
2026,CFF_SMU,SMU,CFP_E9BE22D5,Jalen Cooper,WR,82,12.0,0.0,0.0,0.0,0.0,0.0,0.0,0.0,0.0,20.174014765573535,247.3589983276081,1.7610485498215087,45.38919851447663,3.7824332095397195,0.0,,,CFBD/team roster,,0.0,,MODELLED_ON_TEAM_RATES,opportunity-differentiated; team receiving rates,0.0,v1.0,2026-08-18T18:11:37+00:00
2026,CFF_MISS,Ole Miss,CFP_0A1FCD2B,Jase Mathews,WR,83,12.0,0.0,0.0,0.0,0.0,0.0,0.0,0.0,0.0,18.80708354123757,259.4375492133784,1.602474627880723,44.96214445924097,3.746845371603414,0.0,,,CFBD/team roster,,0.0,,MODELLED_ON_TEAM_RATES,opportunity-differentiated; team receiving rates,0.0,v1.0,2026-08-18T18:11:37+00:00
2026,CFF_CIN,Cincinnati,CFP_11054CDF,Isaiah Johnson,WR,84,12.0,0.0,0.0,0.0,0.0,0.0,2.8377541219435902,16.869265051945753,0.13404761815558539,19.132211464254766,227.2502665664817,1.6818735065745536,44.87358564235096,3.7394654701959134,2.4912122141280877,,,CFBD/team roster,,0.0,,MODELLED_ON_TEAM_RATES,opportunity-differentiated; team receiving rates,0.0,v1.0,2026-08-18T18:11:37+00:00
2026,CFF_MSST,Mississippi State,CFP_1D30DEA9,Ayden Williams,WR,85,12.0,0.0,0.0,0.0,0.0,0.0,0.0,0.0,0.0,20.24743182472257,245.27199709466467,1.6924557656578731,44.80565021577499,3.7338041846479157,0.0,,,CFBD/team roster,,0.0,,MODELLED_ON_TEAM_RATES,opportunity-differentiated; team receiving rates,0.0,v1.0,2026-08-18T18:11:37+00:00
2026,CFF_MISS,Ole Miss,CFP_C005AFEB,Johntay Cook II,WR,86,12.0,0.0,0.0,0.0,0.0,0.0,0.7367279492766494,3.82859166479813,0.036349646534487356,18.481404597128996,254.94491499368857,1.574724857767529,44.78449999022527,3.732041665852106,0.6009570456867371,,,CFBD/team roster,,0.0,,MODELLED_ON_TEAM_RATES,opportunity-differentiated; team receiving rates,0.0,v1.0,2026-08-18T18:11:37+00:00
2026,CFF_CAL,California,CFP_34FEE65C,Chase Hendricks,WR,87,12.0,0.0,0.0,0.0,0.0,0.0,0.6690651891745493,2.8060770409099316,0.03193999610966107,21.625745884641045,244.53429803239268,1.4930411243025834,44.69679717212425,3.7247330976770208,0.4722476807489596,,,CFBD/team roster,,0.0,,MODELLED_ON_TEAM_RATES,opportunity-differentiated; team receiving rates,0.0,v1.0,2026-08-18T18:11:37+00:00
2026,CFF_CLEM,Clemson,CFP_69D7F339,Tristan Smith,WR,88,12.0,0.0,0.0,0.0,0.0,0.0,0.0,0.0,0.0,20.231394516041615,236.21363211558037,1.7575312668787562,44.28224807085139,3.6901873392376157,0.0,,,CFBD/team roster,,0.0,,MODELLED_ON_TEAM_RATES,opportunity-differentiated; team receiving rates,0.0,v1.0,2026-08-18T18:11:37+00:00
2026,CFF_BC,Boston College,CFP_896BD9AA,Jaedn Skeete,WR,89,12.0,0.0,0.0,0.0,0.0,0.0,0.0,0.0,0.0,19.50657789528668,233.59810090430855,1.7094728368798944,43.36993605935356,3.6141613382794637,0.0,,,CFBD/team roster,,0.0,,MODELLED_ON_TEAM_RATES,opportunity-differentiated; team receiving rates,0.0,v1.0,2026-08-18T18:11:37+00:00
2026,CFF_IOWA,Iowa,CFP_B873058F,Reece Vander Zee,WR,90,12.0,0.0,0.0,0.0,0.0,0.0,0.0,0.0,0.0,20.78025838255461,232.6695827941474,1.5853318655142414,43.16907866377749,3.5974232219814577,0.0,,,CFBD/team roster,,0.0,,MODELLED_ON_TEAM_RATES,opportunity-differentiated; team receiving rates,0.0,v1.0,2026-08-18T18:11:37+00:00
2026,CFF_LSU,LSU,CFP_84F1A90E,Corey Barber Jr.,WR,91,12.0,0.0,0.0,0.0,0.0,0.0,0.0,0.0,0.0,20.12689587238636,230.51296865759295,1.5814447281088069,42.603413170605315,3.550284430883776,0.0,,,CFBD/team roster,,0.0,,MODELLED_ON_TEAM_RATES,opportunity-differentiated; team receiving rates,0.0,v1.0,2026-08-18T18:11:37+00:00
2026,CFF_UTAH,Utah,CFP_AA193AF2,Creed Whittemore,WR,92,12.0,0.0,0.0,0.0,0.0,0.0,0.0,0.0,0.0,18.539314381088538,220.77982204702715,1.855661055510119,42.4816057283077,3.5401338106923084,0.0,,,CFBD/team roster,,0.0,,MODELLED_ON_TEAM_RATES,opportunity-differentiated; team receiving rates,0.0,v1.0,2026-08-18T18:11:37+00:00
2026,CFF_KU,Kansas,CFP_396B642B,Keaton Kubecka,WR,93,12.0,0.0,0.0,0.0,0.0,0.0,0.0,0.0,0.0,20.07864186893167,221.38978407876053,1.7041089232983613,42.402952882132055,3.533579406844338,0.0,,,CFBD/team roster,,0.0,,MODELLED_ON_TEAM_RATES,opportunity-differentiated; team receiving rates,0.0,v1.0,2026-08-18T18:11:37+00:00
2026,CFF_BYU,BYU,CFP_03C24538,Tiger Bachmeier,WR,94,12.0,0.0,0.0,0.0,0.0,0.0,5.454418069559498,29.970116806448488,0.2810974149348555,17.242479916391275,213.04743342368664,1.2967016770335438,42.389789533019545,3.532482461084962,4.683596170253981,,,CFBD/team roster,,0.0,,MODELLED_ON_TEAM_RATES,opportunity-differentiated; team receiving rates,0.0,v1.0,2026-08-18T18:11:37+00:00
2026,CFF_AUB,Auburn,CFP_5003AF98,Brady Marchese,WR,95,12.0,0.0,0.0,0.0,0.0,0.0,0.0,0.0,0.0,17.7752817049266,227.61186778950943,1.6725241692737085,41.68397264705649,3.4736643872547077,0.0,,,CFBD/team roster,,0.0,,MODELLED_ON_TEAM_RATES,opportunity-differentiated; team receiving rates,0.0,v1.0,2026-08-18T18:11:37+00:00
2026,CFF_BAY,Baylor,CFP_44C41317,Dre'lon Miller,WR,96,12.0,0.0,0.0,0.0,0.0,0.0,4.232365742696552,20.086590017167712,0.19589529966252003,16.341707639756173,202.44600734211983,1.6234890640670814,41.34041973818445,3.4450349781820377,3.1840307996918913,,,CFBD/team roster,,0.0,,MODELLED_ON_TEAM_RATES,opportunity-differentiated; team receiving rates,0.0,v1.0,2026-08-18T18:11:37+00:00
2026,CFF_CAL,California,CFP_BA9C8E4B,Mark Hamper,WR,97,12.0,0.0,0.0,0.0,0.0,0.0,0.0,0.0,0.0,20.069327012283008,226.93500696392843,1.3855859920973355,41.04168015511836,3.4201400129265296,0.0,,,CFBD/team roster,,0.0,,MODELLED_ON_TEAM_RATES,opportunity-differentiated; team receiving rates,0.0,v1.0,2026-08-18T18:11:37+00:00
2026,CFF_LOU,Louisville,CFP_8B287331,Tre Richardson,WR,98,12.0,0.0,0.0,0.0,0.0,0.0,23.118421927273765,126.24530133156131,1.2162184994655842,9.534027389098842,113.07149949962708,0.7929085060823049,40.7534558109556,3.396121317579633,19.921841129949637,Hybrid rushing role,BLOCKING_ELIGIBILITY_CHECK,CFBD/team roster,,0.0,,MODELLED_ON_TEAM_RATES,opportunity-differentiated; team receiving rates,0.0,v1.0,2026-08-18T18:11:37+00:00
2026,CFF_BC,Boston College,CFP_582E1E1F,Dawson Pough,WR,99,12.0,0.0,0.0,0.0,0.0,0.0,0.0,0.0,0.0,18.28635487388542,218.9855029381668,1.6025377239544751,40.65695407448624,3.3880795062071862,0.0,,,CFBD/team roster,,0.0,,MODELLED_ON_TEAM_RATES,opportunity-differentiated; team receiving rates,0.0,v1.0,2026-08-18T18:11:37+00:00
2026,CFF_TCU,TCU,CFP_B8B57865,Major Everhart,WR,100,12.0,0.0,0.0,0.0,0.0,0.0,9.536450179473892,43.89603723918904,0.4911930313477483,14.807052761964933,179.13977329861515,1.3008120092689437,40.45913767846304,3.3715948065385866,7.336761912005394,,,CFBD/team roster,,0.0,,MODELLED_ON_TEAM_RATES,opportunity-differentiated; team receiving rates,0.0,v1.0,2026-08-18T18:11:37+00:00
2026,CFF_IND,Indiana,CFP_D27165BE,Nick Marsh,WR,101,12.0,0.0,0.0,0.0,0.0,0.0,4.023808955659085,20.73244280950983,0.21082881640155,15.250846055973707,190.97309155458734,1.664379845851903,40.04722843791729,3.3372690364931077,3.3382171793602833,,,CFBD/team roster,,0.0,,MODELLED_ON_TEAM_RATES,opportunity-differentiated; team receiving rates,0.0,v1.0,2026-08-18T18:11:37+00:00
2026,CFF_BAY,Baylor,CFP_2BA54FF0,Jadon Porter,WR,102,12.0,0.0,0.0,0.0,0.0,0.0,0.0,0.0,0.0,16.834647632545895,208.55269677748547,1.6724608548478985,39.30735862310888,3.2756132185924067,0.0,,,CFBD/team roster,,0.0,,MODELLED_ON_TEAM_RATES,opportunity-differentiated; team receiving rates,0.0,v1.0,2026-08-18T18:11:37+00:00
2026,CFF_TCU,TCU,CFP_21A1B342,Ed Small,WR,103,12.0,0.0,0.0,0.0,0.0,0.0,1.9072900358947784,8.779207447837809,0.09823860626954965,16.383074311517603,198.20691296774754,1.439266824787053,38.11518178365695,3.176265148638079,1.4673523824010788,,,CFBD/team roster,,0.0,,MODELLED_ON_TEAM_RATES,opportunity-differentiated; team receiving rates,0.0,v1.0,2026-08-18T18:11:37+00:00
2026,CFF_UTAH,Utah,CFP_2763DBF3,Braden Pegan,WR,104,12.0,0.0,0.0,0.0,0.0,0.0,1.5813088341968602,9.392424685903508,0.0747685327879166,15.700752875975981,186.97613917687912,1.571540082618009,37.365084516701806,3.113757043058484,1.3878536653178504,,,CFBD/team roster,,0.0,,MODELLED_ON_TEAM_RATES,opportunity-differentiated; team receiving rates,0.0,v1.0,2026-08-18T18:11:37+00:00
2026,CFF_WISC,Wisconsin,CFP_9899AB34,Chris Brooks Jr.,WR,105,12.0,0.0,0.0,0.0,0.0,0.0,0.0,0.0,0.0,17.905145031229374,201.12375806794023,1.3267935662010153,37.0257097196148,3.0854758099679,0.0,,,CFBD/team roster,,0.0,,MODELLED_ON_TEAM_RATES,opportunity-differentiated; team receiving rates,0.0,v1.0,2026-08-18T18:11:37+00:00
2026,CFF_NW,Northwestern,CFP_050DB9A8,Drew Wagner,WR,106,12.0,0.0,0.0,0.0,0.0,0.0,2.423983019601295,11.36881680775646,0.0976067717365946,17.420760861982327,189.2007955920206,1.273874045479359,36.99622657426459,3.083018881188716,1.7225223111952135,,,CFBD/team roster,,0.0,,MODELLED_ON_TEAM_RATES,opportunity-differentiated; team receiving rates,0.0,v1.0,2026-08-18T18:11:37+00:00
2026,CFF_PUR,Purdue,CFP_9A0D0FC3,Corey Smith,WR,107,12.0,0.0,0.0,0.0,0.0,0.0,0.0,0.0,0.0,17.785383963759717,198.5380810060992,1.3244307939324456,36.693084846084446,3.057757070507037,0.0,,,CFBD/team roster,,0.0,,MODELLED_ON_TEAM_RATES,opportunity-differentiated; team receiving rates,0.0,v1.0,2026-08-18T18:11:37+00:00
2026,CFF_UK,Kentucky,CFP_6E27A94A,DJ Miller,WR,108,12.0,0.0,0.0,0.0,0.0,0.0,0.0,0.0,0.0,16.908469847915104,199.5912638386897,1.378265538370169,36.68295453804753,3.056912878170628,0.0,,,CFBD/team roster,,0.0,,MODELLED_ON_TEAM_RATES,opportunity-differentiated; team receiving rates,0.0,v1.0,2026-08-18T18:11:37+00:00
2026,CFF_WVU,West Virginia,CFP_08187969,DJ Epps,WR,109,12.0,0.0,0.0,0.0,0.0,0.0,28.72792341384897,144.9278047955003,1.2977595309751129,6.576665554878229,78.30550678575327,0.5032372778036667,36.41764478823715,3.0348037323530956,22.279337665400707,Hybrid rushing role,PRESENTATION_DISCLOSURE,CFBD/team roster,,0.0,,MODELLED_ON_TEAM_RATES,opportunity-differentiated; team receiving rates,0.0,v1.0,2026-08-18T18:11:37+00:00
2026,CFF_MD,Maryland,CFP_DA6D0E82,Chris Durr Jr.,WR,110,12.0,0.0,0.0,0.0,0.0,0.0,7.016110447703637,32.92757993180849,0.2974660513212522,15.317122500782203,168.39022840191436,1.1356586973432667,36.3890905757505,3.032424214645875,5.077554301108362,,,CFBD/team roster,,0.0,,MODELLED_ON_TEAM_RATES,opportunity-differentiated; team receiving rates,0.0,v1.0,2026-08-18T18:11:37+00:00
2026,CFF_SYR,Syracuse,CFP_DAB9FBFE,Tyshawn Russell,WR,111,12.0,0.0,0.0,0.0,0.0,0.0,12.731188593976135,55.0716651206699,0.573888957626295,12.534928595664528,148.77673573248822,1.0393080972067086,36.3314867121461,3.0276238926788417,8.95050025782476,Hybrid rushing role,PRESENTATION_DISCLOSURE,CFBD/team roster,,0.0,,MODELLED_ON_TEAM_RATES,opportunity-differentiated; team receiving rates,0.0,v1.0,2026-08-18T18:11:37+00:00
2026,CFF_UGA,Georgia,CFP_9980EAB6,Craig Dandridge,WR,112,12.0,0.0,0.0,0.0,0.0,0.0,0.0,0.0,0.0,17.00277407159221,190.1208251933055,1.4430247910682255,36.17161830153601,3.0143015251280008,0.0,,,CFBD/team roster,,0.0,,MODELLED_ON_TEAM_RATES,opportunity-differentiated; team receiving rates,0.0,v1.0,2026-08-18T18:11:37+00:00
2026,CFF_OKST,Oklahoma State,CFP_FD9A923A,Wyatt Young,WR,113,12.0,0.0,0.0,0.0,0.0,0.0,1.5035009036360272,6.6830155614932085,0.06318950124147031,15.642439839127002,194.37684175388165,1.2899219005644857,36.04587406193672,3.003822838494727,1.0474385635981427,,,CFBD/team roster,,0.0,,MODELLED_ON_TEAM_RATES,opportunity-differentiated; team receiving rates,0.0,v1.0,2026-08-18T18:11:37+00:00
2026,CFF_SC,South Carolina,CFP_F40226AC,Donovan Murph,WR,114,12.0,0.0,0.0,0.0,0.0,0.0,0.0,0.0,0.0,16.03110301874146,204.25615981048227,1.2537940703418267,35.96393191246992,2.9969943260391596,0.0,,,CFBD/team roster,,0.0,,MODELLED_ON_TEAM_RATES,opportunity-differentiated; team receiving rates,0.0,v1.0,2026-08-18T18:11:37+00:00
2026,CFF_LOU,Louisville,CFP_EA483489,TreyShun Hurry,WR,115,12.0,0.0,0.0,0.0,0.0,0.0,0.0,0.0,0.0,16.39371785208032,194.42594239114473,1.3634026629806504,35.81986914303853,2.9849890952532108,0.0,,,CFBD/team roster,,0.0,,MODELLED_ON_TEAM_RATES,opportunity-differentiated; team receiving rates,0.0,v1.0,2026-08-18T18:11:37+00:00
2026,CFF_CLEM,Clemson,CFP_F4AF018E,Cole Turner,WR,116,12.0,0.0,0.0,0.0,0.0,0.0,5.328133638951281,26.565078456082762,0.25524615509962395,14.414891320497702,168.30247824322112,1.252243002050398,35.73913627307937,2.978261356089947,4.1879847762060205,,,CFBD/team roster,,0.0,,MODELLED_ON_TEAM_RATES,opportunity-differentiated; team receiving rates,0.0,v1.0,2026-08-18T18:11:37+00:00
2026,CFF_OKST,Oklahoma State,CFP_4BA62075,Chris Barnes,WR,117,12.0,0.0,0.0,0.0,0.0,0.0,6.515170582422785,28.959734099803903,0.27382117204637135,13.738503040911226,170.71805031582974,1.1329176353368806,35.27746280631849,2.9397885671932076,4.538900442258618,,,CFBD/team roster,,0.0,,MODELLED_ON_TEAM_RATES,opportunity-differentiated; team receiving rates,0.0,v1.0,2026-08-18T18:11:37+00:00
2026,CFF_SYR,Syracuse,CFP_C01F94FD,Darien Williams,WR,118,12.0,0.0,0.0,0.0,0.0,0.0,6.365594296988068,27.53583256033495,0.2869444788131475,14.084850059805978,167.17271256768447,1.167816681473701,35.24184650442602,2.936820542035502,4.47525012891238,,,CFBD/team roster,,0.0,,MODELLED_ON_TEAM_RATES,opportunity-differentiated; team receiving rates,0.0,v1.0,2026-08-18T18:11:37+00:00
2026,CFF_UTAH,Utah,CFP_BDEC75F1,Tobias Merriweather,WR,119,12.0,0.0,0.0,0.0,0.0,0.0,0.0,0.0,0.0,15.36162696884443,182.9375778855071,1.5375958532984773,35.20014639276379,2.933345532730316,0.0,,,CFBD/team roster,,0.0,,MODELLED_ON_TEAM_RATES,opportunity-differentiated; team receiving rates,0.0,v1.0,2026-08-18T18:11:37+00:00
2026,CFF_LSU,LSU,CFP_277E50D4,Jabari Mack,WR,120,12.0,0.0,0.0,0.0,0.0,0.0,0.0,0.0,0.0,16.462139163737938,188.54057740190072,1.2934912248244343,34.84607467100565,2.9038395559171377,0.0,,,CFBD/team roster,,0.0,,MODELLED_ON_TEAM_RATES,opportunity-differentiated; team receiving rates,0.0,v1.0,2026-08-18T18:11:37+00:00
2026,CFF_ISU,Iowa State,CFP_A22EAB43,Dominic Overby,WR,121,12.0,0.0,0.0,0.0,0.0,0.0,0.0,0.0,0.0,17.01912789387832,191.59353664798422,1.1696926066887952,34.68707325187036,2.8905894376558634,0.0,,,CFBD/team roster,,0.0,,MODELLED_ON_TEAM_RATES,opportunity-differentiated; team receiving rates,0.0,v1.0,2026-08-18T18:11:37+00:00
2026,CFF_ARIZ,Arizona,CFP_B6A0ECCD,R.J. Mosley,WR,122,12.0,0.0,0.0,0.0,0.0,0.0,0.0,0.0,0.0,15.570406148749024,181.7965916716762,1.3876830542201366,34.29096056686296,2.8575800472385797,0.0,,,CFBD/team roster,,0.0,,MODELLED_ON_TEAM_RATES,opportunity-differentiated; team receiving rates,0.0,v1.0,2026-08-18T18:11:37+00:00
2026,CFF_TTU,Texas Tech,CFP_FD794ED7,Chase Campbell,WR,123,12.0,0.0,0.0,0.0,0.0,0.0,0.0,0.0,0.0,15.328437853536423,182.10320948605064,1.401245335071198,34.282011885800465,2.8568343238167055,0.0,,,CFBD/team roster,,0.0,,MODELLED_ON_TEAM_RATES,opportunity-differentiated; team receiving rates,0.0,v1.0,2026-08-18T18:11:37+00:00
2026,CFF_OKST,Oklahoma State,CFP_890A7755,Kam Powell,WR,124,12.0,0.0,0.0,0.0,0.0,0.0,0.0,0.0,0.0,15.19006843276242,188.75556232604166,1.252618015092653,33.986298539541295,2.8321915449617747,0.0,,,CFBD/team roster,,0.0,,MODELLED_ON_TEAM_RATES,opportunity-differentiated; team receiving rates,0.0,v1.0,2026-08-18T18:11:37+00:00
2026,CFF_OKST,Oklahoma State,CFP_8D9EAA9B,Rodney Harris II,WR,125,12.0,0.0,0.0,0.0,0.0,0.0,0.0,0.0,0.0,14.67804365412998,182.39301528134365,1.2103949359322264,32.840692970792716,2.7367244142327265,0.0,,,CFBD/team roster,,0.0,,MODELLED_ON_TEAM_RATES,opportunity-differentiated; team receiving rates,0.0,v1.0,2026-08-18T18:11:37+00:00
2026,CFF_UVA,Virginia,CFP_17D2C3A6,Jacquon Gibson,WR,126,12.0,0.0,0.0,0.0,0.0,0.0,4.184537900523636,20.462934805544588,0.1883564916256043,14.398962371249768,161.21667926780694,1.0194095693603609,32.614038958875824,2.7178365799063187,3.1764324303080844,,,CFBD/team roster,,0.0,,MODELLED_ON_TEAM_RATES,opportunity-differentiated; team receiving rates,0.0,v1.0,2026-08-18T18:11:37+00:00
2026,CFF_PITT,Pitt,CFP_29DC9AC4,Rodney Dunbar,WR,127,12.0,0.0,0.0,0.0,0.0,0.0,0.0,0.0,0.0,14.481593726956396,172.33731041971708,1.3263685549234598,32.43273923499066,2.7027282695825554,0.0,,,CFBD/team roster,,0.0,,MODELLED_ON_TEAM_RATES,opportunity-differentiated; team receiving rates,0.0,v1.0,2026-08-18T18:11:37+00:00
2026,CFF_CAL,California,CFP_63FFFFA3,Ian Strong,WR,128,12.0,0.0,0.0,0.0,0.0,0.0,0.0,0.0,0.0,15.854551919929898,179.27620832313934,1.0945979921394389,32.42248474511552,2.7018737287596264,0.0,,,CFBD/team roster,,0.0,,MODELLED_ON_TEAM_RATES,opportunity-differentiated; team receiving rates,0.0,v1.0,2026-08-18T18:11:37+00:00
2026,CFF_USC,USC,CFP_138D32DC,Ethan Feaster,WR,129,12.0,0.0,0.0,0.0,0.0,0.0,0.0,0.0,0.0,14.025085806214548,177.44475634981436,1.2289243265889578,32.13056449762246,2.677547041468538,0.0,,,CFBD/team roster,,0.0,,MODELLED_ON_TEAM_RATES,opportunity-differentiated; team receiving rates,0.0,v1.0,2026-08-18T18:11:37+00:00
2026,CFF_OKST,Oklahoma State,CFP_290B16A8,Jabarie Thornton,WR,130,12.0,0.0,0.0,0.0,0.0,0.0,0.0,0.0,0.0,14.35657825913097,178.39840645716427,1.1838859477214732,32.121445461610755,2.676787121800896,0.0,,,CFBD/team roster,,0.0,,MODELLED_ON_TEAM_RATES,opportunity-differentiated; team receiving rates,0.0,v1.0,2026-08-18T18:11:37+00:00
2026,CFF_MISS,Ole Miss,CFP_EBE3B214,Samari Reed,WR,131,12.0,0.0,0.0,0.0,0.0,0.0,0.0,0.0,0.0,13.398361722144111,184.8260056401426,1.141619574764295,32.031498873672085,2.669291572806007,0.0,,,CFBD/team roster,,0.0,,MODELLED_ON_TEAM_RATES,opportunity-differentiated; team receiving rates,0.0,v1.0,2026-08-18T18:11:37+00:00
2026,CFF_TTU,Texas Tech,CFP_2341B097,Micah Hudson,WR,132,12.0,0.0,0.0,0.0,0.0,0.0,0.0,0.0,0.0,14.308175349984449,169.9823999038646,1.3079782919901946,32.00019741731985,2.666683118109988,0.0,,,CFBD/team roster,,0.0,,MODELLED_ON_TEAM_RATES,opportunity-differentiated; team receiving rates,0.0,v1.0,2026-08-18T18:11:37+00:00
2026,CFF_OKST,Oklahoma State,CFP_4486489E,Matrail Lopez,WR,133,12.0,0.0,0.0,0.0,0.0,0.0,0.0,0.0,0.0,14.296924886863112,177.65713884030623,1.1789667540328796,31.987976851659457,2.6656647376382883,0.0,,,CFBD/team roster,,0.0,,MODELLED_ON_TEAM_RATES,opportunity-differentiated; team receiving rates,0.0,v1.0,2026-08-18T18:11:37+00:00
2026,CFF_OKST,Oklahoma State,CFP_2DD387E9,Israel Polk,WR,134,12.0,0.0,0.0,0.0,0.0,0.0,0.5011669678786759,2.22767185383107,0.021063167080490112,13.972145415627002,173.62134848185704,1.1521844772838714,31.61046060756848,2.634205050630707,0.3491461878660477,,,CFBD/team roster,,0.0,,MODELLED_ON_TEAM_RATES,opportunity-differentiated; team receiving rates,0.0,v1.0,2026-08-18T18:11:37+00:00
2026,CFF_MIA,Miami,CFP_9E85CAED,Joshua Moore,WR,135,12.0,0.0,0.0,0.0,0.0,0.0,0.0,0.0,0.0,13.908191772405615,167.0413269402642,1.3185176874548874,31.56933470495855,2.630777892079879,0.0,,,CFBD/team roster,,0.0,,MODELLED_ON_TEAM_RATES,opportunity-differentiated; team receiving rates,0.0,v1.0,2026-08-18T18:11:37+00:00
2026,CFF_LSU,LSU,CFP_0E9C3C0A,Jayce Brown,WR,136,12.0,0.0,0.0,0.0,0.0,0.0,2.5671587574390338,11.630434901488782,0.11263429336741633,14.033059073799716,160.72036775859803,1.1026294085392288,31.543192014348413,2.6285993345290346,1.8388492503533762,,,CFBD/team roster,,0.0,,MODELLED_ON_TEAM_RATES,opportunity-differentiated; team receiving rates,0.0,v1.0,2026-08-18T18:11:37+00:00
2026,CFF_DUKE,Duke,CFP_0A4D0C3A,Javen Nicholas,WR,137,12.0,0.0,0.0,0.0,0.0,0.0,3.5333214875278975,15.24697662946301,0.16542093331347552,12.75920442627707,155.5042324338525,1.113748150068701,31.129737619763148,2.594144801646929,2.5172232628271543,,,CFBD/team roster,,0.0,,MODELLED_ON_TEAM_RATES,opportunity-differentiated; team receiving rates,0.0,v1.0,2026-08-18T18:11:37+00:00
2026,CFF_USC,USC,CFP_5DA5D19F,Kayden Dixon-Wyatt,WR,138,12.0,0.0,0.0,0.0,0.0,0.0,0.0,0.0,0.0,13.47888495089197,170.5342476349351,1.1810644041910368,30.879253664085716,2.57327113867381,0.0,,,CFBD/team roster,,0.0,,MODELLED_ON_TEAM_RATES,opportunity-differentiated; team receiving rates,0.0,v1.0,2026-08-18T18:11:37+00:00
2026,CFF_IND,Indiana,CFP_0176326E,Shazz Preston,WR,139,12.0,0.0,0.0,0.0,0.0,0.0,0.0,0.0,0.0,12.692998576067252,158.9433904370215,1.3852327232139532,30.552234671019498,2.5460195559182917,0.0,,,CFBD/team roster,,0.0,,MODELLED_ON_TEAM_RATES,opportunity-differentiated; team receiving rates,0.0,v1.0,2026-08-18T18:11:37+00:00
2026,CFF_MD,Maryland,CFP_E2FBC5E1,Josiah Teasley,WR,140,12.0,0.0,0.0,0.0,0.0,0.0,0.0,0.0,0.0,14.54980481825256,159.95464921193297,1.078767398096586,29.742971718899096,2.4785809765749245,0.0,,,CFBD/team roster,,0.0,,MODELLED_ON_TEAM_RATES,opportunity-differentiated; team receiving rates,0.0,v1.0,2026-08-18T18:11:37+00:00
2026,CFF_BYU,BYU,CFP_972BAA71,Kyler Kasper,WR,141,12.0,0.0,0.0,0.0,0.0,0.0,0.0,0.0,0.0,13.593329070522591,167.95866280263834,1.0222713140851123,29.726158700035803,2.47717989166965,0.0,,,CFBD/team roster,,0.0,,MODELLED_ON_TEAM_RATES,opportunity-differentiated; team receiving rates,0.0,v1.0,2026-08-18T18:11:37+00:00
2026,CFF_PITT,Pitt,CFP_422AA8A4,Dylan Wester,WR,142,12.0,0.0,0.0,0.0,0.0,0.0,0.0,0.0,0.0,13.17427218425929,156.77961126242096,1.2066310303042065,29.50488340019698,2.4587402833497483,0.0,,,CFBD/team roster,,0.0,,MODELLED_ON_TEAM_RATES,opportunity-differentiated; team receiving rates,0.0,v1.0,2026-08-18T18:11:37+00:00
2026,CFF_STAN,Stanford,CFP_89DB709C,Marcus Brown,WR,143,12.0,0.0,0.0,0.0,0.0,0.0,0.0,0.0,0.0,13.82391887223849,158.68072285718387,1.0982051293056407,29.36926249767148,2.447438541472623,0.0,,,CFBD/team roster,,0.0,,MODELLED_ON_TEAM_RATES,opportunity-differentiated; team receiving rates,0.0,v1.0,2026-08-18T18:11:37+00:00
2026,CFF_COLO,Colorado,CFP_3B486E65,Hykeem Williams,WR,144,12.0,0.0,0.0,0.0,0.0,0.0,0.0,0.0,0.0,13.210483907414755,156.3774664284477,1.1760616027521114,29.299358213064814,2.4416131844220677,0.0,,,CFBD/team roster,,0.0,,MODELLED_ON_TEAM_RATES,opportunity-differentiated; team receiving rates,0.0,v1.0,2026-08-18T18:11:37+00:00
2026,CFF_DUKE,Duke,CFP_0B542DFD,Jaivon Solomon,WR,145,12.0,0.0,0.0,0.0,0.0,0.0,0.0,0.0,0.0,13.051006061461765,159.0605975320469,1.1392194506699098,29.26687948795503,2.4389066239962527,0.0,,,CFBD/team roster,,0.0,,MODELLED_ON_TEAM_RATES,opportunity-differentiated; team receiving rates,0.0,v1.0,2026-08-18T18:11:37+00:00
2026,CFF_LSU,LSU,CFP_25C87C35,Brayden Allen,WR,146,12.0,0.0,0.0,0.0,0.0,0.0,0.0,0.0,0.0,13.751780054014366,157.49888431261988,1.0805282745249445,29.10894810541884,2.42574567545157,0.0,,,CFBD/team roster,,0.0,,MODELLED_ON_TEAM_RATES,opportunity-differentiated; team receiving rates,0.0,v1.0,2026-08-18T18:11:37+00:00
2026,CFF_ASU,Arizona State,CFP_EB23F72B,Jaren Hamilton,WR,147,12.0,0.0,0.0,0.0,0.0,0.0,2.1772322436663774,11.811834441560356,0.10120793797230122,12.469758920992195,147.08549172488082,1.0603552448044045,29.093991173800447,2.4244992644833707,1.788431071989843,,,CFBD/team roster,,0.0,,MODELLED_ON_TEAM_RATES,opportunity-differentiated; team receiving rates,0.0,v1.0,2026-08-18T18:11:37+00:00
2026,CFF_MD,Maryland,CFP_4F23C91D,Jayden Kitchens,WR,148,12.0,0.0,0.0,0.0,0.0,0.0,0.0,0.0,0.0,14.177107658166735,155.85736789108486,1.0511344813196266,28.981097506109613,2.415091458842468,0.0,,,CFBD/team roster,,0.0,,MODELLED_ON_TEAM_RATES,opportunity-differentiated; team receiving rates,0.0,v1.0,2026-08-18T18:11:37+00:00
2026,CFF_BAY,Baylor,CFP_4DE6367C,Ryne Shackelford,WR,149,12.0,0.0,0.0,0.0,0.0,0.0,0.0,0.0,0.0,12.394453303553641,153.54622906044236,1.23134373940554,28.939911994254295,2.4116593328545246,0.0,,,CFBD/team roster,,0.0,,MODELLED_ON_TEAM_RATES,opportunity-differentiated; team receiving rates,0.0,v1.0,2026-08-18T18:11:37+00:00
2026,CFF_WISC,Wisconsin,CFP_01EBF19C,Eugene Hilton Jr.,WR,150,12.0,0.0,0.0,0.0,0.0,0.0,0.0,0.0,0.0,13.984063839674947,157.07929020356593,1.0362365621425556,28.9173803130494,2.4097816927541165,0.0,,,CFBD/team roster,,0.0,,MODELLED_ON_TEAM_RATES,opportunity-differentiated; team receiving rates,0.0,v1.0,2026-08-18T18:11:37+00:00
2026,CFF_ISU,Iowa State,CFP_A87407B6,Jeffrey Roberts,WR,151,12.0,0.0,0.0,0.0,0.0,0.0,0.0,0.0,0.0,14.051032158902654,158.1800760688242,0.9657009768712441,28.637729547561214,2.3864774622967677,0.0,,,CFBD/team roster,,0.0,,MODELLED_ON_TEAM_RATES,opportunity-differentiated; team receiving rates,0.0,v1.0,2026-08-18T18:11:37+00:00
2026,CFF_CAL,California,CFP_CF3140AB,Meyer Swinney,WR,152,12.0,0.0,0.0,0.0,0.0,0.0,0.0,0.0,0.0,13.984324375740693,158.12850862673443,0.9654775146228197,28.597878138280706,2.383156511523392,0.0,,,CFBD/team roster,,0.0,,MODELLED_ON_TEAM_RATES,opportunity-differentiated; team receiving rates,0.0,v1.0,2026-08-18T18:11:37+00:00
2026,CFF_HOU,Houston,CFP_19DC9CAE,Koby Young,WR,153,12.0,0.0,0.0,0.0,0.0,0.0,0.91186025871636,4.5694025182258615,0.0347424645800142,12.989573250598102,146.38250692542482,1.1206563009269788,28.522370162706075,2.3768641802255064,0.6653950393026713,,,CFBD/team roster,,0.0,,MODELLED_ON_TEAM_RATES,opportunity-differentiated; team receiving rates,0.0,v1.0,2026-08-18T18:11:37+00:00
2026,CFF_AUB,Auburn,CFP_E5E2228B,DeShawn Spencer,WR,154,12.0,0.0,0.0,0.0,0.0,0.0,0.0,0.0,0.0,12.14262457386175,155.48588793152305,1.1425322768624167,28.47509474125768,2.3729245617714736,0.0,,,CFBD/team roster,,0.0,,MODELLED_ON_TEAM_RATES,opportunity-differentiated; team receiving rates,0.0,v1.0,2026-08-18T18:11:37+00:00
2026,CFF_UGA,Georgia,CFP_00866E47,Ryan Mosley,WR,155,12.0,0.0,0.0,0.0,0.0,0.0,0.0,0.0,0.0,13.371253934064347,149.51406288817955,1.134817814627147,28.44594014361301,2.370495011967751,0.0,,,CFBD/team roster,,0.0,,MODELLED_ON_TEAM_RATES,opportunity-differentiated; team receiving rates,0.0,v1.0,2026-08-18T18:11:37+00:00
2026,CFF_SYR,Syracuse,CFP_7811026C,Calvin Russell III,WR,156,12.0,0.0,0.0,0.0,0.0,0.0,0.0,0.0,0.0,12.997128568638217,154.26257497838972,1.0776304674359594,28.390604586773836,2.3658837155644865,0.0,,,CFBD/team roster,,0.0,,MODELLED_ON_TEAM_RATES,opportunity-differentiated; team receiving rates,0.0,v1.0,2026-08-18T18:11:37+00:00
2026,CFF_COLO,Colorado,CFP_12674316,Danny Scudero,WR,157,12.0,0.0,0.0,0.0,0.0,0.0,0.0,0.0,0.0,12.799041798873981,151.50707144772545,1.139433022830177,28.386826181190596,2.3655688484325497,0.0,,,CFBD/team roster,,0.0,,MODELLED_ON_TEAM_RATES,opportunity-differentiated; team receiving rates,0.0,v1.0,2026-08-18T18:11:37+00:00
2026,CFF_CAL,California,CFP_342D7DD4,Kai Meza,WR,158,12.0,0.0,0.0,0.0,0.0,0.0,0.0,0.0,0.0,13.773315096405941,155.74250972173985,0.9509094376031048,28.166365145995584,2.347197095499632,0.0,,,CFBD/team roster,,0.0,,MODELLED_ON_TEAM_RATES,opportunity-differentiated; team receiving rates,0.0,v1.0,2026-08-18T18:11:37+00:00
2026,CFF_PITT,Pitt,CFP_DFA67E12,Bryan Hamilton,WR,159,12.0,0.0,0.0,0.0,0.0,0.0,0.0,0.0,0.0,12.51499714861695,148.93394947880293,1.1462480577661536,28.02838186878569,2.335698489065474,0.0,,,CFBD/team roster,,0.0,,MODELLED_ON_TEAM_RATES,opportunity-differentiated; team receiving rates,0.0,v1.0,2026-08-18T18:11:37+00:00
2026,CFF_MD,Maryland,CFP_CFC538D9,Na'eem Abdul-Rahim Gladding,WR,160,12.0,0.0,0.0,0.0,0.0,0.0,0.0,0.0,0.0,13.570561299595683,149.18924338852813,1.0061632638198694,27.74118457156987,2.311765380964156,0.0,,,CFBD/team roster,,0.0,,MODELLED_ON_TEAM_RATES,opportunity-differentiated; team receiving rates,0.0,v1.0,2026-08-18T18:11:37+00:00
2026,CFF_ARIZ,Arizona,CFP_A63FDF51,Rodney Gallagher III,WR,161,12.0,0.0,0.0,0.0,0.0,0.0,2.8438041005187134,13.908658425266731,0.11990934544619751,11.611978073252736,135.57886776467876,1.0348956247055408,27.68357147653135,2.3069642897109457,2.1103219152038584,,,CFBD/team roster,,0.0,,MODELLED_ON_TEAM_RATES,opportunity-differentiated; team receiving rates,0.0,v1.0,2026-08-18T18:11:37+00:00
2026,CFF_UVA,Virginia,CFP_51901242,Dylan Cope,WR,162,12.0,0.0,0.0,0.0,0.0,0.0,0.0,0.0,0.0,13.46803247776111,150.79360695260732,0.9535021228820776,27.53438967143375,2.2945324726194793,0.0,,,CFBD/team roster,,0.0,,MODELLED_ON_TEAM_RATES,opportunity-differentiated; team receiving rates,0.0,v1.0,2026-08-18T18:11:37+00:00
2026,CFF_FLA,Florida,CFP_76FE8FA6,Eric Singleton Jr.,WR,163,12.0,0.0,0.0,0.0,0.0,0.0,3.9382545756315483,19.022245870622196,0.17349071238961494,11.313937306430232,131.68169388757747,0.9280673756648843,27.336711157362075,2.2780592631135064,2.943168861399909,,,CFBD/team roster,,0.0,,MODELLED_ON_TEAM_RATES,opportunity-differentiated; team receiving rates,0.0,v1.0,2026-08-18T18:11:37+00:00
2026,CFF_PITT,Pitt,CFP_399CC314,Demetrice McCray,WR,164,12.0,0.0,0.0,0.0,0.0,0.0,0.0,0.0,0.0,12.190973895089567,145.07793079196387,1.1165707817255532,27.302704717094493,2.275225393091208,0.0,,,CFBD/team roster,,0.0,,MODELLED_ON_TEAM_RATES,opportunity-differentiated; team receiving rates,0.0,v1.0,2026-08-18T18:11:37+00:00
2026,CFF_AUB,Auburn,CFP_5A81616E,Brian Williams Jr.,WR,165,12.0,0.0,0.0,0.0,0.0,0.0,0.0,0.0,0.0,11.638983468978536,149.0367809929664,1.0951433277284388,27.294029800156544,2.2745024833463785,0.0,,,CFBD/team roster,,0.0,,MODELLED_ON_TEAM_RATES,opportunity-differentiated; team receiving rates,0.0,v1.0,2026-08-18T18:11:37+00:00
2026,CFF_UVA,Virginia,CFP_57C38389,Rico Flores Jr.,WR,166,12.0,0.0,0.0,0.0,0.0,0.0,0.0,0.0,0.0,13.316647616576974,149.09864005275244,0.9427844633613102,27.22489459373159,2.2687412161442992,0.0,,,CFBD/team roster,,0.0,,MODELLED_ON_TEAM_RATES,opportunity-differentiated; team receiving rates,0.0,v1.0,2026-08-18T18:11:37+00:00
2026,CFF_MICH,Michigan,CFP_F9340EC6,Channing Goodwin,WR,167,12.0,0.0,0.0,0.0,0.0,0.0,0.0,0.0,0.0,13.355290586168806,149.4704724992608,0.9283296154638045,27.19467023579331,2.2662225196494425,0.0,,,CFBD/team roster,,0.0,,MODELLED_ON_TEAM_RATES,opportunity-differentiated; team receiving rates,0.0,v1.0,2026-08-18T18:11:37+00:00
2026,CFF_DUKE,Duke,CFP_0AA3C60D,Jamien Little,WR,168,12.0,0.0,0.0,0.0,0.0,0.0,0.0,0.0,0.0,12.070623738371726,147.11207820823532,1.0536420931621906,27.068372248982534,2.255697687415211,0.0,,,CFBD/team roster,,0.0,,MODELLED_ON_TEAM_RATES,opportunity-differentiated; team receiving rates,0.0,v1.0,2026-08-18T18:11:37+00:00
2026,CFF_PSU,Penn State,CFP_44EC9D2E,Koby Howard,WR,169,12.0,0.0,0.0,0.0,0.0,0.0,0.0,0.0,0.0,12.160044096914483,146.43489176108048,1.0222278407006904,26.85687826876943,2.2380731890641195,0.0,,,CFBD/team roster,,0.0,,MODELLED_ON_TEAM_RATES,opportunity-differentiated; team receiving rates,0.0,v1.0,2026-08-18T18:11:37+00:00
2026,CFF_CIN,Cincinnati,CFP_EDA8E39A,Giyahni Kontosis,WR,170,12.0,0.0,0.0,0.0,0.0,0.0,0.0,0.0,0.0,11.995385466469994,142.47984609181128,1.0544897569681535,26.572615884225044,2.2143846570187535,0.0,,,CFBD/team roster,,0.0,,MODELLED_ON_TEAM_RATES,opportunity-differentiated; team receiving rates,0.0,v1.0,2026-08-18T18:11:37+00:00
2026,CFF_IND,Indiana,CFP_0131DC00,Tyler Morris,WR,171,12.0,0.0,0.0,0.0,0.0,0.0,0.0,0.0,0.0,10.96069975369674,137.25131772247948,1.1961807036496273,26.382565870994085,2.198547155916174,0.0,,,CFBD/team roster,,0.0,,MODELLED_ON_TEAM_RATES,opportunity-differentiated; team receiving rates,0.0,v1.0,2026-08-18T18:11:37+00:00
2026,CFF_VAN,Vanderbilt,CFP_135CC56B,Tristen Brown,WR,172,12.0,0.0,0.0,0.0,0.0,0.0,1.9469347131387316,11.191909568803514,0.09482518336333995,10.684046909918957,131.71217099152705,1.0148738804263968,26.290625893730954,2.1908854911442464,1.688142057060391,,,CFBD/team roster,,0.0,,MODELLED_ON_TEAM_RATES,opportunity-differentiated; team receiving rates,0.0,v1.0,2026-08-18T18:11:37+00:00
2026,CFF_ISU,Iowa State,CFP_26CA5371,Malcolm Watkins,WR,173,12.0,0.0,0.0,0.0,0.0,0.0,0.0,0.0,0.0,12.896152803376408,145.17897392618113,0.8863282938407309,26.283943557350703,2.1903286297792253,0.0,,,CFBD/team roster,,0.0,,MODELLED_ON_TEAM_RATES,opportunity-differentiated; team receiving rates,0.0,v1.0,2026-08-18T18:11:37+00:00
2026,CFF_MIZ,Missouri,CFP_4503FEB5,Jabari Brady,WR,174,12.0,0.0,0.0,0.0,0.0,0.0,0.0,0.0,0.0,12.667689504265205,143.49835591631484,0.9268976349703053,26.24506615358592,2.18708884613216,0.0,,,CFBD/team roster,,0.0,,MODELLED_ON_TEAM_RATES,opportunity-differentiated; team receiving rates,0.0,v1.0,2026-08-18T18:11:37+00:00
2026,CFF_SC,South Carolina,CFP_AF6E91C0,Mazeo Bennett Jr.,WR,175,12.0,0.0,0.0,0.0,0.0,0.0,0.0,0.0,0.0,11.682767072588149,148.8529601124441,0.9137103082471303,26.208941397021267,2.1840784497517722,0.0,,,CFBD/team roster,,0.0,,MODELLED_ON_TEAM_RATES,opportunity-differentiated; team receiving rates,0.0,v1.0,2026-08-18T18:11:37+00:00
2026,CFF_MSU,Michigan State,CFP_74479BCF,Samson Gash,WR,176,12.0,0.0,0.0,0.0,0.0,0.0,0.0,0.0,0.0,12.216193774329822,142.56924700006505,0.9725304703750943,26.200204409421982,2.183350367451832,0.0,,,CFBD/team roster,,0.0,,MODELLED_ON_TEAM_RATES,opportunity-differentiated; team receiving rates,0.0,v1.0,2026-08-18T18:11:37+00:00
2026,CFF_DUKE,Duke,CFP_969B2DC5,Kavon Conciauro,WR,177,12.0,0.0,0.0,0.0,0.0,0.0,0.0,0.0,0.0,11.661389737807827,142.1244930095481,1.0179201471970811,26.15066505304121,2.179222087753434,0.0,,,CFBD/team roster,,0.0,,MODELLED_ON_TEAM_RATES,opportunity-differentiated; team receiving rates,0.0,v1.0,2026-08-18T18:11:37+00:00
2026,CFF_WASH,Washington,CFP_1E33F362,Chris Lawson,WR,178,12.0,0.0,0.0,0.0,0.0,0.0,0.0,0.0,0.0,11.699388260726687,141.09499153266475,1.0259057340283906,26.114627687800162,2.176218973983347,0.0,,,CFBD/team roster,,0.0,,MODELLED_ON_TEAM_RATES,opportunity-differentiated; team receiving rates,0.0,v1.0,2026-08-18T18:11:37+00:00
2026,CFF_UVA,Virginia,CFP_BB7B9747,DaMari Carter,WR,179,12.0,0.0,0.0,0.0,0.0,0.0,0.0,0.0,0.0,12.725028618845867,142.4746314786069,0.9008993571881957,26.0153736004128,2.1679478000344,0.0,,,CFBD/team roster,,0.0,,MODELLED_ON_TEAM_RATES,opportunity-differentiated; team receiving rates,0.0,v1.0,2026-08-18T18:11:37+00:00
2026,CFF_BC,Boston College,CFP_94907372,DJ Biggins,WR,180,12.0,0.0,0.0,0.0,0.0,0.0,0.0,0.0,0.0,11.653902147433525,139.55955905637882,1.02129800888897,25.910695032688466,2.159224586057372,0.0,,,CFBD/team roster,,0.0,,MODELLED_ON_TEAM_RATES,opportunity-differentiated; team receiving rates,0.0,v1.0,2026-08-18T18:11:37+00:00
2026,CFF_WVU,West Virginia,CFP_1EB8B8A2,Jaden Bray,WR,181,12.0,0.0,0.0,0.0,0.0,0.0,0.0,0.0,0.0,11.95370814118443,142.32762273734974,0.9146810787979263,25.697702817114745,2.1414752347595623,0.0,,,CFBD/team roster,,0.0,,MODELLED_ON_TEAM_RATES,opportunity-differentiated; team receiving rates,0.0,v1.0,2026-08-18T18:11:37+00:00
2026,CFF_COLO,Colorado,CFP_9C21A760,Alex Ward,WR,182,12.0,0.0,0.0,0.0,0.0,0.0,0.0,0.0,0.0,11.55230127170086,136.74893493286456,1.028442110394315,25.621696791502778,2.135141399291898,0.0,,,CFBD/team roster,,0.0,,MODELLED_ON_TEAM_RATES,opportunity-differentiated; team receiving rates,0.0,v1.0,2026-08-18T18:11:37+00:00
2026,CFF_WVU,West Virginia,CFP_776E62E4,TaRon Francis,WR,183,12.0,0.0,0.0,0.0,0.0,0.0,0.0,0.0,0.0,11.872530647070533,141.3610774929331,0.9084694901416507,25.52319001367848,2.126932501139873,0.0,,,CFBD/team roster,,0.0,,MODELLED_ON_TEAM_RATES,opportunity-differentiated; team receiving rates,0.0,v1.0,2026-08-18T18:11:37+00:00
2026,CFF_DUKE,Duke,CFP_ED8279FF,Brody Keefe,WR,184,12.0,0.0,0.0,0.0,0.0,0.0,0.0,0.0,0.0,11.262831406823853,137.26701872908748,0.9831300780832349,25.256898044820083,2.104741503735007,0.0,,,CFBD/team roster,,0.0,,MODELLED_ON_TEAM_RATES,opportunity-differentiated; team receiving rates,0.0,v1.0,2026-08-18T18:11:37+00:00
2026,CFF_ISU,Iowa State,CFP_ED40D0CE,Jamal Polite Jr.,WR,185,12.0,0.0,0.0,0.0,0.0,0.0,0.0,0.0,0.0,12.366135707845041,139.21228453704543,0.8499012170875969,25.203703610152644,2.100308634179387,0.0,,,CFBD/team roster,,0.0,,MODELLED_ON_TEAM_RATES,opportunity-differentiated; team receiving rates,0.0,v1.0,2026-08-18T18:11:37+00:00
2026,CFF_PITT,Pitt,CFP_E6F8FF74,Bryce Yates,WR,186,12.0,0.0,0.0,0.0,0.0,0.0,0.0,0.0,0.0,11.170781869132071,132.93719868884688,1.023131437360099,25.01789942761132,2.0848249523009432,0.0,,,CFBD/team roster,,0.0,,MODELLED_ON_TEAM_RATES,opportunity-differentiated; team receiving rates,0.0,v1.0,2026-08-18T18:11:37+00:00
2026,CFF_AUB,Auburn,CFP_CF3D17E5,Christian Neptune,WR,187,12.0,0.0,0.0,0.0,0.0,0.0,2.8088297322342566,15.384829374119105,0.12968269437789748,9.629292995621968,123.30276395104858,0.9060461339260828,24.897778800151634,2.0748149000126364,2.3165791036792953,,,CFBD/team roster,,0.0,,MODELLED_ON_TEAM_RATES,opportunity-differentiated; team receiving rates,0.0,v1.0,2026-08-18T18:11:37+00:00
2026,CFF_UVA,Virginia,CFP_6494729E,Da'Shawn Martin,WR,188,12.0,0.0,0.0,0.0,0.0,0.0,0.0,0.0,0.0,12.135149676990437,135.8701052826206,0.8591374425038255,24.80941002178023,2.0674508351483527,0.0,,,CFBD/team roster,,0.0,,MODELLED_ON_TEAM_RATES,opportunity-differentiated; team receiving rates,0.0,v1.0,2026-08-18T18:11:37+00:00
2026,CFF_ND,Notre Dame,CFP_BA94EB79,Micah Gilbert,WR,189,12.0,0.0,0.0,0.0,0.0,0.0,0.0,0.0,0.0,10.593918568431992,133.7468417989203,1.005475217561043,24.70449476947428,2.05870789745619,0.0,,,CFBD/team roster,,0.0,,MODELLED_ON_TEAM_RATES,opportunity-differentiated; team receiving rates,0.0,v1.0,2026-08-18T18:11:37+00:00
2026,CFF_IOWA,Iowa,CFP_1C73A6E5,Dayton Howard,WR,190,12.0,0.0,0.0,0.0,0.0,0.0,0.0,0.0,0.0,11.847058074350365,132.64753540366095,0.9038154546544442,24.611175305467942,2.0509312754556617,0.0,,,CFBD/team roster,,0.0,,MODELLED_ON_TEAM_RATES,opportunity-differentiated; team receiving rates,0.0,v1.0,2026-08-18T18:11:37+00:00
2026,CFF_ARK,Arkansas,CFP_CBFDECE2,Dequane Prevo,WR,191,12.0,0.0,0.0,0.0,0.0,0.0,0.0,0.0,0.0,10.881087594429127,137.49416106521286,0.8936662448840759,24.551957373040306,2.045996447753359,0.0,,,CFBD/team roster,,0.0,,MODELLED_ON_TEAM_RATES,opportunity-differentiated; team receiving rates,0.0,v1.0,2026-08-18T18:11:37+00:00
2026,CFF_BC,Boston College,CFP_D28E36C6,Kelvin Brown,WR,192,12.0,0.0,0.0,0.0,0.0,0.0,0.0,0.0,0.0,11.040701464526817,132.21626615440633,0.9675597306213861,24.54733573143236,2.0456113109526965,0.0,,,CFBD/team roster,,0.0,,MODELLED_ON_TEAM_RATES,opportunity-differentiated; team receiving rates,0.0,v1.0,2026-08-18T18:11:37+00:00
2026,CFF_LOU,Louisville,CFP_72C8690A,Lawayne McCoy,WR,193,12.0,0.0,0.0,0.0,0.0,0.0,0.0,0.0,0.0,11.220516896577472,133.07289971786378,0.9331673727001359,24.51655265627593,2.0430460546896607,0.0,,,CFBD/team roster,,0.0,,MODELLED_ON_TEAM_RATES,opportunity-differentiated; team receiving rates,0.0,v1.0,2026-08-18T18:11:37+00:00
2026,CFF_DUKE,Duke,CFP_7ED79892,Qeanu Johnson,WR,194,12.0,0.0,0.0,0.0,0.0,0.0,0.0,0.0,0.0,10.908755032422915,132.95167327457116,0.9522228291829881,24.462881818766505,2.0385734848972086,0.0,,,CFBD/team roster,,0.0,,MODELLED_ON_TEAM_RATES,opportunity-differentiated; team receiving rates,0.0,v1.0,2026-08-18T18:11:37+00:00
2026,CFF_VAN,Vanderbilt,CFP_7FFF01F3,Kayleb Barnett,WR,195,12.0,0.0,0.0,0.0,0.0,0.0,9.449513092408186,54.32030940008274,0.46023721578076265,6.996699840331588,86.25481837697532,0.664614071522261,24.30497042168974,2.0254142018074783,8.193454234692851,,,CFBD/team roster,,0.0,,MODELLED_ON_TEAM_RATES,opportunity-differentiated; team receiving rates,0.0,v1.0,2026-08-18T18:11:37+00:00
2026,CFF_BAY,Baylor,CFP_411DFF73,Louis Brown IV,WR,196,12.0,0.0,0.0,0.0,0.0,0.0,0.0,0.0,0.0,10.383482196604671,128.63371193207593,1.0315610929247074,24.244478849058176,2.0203732374215146,0.0,,,CFBD/team roster,,0.0,,MODELLED_ON_TEAM_RATES,opportunity-differentiated; team receiving rates,0.0,v1.0,2026-08-18T18:11:37+00:00
2026,CFF_UGA,Georgia,CFP_C4479662,Dallas Dickerson,WR,197,12.0,0.0,0.0,0.0,0.0,0.0,0.0,0.0,0.0,11.31376729267859,126.50775483295335,0.9601990013493842,24.068853137730937,2.005737761477578,0.0,,,CFBD/team roster,,0.0,,MODELLED_ON_TEAM_RATES,opportunity-differentiated; team receiving rates,0.0,v1.0,2026-08-18T18:11:37+00:00
2026,CFF_ASU,Arizona State,CFP_19CF2EC6,Omarion Miller,WR,198,12.0,0.0,0.0,0.0,0.0,0.0,0.0,0.0,0.0,10.956342448859967,129.23417580141378,0.9316631743348416,23.99156785058041,1.9992973208817009,0.0,,,CFBD/team roster,,0.0,,MODELLED_ON_TEAM_RATES,opportunity-differentiated; team receiving rates,0.0,v1.0,2026-08-18T18:11:37+00:00
2026,CFF_ARK,Arkansas,CFP_8568BE9C,Donovan Faupel,WR,199,12.0,0.0,0.0,0.0,0.0,0.0,0.0,0.0,0.0,10.624311356860362,134.2495191064371,0.8725771530068057,23.972570507114725,1.997714208926227,0.0,,,CFBD/team roster,,0.0,,MODELLED_ON_TEAM_RATES,opportunity-differentiated; team receiving rates,0.0,v1.0,2026-08-18T18:11:37+00:00
2026,CFF_ARK,Arkansas,CFP_69B254F5,Jamari Hawkins,WR,200,12.0,0.0,0.0,0.0,0.0,0.0,1.805099690789966,10.584252168253833,0.0930931327960238,9.89288813469479,125.00720564810617,0.812505194326097,23.939179811716116,1.994931650976343,1.616984013601526,,,CFBD/team roster,,0.0,,MODELLED_ON_TEAM_RATES,opportunity-differentiated; team receiving rates,0.0,v1.0,2026-08-18T18:11:37+00:00
2026,CFF_LOU,Louisville,CFP_635E17BD,Payton Cook,WR,201,12.0,0.0,0.0,0.0,0.0,0.0,0.0,0.0,0.0,10.954058053392023,129.91275556006914,0.9110070122711144,23.934346656329613,1.9945288880274676,0.0,,,CFBD/team roster,,0.0,,MODELLED_ON_TEAM_RATES,opportunity-differentiated; team receiving rates,0.0,v1.0,2026-08-18T18:11:37+00:00
2026,CFF_UGA,Georgia,CFP_4A246DE1,Sacovie White-Helton,WR,202,12.0,0.0,0.0,0.0,0.0,0.0,0.0,0.0,0.0,11.199730172039722,125.2326198821953,0.9505206752426542,23.826251125695315,1.9855209271412761,0.0,,,CFBD/team roster,,0.0,,MODELLED_ON_TEAM_RATES,opportunity-differentiated; team receiving rates,0.0,v1.0,2026-08-18T18:11:37+00:00
2026,CFF_PSU,Penn State,CFP_7AF0859E,Lyrick Samuel,WR,203,12.0,0.0,0.0,0.0,0.0,0.0,0.0,0.0,0.0,10.783480344919258,129.85789891310256,0.9065077182591956,23.816576373325056,1.984714697777088,0.0,,,CFBD/team roster,,0.0,,MODELLED_ON_TEAM_RATES,opportunity-differentiated; team receiving rates,0.0,v1.0,2026-08-18T18:11:37+00:00
2026,CFF_MIZ,Missouri,CFP_0C6EDB1A,Devyon Hill-Lomax,WR,204,12.0,0.0,0.0,0.0,0.0,0.0,0.0,0.0,0.0,11.480847642377501,130.05392661796486,0.8400561541701113,23.7861534080059,1.9821794506671584,0.0,,,CFBD/team roster,,0.0,,MODELLED_ON_TEAM_RATES,opportunity-differentiated; team receiving rates,0.0,v1.0,2026-08-18T18:11:37+00:00
2026,CFF_MIA,Miami,CFP_7A880379,Somourian Wingo,WR,205,12.0,0.0,0.0,0.0,0.0,0.0,0.0,0.0,0.0,10.436193007835449,125.34163727108408,0.9893669353786906,23.688461843298278,1.974038486941523,0.0,,,CFBD/team roster,,0.0,,MODELLED_ON_TEAM_RATES,opportunity-differentiated; team receiving rates,0.0,v1.0,2026-08-18T18:11:37+00:00
2026,CFF_COLO,Colorado,CFP_6E347B33,Kam Perry,WR,206,12.0,0.0,0.0,0.0,0.0,0.0,0.0,0.0,0.0,10.662025674772117,126.2104078625087,0.9491854417701293,23.647166274257703,1.9705971895214753,0.0,,,CFBD/team roster,,0.0,,MODELLED_ON_TEAM_RATES,opportunity-differentiated; team receiving rates,0.0,v1.0,2026-08-18T18:11:37+00:00
2026,CFF_BC,Boston College,CFP_389447A5,Nedrick Boldin Jr.,WR,207,12.0,0.0,0.0,0.0,0.0,0.0,0.0,0.0,0.0,10.609761941778778,127.0556144676297,0.9297940388413963,23.589206650700735,1.9657672208917278,0.0,,,CFBD/team roster,,0.0,,MODELLED_ON_TEAM_RATES,opportunity-differentiated; team receiving rates,0.0,v1.0,2026-08-18T18:11:37+00:00
2026,CFF_ALA,Alabama,CFP_4CCE6396,Rico Scott,WR,208,12.0,0.0,0.0,0.0,0.0,0.0,0.0,0.0,0.0,10.583852745861813,129.00887873566313,0.8909629198777937,23.538591765763982,1.9615493138136653,0.0,,,CFBD/team roster,,0.0,,MODELLED_ON_TEAM_RATES,opportunity-differentiated; team receiving rates,0.0,v1.0,2026-08-18T18:11:37+00:00
2026,CFF_MIZ,Missouri,CFP_97DA1B5A,Cayden Lee,WR,209,12.0,0.0,0.0,0.0,0.0,0.0,0.0,0.0,0.0,11.345122397688945,128.51644423314718,0.8301251080811436,23.50495627064605,1.958746355887171,0.0,,,CFBD/team roster,,0.0,,MODELLED_ON_TEAM_RATES,opportunity-differentiated; team receiving rates,0.0,v1.0,2026-08-18T18:11:37+00:00
2026,CFF_CIN,Cincinnati,CFP_3FB6485B,Joshua Smith,WR,210,12.0,0.0,0.0,0.0,0.0,0.0,0.0,0.0,0.0,10.54623951615683,125.26705267701554,0.9270983058781864,23.36241486104909,1.946867905087424,0.0,,,CFBD/team roster,,0.0,,MODELLED_ON_TEAM_RATES,opportunity-differentiated; team receiving rates,0.0,v1.0,2026-08-18T18:11:37+00:00
2026,CFF_IND,Indiana,CFP_9EA79788,Kortez Rupert,WR,211,12.0,0.0,0.0,0.0,0.0,0.0,0.0,0.0,0.0,9.610348761953063,120.34204576270633,1.0488120286767415,23.132251129307612,1.9276875941089677,0.0,,,CFBD/team roster,,0.0,,MODELLED_ON_TEAM_RATES,opportunity-differentiated; team receiving rates,0.0,v1.0,2026-08-18T18:11:37+00:00
2026,CFF_LSU,LSU,CFP_63CB2692,Jackson Harris,WR,212,12.0,0.0,0.0,0.0,0.0,0.0,0.0,0.0,0.0,10.895090818390905,124.78127497976658,0.8560676244492379,23.062078653867538,1.9218398878222949,0.0,,,CFBD/team roster,,0.0,,MODELLED_ON_TEAM_RATES,opportunity-differentiated; team receiving rates,0.0,v1.0,2026-08-18T18:11:37+00:00
2026,CFF_ALA,Alabama,CFP_E2DD1335,Cederian Morgan,WR,213,12.0,0.0,0.0,0.0,0.0,0.0,0.0,0.0,0.0,10.368975389898312,126.38969199675333,0.8728742558457175,23.060702429698793,1.9217252024748994,0.0,,,CFBD/team roster,,0.0,,MODELLED_ON_TEAM_RATES,opportunity-differentiated; team receiving rates,0.0,v1.0,2026-08-18T18:11:37+00:00
2026,CFF_BAY,Baylor,CFP_8C475F30,Chase Collier,WR,214,12.0,0.0,0.0,0.0,0.0,0.0,0.0,0.0,0.0,9.871870234391098,122.29570850294648,0.9807343100688597,23.049911827903355,1.920825985658613,0.0,,,CFBD/team roster,,0.0,,MODELLED_ON_TEAM_RATES,opportunity-differentiated; team receiving rates,0.0,v1.0,2026-08-18T18:11:37+00:00
2026,CFF_BYU,BYU,CFP_6890D8A1,Tei Nacua,WR,215,12.0,0.0,0.0,0.0,0.0,0.0,0.0,0.0,0.0,10.524001586208318,130.03416783203343,0.7914459272744863,23.01409313995442,1.9178410949962015,0.0,,,CFBD/team roster,,0.0,,MODELLED_ON_TEAM_RATES,opportunity-differentiated; team receiving rates,0.0,v1.0,2026-08-18T18:11:37+00:00
2026,CFF_USC,USC,CFP_BA97C242,Trent Mosley,WR,216,12.0,0.0,0.0,0.0,0.0,0.0,0.0,0.0,0.0,10.005972672098265,126.59511730449778,0.8767563634068627,22.923036246940086,1.9102530205783406,0.0,,,CFBD/team roster,,0.0,,MODELLED_ON_TEAM_RATES,opportunity-differentiated; team receiving rates,0.0,v1.0,2026-08-18T18:11:37+00:00
2026,CFF_RUTG,Rutgers,CFP_C8DBEFEF,Ben Black,WR,217,12.0,0.0,0.0,0.0,0.0,0.0,0.0,0.0,0.0,10.619894746182755,125.13092731201044,0.8475433767100747,22.908300364552872,1.909025030379406,0.0,,,CFBD/team roster,,0.0,,MODELLED_ON_TEAM_RATES,opportunity-differentiated; team receiving rates,0.0,v1.0,2026-08-18T18:11:37+00:00
2026,CFF_ISU,Iowa State,CFP_FDED4671,Cody Jackson,WR,218,12.0,0.0,0.0,0.0,0.0,0.0,0.0,0.0,0.0,11.202887661336721,126.11697150931072,0.7699533696872973,22.83286119972322,1.9027384333102682,0.0,,,CFBD/team roster,,0.0,,MODELLED_ON_TEAM_RATES,opportunity-differentiated; team receiving rates,0.0,v1.0,2026-08-18T18:11:37+00:00
2026,CFF_PSU,Penn State,CFP_42957E5D,Chase Sowell,WR,219,12.0,0.0,0.0,0.0,0.0,0.0,0.0,0.0,0.0,10.332578180054274,124.42800004262106,0.8686028601284462,22.820706255059918,1.901725521254993,0.0,,,CFBD/team roster,,0.0,,MODELLED_ON_TEAM_RATES,opportunity-differentiated; team receiving rates,0.0,v1.0,2026-08-18T18:11:37+00:00
2026,CFF_ARK,Arkansas,CFP_45774A53,Antonio Jordan,WR,220,12.0,0.0,0.0,0.0,0.0,0.0,0.0,0.0,0.0,10.106090222857945,127.70124169872604,0.8300155312181333,22.803262468610377,1.900271872384198,0.0,,,CFBD/team roster,,0.0,,MODELLED_ON_TEAM_RATES,opportunity-differentiated; team receiving rates,0.0,v1.0,2026-08-18T18:11:37+00:00
2026,CFF_GT,Georgia Tech,CFP_531E7FAC,Darnell Collins,WR,221,12.0,0.0,0.0,0.0,0.0,0.0,0.0,0.0,0.0,10.69065030957956,126.0911712271392,0.7959773372027206,22.730306300720024,1.8941921917266686,0.0,,,CFBD/team roster,,0.0,,MODELLED_ON_TEAM_RATES,opportunity-differentiated; team receiving rates,0.0,v1.0,2026-08-18T18:11:37+00:00
2026,CFF_DUKE,Duke,CFP_1334A87C,Jayden Moore,WR,222,12.0,0.0,0.0,0.0,0.0,0.0,0.0,0.0,0.0,10.132989709614826,123.4969465501032,0.8845064446578236,22.723228177764675,1.8936023481470563,0.0,,,CFBD/team roster,,0.0,,MODELLED_ON_TEAM_RATES,opportunity-differentiated; team receiving rates,0.0,v1.0,2026-08-18T18:11:37+00:00
2026,CFF_PUR,Purdue,CFP_7A1EEBFD,Jesse Watson,WR,223,12.0,0.0,0.0,0.0,0.0,0.0,0.0,0.0,0.0,11.009592715495748,122.89998432685988,0.8198554302099237,22.713927371693405,1.8928272809744504,0.0,,,CFBD/team roster,,0.0,,MODELLED_ON_TEAM_RATES,opportunity-differentiated; team receiving rates,0.0,v1.0,2026-08-18T18:11:37+00:00
2026,CFF_USC,USC,CFP_ADDDC292,Luc Weaver,WR,224,12.0,0.0,0.0,0.0,0.0,0.0,0.0,0.0,0.0,9.876094292819605,124.9519018771812,0.8653759909799954,22.625493280007895,1.8854577733339912,0.0,,,CFBD/team roster,,0.0,,MODELLED_ON_TEAM_RATES,opportunity-differentiated; team receiving rates,0.0,v1.0,2026-08-18T18:11:37+00:00
2026,CFF_GT,Georgia Tech,CFP_A88509C2,Coi Jean-Noel,WR,225,12.0,0.0,0.0,0.0,0.0,0.0,0.0,0.0,0.0,10.604762107910965,125.07816045329677,0.7895824912315602,22.547692046674523,1.8789743372228769,0.0,,,CFBD/team roster,,0.0,,MODELLED_ON_TEAM_RATES,opportunity-differentiated; team receiving rates,0.0,v1.0,2026-08-18T18:11:37+00:00
2026,CFF_BAY,Baylor,CFP_94A0924F,Ashton Jones,WR,226,12.0,0.0,0.0,0.0,0.0,0.0,0.0,0.0,0.0,9.60859546551477,119.03418119087621,0.9545789218109233,22.435189382710547,1.8695991152258788,0.0,,,CFBD/team roster,,0.0,,MODELLED_ON_TEAM_RATES,opportunity-differentiated; team receiving rates,0.0,v1.0,2026-08-18T18:11:37+00:00
2026,CFF_COLO,Colorado,CFP_1499C05C,Christian Ward,WR,227,12.0,0.0,0.0,0.0,0.0,0.0,0.0,0.0,0.0,10.059050170876157,119.07276004593305,0.8955056263672945,22.30983484823515,1.8591529040195958,0.0,,,CFBD/team roster,,0.0,,MODELLED_ON_TEAM_RATES,opportunity-differentiated; team receiving rates,0.0,v1.0,2026-08-18T18:11:37+00:00
2026,CFF_MISS,Ole Miss,CFP_E58B770C,Darrell Gill Jr.,WR,228,12.0,0.0,0.0,0.0,0.0,0.0,0.7367279492766494,3.82859166479813,0.036349646534487356,9.078738307542762,125.23821736070823,0.773562139983386,22.305520775429258,1.8587933979524383,0.6009570456867371,,,CFBD/team roster,,0.0,,MODELLED_ON_TEAM_RATES,opportunity-differentiated; team receiving rates,0.0,v1.0,2026-08-18T18:11:37+00:00
2026,CFF_CIN,Cincinnati,CFP_C5CB0AF2,Dadrien Waller,WR,229,12.0,0.0,0.0,0.0,0.0,0.0,0.0,0.0,0.0,9.981392046545784,118.55785764860315,0.8774437222369065,22.11114412155465,1.8425953434628874,0.0,,,CFBD/team roster,,0.0,,MODELLED_ON_TEAM_RATES,opportunity-differentiated; team receiving rates,0.0,v1.0,2026-08-18T18:11:37+00:00
2026,CFF_CIN,Cincinnati,CFP_EC839050,H'eij Jackson,WR,230,12.0,0.0,0.0,0.0,0.0,0.0,0.0,0.0,0.0,9.981392046545784,118.55785764860315,0.8774437222369065,22.11114412155465,1.8425953434628874,0.0,,,CFBD/team roster,,0.0,,MODELLED_ON_TEAM_RATES,opportunity-differentiated; team receiving rates,0.0,v1.0,2026-08-18T18:11:37+00:00
2026,CFF_PSU,Penn State,CFP_EC4DF443,Brett Eskildsen,WR,231,12.0,0.0,0.0,0.0,0.0,0.0,0.0,0.0,0.0,9.996190850710551,120.37712310749993,0.8403246326340774,22.07775553190973,1.8398129609924776,0.0,,,CFBD/team roster,,0.0,,MODELLED_ON_TEAM_RATES,opportunity-differentiated; team receiving rates,0.0,v1.0,2026-08-18T18:11:37+00:00
2026,CFF_AUB,Auburn,CFP_D413E21F,Chas Nimrod,WR,232,12.0,0.0,0.0,0.0,0.0,0.0,0.0,0.0,0.0,9.401842174061807,120.39026404331332,0.884644673026867,22.047815529523437,1.8373179607936196,0.0,,,CFBD/team roster,,0.0,,MODELLED_ON_TEAM_RATES,opportunity-differentiated; team receiving rates,0.0,v1.0,2026-08-18T18:11:37+00:00
2026,CFF_HOU,Houston,CFP_EE2B89D8,Harvey Broussard III,WR,233,12.0,0.0,0.0,0.0,0.0,0.0,0.0,0.0,0.0,10.27836138945968,115.82923305084891,0.8867504907270299,22.042606944176914,1.8368839120147429,0.0,,,CFBD/team roster,,0.0,,MODELLED_ON_TEAM_RATES,opportunity-differentiated; team receiving rates,0.0,v1.0,2026-08-18T18:11:37+00:00
2026,CFF_ARK,Arkansas,CFP_ABDB5A9F,Jude Hall,WR,234,12.0,0.0,0.0,0.0,0.0,0.0,0.0,0.0,0.0,9.76683434534285,123.41438141379807,0.8021523674045281,22.037769518478402,1.8364807932065335,0.0,,,CFBD/team roster,,0.0,,MODELLED_ON_TEAM_RATES,opportunity-differentiated; team receiving rates,0.0,v1.0,2026-08-18T18:11:37+00:00
2026,CFF_DUKE,Duke,CFP_F5F49B59,Kavon Simmons,WR,235,12.0,0.0,0.0,0.0,0.0,0.0,0.0,0.0,0.0,9.800264674373741,119.44182293204011,0.8554629494601039,21.977092327151507,1.8314243605959588,0.0,,,CFBD/team roster,,0.0,,MODELLED_ON_TEAM_RATES,opportunity-differentiated; team receiving rates,0.0,v1.0,2026-08-18T18:11:37+00:00
2026,CFF_NEB,Nebraska,CFP_42358FE9,Cortez Mills Jr.,WR,236,12.0,0.0,0.0,0.0,0.0,0.0,0.0,0.0,0.0,10.52454276885211,117.62415278732877,0.8084742293793792,21.875532039435207,1.8229610032862673,0.0,,,CFBD/team roster,,0.0,,MODELLED_ON_TEAM_RATES,opportunity-differentiated; team receiving rates,0.0,v1.0,2026-08-18T18:11:37+00:00
2026,CFF_LOU,Louisville,CFP_AA37C4CC,Rhys Dorsey,WR,237,12.0,0.0,0.0,0.0,0.0,0.0,0.0,0.0,0.0,9.987332372322866,118.4475984022167,0.8306081436414328,21.8220748882317,1.818506240685975,0.0,,,CFBD/team roster,,0.0,,MODELLED_ON_TEAM_RATES,opportunity-differentiated; team receiving rates,0.0,v1.0,2026-08-18T18:11:37+00:00
2026,CFF_MIA,Miami,CFP_7896C5D8,Milan Parris,WR,238,12.0,0.0,0.0,0.0,0.0,0.0,0.0,0.0,0.0,9.573242495224143,114.97735691967495,0.9075579171471662,21.729704442462566,1.8108087035385472,0.0,,,CFBD/team roster,,0.0,,MODELLED_ON_TEAM_RATES,opportunity-differentiated; team receiving rates,0.0,v1.0,2026-08-18T18:11:37+00:00
2026,CFF_LOU,Louisville,CFP_8338CA06,DJ Williams,WR,239,12.0,0.0,0.0,0.0,0.0,0.0,0.0,0.0,0.0,9.90122067300074,117.42633230244161,0.8234465637466881,21.63392294922466,1.8028269124353884,0.0,,,CFBD/team roster,,0.0,,MODELLED_ON_TEAM_RATES,opportunity-differentiated; team receiving rates,0.0,v1.0,2026-08-18T18:11:37+00:00
2026,CFF_AUB,Auburn,CFP_9B70CAF2,Jeremiah Koger,WR,240,12.0,0.0,0.0,0.0,0.0,0.0,0.0,0.0,0.0,9.223130814264538,118.10187125866422,0.8678292394631976,21.628727969777877,1.8023939974814898,0.0,,,CFBD/team roster,,0.0,,MODELLED_ON_TEAM_RATES,opportunity-differentiated; team receiving rates,0.0,v1.0,2026-08-18T18:11:37+00:00
2026,CFF_UVA,Virginia,CFP_4B75A261,Jack Rhodes,WR,241,12.0,0.0,0.0,0.0,0.0,0.0,0.0,0.0,0.0,10.57257950063004,118.37492969561268,0.7485114856113054,21.61485163354412,1.8012376361286766,0.0,,,CFBD/team roster,,0.0,,MODELLED_ON_TEAM_RATES,opportunity-differentiated; team receiving rates,0.0,v1.0,2026-08-18T18:11:37+00:00
2026,CFF_MISS,Ole Miss,CFP_DCD4A912,Isaiah Spencer,WR,242,12.0,0.0,0.0,0.0,0.0,0.0,0.7367279492766493,3.8285916647981297,0.03634964653448735,8.73905166691339,120.55235156167691,0.7446188313707001,21.493431023535326,1.791119251961277,0.600957045686737,,,CFBD/team roster,,0.0,,MODELLED_ON_TEAM_RATES,opportunity-differentiated; team receiving rates,0.0,v1.0,2026-08-18T18:11:37+00:00
2026,CFF_NCSU,NC State,CFP_1340DEAC,Amiri Acker,WR,243,12.0,0.0,0.0,0.0,0.0,0.0,0.0,0.0,0.0,9.82052992766333,114.34767632591773,0.8507222471513143,21.449366079331323,1.7874471732776103,0.0,,,CFBD/team roster,,0.0,,MODELLED_ON_TEAM_RATES,opportunity-differentiated; team receiving rates,0.0,v1.0,2026-08-18T18:11:37+00:00
2026,CFF_LOU,Louisville,CFP_9C185BF8,Gavin Waddell,WR,244,12.0,0.0,0.0,0.0,0.0,0.0,0.0,0.0,0.0,9.8134842246348,116.38579703097267,0.8161498597029859,21.442220973632583,1.7868517478027153,0.0,,,CFBD/team roster,,0.0,,MODELLED_ON_TEAM_RATES,opportunity-differentiated; team receiving rates,0.0,v1.0,2026-08-18T18:11:37+00:00
2026,CFF_BAY,Baylor,CFP_1853BAF4,Jayden McGowan,WR,245,12.0,0.0,0.0,0.0,0.0,0.0,0.0,0.0,0.0,9.162335396284682,113.50577673992025,0.9102446112176837,21.393213039440468,1.7827677532867057,0.0,,,CFBD/team roster,,0.0,,MODELLED_ON_TEAM_RATES,opportunity-differentiated; team receiving rates,0.0,v1.0,2026-08-18T18:11:37+00:00
2026,CFF_WAKE,Wake Forest,CFP_8D992A57,Walker Bryson,WR,246,12.0,0.0,0.0,0.0,0.0,0.0,0.0,0.0,0.0,10.209321064549757,116.68826002155808,0.7579936929980768,21.321448692419146,1.7767873910349288,0.0,,,CFBD/team roster,,0.0,,MODELLED_ON_TEAM_RATES,opportunity-differentiated; team receiving rates,0.0,v1.0,2026-08-18T18:11:37+00:00
2026,CFF_UGA,Georgia,CFP_117D2F7D,Isiah Canion,WR,247,12.0,0.0,0.0,0.0,0.0,0.0,0.0,0.0,0.0,10.017598893304424,112.01431954757668,0.8501932384179599,21.311390831917638,1.7759492359931366,0.0,,,CFBD/team roster,,0.0,,MODELLED_ON_TEAM_RATES,opportunity-differentiated; team receiving rates,0.0,v1.0,2026-08-18T18:11:37+00:00
2026,CFF_LOU,Louisville,CFP_DD03AF98,Marlon Harbin,WR,248,12.0,0.0,0.0,0.0,0.0,0.0,0.0,0.0,0.0,9.727372525312674,115.36453093119758,0.8089882798082413,21.25406903462554,1.7711724195521283,0.0,,,CFBD/team roster,,0.0,,MODELLED_ON_TEAM_RATES,opportunity-differentiated; team receiving rates,0.0,v1.0,2026-08-18T18:11:37+00:00
2026,CFF_LOU,Louisville,CFP_D4BC9DE9,Kris Hughes,WR,249,12.0,0.0,0.0,0.0,0.0,0.0,0.0,0.0,0.0,9.703001289655468,115.07549335578952,0.8069614175738795,21.20081848584996,1.7667348738208302,0.0,,,CFBD/team roster,,0.0,,MODELLED_ON_TEAM_RATES,opportunity-differentiated; team receiving rates,0.0,v1.0,2026-08-18T18:11:37+00:00
2026,CFF_MSU,Michigan State,CFP_C1B4AE1C,Rodney Bullard Jr.,WR,250,12.0,0.0,0.0,0.0,0.0,0.0,5.274972030772727,24.346848096882297,0.2204358218698339,8.132107263332216,94.90586269950008,0.6473965826056219,21.19831913815708,1.7665265948464233,3.757299740907233,,,CFBD/team roster,,0.0,,MODELLED_ON_TEAM_RATES,opportunity-differentiated; team receiving rates,0.0,v1.0,2026-08-18T18:11:37+00:00
2026,CFF_IND,Indiana,CFP_E8A09E3E,Myles Kendrick,WR,251,12.0,0.0,0.0,0.0,0.0,0.0,0.0,0.0,0.0,8.796829957350246,110.15505675353343,0.960029786850092,21.174099375129018,1.7645082812607515,0.0,,,CFBD/team roster,,0.0,,MODELLED_ON_TEAM_RATES,opportunity-differentiated; team receiving rates,0.0,v1.0,2026-08-18T18:11:37+00:00
2026,CFF_UK,Kentucky,CFP_9BBF52D1,Kenny Darby,WR,252,12.0,0.0,0.0,0.0,0.0,0.0,0.0,0.0,0.0,9.752188003569294,115.11695300239782,0.7949332358234587,21.157388716965183,1.7631157264137653,0.0,,,CFBD/team roster,,0.0,,MODELLED_ON_TEAM_RATES,opportunity-differentiated; team receiving rates,0.0,v1.0,2026-08-18T18:11:37+00:00
2026,CFF_GT,Georgia Tech,CFP_305F0388,Cal Faulkner,WR,253,12.0,0.0,0.0,0.0,0.0,0.0,0.0,0.0,0.0,9.940343944059576,117.24166201413853,0.7401129280584339,21.135015741794245,1.761251311816187,0.0,,,CFBD/team roster,,0.0,,MODELLED_ON_TEAM_RATES,opportunity-differentiated; team receiving rates,0.0,v1.0,2026-08-18T18:11:37+00:00
2026,CFF_GT,Georgia Tech,CFP_F352B43A,Kentrell Davis,WR,254,12.0,0.0,0.0,0.0,0.0,0.0,0.0,0.0,0.0,9.91765649456221,116.97407426255751,0.7384237234622782,21.086778014310525,1.7572315011925437,0.0,,,CFBD/team roster,,0.0,,MODELLED_ON_TEAM_RATES,opportunity-differentiated; team receiving rates,0.0,v1.0,2026-08-18T18:11:37+00:00
2026,CFF_KSU,Kansas State,CFP_474EDA18,Adonis Moise,WR,255,12.0,0.0,0.0,0.0,0.0,0.0,2.006570331974017,12.447357018660384,0.10030863787735216,8.57862059835659,101.73445258838859,0.7927292804601749,21.065718769908358,1.7554765641590298,1.8465875291301512,,,CFBD/team roster,,0.0,,MODELLED_ON_TEAM_RATES,opportunity-differentiated; team receiving rates,0.0,v1.0,2026-08-18T18:11:37+00:00
2026,CFF_TEX,Texas,CFP_D89FF25A,Jermaine Bishop Jr.,WR,256,12.0,0.0,0.0,0.0,0.0,0.0,0.0,0.0,0.0,8.94739741664134,111.6358100861933,0.8964539499932132,21.01600341689928,1.7513336180749401,0.0,,,CFBD/team roster,,0.0,,MODELLED_ON_TEAM_RATES,opportunity-differentiated; team receiving rates,0.0,v1.0,2026-08-18T18:11:37+00:00
2026,CFF_PSU,Penn State,CFP_2D2B807B,Ben Whitver,WR,257,12.0,0.0,0.0,0.0,0.0,0.0,0.0,0.0,0.0,9.491609856694971,114.30080770481825,0.7979072913925244,20.96332944718446,1.746944120598705,0.0,,,CFBD/team roster,,0.0,,MODELLED_ON_TEAM_RATES,opportunity-differentiated; team receiving rates,0.0,v1.0,2026-08-18T18:11:37+00:00
2026,CFF_USC,USC,CFP_F2D5D31E,Terrell Anderson,WR,258,12.0,0.0,0.0,0.0,0.0,0.0,0.0,0.0,0.0,9.146640381802484,115.72288372375942,0.8014588307743031,20.954361547923003,1.7461967956602502,0.0,,,CFBD/team roster,,0.0,,MODELLED_ON_TEAM_RATES,opportunity-differentiated; team receiving rates,0.0,v1.0,2026-08-18T18:11:37+00:00
2026,CFF_USC,USC,CFP_1BD216E0,Romero Ison,WR,259,12.0,0.0,0.0,0.0,0.0,0.0,0.0,0.0,0.0,9.146640381802484,115.72288372375942,0.8014588307743031,20.954361547923003,1.7461967956602502,0.0,,,CFBD/team roster,,0.0,,MODELLED_ON_TEAM_RATES,opportunity-differentiated; team receiving rates,0.0,v1.0,2026-08-18T18:11:37+00:00
2026,CFF_MIZ,Missouri,CFP_20410B7B,Karsten Fiene,WR,260,12.0,0.0,0.0,0.0,0.0,0.0,0.0,0.0,0.0,10.107006554474452,114.49118825608832,0.7395318987584507,20.939813495396763,1.7449844579497302,0.0,,,CFBD/team roster,,0.0,,MODELLED_ON_TEAM_RATES,opportunity-differentiated; team receiving rates,0.0,v1.0,2026-08-18T18:11:37+00:00
2026,CFF_TTU,Texas Tech,CFP_BD39A2D7,Malcolm Simmons,WR,261,12.0,0.0,0.0,0.0,0.0,0.0,1.5337772501743365,8.517031521556016,0.08185843309916795,8.73785708445112,103.8065218590993,0.7987690327674953,20.885048675491074,1.7404207229575894,1.342853750750609,,,CFBD/team roster,,0.0,,MODELLED_ON_TEAM_RATES,opportunity-differentiated; team receiving rates,0.0,v1.0,2026-08-18T18:11:37+00:00
2026,CFF_PUR,Purdue,CFP_3448AE8B,Jalil Hall,WR,262,12.0,0.0,0.0,0.0,0.0,0.0,0.0,0.0,0.0,10.122388438978627,112.99613097856938,0.753787659802372,20.88353327616048,1.7402944396800402,0.0,,,CFBD/team roster,,0.0,,MODELLED_ON_TEAM_RATES,opportunity-differentiated; team receiving rates,0.0,v1.0,2026-08-18T18:11:37+00:00
2026,CFF_SYR,Syracuse,CFP_C0E89802,Matthew Outten,WR,263,12.0,0.0,0.0,0.0,0.0,0.0,0.0,0.0,0.0,9.502047500921984,112.77955029206728,0.7878429328402126,20.756036376708995,1.7296696980590829,0.0,,,CFBD/team roster,,0.0,,MODELLED_ON_TEAM_RATES,opportunity-differentiated; team receiving rates,0.0,v1.0,2026-08-18T18:11:37+00:00
2026,CFF_NCSU,NC State,CFP_3638C9F2,Victor Snow,WR,264,12.0,0.0,0.0,0.0,0.0,0.0,4.185143592203868,21.89349345815853,0.2149061515442317,7.88999840342182,91.86907328748944,0.6834862498480644,20.711610284629483,1.7259675237191237,3.4787862550812436,,,CFBD/team roster,,0.0,,MODELLED_ON_TEAM_RATES,opportunity-differentiated; team receiving rates,0.0,v1.0,2026-08-18T18:11:37+00:00
2026,CFF_ILL,Illinois,CFP_D07367B6,Nas Rankin,WR,265,12.0,0.0,0.0,0.0,0.0,0.0,0.0,0.0,0.0,9.303814707125946,113.11025444610205,0.781872332747378,20.654166794657446,1.7211805662214539,0.0,,,CFBD/team roster,,0.0,,MODELLED_ON_TEAM_RATES,opportunity-differentiated; team receiving rates,0.0,v1.0,2026-08-18T18:11:37+00:00
2026,CFF_MSU,Michigan State,CFP_8F2BD823,Zach Washington,WR,266,12.0,0.0,0.0,0.0,0.0,0.0,0.0,0.0,0.0,9.625229671980227,112.33136702697614,0.7662639700451852,20.64333535895884,1.7202779465799034,0.0,,,CFBD/team roster,,0.0,,MODELLED_ON_TEAM_RATES,opportunity-differentiated; team receiving rates,0.0,v1.0,2026-08-18T18:11:37+00:00
2026,CFF_PSU,Penn State,CFP_060C6582,Amarion Jackson,WR,267,12.0,0.0,0.0,0.0,0.0,0.0,0.0,0.0,0.0,9.32699478063315,112.31846367273769,0.7840690098527269,20.599757816706706,1.716646484725559,0.0,,,CFBD/team roster,,0.0,,MODELLED_ON_TEAM_RATES,opportunity-differentiated; team receiving rates,0.0,v1.0,2026-08-18T18:11:37+00:00
2026,CFF_MIZ,Missouri,CFP_5391031A,Caleb Goodie,WR,268,12.0,0.0,0.0,0.0,0.0,0.0,0.0,0.0,0.0,9.89738645434435,112.1166321284255,0.724193949798823,20.50552013880766,1.7087933449006385,0.0,,,CFBD/team roster,,0.0,,MODELLED_ON_TEAM_RATES,opportunity-differentiated; team receiving rates,0.0,v1.0,2026-08-18T18:11:37+00:00
2026,CFF_FLA,Florida,CFP_563CFF9D,Micah Mays Jr.,WR,269,12.0,0.0,0.0,0.0,0.0,0.0,0.0,0.0,0.0,9.487563235919616,110.42472341271896,0.7782523161773411,20.45576785629575,1.7046473213579791,0.0,,,CFBD/team roster,,0.0,,MODELLED_ON_TEAM_RATES,opportunity-differentiated; team receiving rates,0.0,v1.0,2026-08-18T18:11:37+00:00
2026,CFF_SYR,Syracuse,CFP_EC26EBD3,Amare' Gough,WR,270,12.0,0.0,0.0,0.0,0.0,0.0,0.0,0.0,0.0,9.25869839854361,109.89124623680463,0.767666137207144,20.224470646195133,1.6853725538495945,0.0,,,CFBD/team roster,,0.0,,MODELLED_ON_TEAM_RATES,opportunity-differentiated; team receiving rates,0.0,v1.0,2026-08-18T18:11:37+00:00
2026,CFF_ARIZ,Arizona,CFP_78242B5C,Brandon Phelps,WR,271,12.0,0.0,0.0,0.0,0.0,0.0,0.0,0.0,0.0,9.178605100057023,107.16734730935038,0.8180258521869697,20.214192394085366,1.6845160328404472,0.0,,,CFBD/team roster,,0.0,,MODELLED_ON_TEAM_RATES,opportunity-differentiated; team receiving rates,0.0,v1.0,2026-08-18T18:11:37+00:00
2026,CFF_ARIZ,Arizona,CFP_C4A369F1,Landon Kelsey,WR,272,12.0,0.0,0.0,0.0,0.0,0.0,0.0,0.0,0.0,9.176837944666177,107.14671439689191,0.8178683577987935,20.21030055881504,1.6841917132345865,0.0,,,CFBD/team roster,,0.0,,MODELLED_ON_TEAM_RATES,opportunity-differentiated; team receiving rates,0.0,v1.0,2026-08-18T18:11:37+00:00
2026,CFF_MSU,Michigan State,CFP_4F36C631,Braylon Collier,WR,273,12.0,0.0,0.0,0.0,0.0,0.0,0.0,0.0,0.0,9.421818793120934,109.95745774178377,0.7500704419012448,20.207077822146314,1.6839231518455262,0.0,,,CFBD/team roster,,0.0,,MODELLED_ON_TEAM_RATES,opportunity-differentiated; team receiving rates,0.0,v1.0,2026-08-18T18:11:37+00:00
2026,CFF_ASU,Arizona State,CFP_078CB9AA,Reed Harris,WR,274,12.0,0.0,0.0,0.0,0.0,0.0,0.5752758784018207,3.1209639916331944,0.026741513491554805,8.988476315778774,106.02245537707407,0.7643273670825571,20.154993378204786,1.6795827815170654,0.4725454801126483,,,CFBD/team roster,,0.0,,MODELLED_ON_TEAM_RATES,opportunity-differentiated; team receiving rates,0.0,v1.0,2026-08-18T18:11:37+00:00
2026,CFF_AUB,Auburn,CFP_38E7A9D5,Sam Turner,WR,275,12.0,0.0,0.0,0.0,0.0,0.0,0.0,0.0,0.0,8.573271324092648,109.78044295084922,0.8066822083225811,20.104773207066735,1.6753977672555613,0.0,,,CFBD/team roster,,0.0,,MODELLED_ON_TEAM_RATES,opportunity-differentiated; team receiving rates,0.0,v1.0,2026-08-18T18:11:37+00:00
2026,CFF_FSU,Florida State,CFP_6422FAE2,Jayvan Boggs,WR,276,12.0,0.0,0.0,0.0,0.0,0.0,0.0,0.0,0.0,9.154101099689912,113.34619654169902,0.6879058147804478,20.039105092697543,1.6699254243914619,0.0,,,CFBD/team roster,,0.0,,MODELLED_ON_TEAM_RATES,opportunity-differentiated; team receiving rates,0.0,v1.0,2026-08-18T18:11:37+00:00
2026,CFF_TEX,Texas,CFP_4382F3F8,Daylan McCutcheon,WR,277,12.0,0.0,0.0,0.0,0.0,0.0,0.0,0.0,0.0,8.510828472962572,106.18878170278796,0.8527134145300967,19.990572893940662,1.6658810744950552,0.0,,,CFBD/team roster,,0.0,,MODELLED_ON_TEAM_RATES,opportunity-differentiated; team receiving rates,0.0,v1.0,2026-08-18T18:11:37+00:00
2026,CFF_TTU,Texas Tech,CFP_277EA24C,Bryson Jones,WR,278,12.0,0.0,0.0,0.0,0.0,0.0,0.0,0.0,0.0,8.914609250589626,105.90635336476103,0.8149267880868458,19.93750069029199,1.661458390857666,0.0,,,CFBD/team roster,,0.0,,MODELLED_ON_TEAM_RATES,opportunity-differentiated; team receiving rates,0.0,v1.0,2026-08-18T18:11:37+00:00
2026,CFF_LSU,LSU,CFP_7CBD13EA,Winston Watkins Jr.,WR,279,12.0,0.0,0.0,0.0,0.0,0.0,1.5807627816742824,7.161597845744326,0.06935609197501007,8.84484316550463,101.29982627815703,0.6949720753624614,19.85453299916728,1.6545444165972734,1.132296336424493,,,CFBD/team roster,,0.0,,MODELLED_ON_TEAM_RATES,opportunity-differentiated; team receiving rates,0.0,v1.0,2026-08-18T18:11:37+00:00
2026,CFF_WASH,Washington,CFP_D73BF3AC,Jordan Clay,WR,280,12.0,0.0,0.0,0.0,0.0,0.0,0.0,0.0,0.0,8.8670059104837,106.93637102886238,0.7775374237100352,19.7923646003883,1.649363716699025,0.0,,,CFBD/team roster,,0.0,,MODELLED_ON_TEAM_RATES,opportunity-differentiated; team receiving rates,0.0,v1.0,2026-08-18T18:11:37+00:00
2026,CFF_RUTG,Rutgers,CFP_692E3D92,Dyzier Carter,WR,281,12.0,0.0,0.0,0.0,0.0,0.0,0.0,0.0,0.0,9.110830446623567,107.35009052498253,0.7271092780029529,19.653079943827755,1.6377566619856463,0.0,,,CFBD/team roster,,0.0,,MODELLED_ON_TEAM_RATES,opportunity-differentiated; team receiving rates,0.0,v1.0,2026-08-18T18:11:37+00:00
2026,CFF_MD,Maryland,CFP_12D786D2,Sean Williams,WR,282,12.0,0.0,0.0,0.0,0.0,0.0,0.0,0.0,0.0,9.611567447115359,105.66567171069555,0.7126312508018757,19.648138399438487,1.637344866619874,0.0,,,CFBD/team roster,,0.0,,MODELLED_ON_TEAM_RATES,opportunity-differentiated; team receiving rates,0.0,v1.0,2026-08-18T18:11:37+00:00
2026,CFF_GT,Georgia Tech,CFP_CE18D728,J.J. Winston,WR,283,12.0,0.0,0.0,0.0,0.0,0.0,0.0,0.0,0.0,9.230550881213455,108.86998807181821,0.6872649556929962,19.625863981946527,1.6354886651622105,0.0,,,CFBD/team roster,,0.0,,MODELLED_ON_TEAM_RATES,opportunity-differentiated; team receiving rates,0.0,v1.0,2026-08-18T18:11:37+00:00
2026,CFF_WASH,Washington,CFP_B0570D49,Trez Davis,WR,284,12.0,0.0,0.0,0.0,0.0,0.0,0.0,0.0,0.0,8.748522985713784,105.50746321807584,0.7671477939963223,19.52789457864241,1.6273245482202008,0.0,,,CFBD/team roster,,0.0,,MODELLED_ON_TEAM_RATES,opportunity-differentiated; team receiving rates,0.0,v1.0,2026-08-18T18:11:37+00:00
2026,CFF_TTU,Texas Tech,CFP_D3677476,Imari Jehiel,WR,285,12.0,0.0,0.0,0.0,0.0,0.0,0.0,0.0,0.0,8.713356784194296,103.51545610583925,0.7965293439113477,19.487400066149156,1.6239500055124296,0.0,,,CFBD/team roster,,0.0,,MODELLED_ON_TEAM_RATES,opportunity-differentiated; team receiving rates,0.0,v1.0,2026-08-18T18:11:37+00:00
2026,CFF_NCSU,NC State,CFP_02449C48,Tyreek Copper,WR,286,12.0,0.0,0.0,0.0,0.0,0.0,0.0,0.0,0.0,8.918597808432711,103.8458151435374,0.7725906468301912,19.47942429955124,1.6232853582959368,0.0,,,CFBD/team roster,,0.0,,MODELLED_ON_TEAM_RATES,opportunity-differentiated; team receiving rates,0.0,v1.0,2026-08-18T18:11:37+00:00
2026,CFF_AUB,Auburn,CFP_49152E41,Bryce Cain,WR,287,12.0,0.0,0.0,0.0,0.0,0.0,0.0,0.0,0.0,8.297081040769594,106.24383592002783,0.7806947200878191,19.457092432914493,1.6214243694095412,0.0,,,CFBD/team roster,,0.0,,MODELLED_ON_TEAM_RATES,opportunity-differentiated; team receiving rates,0.0,v1.0,2026-08-18T18:11:37+00:00
2026,CFF_UCLA,UCLA,CFP_49E381CE,Kenneth Moore III,WR,288,12.0,0.0,0.0,0.0,0.0,0.0,0.0,0.0,0.0,9.78133109931543,102.73792037188751,0.7146538328812783,19.452380584134136,1.6210317153445113,0.0,,,CFBD/team roster,,0.0,,MODELLED_ON_TEAM_RATES,opportunity-differentiated; team receiving rates,0.0,v1.0,2026-08-18T18:11:37+00:00
2026,CFF_UCLA,UCLA,CFP_DFB81FB0,Jonah Smith,WR,289,12.0,0.0,0.0,0.0,0.0,0.0,0.0,0.0,0.0,9.761547996831982,102.53012914316655,0.7132084191770975,19.41303742779523,1.617753118982936,0.0,,,CFBD/team roster,,0.0,,MODELLED_ON_TEAM_RATES,opportunity-differentiated; team receiving rates,0.0,v1.0,2026-08-18T18:11:37+00:00
2026,CFF_TTU,Texas Tech,CFP_66F8A490,Kenny Johnson,WR,290,12.0,0.0,0.0,0.0,0.0,0.0,0.7668886250871683,4.258515760778008,0.04092921654958397,8.370352580598778,99.44053556019867,0.7651736999252814,19.39169892124625,1.615974910103854,0.6714268753753045,,,CFBD/team roster,,0.0,,MODELLED_ON_TEAM_RATES,opportunity-differentiated; team receiving rates,0.0,v1.0,2026-08-18T18:11:37+00:00
2026,CFF_UCF,UCF,CFP_4E7A931E,Tyren Hornes,WR,291,12.0,0.0,0.0,0.0,0.0,0.0,0.0,0.0,0.0,8.583735901249428,105.13778040579545,0.7201574396940799,19.12659062936874,1.593882552447395,0.0,,,CFBD/team roster,,0.0,,MODELLED_ON_TEAM_RATES,opportunity-differentiated; team receiving rates,0.0,v1.0,2026-08-18T18:11:37+00:00
2026,CFF_ILL,Illinois,CFP_7A04F5EF,Alex Perry,WR,292,12.0,0.0,0.0,0.0,0.0,0.0,0.0,0.0,0.0,8.602367202280494,104.58247221362873,0.722924211554328,19.096976091829088,1.5914146743190907,0.0,,,CFBD/team roster,,0.0,,MODELLED_ON_TEAM_RATES,opportunity-differentiated; team receiving rates,0.0,v1.0,2026-08-18T18:11:37+00:00
2026,CFF_UTAH,Utah,CFP_D6E0DC99,Kyri Shoels,WR,293,12.0,0.0,0.0,0.0,0.0,0.0,0.0,0.0,0.0,8.324117209019088,99.1297239115012,0.8331883158546097,19.074160890787322,1.58951340756561,0.0,,,CFBD/team roster,,0.0,,MODELLED_ON_TEAM_RATES,opportunity-differentiated; team receiving rates,0.0,v1.0,2026-08-18T18:11:37+00:00
2026,CFF_TTU,Texas Tech,CFP_DB39CDF5,Donte Lee Jr.,WR,294,12.0,0.0,0.0,0.0,0.0,0.0,0.0,0.0,0.0,8.50685425345822,101.06218761407605,0.7776519664095324,19.02555768659391,1.5854631405494926,0.0,,,CFBD/team roster,,0.0,,MODELLED_ON_TEAM_RATES,opportunity-differentiated; team receiving rates,0.0,v1.0,2026-08-18T18:11:37+00:00
2026,CFF_OSU,Ohio State,CFP_30EFC2B0,Chris Henry Jr.,WR,295,12.0,0.0,0.0,0.0,0.0,0.0,0.0,0.0,0.0,8.170806104185797,101.67565976933123,0.7837226268971998,18.955304790409222,1.579608732534102,0.0,,,CFBD/team roster,,0.0,,MODELLED_ON_TEAM_RATES,opportunity-differentiated; team receiving rates,0.0,v1.0,2026-08-18T18:11:37+00:00
2026,CFF_MISS,Ole Miss,CFP_32D3C3EA,Cameron Miller,WR,296,12.0,0.0,0.0,0.0,0.0,0.0,0.0,0.0,0.0,7.924854306641956,109.32076601245235,0.6752444060877155,18.945970191092506,1.5788308492577088,0.0,,,CFBD/team roster,,0.0,,MODELLED_ON_TEAM_RATES,opportunity-differentiated; team receiving rates,0.0,v1.0,2026-08-18T18:11:37+00:00
2026,CFF_CAL,California,CFP_83276C65,Cole Boscia,WR,297,12.0,0.0,0.0,0.0,0.0,0.0,0.0,0.0,0.0,9.212268366170164,104.1682256983956,0.6360148497154196,18.839045851217158,1.5699204876014299,0.0,,,CFBD/team roster,,0.0,,MODELLED_ON_TEAM_RATES,opportunity-differentiated; team receiving rates,0.0,v1.0,2026-08-18T18:11:37+00:00
2026,CFF_SMU,SMU,CFP_9F4BCF70,Jalen Hale,WR,298,12.0,0.0,0.0,0.0,0.0,0.0,0.0,0.0,0.0,8.352059231330783,102.40683520071276,0.729075593939681,18.791166699374752,1.5659305582812293,0.0,,,CFBD/team roster,,0.0,,MODELLED_ON_TEAM_RATES,opportunity-differentiated; team receiving rates,0.0,v1.0,2026-08-18T18:11:37+00:00
2026,CFF_STAN,Stanford,CFP_CF0943F4,Zion Robinson,WR,299,12.0,0.0,0.0,0.0,0.0,0.0,0.0,0.0,0.0,8.831469964456222,101.3738615513516,0.7015930651728439,18.762679528400334,1.5635566273666945,0.0,,,CFBD/team roster,,0.0,,MODELLED_ON_TEAM_RATES,opportunity-differentiated; team receiving rates,0.0,v1.0,2026-08-18T18:11:37+00:00
2026,CFF_STAN,Stanford,CFP_CBE99F1B,JonAnthony Hall,WR,300,12.0,0.0,0.0,0.0,0.0,0.0,0.0,0.0,0.0,8.812689592389328,101.15828715145503,0.7001011075648208,18.72278015672909,1.5602316797274243,0.0,,,CFBD/team roster,,0.0,,MODELLED_ON_TEAM_RATES,opportunity-differentiated; team receiving rates,0.0,v1.0,2026-08-18T18:11:37+00:00
2026,CFF_ASU,Arizona State,CFP_DEC01BED,Cory Butler Jr.,WR,301,12.0,0.0,0.0,0.0,0.0,0.0,0.0,0.0,0.0,8.51986934451987,100.49506008178165,0.7244797755714015,18.65631933386651,1.5546932778222091,0.0,,,CFBD/team roster,,0.0,,MODELLED_ON_TEAM_RATES,opportunity-differentiated; team receiving rates,0.0,v1.0,2026-08-18T18:11:37+00:00
2026,CFF_CLEM,Clemson,CFP_68EC3F59,Naeem Burroughs,WR,302,12.0,0.0,0.0,0.0,0.0,0.0,0.0,0.0,0.0,8.514749754527084,99.41479636894606,0.7396889478559553,18.63698820129388,1.5530823501078235,0.0,,,CFBD/team roster,,0.0,,MODELLED_ON_TEAM_RATES,opportunity-differentiated; team receiving rates,0.0,v1.0,2026-08-18T18:11:37+00:00
2026,CFF_LSU,LSU,CFP_552964D1,Tre' Brown,WR,303,12.0,0.0,0.0,0.0,0.0,0.0,0.0,0.0,0.0,8.802570018022438,100.81567269668054,0.691650517649332,18.632755384575265,1.5527296153812722,0.0,,,CFBD/team roster,,0.0,,MODELLED_ON_TEAM_RATES,opportunity-differentiated; team receiving rates,0.0,v1.0,2026-08-18T18:11:37+00:00
2026,CFF_WAKE,Wake Forest,CFP_326274F3,Kobe Adeleke-Hokes,WR,304,12.0,0.0,0.0,0.0,0.0,0.0,0.0,0.0,0.0,8.895691995657034,101.67403043727265,0.660462961731616,18.578026811945477,1.5481689009954565,0.0,,,CFBD/team roster,,0.0,,MODELLED_ON_TEAM_RATES,opportunity-differentiated; team receiving rates,0.0,v1.0,2026-08-18T18:11:37+00:00
2026,CFF_TAMU,Texas A&M,CFP_FD66D957,Jerome Myles,WR,305,12.0,0.0,0.0,0.0,0.0,0.0,0.0,0.0,0.0,7.837121734436134,102.25085729700807,0.7386092675907403,18.575302202463316,1.5479418502052764,0.0,,,CFBD/team roster,,0.0,,MODELLED_ON_TEAM_RATES,opportunity-differentiated; team receiving rates,0.0,v1.0,2026-08-18T18:11:37+00:00
2026,CFF_ARK,Arkansas,CFP_BEB7755F,Blair Irvin III,WR,306,12.0,0.0,0.0,0.0,0.0,0.0,0.0,0.0,0.0,8.219952041443744,103.86787167426408,0.6751065654287313,18.547402580720668,1.5456168817267224,0.0,,,CFBD/team roster,,0.0,,MODELLED_ON_TEAM_RATES,opportunity-differentiated; team receiving rates,0.0,v1.0,2026-08-18T18:11:37+00:00
2026,CFF_ASU,Arizona State,CFP_5590D282,Chance Ables,WR,307,12.0,0.0,0.0,0.0,0.0,0.0,0.0,0.0,0.0,8.464655834311118,99.84379598354478,0.7197847421305101,18.535415968293098,1.544617997357758,0.0,,,CFBD/team roster,,0.0,,MODELLED_ON_TEAM_RATES,opportunity-differentiated; team receiving rates,0.0,v1.0,2026-08-18T18:11:37+00:00
2026,CFF_TENN,Tennessee,CFP_7FFBB696,Radarious Jackson,WR,308,12.0,0.0,0.0,0.0,0.0,0.0,0.0,0.0,0.0,8.29855623987337,100.68257463988779,0.7134826377982086,18.498431410714716,1.541535950892893,0.0,,,CFBD/team roster,,0.0,,MODELLED_ON_TEAM_RATES,opportunity-differentiated; team receiving rates,0.0,v1.0,2026-08-18T18:11:37+00:00
2026,CFF_ASU,Arizona State,CFP_22FF67B1,Harry Hassmann,WR,309,12.0,0.0,0.0,0.0,0.0,0.0,0.0,0.0,0.0,8.403779399978392,99.12573556754005,0.7146081667982453,18.40211225753267,1.5335093547943892,0.0,,,CFBD/team roster,,0.0,,MODELLED_ON_TEAM_RATES,opportunity-differentiated; team receiving rates,0.0,v1.0,2026-08-18T18:11:37+00:00
2026,CFF_ILL,Illinois,CFP_51934FD1,Brayden Trimble,WR,310,12.0,0.0,0.0,0.0,0.0,0.0,0.0,0.0,0.0,8.264747414234,100.47789131492178,0.6945513795954751,18.347471116182028,1.5289559263485024,0.0,,,CFBD/team roster,,0.0,,MODELLED_ON_TEAM_RATES,opportunity-differentiated; team receiving rates,0.0,v1.0,2026-08-18T18:11:37+00:00
2026,CFF_PUR,Purdue,CFP_3682D023,Xavier Townsend,WR,311,12.0,0.0,0.0,0.0,0.0,0.0,1.8848425640715079,9.323709349392702,0.07542716952384054,8.18278615227507,91.34436812083001,0.6093505758616248,18.266867295472597,1.522238941289383,1.3849339520823136,,,CFBD/team roster,,0.0,,MODELLED_ON_TEAM_RATES,opportunity-differentiated; team receiving rates,0.0,v1.0,2026-08-18T18:11:37+00:00
2026,CFF_TENN,Tennessee,CFP_E47B7AAC,TK Keys,WR,312,12.0,0.0,0.0,0.0,0.0,0.0,0.0,0.0,0.0,8.188575374043724,99.3482272651423,0.7040268438032926,18.25327147635585,1.5211059563629874,0.0,,,CFBD/team roster,,0.0,,MODELLED_ON_TEAM_RATES,opportunity-differentiated; team receiving rates,0.0,v1.0,2026-08-18T18:11:37+00:00
2026,CFF_PUR,Purdue,CFP_DDE2EB82,Asaad Waseem,WR,313,12.0,0.0,0.0,0.0,0.0,0.0,0.3769685128143015,1.86474186987854,0.015085433904768106,8.70969719932376,97.22627139349049,0.6485882565210054,18.24599206855342,1.5204993390461183,0.2769867904164627,,,CFBD/team roster,,0.0,,MODELLED_ON_TEAM_RATES,opportunity-differentiated; team receiving rates,0.0,v1.0,2026-08-18T18:11:37+00:00
2026,CFF_ILL,Illinois,CFP_455CD37D,Kenyon Alston,WR,314,12.0,0.0,0.0,0.0,0.0,0.0,0.0,0.0,0.0,8.20154005665452,99.70945379507255,0.689239570872585,18.207152833070026,1.5172627360891688,0.0,,,CFBD/team roster,,0.0,,MODELLED_ON_TEAM_RATES,opportunity-differentiated; team receiving rates,0.0,v1.0,2026-08-18T18:11:37+00:00
2026,CFF_TEX,Texas,CFP_718B5004,Cam Coleman,WR,315,12.0,0.0,0.0,0.0,0.0,0.0,0.0,0.0,0.0,7.7449445475468774,96.6329222204817,0.775978288302415,18.1916342256361,1.5159695188030085,0.0,,,CFBD/team roster,,0.0,,MODELLED_ON_TEAM_RATES,opportunity-differentiated; team receiving rates,0.0,v1.0,2026-08-18T18:11:37+00:00
2026,CFF_ISU,Iowa State,CFP_A80B3A25,Jordyn Bailey,WR,316,12.0,0.0,0.0,0.0,0.0,0.0,5.35508169243327,26.499479271941716,0.27293810027510956,6.785613604631865,76.3893259951191,0.466362443168414,18.117490589683154,1.5097908824735962,4.287576528844829,,,CFBD/team roster,,0.0,,MODELLED_ON_TEAM_RATES,opportunity-differentiated; team receiving rates,0.0,v1.0,2026-08-18T18:11:37+00:00
2026,CFF_UNC,North Carolina,CFP_49332D32,Madrid Tucker,WR,317,12.0,0.0,0.0,0.0,0.0,0.0,0.0,0.0,0.0,8.516453587127936,98.36376321466327,0.6608534578077078,18.05972386187654,1.5049769884897117,0.0,,,CFBD/team roster,,0.0,,MODELLED_ON_TEAM_RATES,opportunity-differentiated; team receiving rates,0.0,v1.0,2026-08-18T18:11:37+00:00
2026,CFF_MSU,Michigan State,CFP_87C9A7E4,Rai'Shawn Elmore,WR,318,12.0,0.0,0.0,0.0,0.0,0.0,0.0,0.0,0.0,8.41630544159662,98.22260120434335,0.6700215829202055,18.05054233875388,1.5042118615628233,0.0,,,CFBD/team roster,,0.0,,MODELLED_ON_TEAM_RATES,opportunity-differentiated; team receiving rates,0.0,v1.0,2026-08-18T18:11:37+00:00
2026,CFF_ORE,Oregon,CFP_26A69C2A,Evan Stewart,WR,319,12.0,0.0,0.0,0.0,0.0,0.0,0.0,0.0,0.0,8.048615537990988,97.30341621285295,0.7137165418866666,18.036948641600787,1.5030790534667322,0.0,,,CFBD/team roster,,0.0,,MODELLED_ON_TEAM_RATES,opportunity-differentiated; team receiving rates,0.0,v1.0,2026-08-18T18:11:37+00:00
2026,CFF_WASH,Washington,CFP_00BD2608,Mason James,WR,320,12.0,0.0,0.0,0.0,0.0,0.0,0.0,0.0,0.0,8.053636643144278,97.12711200346294,0.7062140197294109,17.9768136402949,1.4980678033579082,0.0,,,CFBD/team roster,,0.0,,MODELLED_ON_TEAM_RATES,opportunity-differentiated; team receiving rates,0.0,v1.0,2026-08-18T18:11:37+00:00
2026,CFF_OSU,Ohio State,CFP_315D1D7B,Jerquaden Guilford,WR,321,12.0,0.0,0.0,0.0,0.0,0.0,0.0,0.0,0.0,7.744777057974445,96.37425085054078,0.7428590206662036,17.966967738038523,1.4972473115032103,0.0,,,CFBD/team roster,,0.0,,MODELLED_ON_TEAM_RATES,opportunity-differentiated; team receiving rates,0.0,v1.0,2026-08-18T18:11:37+00:00
2026,CFF_WASH,Washington,CFP_07AE9724,Bodpegn Miller,WR,322,12.0,0.0,0.0,0.0,0.0,0.0,0.0,0.0,0.0,8.028018713464295,96.81815896329287,0.7039676133048242,17.919630932890378,1.4933025777408648,0.0,,,CFBD/team roster,,0.0,,MODELLED_ON_TEAM_RATES,opportunity-differentiated; team receiving rates,0.0,v1.0,2026-08-18T18:11:37+00:00
2026,CFF_NW,Northwestern,CFP_1488C79F,Ricky Ahumaraeze,WR,323,12.0,0.0,0.0,0.0,0.0,0.0,0.0,0.0,0.0,8.808157682080866,95.66232234933703,0.6440868770651189,17.83483233836485,1.486236028197071,0.0,,,CFBD/team roster,,0.0,,MODELLED_ON_TEAM_RATES,opportunity-differentiated; team receiving rates,0.0,v1.0,2026-08-18T18:11:37+00:00
2026,CFF_SMU,SMU,CFP_64F64059,Aljour Miles II,WR,324,12.0,0.0,0.0,0.0,0.0,0.0,0.0,0.0,0.0,7.889862881164906,96.73972195943536,0.6887291273760996,17.75127840078259,1.4792732000652158,0.0,,,CFBD/team roster,,0.0,,MODELLED_ON_TEAM_RATES,opportunity-differentiated; team receiving rates,0.0,v1.0,2026-08-18T18:11:37+00:00
2026,CFF_BC,Boston College,CFP_B490D84F,Javarius Green,WR,325,12.0,0.0,0.0,0.0,0.0,0.0,0.0,0.0,0.0,7.9716088777872,95.46280772564229,0.6985976174785917,17.72367091632938,1.4769725763607815,0.0,,,CFBD/team roster,,0.0,,MODELLED_ON_TEAM_RATES,opportunity-differentiated; team receiving rates,0.0,v1.0,2026-08-18T18:11:37+00:00
2026,CFF_ARIZ,Arizona,CFP_0FE2238E,Isaiah Mizell,WR,326,12.0,0.0,0.0,0.0,0.0,0.0,0.0,0.0,0.0,8.047625649915226,93.96228333592254,0.7172294437542279,17.723417821075234,1.4769514850896028,0.0,,,CFBD/team roster,,0.0,,MODELLED_ON_TEAM_RATES,opportunity-differentiated; team receiving rates,0.0,v1.0,2026-08-18T18:11:37+00:00
2026,CFF_ILL,Illinois,CFP_E99E0A32,Davon Grant,WR,327,12.0,0.0,0.0,0.0,0.0,0.0,0.0,0.0,0.0,7.944085697733223,96.57947658007684,0.6676036670500809,17.63561250917478,1.4696343757645651,0.0,,,CFBD/team roster,,0.0,,MODELLED_ON_TEAM_RATES,opportunity-differentiated; team receiving rates,0.0,v1.0,2026-08-18T18:11:37+00:00
2026,CFF_UCF,UCF,CFP_0A933F78,Jonathan Bibbs,WR,328,12.0,0.0,0.0,0.0,0.0,0.0,8.698445330860222,48.49838509653326,0.43894820643939886,4.540023348717708,55.608418451596094,0.3808984372979115,17.59977189159565,1.466647657632971,7.483527748289719,,,CFBD/team roster,,0.0,,MODELLED_ON_TEAM_RATES,opportunity-differentiated; team receiving rates,0.0,v1.0,2026-08-18T18:11:37+00:00
2026,CFF_BC,Boston College,CFP_1ABEFB75,Bryce Dopson,WR,329,12.0,0.0,0.0,0.0,0.0,0.0,0.0,0.0,0.0,7.912914605871696,94.75992326651141,0.6934539031859766,17.593173048702848,1.4660977540585707,0.0,,,CFBD/team roster,,0.0,,MODELLED_ON_TEAM_RATES,opportunity-differentiated; team receiving rates,0.0,v1.0,2026-08-18T18:11:37+00:00
2026,CFF_MD,Maryland,CFP_83120B38,Ryan Manning,WR,330,12.0,0.0,0.0,0.0,0.0,0.0,0.0,0.0,0.0,8.603092778647829,94.57891048957714,0.6378598289348095,17.586596411890486,1.4655497009908738,0.0,,,CFBD/team roster,,0.0,,MODELLED_ON_TEAM_RATES,opportunity-differentiated; team receiving rates,0.0,v1.0,2026-08-18T18:11:37+00:00
2026,CFF_UCLA,UCLA,CFP_2D700E74,Jace Brown,WR,331,12.0,0.0,0.0,0.0,0.0,0.0,0.0,0.0,0.0,8.820437550119461,92.64520354829844,0.6444480243925077,17.54142727624462,1.4617856063537182,0.0,,,CFBD/team roster,,0.0,,MODELLED_ON_TEAM_RATES,opportunity-differentiated; team receiving rates,0.0,v1.0,2026-08-18T18:11:37+00:00
2026,CFF_OU,Oklahoma,CFP_F1A569D5,Jer'Michael Carter,WR,332,12.0,0.0,0.0,0.0,0.0,0.0,0.0,0.0,0.0,8.495900556274812,95.1449896792508,0.6267613526261014,17.523017361819093,1.4602514468182577,0.0,,,CFBD/team roster,,0.0,,MODELLED_ON_TEAM_RATES,opportunity-differentiated; team receiving rates,0.0,v1.0,2026-08-18T18:11:37+00:00
2026,CFF_ORE,Oregon,CFP_4F44A373,Iverson Hooks,WR,333,12.0,0.0,0.0,0.0,0.0,0.0,0.4656875758460098,2.4865326381245834,0.022833954524186344,7.640063860508213,92.3642470189808,0.6774879397055035,17.507041261342785,1.4589201051118987,0.3856569909575764,,,CFBD/team roster,,0.0,,MODELLED_ON_TEAM_RATES,opportunity-differentiated; team receiving rates,0.0,v1.0,2026-08-18T18:11:37+00:00
2026,CFF_COLO,Colorado,CFP_28402930,DeAndre Moore Jr.,WR,334,12.0,0.0,0.0,0.0,0.0,0.0,0.0,0.0,0.0,7.891885271579495,93.41921406988753,0.7025740545371051,17.503308370001132,1.4586090308334276,0.0,,,CFBD/team roster,,0.0,,MODELLED_ON_TEAM_RATES,opportunity-differentiated; team receiving rates,0.0,v1.0,2026-08-18T18:11:37+00:00
2026,CFF_WVU,West Virginia,CFP_E3EBFE21,Robert Oliver,WR,335,12.0,0.0,0.0,0.0,0.0,0.0,0.0,0.0,0.0,8.13192325956828,96.82328630973528,0.6222434287262815,17.481750833115356,1.4568125694262797,0.0,,,CFBD/team roster,,0.0,,MODELLED_ON_TEAM_RATES,opportunity-differentiated; team receiving rates,0.0,v1.0,2026-08-18T18:11:37+00:00
2026,CFF_ND,Notre Dame,CFP_3872E990,Kaydon Finley,WR,336,12.0,0.0,0.0,0.0,0.0,0.0,0.0,0.0,0.0,7.490564733006172,94.567403917494,0.7109340284167588,17.46762692875304,1.4556355773960867,0.0,,,CFBD/team roster,,0.0,,MODELLED_ON_TEAM_RATES,opportunity-differentiated; team receiving rates,0.0,v1.0,2026-08-18T18:11:37+00:00
2026,CFF_MIA,Miami,CFP_0405DE43,Cooper Barkate,WR,337,12.0,0.0,0.0,0.0,0.0,0.0,0.0,0.0,0.0,7.687603821922417,92.33030176882987,0.7287965092242394,17.44961114318963,1.4541342619324693,0.0,,,CFBD/team roster,,0.0,,MODELLED_ON_TEAM_RATES,opportunity-differentiated; team receiving rates,0.0,v1.0,2026-08-18T18:11:37+00:00
2026,CFF_PUR,Purdue,CFP_3F712BCA,De'Nylon Morrissette,WR,338,12.0,0.0,0.0,0.0,0.0,0.0,0.0,0.0,0.0,8.441969424066587,94.23762864954408,0.6286512728346174,17.416655213995405,1.451387934499617,0.0,,,CFBD/team roster,,0.0,,MODELLED_ON_TEAM_RATES,opportunity-differentiated; team receiving rates,0.0,v1.0,2026-08-18T18:11:37+00:00
2026,CFF_PITT,Pitt,CFP_C93BF79E,Censere Lee,WR,339,12.0,0.0,0.0,0.0,0.0,0.0,0.0,0.0,0.0,7.774954009144623,92.52535928271696,0.7121077077662838,17.41265917944171,1.4510549316201427,0.0,,,CFBD/team roster,,0.0,,MODELLED_ON_TEAM_RATES,opportunity-differentiated; team receiving rates,0.0,v1.0,2026-08-18T18:11:37+00:00
2026,CFF_PSU,Penn State,CFP_5E7912BB,Karon Brookins,WR,340,12.0,0.0,0.0,0.0,0.0,0.0,0.0,0.0,0.0,7.841880507466728,94.43427294853278,0.659223643787163,17.31970941130962,1.443309117609135,0.0,,,CFBD/team roster,,0.0,,MODELLED_ON_TEAM_RATES,opportunity-differentiated; team receiving rates,0.0,v1.0,2026-08-18T18:11:37+00:00
2026,CFF_WVU,West Virginia,CFP_CF0983DB,Landon Drumm,WR,341,12.0,0.0,0.0,0.0,0.0,0.0,0.0,0.0,0.0,7.994050372739916,95.18169359302767,0.6116935876751466,17.185356071723604,1.432113005976967,0.0,,,CFBD/team roster,,0.0,,MODELLED_ON_TEAM_RATES,opportunity-differentiated; team receiving rates,0.0,v1.0,2026-08-18T18:11:37+00:00
2026,CFF_RUTG,Rutgers,CFP_E53DA81C,Elias Coke,WR,342,12.0,0.0,0.0,0.0,0.0,0.0,0.0,0.0,0.0,7.9404340426750215,93.55967255484538,0.6337032938571654,17.12840403996504,1.42736700333042,0.0,,,CFBD/team roster,,0.0,,MODELLED_ON_TEAM_RATES,opportunity-differentiated; team receiving rates,0.0,v1.0,2026-08-18T18:11:37+00:00
2026,CFF_OU,Oklahoma,CFP_97527F2B,Jayden Petit,WR,343,12.0,0.0,0.0,0.0,0.0,0.0,0.0,0.0,0.0,8.297970096934245,92.92838045855332,0.612159585385479,17.11478060663533,1.4262317172196106,0.0,,,CFBD/team roster,,0.0,,MODELLED_ON_TEAM_RATES,opportunity-differentiated; team receiving rates,0.0,v1.0,2026-08-18T18:11:37+00:00
2026,CFF_ISU,Iowa State,CFP_5A6E276E,Omari Hayes,WR,344,12.0,0.0,0.0,0.0,0.0,0.0,0.0,0.0,0.0,8.39240227319012,94.47781593270948,0.576794002167389,17.104746742870343,1.425395561905862,0.0,,,CFBD/team roster,,0.0,,MODELLED_ON_TEAM_RATES,opportunity-differentiated; team receiving rates,0.0,v1.0,2026-08-18T18:11:37+00:00
2026,CFF_UCLA,UCLA,CFP_747C155D,Semaj Morgan,WR,345,12.0,0.0,0.0,0.0,0.0,0.0,1.5431033738695283,7.449871443273794,0.054802674642928435,8.017808820791064,84.21481655447698,0.5858055255371818,17.01902241125127,1.4182518676042726,1.07380319218495,,,CFBD/team roster,,0.0,,MODELLED_ON_TEAM_RATES,opportunity-differentiated; team receiving rates,0.0,v1.0,2026-08-18T18:11:37+00:00
2026,CFF_WAKE,Wake Forest,CFP_7AFE4E45,Braxton Winston III,WR,346,12.0,0.0,0.0,0.0,0.0,0.0,0.0,0.0,0.0,8.144819069141898,93.09186765305127,0.6047142063596463,17.00988153803395,1.417490128169496,0.0,,,CFBD/team roster,,0.0,,MODELLED_ON_TEAM_RATES,opportunity-differentiated; team receiving rates,0.0,v1.0,2026-08-18T18:11:37+00:00
2026,CFF_SMU,SMU,CFP_44AD5ECF,X'Zavier Barnett,WR,347,12.0,0.0,0.0,0.0,0.0,0.0,0.0,0.0,0.0,7.532088669369839,92.35295652452062,0.6574979736287346,16.94632782890939,1.412193985742449,0.0,,,CFBD/team roster,,0.0,,MODELLED_ON_TEAM_RATES,opportunity-differentiated; team receiving rates,0.0,v1.0,2026-08-18T18:11:37+00:00
2026,CFF_TTU,Texas Tech,CFP_F46AA068,Tristian Gentry,WR,348,12.0,0.0,0.0,0.0,0.0,0.0,0.0,0.0,0.0,7.575842843698958,90.00168899019445,0.6925437898759238,16.94335306012447,1.4119460883437058,0.0,,,CFBD/team roster,,0.0,,MODELLED_ON_TEAM_RATES,opportunity-differentiated; team receiving rates,0.0,v1.0,2026-08-18T18:11:37+00:00
2026,CFF_IND,Indiana,CFP_56F847E2,Lebron Bond,WR,349,12.0,0.0,0.0,0.0,0.0,0.0,0.0,0.0,0.0,7.01490799163058,87.84159653935615,0.7655622146419964,16.884986937602882,1.4070822448002402,0.0,,,CFBD/team roster,,0.0,,MODELLED_ON_TEAM_RATES,opportunity-differentiated; team receiving rates,0.0,v1.0,2026-08-18T18:11:37+00:00
2026,CFF_SYR,Syracuse,CFP_D61C4CF5,Terrell Wilfong,WR,350,12.0,0.0,0.0,0.0,0.0,0.0,0.0,0.0,0.0,7.712043365306567,91.53403858355821,0.6394283824117366,16.845995835479524,1.4038329862899603,0.0,,,CFBD/team roster,,0.0,,MODELLED_ON_TEAM_RATES,opportunity-differentiated; team receiving rates,0.0,v1.0,2026-08-18T18:11:37+00:00
2026,CFF_NCSU,NC State,CFP_33B27814,Jai Richburg,WR,351,12.0,0.0,0.0,0.0,0.0,0.0,0.0,0.0,0.0,7.706864978197329,89.73671568700614,0.6676219655189024,16.83283585091269,1.4027363209093908,0.0,,,CFBD/team roster,,0.0,,MODELLED_ON_TEAM_RATES,opportunity-differentiated; team receiving rates,0.0,v1.0,2026-08-18T18:11:37+00:00
2026,CFF_NCSU,NC State,CFP_149A7A83,Aiden Smalls,WR,352,12.0,0.0,0.0,0.0,0.0,0.0,0.0,0.0,0.0,7.706864978197329,89.73671568700614,0.6676219655189024,16.83283585091269,1.4027363209093908,0.0,,,CFBD/team roster,,0.0,,MODELLED_ON_TEAM_RATES,opportunity-differentiated; team receiving rates,0.0,v1.0,2026-08-18T18:11:37+00:00
2026,CFF_UCLA,UCLA,CFP_EFD4DA20,Aidan Mizell,WR,353,12.0,0.0,0.0,0.0,0.0,0.0,0.0,0.0,0.0,8.462928626668608,88.8901192006984,0.6183273338812446,16.83044023669161,1.4025366863909676,0.0,,,CFBD/team roster,,0.0,,MODELLED_ON_TEAM_RATES,opportunity-differentiated; team receiving rates,0.0,v1.0,2026-08-18T18:11:37+00:00
2026,CFF_SMU,SMU,CFP_85ACF835,Jakai Anderson,WR,354,12.0,0.0,0.0,0.0,0.0,0.0,0.0,0.0,0.0,7.47217432768167,91.61833073398468,0.6522678761112334,16.811527493906702,1.4009606244922252,0.0,,,CFBD/team roster,,0.0,,MODELLED_ON_TEAM_RATES,opportunity-differentiated; team receiving rates,0.0,v1.0,2026-08-18T18:11:37+00:00
2026,CFF_FLA,Florida,CFP_3661D928,Bailey Stockton,WR,355,12.0,0.0,0.0,0.0,0.0,0.0,0.28130389825939633,1.3587318479015855,0.012392193742115353,7.664092780783419,89.20154780348022,0.628675436434611,16.73448013659025,1.3945400113825208,0.21022634724285066,,,CFBD/team roster,,0.0,,MODELLED_ON_TEAM_RATES,opportunity-differentiated; team receiving rates,0.0,v1.0,2026-08-18T18:11:37+00:00
2026,CFF_TEX,Texas,CFP_10F8DE0A,Kaliq Lockett,WR,356,12.0,0.0,0.0,0.0,0.0,0.0,0.0,0.0,0.0,7.119548206083174,88.82991270238546,0.7133188361164973,16.722678389979116,1.3935565324982597,0.0,,,CFBD/team roster,,0.0,,MODELLED_ON_TEAM_RATES,opportunity-differentiated; team receiving rates,0.0,v1.0,2026-08-18T18:11:37+00:00
2026,CFF_ARK,Arkansas,CFP_7495BB85,Courtney Crutchfield,WR,357,12.0,0.0,0.0,0.0,0.0,0.0,0.0,0.0,0.0,7.381149665385777,93.26870794226326,0.6062155319629823,16.65473881869711,1.3878949015580924,0.0,,,CFBD/team roster,,0.0,,MODELLED_ON_TEAM_RATES,opportunity-differentiated; team receiving rates,0.0,v1.0,2026-08-18T18:11:37+00:00
2026,CFF_ARIZ,Arizona,CFP_AEDDB65B,Jordan Ross,WR,358,12.0,0.0,0.0,0.0,0.0,0.0,0.333131337489335,1.6292999869598173,0.014046523323697423,7.448559972418243,86.96772601249748,0.6638388461625101,16.651294803072098,1.3876079002560082,0.2472091386381663,,,CFBD/team roster,,0.0,,MODELLED_ON_TEAM_RATES,opportunity-differentiated; team receiving rates,0.0,v1.0,2026-08-18T18:11:37+00:00
2026,CFF_SYR,Syracuse,CFP_9F44576C,Julian McFadden,WR,359,12.0,0.0,0.0,0.0,0.0,0.0,0.0,0.0,0.0,7.610784007269929,90.33219394311337,0.6310326687926076,16.624807410701948,1.3854006175584956,0.0,,,CFBD/team roster,,0.0,,MODELLED_ON_TEAM_RATES,opportunity-differentiated; team receiving rates,0.0,v1.0,2026-08-18T18:11:37+00:00
2026,CFF_WAKE,Wake Forest,CFP_D7901B48,Bryce Kania,WR,360,12.0,0.0,0.0,0.0,0.0,0.0,0.0,0.0,0.0,7.959890705074475,90.9782139737101,0.5909841519580571,16.62367166165659,1.3853059718047158,0.0,,,CFBD/team roster,,0.0,,MODELLED_ON_TEAM_RATES,opportunity-differentiated; team receiving rates,0.0,v1.0,2026-08-18T18:11:37+00:00
2026,CFF_WISC,Wisconsin,CFP_1A4FC2FA,Keeyshawn Tabuteau,WR,361,12.0,0.0,0.0,0.0,0.0,0.0,0.0,0.0,0.0,8.013353038041581,90.01187507417863,0.5937994490425487,16.570660720693947,1.3808883933911622,0.0,,,CFBD/team roster,,0.0,,MODELLED_ON_TEAM_RATES,opportunity-differentiated; team receiving rates,0.0,v1.0,2026-08-18T18:11:37+00:00
2026,CFF_WAKE,Wake Forest,CFP_006940D7,Elijah Otieno,WR,362,12.0,0.0,0.0,0.0,0.0,0.0,0.0,0.0,0.0,7.915252824092683,90.46802170628293,0.5876700008956045,16.530448588048262,1.3775373823373551,0.0,,,CFBD/team roster,,0.0,,MODELLED_ON_TEAM_RATES,opportunity-differentiated; team receiving rates,0.0,v1.0,2026-08-18T18:11:37+00:00
2026,CFF_UGA,Georgia,CFP_144BFFA0,CJ Wiley,WR,363,12.0,0.0,0.0,0.0,0.0,0.0,0.0,0.0,0.0,7.7641611432152615,86.8169345347099,0.6589440619708863,16.517438396903938,1.3764531997419949,0.0,,,CFBD/team roster,,0.0,,MODELLED_ON_TEAM_RATES,opportunity-differentiated; team receiving rates,0.0,v1.0,2026-08-18T18:11:37+00:00
2026,CFF_STAN,Stanford,CFP_4DE2F643,Dre Pollard,WR,364,12.0,0.0,0.0,0.0,0.0,0.0,0.0,0.0,0.0,7.770378942676792,89.19390795719664,0.617297460319541,16.508365028975305,1.375697085747942,0.0,,,CFBD/team roster,,0.0,,MODELLED_ON_TEAM_RATES,opportunity-differentiated; team receiving rates,0.0,v1.0,2026-08-18T18:11:37+00:00
2026,CFF_KU,Kansas,CFP_CB7B8D26,Nik McMillan,WR,365,12.0,0.0,0.0,0.0,0.0,0.0,0.0,0.0,0.0,7.794823156974243,85.94676009062509,0.6615600688553581,16.46144800068178,1.3717873333901485,0.0,,,CFBD/team roster,,0.0,,MODELLED_ON_TEAM_RATES,opportunity-differentiated; team receiving rates,0.0,v1.0,2026-08-18T18:11:37+00:00
2026,CFF_MIA,Miami,CFP_9230516D,Vance Spafford,WR,366,12.0,0.0,0.0,0.0,0.0,0.0,0.0,0.0,0.0,7.2138990724464245,86.64097340571593,0.6838885800673602,16.374378357198967,1.3645315297665805,0.0,,,CFBD/team roster,,0.0,,MODELLED_ON_TEAM_RATES,opportunity-differentiated; team receiving rates,0.0,v1.0,2026-08-18T18:11:37+00:00
2026,CFF_SYR,Syracuse,CFP_C205C38F,BJ Garrett,WR,367,12.0,0.0,0.0,0.0,0.0,0.0,0.0,0.0,0.0,7.480126771093621,88.78142666512001,0.6201994899292151,16.339402991634103,1.3616169159695086,0.0,,,CFBD/team roster,,0.0,,MODELLED_ON_TEAM_RATES,opportunity-differentiated; team receiving rates,0.0,v1.0,2026-08-18T18:11:37+00:00
2026,CFF_TCU,TCU,CFP_EF18B1B7,Dane Jones,WR,368,12.0,0.0,0.0,0.0,0.0,0.0,0.0,0.0,0.0,7.281785794220613,88.09703574073387,0.6397109919387616,16.288862422816262,1.3574052019013552,0.0,,,CFBD/team roster,,0.0,,MODELLED_ON_TEAM_RATES,opportunity-differentiated; team receiving rates,0.0,v1.0,2026-08-18T18:11:37+00:00
2026,CFF_TAMU,Texas A&M,CFP_8841D5D9,Aaron Gregory,WR,369,12.0,0.0,0.0,0.0,0.0,0.0,0.0,0.0,0.0,6.863007595493381,89.54159882340602,0.6468039141594073,16.266487165043735,1.3555405970869778,0.0,,,CFBD/team roster,,0.0,,MODELLED_ON_TEAM_RATES,opportunity-differentiated; team receiving rates,0.0,v1.0,2026-08-18T18:11:37+00:00
2026,CFF_VT,Virginia Tech,CFP_D5D88109,Davion Brown,WR,370,12.0,0.0,0.0,0.0,0.0,0.0,0.0,0.0,0.0,7.599747930466343,87.42070343486422,0.5990591175061387,16.136299013756425,1.344691584479702,0.0,,,CFBD/team roster,,0.0,,MODELLED_ON_TEAM_RATES,opportunity-differentiated; team receiving rates,0.0,v1.0,2026-08-18T18:11:37+00:00
2026,CFF_CIN,Cincinnati,CFP_5CC7916E,Taizaun Burns,WR,371,12.0,0.0,0.0,0.0,0.0,0.0,0.0,0.0,0.0,7.2675105023220326,86.32267639384038,0.6388719566185216,16.099254630256183,1.3416045525213487,0.0,,,CFBD/team roster,,0.0,,MODELLED_ON_TEAM_RATES,opportunity-differentiated; team receiving rates,0.0,v1.0,2026-08-18T18:11:37+00:00
2026,CFF_UK,Kentucky,CFP_99E96CE6,Prince Jean,WR,372,12.0,0.0,0.0,0.0,0.0,0.0,0.0,0.0,0.0,7.338696871750706,86.62757758309937,0.5982015573175091,15.921315538090344,1.326776294840862,0.0,,,CFBD/team roster,,0.0,,MODELLED_ON_TEAM_RATES,opportunity-differentiated; team receiving rates,0.0,v1.0,2026-08-18T18:11:37+00:00
2026,CFF_TCU,TCU,CFP_C8231605,Khamill Pruitt,WR,373,12.0,0.0,0.0,0.0,0.0,0.0,0.0,0.0,0.0,7.091153247508253,85.79071106219212,0.6229637627563316,15.862430306511328,1.3218691922092773,0.0,,,CFBD/team roster,,0.0,,MODELLED_ON_TEAM_RATES,opportunity-differentiated; team receiving rates,0.0,v1.0,2026-08-18T18:11:37+00:00
2026,CFF_TCU,TCU,CFP_5E5C8D8C,James Scott,WR,374,12.0,0.0,0.0,0.0,0.0,0.0,0.0,0.0,0.0,7.091153247508253,85.79071106219212,0.6229637627563316,15.862430306511328,1.3218691922092773,0.0,,,CFBD/team roster,,0.0,,MODELLED_ON_TEAM_RATES,opportunity-differentiated; team receiving rates,0.0,v1.0,2026-08-18T18:11:37+00:00
2026,CFF_BYU,BYU,CFP_A25900C1,Fisher Ingersoll,WR,375,12.0,0.0,0.0,0.0,0.0,0.0,0.0,0.0,0.0,7.2097367868698665,89.08323660813862,0.5422002999474127,15.76639385393327,1.3138661544944392,0.0,,,CFBD/team roster,,0.0,,MODELLED_ON_TEAM_RATES,opportunity-differentiated; team receiving rates,0.0,v1.0,2026-08-18T18:11:37+00:00
2026,CFF_PUR,Purdue,CFP_7151FB14,Jojo Johnson,WR,376,12.0,0.0,0.0,0.0,0.0,0.0,0.0,0.0,0.0,7.640210182206013,85.28759745357694,0.5689463695610194,15.762543053826814,1.313545254485568,0.0,,,CFBD/team roster,,0.0,,MODELLED_ON_TEAM_RATES,opportunity-differentiated; team receiving rates,0.0,v1.0,2026-08-18T18:11:37+00:00
2026,CFF_ALA,Alabama,CFP_739DC406,Noah Rogers,WR,377,12.0,0.0,0.0,0.0,0.0,0.0,0.0,0.0,0.0,7.031518584507762,85.70870647751615,0.5919226655602794,15.638165933367173,1.3031804944472645,0.0,,,CFBD/team roster,,0.0,,MODELLED_ON_TEAM_RATES,opportunity-differentiated; team receiving rates,0.0,v1.0,2026-08-18T18:11:37+00:00
2026,CFF_TCU,TCU,CFP_18EE0BC8,Braylon James,WR,378,12.0,0.0,0.0,0.0,0.0,0.0,0.0,0.0,0.0,6.987343444843106,84.53479168278817,0.6138439844886716,15.630214797632398,1.3025178998026998,0.0,,,CFBD/team roster,,0.0,,MODELLED_ON_TEAM_RATES,opportunity-differentiated; team receiving rates,0.0,v1.0,2026-08-18T18:11:37+00:00
2026,CFF_MICH,Michigan,CFP_8FB68C46,Travis Johnson,WR,379,12.0,0.0,0.0,0.0,0.0,0.0,0.0,0.0,0.0,7.669729481734218,85.8384983972998,0.5331248297856944,15.617463559311256,1.3014552966092714,0.0,,,CFBD/team roster,,0.0,,MODELLED_ON_TEAM_RATES,opportunity-differentiated; team receiving rates,0.0,v1.0,2026-08-18T18:11:37+00:00
2026,CFF_TCU,TCU,CFP_BA88C19C,Cooper Reid,WR,380,12.0,0.0,0.0,0.0,0.0,0.0,0.0,0.0,0.0,6.976018739097818,84.39778229594411,0.6128490995867452,15.604882196663791,1.3004068497219825,0.0,,,CFBD/team roster,,0.0,,MODELLED_ON_TEAM_RATES,opportunity-differentiated; team receiving rates,0.0,v1.0,2026-08-18T18:11:37+00:00
2026,CFF_WVU,West Virginia,CFP_22D8AD23,Greg Wilfred,WR,381,12.0,0.0,0.0,0.0,0.0,0.0,0.0,0.0,0.0,7.227374039442004,86.05321072909288,0.5530285836992097,15.537179594825549,1.2947649662354623,0.0,,,CFBD/team roster,,0.0,,MODELLED_ON_TEAM_RATES,opportunity-differentiated; team receiving rates,0.0,v1.0,2026-08-18T18:11:37+00:00
2026,CFF_UK,Kentucky,CFP_5B0C5282,Denairius Gray,WR,382,12.0,0.0,0.0,0.0,0.0,0.0,0.0,0.0,0.0,7.152072266790315,84.42462006521174,0.5829891658981537,15.516433135305252,1.2930360946087711,0.0,,,CFBD/team roster,,0.0,,MODELLED_ON_TEAM_RATES,opportunity-differentiated; team receiving rates,0.0,v1.0,2026-08-18T18:11:37+00:00
2026,CFF_TCU,TCU,CFP_3431F4E4,Ace Theus,WR,383,12.0,0.0,0.0,0.0,0.0,0.0,0.0,0.0,0.0,6.919395210371374,83.71273536172377,0.6078746750771123,15.47821919182074,1.289851599318395,0.0,,,CFBD/team roster,,0.0,,MODELLED_ON_TEAM_RATES,opportunity-differentiated; team receiving rates,0.0,v1.0,2026-08-18T18:11:37+00:00
2026,CFF_UGA,Georgia,CFP_77EC8418,Talyn Taylor,WR,384,12.0,0.0,0.0,0.0,0.0,0.0,0.0,0.0,0.0,7.266252588313166,81.24944390463955,0.6166865817865722,15.458190175339972,1.2881825146116643,0.0,,,CFBD/team roster,,0.0,,MODELLED_ON_TEAM_RATES,opportunity-differentiated; team receiving rates,0.0,v1.0,2026-08-18T18:11:37+00:00
2026,CFF_VT,Virginia Tech,CFP_AF25CE5B,Jeff Exinor Jr.,WR,385,12.0,0.0,0.0,0.0,0.0,0.0,0.0,0.0,0.0,7.2789434326737315,83.73045540049586,0.5737713236084996,15.455145198037448,1.2879287665031207,0.0,,,CFBD/team roster,,0.0,,MODELLED_ON_TEAM_RATES,opportunity-differentiated; team receiving rates,0.0,v1.0,2026-08-18T18:11:37+00:00
2026,CFF_UCLA,UCLA,CFP_3D1C62FA,Shane Rosenthal,WR,386,12.0,0.0,0.0,0.0,0.0,0.0,0.0,0.0,0.0,7.728127677283457,81.17215927677735,0.5646405391545378,15.36912300124669,1.2807602501038908,0.0,,,CFBD/team roster,,0.0,,MODELLED_ON_TEAM_RATES,opportunity-differentiated; team receiving rates,0.0,v1.0,2026-08-18T18:11:37+00:00
2026,CFF_BC,Boston College,CFP_E691654D,VJ Wilkins,WR,387,12.0,0.0,0.0,0.0,0.0,0.0,0.0,0.0,0.0,6.904299880586859,82.68140874513098,0.6050632338944594,15.350670218173283,1.279222518181107,0.0,,,CFBD/team roster,,0.0,,MODELLED_ON_TEAM_RATES,opportunity-differentiated; team receiving rates,0.0,v1.0,2026-08-18T18:11:37+00:00
2026,CFF_CLEM,Clemson,CFP_334EC8D7,Gordon Sellars III,WR,388,12.0,0.0,0.0,0.0,0.0,0.0,0.0,0.0,0.0,7.005622635958331,81.79483459524862,0.6085888353809515,15.333827789789737,1.2778189824824782,0.0,,,CFBD/team roster,,0.0,,MODELLED_ON_TEAM_RATES,opportunity-differentiated; team receiving rates,0.0,v1.0,2026-08-18T18:11:37+00:00
2026,CFF_UTAH,Utah,CFP_3676BA94,Bryson Baker,WR,389,12.0,0.0,0.0,0.0,0.0,0.0,0.0,0.0,0.0,6.672496378866956,79.46100556115513,0.6678721455808604,15.289581619034154,1.2741318015861796,0.0,,,CFBD/team roster,,0.0,,MODELLED_ON_TEAM_RATES,opportunity-differentiated; team receiving rates,0.0,v1.0,2026-08-18T18:11:37+00:00
2026,CFF_TEX,Texas,CFP_948327E4,Kohen Brown,WR,390,12.0,0.0,0.0,0.0,0.0,0.0,0.0,0.0,0.0,6.501704960530868,81.12114242967685,0.6514161405994918,15.27146356683007,1.2726219639025058,0.0,,,CFBD/team roster,,0.0,,MODELLED_ON_TEAM_RATES,opportunity-differentiated; team receiving rates,0.0,v1.0,2026-08-18T18:11:37+00:00
2026,CFF_MIA,Miami,CFP_8CFCAEF2,Daylyn Upshaw,WR,391,12.0,0.0,0.0,0.0,0.0,0.0,0.0,0.0,0.0,6.712653349163688,80.62087013776977,0.6363697247967088,15.236632037139074,1.2697193364282562,0.0,,,CFBD/team roster,,0.0,,MODELLED_ON_TEAM_RATES,opportunity-differentiated; team receiving rates,0.0,v1.0,2026-08-18T18:11:37+00:00
2026,CFF_SYR,Syracuse,CFP_56925611,Phoenix Henriquez,WR,392,12.0,0.0,0.0,0.0,0.0,0.0,0.0,0.0,0.0,6.954231395483982,82.53958837119671,0.5765959450040606,15.190650204886026,1.2658875170738355,0.0,,,CFBD/team roster,,0.0,,MODELLED_ON_TEAM_RATES,opportunity-differentiated; team receiving rates,0.0,v1.0,2026-08-18T18:11:37+00:00
2026,CFF_WVU,West Virginia,CFP_C92230FC,Malachi Thompson,WR,393,12.0,0.0,0.0,0.0,0.0,0.0,0.0,0.0,0.0,7.021208975025758,83.59849264803478,0.5372531204451763,15.093972474987414,1.2578310395822845,0.0,,,CFBD/team roster,,0.0,,MODELLED_ON_TEAM_RATES,opportunity-differentiated; team receiving rates,0.0,v1.0,2026-08-18T18:11:37+00:00
2026,CFF_GT,Georgia Tech,CFP_FE3F6B02,Debron Gatling,WR,394,12.0,0.0,0.0,0.0,0.0,0.0,0.0,0.0,0.0,7.086586903712507,83.58294554741241,0.5276351213562978,15.067398734735281,1.2556165612279402,0.0,,,CFBD/team roster,,0.0,,MODELLED_ON_TEAM_RATES,opportunity-differentiated; team receiving rates,0.0,v1.0,2026-08-18T18:11:37+00:00
2026,CFF_MD,Maryland,CFP_6B243B54,Zymear Smith,WR,395,12.0,0.0,0.0,0.0,0.0,0.0,0.0,0.0,0.0,7.327883868158089,80.55978126432235,0.5433119078058019,14.979791507346091,1.2483159589455075,0.0,,,CFBD/team roster,,0.0,,MODELLED_ON_TEAM_RATES,opportunity-differentiated; team receiving rates,0.0,v1.0,2026-08-18T18:11:37+00:00
2026,CFF_OU,Oklahoma,CFP_79F2ECD7,Jahsiear Rogers,WR,396,12.0,0.0,0.0,0.0,0.0,0.0,0.0,0.0,0.0,7.26147929458594,81.32079324177117,0.535695369148327,14.97699118636005,1.2480825988633375,0.0,,,CFBD/team roster,,0.0,,MODELLED_ON_TEAM_RATES,opportunity-differentiated; team receiving rates,0.0,v1.0,2026-08-18T18:11:37+00:00
2026,CFF_UNC,North Carolina,CFP_CCA301E0,Nathan Leacock,WR,397,12.0,0.0,0.0,0.0,0.0,0.0,0.6710995246799533,3.164034662310993,0.03046460310144423,6.819378272923162,78.76279754789869,0.529165064501904,14.960150363102638,1.2466791969252198,0.4991910848397647,,,CFBD/team roster,,0.0,,MODELLED_ON_TEAM_RATES,opportunity-differentiated; team receiving rates,0.0,v1.0,2026-08-18T18:11:37+00:00
2026,CFF_KSU,Kansas State,CFP_5764DA60,Max Lovett,WR,398,12.0,0.0,0.0,0.0,0.0,0.0,0.0,0.0,0.0,6.670719236411343,79.10851891703302,0.616424796947571,14.9447602915944,1.2453966909662,0.0,,,CFBD/team roster,,0.0,,MODELLED_ON_TEAM_RATES,opportunity-differentiated; team receiving rates,0.0,v1.0,2026-08-18T18:11:37+00:00
2026,CFF_ND,Notre Dame,CFP_1805C5AB,Jaden Greathouse,WR,399,12.0,0.0,0.0,0.0,0.0,0.0,0.0,0.0,0.0,6.391314568677782,80.68951379816048,0.606603530594583,14.904229847722435,1.2420191539768697,0.0,,,CFBD/team roster,,0.0,,MODELLED_ON_TEAM_RATES,opportunity-differentiated; team receiving rates,0.0,v1.0,2026-08-18T18:11:37+00:00
2026,CFF_CLEM,Clemson,CFP_4DE6F3D5,Connor Salmin,WR,400,12.0,0.0,0.0,0.0,0.0,0.0,0.0,0.0,0.0,6.801981386223751,79.41720119927979,0.590898217793963,14.888100119803632,1.240675009983636,0.0,,,CFBD/team roster,,0.0,,MODELLED_ON_TEAM_RATES,opportunity-differentiated; team receiving rates,0.0,v1.0,2026-08-18T18:11:37+00:00
2026,CFF_MIA,Miami,CFP_8B158CA0,Vandrevius Jacobs,WR,401,12.0,0.0,0.0,0.0,0.0,0.0,0.0,0.0,0.0,6.521702597436931,78.32749746426649,0.6182673037412226,14.80320486759245,1.2336004056327041,0.0,,,CFBD/team roster,,0.0,,MODELLED_ON_TEAM_RATES,opportunity-differentiated; team receiving rates,0.0,v1.0,2026-08-18T18:11:37+00:00
2026,CFF_WVU,West Virginia,CFP_2AD15549,Charlie Hanafin,WR,402,12.0,0.0,0.0,0.0,0.0,0.0,0.0,0.0,0.0,6.876893429934387,81.88018999129413,0.5262102961673529,14.783727491100725,1.2319772909250604,0.0,,,CFBD/team roster,,0.0,,MODELLED_ON_TEAM_RATES,opportunity-differentiated; team receiving rates,0.0,v1.0,2026-08-18T18:11:37+00:00
2026,CFF_TENN,Tennessee,CFP_424A6BB3,Tyreek King,WR,403,12.0,0.0,0.0,0.0,0.0,0.0,0.0,0.0,0.0,6.620514847593755,80.32366848278599,0.5692101445727475,14.757885139511963,1.2298237616259968,0.0,,,CFBD/team roster,,0.0,,MODELLED_ON_TEAM_RATES,opportunity-differentiated; team receiving rates,0.0,v1.0,2026-08-18T18:11:37+00:00
2026,CFF_PUR,Purdue,CFP_D1E4B501,Brandon Kinsey,WR,404,12.0,0.0,0.0,0.0,0.0,0.0,0.0,0.0,0.0,7.113299135157321,79.40569418091644,0.5297086889016387,14.675471119080136,1.2229559265900114,0.0,,,CFBD/team roster,,0.0,,MODELLED_ON_TEAM_RATES,opportunity-differentiated; team receiving rates,0.0,v1.0,2026-08-18T18:11:37+00:00
2026,CFF_WISC,Wisconsin,CFP_C3DFBC97,Jackson McGohan,WR,405,12.0,0.0,0.0,0.0,0.0,0.0,0.0,0.0,0.0,7.0945134003414205,79.69079246503361,0.5257122865233551,14.670609665814201,1.2225508054845167,0.0,,,CFBD/team roster,,0.0,,MODELLED_ON_TEAM_RATES,opportunity-differentiated; team receiving rates,0.0,v1.0,2026-08-18T18:11:37+00:00
2026,CFF_WAKE,Wake Forest,CFP_A90C3064,Ny Carr,WR,406,12.0,0.0,0.0,0.0,0.0,0.0,0.0,0.0,0.0,7.019306784386724,80.22773405292321,0.521150254570664,14.659328324909668,1.2216106937424722,0.0,,,CFBD/team roster,,0.0,,MODELLED_ON_TEAM_RATES,opportunity-differentiated; team receiving rates,0.0,v1.0,2026-08-18T18:11:37+00:00
2026,CFF_VAN,Vanderbilt,CFP_C3BD2937,Owen Cabell,WR,407,12.0,0.0,0.0,0.0,0.0,0.0,0.0,0.0,0.0,6.342186222200497,78.18602100886089,0.6024420517786993,14.604347522658532,1.2170289602215443,0.0,,,CFBD/team roster,,0.0,,MODELLED_ON_TEAM_RATES,opportunity-differentiated; team receiving rates,0.0,v1.0,2026-08-18T18:11:37+00:00
2026,CFF_CIN,Cincinnati,CFP_EBA04B9D,Malachi Henry,WR,408,12.0,0.0,0.0,0.0,0.0,0.0,0.0,0.0,0.0,6.587951078728285,78.25094561415662,0.579133280155491,14.593869781712751,1.2161558151427292,0.0,,,CFBD/team roster,,0.0,,MODELLED_ON_TEAM_RATES,opportunity-differentiated; team receiving rates,0.0,v1.0,2026-08-18T18:11:37+00:00
2026,CFF_KSU,Kansas State,CFP_51A22028,Josh Manning,WR,409,12.0,0.0,0.0,0.0,0.0,0.0,0.5853398712024168,3.6310386125092533,0.029261194706221474,6.25332640706311,74.15862860294268,0.5778545497283564,14.548324391684217,1.2123603659736848,0.5386710294882542,,,CFBD/team roster,,0.0,,MODELLED_ON_TEAM_RATES,opportunity-differentiated; team receiving rates,0.0,v1.0,2026-08-18T18:11:37+00:00
2026,CFF_ND,Notre Dame,CFP_CF9F3428,Devin Fitzgerald,WR,410,12.0,0.0,0.0,0.0,0.0,0.0,0.0,0.0,0.0,6.234678412946511,78.71200273789923,0.5917370983349347,14.538962070272786,1.2115801725227322,0.0,,,CFBD/team roster,,0.0,,MODELLED_ON_TEAM_RATES,opportunity-differentiated; team receiving rates,0.0,v1.0,2026-08-18T18:11:37+00:00
2026,CFF_ND,Notre Dame,CFP_0A3E1E24,Bubba Frazier,WR,411,12.0,0.0,0.0,0.0,0.0,0.0,0.0,0.0,0.0,6.2081062079563845,78.3765321116049,0.5892151142908872,14.476997000884005,1.2064164167403337,0.0,,,CFBD/team roster,,0.0,,MODELLED_ON_TEAM_RATES,opportunity-differentiated; team receiving rates,0.0,v1.0,2026-08-18T18:11:37+00:00
2026,CFF_TAMU,Texas A&M,CFP_842F5A7B,Jayden Warren,WR,412,12.0,0.0,0.0,0.0,0.0,0.0,0.0,0.0,0.0,6.106887700476785,79.67650930399034,0.5755434207291394,14.474355305012264,1.2061962754176887,0.0,,,CFBD/team roster,,0.0,,MODELLED_ON_TEAM_RATES,opportunity-differentiated; team receiving rates,0.0,v1.0,2026-08-18T18:11:37+00:00
2026,CFF_UK,Kentucky,CFP_381FD5FE,Davis McCray,WR,413,12.0,0.0,0.0,0.0,0.0,0.0,0.0,0.0,0.0,6.660954885315602,78.62736343919171,0.5429565568998501,14.450953127976074,1.2042460939980062,0.0,,,CFBD/team roster,,0.0,,MODELLED_ON_TEAM_RATES,opportunity-differentiated; team receiving rates,0.0,v1.0,2026-08-18T18:11:37+00:00
2026,CFF_UTAH,Utah,CFP_4CA94CFE,Daidren Zipperer,WR,414,12.0,0.0,0.0,0.0,0.0,0.0,0.0,0.0,0.0,6.304894250525887,75.08332843615649,0.6310776374635055,14.447245793659627,1.2039371494716355,0.0,,,CFBD/team roster,,0.0,,MODELLED_ON_TEAM_RATES,opportunity-differentiated; team receiving rates,0.0,v1.0,2026-08-18T18:11:37+00:00
2026,CFF_WASH,Washington,CFP_A7AE3741,Deji Ajose,WR,415,12.0,0.0,0.0,0.0,0.0,0.0,0.0,0.0,0.0,6.460521641170409,77.91409481788726,0.5665156202004319,14.420764023576522,1.2017303352980435,0.0,,,CFBD/team roster,,0.0,,MODELLED_ON_TEAM_RATES,opportunity-differentiated; team receiving rates,0.0,v1.0,2026-08-18T18:11:37+00:00
2026,CFF_TEX,Texas,CFP_60AF3610,Chris Stewart,WR,416,12.0,0.0,0.0,0.0,0.0,0.0,0.0,0.0,0.0,6.136135118419235,76.55996295291528,0.6147891178241486,14.412798561446035,1.2010665467871695,0.0,,,CFBD/team roster,,0.0,,MODELLED_ON_TEAM_RATES,opportunity-differentiated; team receiving rates,0.0,v1.0,2026-08-18T18:11:37+00:00
2026,CFF_KU,Kansas,CFP_ECAF7E8B,Nate Sims,WR,417,12.0,0.0,0.0,0.0,0.0,0.0,0.0,0.0,0.0,6.824343728865235,75.24612443785301,0.5791938080238904,14.41194715636126,1.2009955963634382,0.0,,,CFBD/team roster,,0.0,,MODELLED_ON_TEAM_RATES,opportunity-differentiated; team receiving rates,0.0,v1.0,2026-08-18T18:11:37+00:00
2026,CFF_UVA,Virginia,CFP_44F59C26,Isaiah Robinson,WR,418,12.0,0.0,0.0,0.0,0.0,0.0,0.0,0.0,0.0,7.035045905373149,78.7672548978542,0.4980631889938295,14.382627576434972,1.1985522980362477,0.0,,,CFBD/team roster,,0.0,,MODELLED_ON_TEAM_RATES,opportunity-differentiated; team receiving rates,0.0,v1.0,2026-08-18T18:11:37+00:00
2026,CFF_UVA,Virginia,CFP_248B0B3A,Dillon Newton-Short,WR,419,12.0,0.0,0.0,0.0,0.0,0.0,0.0,0.0,0.0,7.0193854024920315,78.59191349442094,0.4969544655951294,14.350610844258886,1.1958842370215739,0.0,,,CFBD/team roster,,0.0,,MODELLED_ON_TEAM_RATES,opportunity-differentiated; team receiving rates,0.0,v1.0,2026-08-18T18:11:37+00:00
2026,CFF_SC,South Carolina,CFP_D1B0EFE7,Jordon Gidron,WR,420,12.0,0.0,0.0,0.0,0.0,0.0,0.0,0.0,0.0,6.383108768115059,81.32873222158081,0.4992235353021813,14.319768818028697,1.1933140681690582,0.0,,,CFBD/team roster,,0.0,,MODELLED_ON_TEAM_RATES,opportunity-differentiated; team receiving rates,0.0,v1.0,2026-08-18T18:11:37+00:00
2026,CFF_UK,Kentucky,CFP_A3607CC2,Ashton Cozart,WR,421,12.0,0.0,0.0,0.0,0.0,0.0,0.0,0.0,0.0,6.5978112219831395,77.88200187298914,0.5378095071714968,14.313962841319464,1.192830236776622,0.0,,,CFBD/team roster,,0.0,,MODELLED_ON_TEAM_RATES,opportunity-differentiated; team receiving rates,0.0,v1.0,2026-08-18T18:11:37+00:00
2026,CFF_TTU,Texas Tech,CFP_04233F2C,Leyton Stone,WR,422,12.0,0.0,0.0,0.0,0.0,0.0,0.0,0.0,0.0,6.399828431371469,76.03053283371243,0.5850387247808392,14.313199847742013,1.1927666539785011,0.0,,,CFBD/team roster,,0.0,,MODELLED_ON_TEAM_RATES,opportunity-differentiated; team receiving rates,0.0,v1.0,2026-08-18T18:11:37+00:00
2026,CFF_WASH,Washington,CFP_25023997,Christian Moss,WR,423,12.0,0.0,0.0,0.0,0.0,0.0,0.0,0.0,0.0,6.340437595795495,76.4658774420901,0.5559855900851823,14.152720082617853,1.1793933402181545,0.0,,,CFBD/team roster,,0.0,,MODELLED_ON_TEAM_RATES,opportunity-differentiated; team receiving rates,0.0,v1.0,2026-08-18T18:11:37+00:00
2026,CFF_WISC,Wisconsin,CFP_4022506E,Zion Legree,WR,424,12.0,0.0,0.0,0.0,0.0,0.0,0.0,0.0,0.0,6.839474261360007,76.82600527694393,0.5068135684096626,14.143219068832371,1.1786015890693642,0.0,,,CFBD/team roster,,0.0,,MODELLED_ON_TEAM_RATES,opportunity-differentiated; team receiving rates,0.0,v1.0,2026-08-18T18:11:37+00:00
2026,CFF_ALA,Alabama,CFP_84B4A949,Maurice Mathis Jr.,WR,425,12.0,0.0,0.0,0.0,0.0,0.0,0.0,0.0,0.0,6.351835600396262,77.4239030338724,0.5347060403240669,14.126544345529773,1.1772120287941477,0.0,,,CFBD/team roster,,0.0,,MODELLED_ON_TEAM_RATES,opportunity-differentiated; team receiving rates,0.0,v1.0,2026-08-18T18:11:37+00:00
2026,CFF_VT,Virginia Tech,CFP_8F1C6440,Que'Sean Brown,WR,426,12.0,0.0,0.0,0.0,0.0,0.0,0.7853211814615435,4.0870608425468165,0.03914119624109576,6.342802721442706,72.96192988641232,0.4999789250365098,14.1110211612829,1.1759184301069083,0.6435532617012562,,,CFBD/team roster,,0.0,,MODELLED_ON_TEAM_RATES,opportunity-differentiated; team receiving rates,0.0,v1.0,2026-08-18T18:11:37+00:00
2026,CFF_STAN,Stanford,CFP_55A5A37A,Langdon Horace,WR,427,12.0,0.0,0.0,0.0,0.0,0.0,0.0,0.0,0.0,6.610690967546177,75.88218876358482,0.525169078024117,14.044578828276272,1.1703815690230226,0.0,,,CFBD/team roster,,0.0,,MODELLED_ON_TEAM_RATES,opportunity-differentiated; team receiving rates,0.0,v1.0,2026-08-18T18:11:37+00:00
2026,CFF_KU,Kansas,CFP_1D7CD220,Tyren Parker,WR,428,12.0,0.0,0.0,0.0,0.0,0.0,0.0,0.0,0.0,6.649685602471161,73.32032063387081,0.5643702719671387,14.043096496425491,1.1702580413687909,0.0,,,CFBD/team roster,,0.0,,MODELLED_ON_TEAM_RATES,opportunity-differentiated; team receiving rates,0.0,v1.0,2026-08-18T18:11:37+00:00
2026,CFF_OU,Oklahoma,CFP_D160EDD5,Daniel Odom,WR,429,12.0,0.0,0.0,0.0,0.0,0.0,0.0,0.0,0.0,6.802159755352871,76.17690619526712,0.501810352040318,14.029632609445056,1.169136050787088,0.0,,,CFBD/team roster,,0.0,,MODELLED_ON_TEAM_RATES,opportunity-differentiated; team receiving rates,0.0,v1.0,2026-08-18T18:11:37+00:00
2026,CFF_STAN,Stanford,CFP_765399C5,Daylen Sharper,WR,430,12.0,0.0,0.0,0.0,0.0,0.0,0.0,0.0,0.0,6.502703828161544,74.64263596417966,0.5165903217779845,13.815157441166644,1.1512631200972203,0.0,,,CFBD/team roster,,0.0,,MODELLED_ON_TEAM_RATES,opportunity-differentiated; team receiving rates,0.0,v1.0,2026-08-18T18:11:37+00:00
2026,CFF_MIZ,Missouri,CFP_3233E4E7,Naeshaun Montgomery,WR,431,12.0,0.0,0.0,0.0,0.0,0.0,0.0,0.0,0.0,6.66260145593377,75.47330195693796,0.4875040180117629,13.803655031731259,1.1503045859776049,0.0,,,CFBD/team roster,,0.0,,MODELLED_ON_TEAM_RATES,opportunity-differentiated; team receiving rates,0.0,v1.0,2026-08-18T18:11:37+00:00
2026,CFF_KSU,Kansas State,CFP_710EA4F3,Larry Porter IV,WR,432,12.0,0.0,0.0,0.0,0.0,0.0,0.0,0.0,0.0,6.124703843336463,72.63328475992994,0.5659688542106526,13.72149352292514,1.143457793577095,0.0,,,CFBD/team roster,,0.0,,MODELLED_ON_TEAM_RATES,opportunity-differentiated; team receiving rates,0.0,v1.0,2026-08-18T18:11:37+00:00
2026,CFF_MINN,Minnesota,CFP_B52188C3,Quayd Hendryx,WR,433,12.0,0.0,0.0,0.0,0.0,0.0,0.0,0.0,0.0,6.753780111742049,70.60905030903797,0.5319937767244258,13.629757747121376,1.135813145593448,0.0,,,CFBD/team roster,,0.0,,MODELLED_ON_TEAM_RATES,opportunity-differentiated; team receiving rates,0.0,v1.0,2026-08-18T18:11:37+00:00
2026,CFF_OU,Oklahoma,CFP_8A78D05D,Xavier Okwufulueze,WR,434,12.0,0.0,0.0,0.0,0.0,0.0,0.0,0.0,0.0,6.601207456938404,73.9264556124216,0.48698565705556407,13.615163232044747,1.134596936003729,0.0,,,CFBD/team roster,,0.0,,MODELLED_ON_TEAM_RATES,opportunity-differentiated; team receiving rates,0.0,v1.0,2026-08-18T18:11:37+00:00
2026,CFF_KU,Kansas,CFP_08303AEB,Bryson Hayes,WR,435,12.0,0.0,0.0,0.0,0.0,0.0,0.0,0.0,0.0,6.418686144982224,70.77328979634595,0.5447649500856282,13.555261752639478,1.1296051460532899,0.0,,,CFBD/team roster,,0.0,,MODELLED_ON_TEAM_RATES,opportunity-differentiated; team receiving rates,0.0,v1.0,2026-08-18T18:11:37+00:00
2026,CFF_VAN,Vanderbilt,CFP_479DF492,Kahden Smith,WR,436,12.0,0.0,0.0,0.0,0.0,0.0,0.0,0.0,0.0,5.883011939713181,72.52535308781935,0.5588252472299214,13.546992762018055,1.1289160635015045,0.0,,,CFBD/team roster,,0.0,,MODELLED_ON_TEAM_RATES,opportunity-differentiated; team receiving rates,0.0,v1.0,2026-08-18T18:11:37+00:00
2026,CFF_UNC,North Carolina,CFP_C8441B6B,C.J. Sadler,WR,437,12.0,0.0,0.0,0.0,0.0,0.0,0.0,0.0,0.0,6.385651222079426,73.75331508051698,0.4955090340471564,13.541211323374348,1.1284342769478624,0.0,,,CFBD/team roster,,0.0,,MODELLED_ON_TEAM_RATES,opportunity-differentiated; team receiving rates,0.0,v1.0,2026-08-18T18:11:37+00:00
2026,CFF_MIA,Miami,CFP_6AB89286,Tyran Evans,WR,438,12.0,0.0,0.0,0.0,0.0,0.0,0.0,0.0,0.0,5.954358537018009,71.51353442472303,0.5644822257975183,13.515426065766418,1.1262855054805347,0.0,,,CFBD/team roster,,0.0,,MODELLED_ON_TEAM_RATES,opportunity-differentiated; team receiving rates,0.0,v1.0,2026-08-18T18:11:37+00:00
2026,CFF_TAMU,Texas A&M,CFP_B8EC829B,Madden Williams,WR,439,12.0,0.0,0.0,0.0,0.0,0.0,0.0,0.0,0.0,5.681570259529949,74.12739644931901,0.5354593931746137,13.466281133744557,1.122190094478713,0.0,,,CFBD/team roster,,0.0,,MODELLED_ON_TEAM_RATES,opportunity-differentiated; team receiving rates,0.0,v1.0,2026-08-18T18:11:37+00:00
2026,CFF_SC,South Carolina,CFP_A0F574B3,Sequel Patterson,WR,440,12.0,0.0,0.0,0.0,0.0,0.0,0.0,0.0,0.0,5.992009576361372,76.34564285341936,0.4686356308415218,13.442382858571753,1.1201985715476461,0.0,,,CFBD/team roster,,0.0,,MODELLED_ON_TEAM_RATES,opportunity-differentiated; team receiving rates,0.0,v1.0,2026-08-18T18:11:37+00:00
2026,CFF_KU,Kansas,CFP_E10EA63E,Corbin Glasco,WR,441,12.0,0.0,0.0,0.0,0.0,0.0,0.0,0.0,0.0,6.355302147500503,70.07440938361047,0.5393854410327747,13.421404658307948,1.118450388192329,0.0,,,CFBD/team roster,,0.0,,MODELLED_ON_TEAM_RATES,opportunity-differentiated; team receiving rates,0.0,v1.0,2026-08-18T18:11:37+00:00
2026,CFF_MSU,Michigan State,CFP_0CCF5FFF,KK Smith,WR,442,12.0,0.0,0.0,0.0,0.0,0.0,0.0,0.0,0.0,6.226392575579535,72.66519485737844,0.4956827480088458,13.353812261580686,1.1128176884650571,0.0,,,CFBD/team roster,,0.0,,MODELLED_ON_TEAM_RATES,opportunity-differentiated; team receiving rates,0.0,v1.0,2026-08-18T18:11:37+00:00
2026,CFF_VT,Virginia Tech,CFP_DCE77C7D,A.J. Brand,WR,443,12.0,0.0,0.0,0.0,0.0,0.0,0.0,0.0,0.0,6.280577711095002,72.24614901767708,0.4950739650132609,13.335347547394775,1.111278962282898,0.0,,,CFBD/team roster,,0.0,,MODELLED_ON_TEAM_RATES,opportunity-differentiated; team receiving rates,0.0,v1.0,2026-08-18T18:11:37+00:00
2026,CFF_ND,Notre Dame,CFP_A43AFEDF,Brayden Robinson,WR,444,12.0,0.0,0.0,0.0,0.0,0.0,0.0,0.0,0.0,5.659879662896933,71.45524340069048,0.5371826013821177,13.198559779810221,1.0998799816508518,0.0,,,CFBD/team roster,,0.0,,MODELLED_ON_TEAM_RATES,opportunity-differentiated; team receiving rates,0.0,v1.0,2026-08-18T18:11:37+00:00
2026,CFF_MSST,Mississippi State,CFP_F983E0A0,Sanfrisco Magee,WR,445,12.0,0.0,0.0,0.0,0.0,0.0,0.0,0.0,0.0,5.9639316879825905,72.24548023229052,0.49851707903968356,13.197616341458449,1.099801361788204,0.0,,,CFBD/team roster,,0.0,,MODELLED_ON_TEAM_RATES,opportunity-differentiated; team receiving rates,0.0,v1.0,2026-08-18T18:11:37+00:00
2026,CFF_OSU,Ohio State,CFP_9E6FC6C2,Devin McCuin,WR,446,12.0,0.0,0.0,0.0,0.0,0.0,1.00255165187128,4.911837773752964,0.05426768762468864,5.336138131339842,66.40169381162046,0.5118285932201434,13.195999909276257,1.0996666591063546,0.8167899031234283,,,CFBD/team roster,,0.0,,MODELLED_ON_TEAM_RATES,opportunity-differentiated; team receiving rates,0.0,v1.0,2026-08-18T18:11:37+00:00
2026,CFF_MINN,Minnesota,CFP_0A306B0B,Bradley Martino,WR,447,12.0,0.0,0.0,0.0,0.0,0.0,0.0,0.0,0.0,6.527802207186649,68.2465088926033,0.5141935467922004,13.173713273606857,1.0978094394672382,0.0,,,CFBD/team roster,,0.0,,MODELLED_ON_TEAM_RATES,opportunity-differentiated; team receiving rates,0.0,v1.0,2026-08-18T18:11:37+00:00
2026,CFF_WISC,Wisconsin,CFP_213F3F3E,Shamar Rigby,WR,448,12.0,0.0,0.0,0.0,0.0,0.0,0.0,0.0,0.0,6.3130921114988245,70.9132938202474,0.4678079949512653,13.054723407481745,1.0878936172901454,0.0,,,CFBD/team roster,,0.0,,MODELLED_ON_TEAM_RATES,opportunity-differentiated; team receiving rates,0.0,v1.0,2026-08-18T18:11:37+00:00
2026,CFF_UNC,North Carolina,CFP_9619D711,Keeyun Chapman,WR,449,12.0,0.0,0.0,0.0,0.0,0.0,0.0,0.0,0.0,6.143790966312981,70.95986535571534,0.47674134105214133,13.028330065040873,1.0856941720867395,0.0,,,CFBD/team roster,,0.0,,MODELLED_ON_TEAM_RATES,opportunity-differentiated; team receiving rates,0.0,v1.0,2026-08-18T18:11:37+00:00
2026,CFF_HOU,Houston,CFP_CAC10E7A,Jaquise Martin,WR,450,12.0,0.0,0.0,0.0,0.0,0.0,0.0,0.0,0.0,6.039317434815637,68.0584657533713,0.5210332168774422,12.951704594009602,1.0793087161674668,0.0,,,CFBD/team roster,,0.0,,MODELLED_ON_TEAM_RATES,opportunity-differentiated; team receiving rates,0.0,v1.0,2026-08-18T18:11:37+00:00
2026,CFF_KSU,Kansas State,CFP_315192DD,Brandon White,WR,451,12.0,0.0,0.0,0.0,0.0,0.0,2.3413594848096673,14.524154450037013,0.1170447788248859,4.817041112115563,57.12562235596713,0.4451309497806656,12.946552608291505,1.078879384024292,2.1546841179530167,,,CFBD/team roster,,0.0,,MODELLED_ON_TEAM_RATES,opportunity-differentiated; team receiving rates,0.0,v1.0,2026-08-18T18:11:37+00:00
2026,CFF_VAN,Vanderbilt,CFP_126621F5,Brycen Coleman,WR,452,12.0,0.0,0.0,0.0,0.0,0.0,1.5749188487346977,9.053384900013793,0.07670620263012712,5.025548362471674,61.954603047421365,0.4773750818294413,12.938060682736763,1.078171723561397,1.3655757057821418,,,CFBD/team roster,,0.0,,MODELLED_ON_TEAM_RATES,opportunity-differentiated; team receiving rates,0.0,v1.0,2026-08-18T18:11:37+00:00
2026,CFF_USC,USC,CFP_C3AED3F0,Zacharyus Williams,WR,453,12.0,0.0,0.0,0.0,0.0,0.0,0.0,0.0,0.0,5.607899335429184,70.95089077947671,0.4913826560203469,12.847334681784345,1.0706112234820286,0.0,,,CFBD/team roster,,0.0,,MODELLED_ON_TEAM_RATES,opportunity-differentiated; team receiving rates,0.0,v1.0,2026-08-18T18:11:37+00:00
2026,CFF_MSST,Mississippi State,CFP_F4B5F14E,Jayden Cration,WR,454,12.0,0.0,0.0,0.0,0.0,0.0,0.0,0.0,0.0,5.798266918871962,70.23866133694911,0.4846693823996923,12.831015887529047,1.069251323960754,0.0,,,CFBD/team roster,,0.0,,MODELLED_ON_TEAM_RATES,opportunity-differentiated; team receiving rates,0.0,v1.0,2026-08-18T18:11:37+00:00
2026,CFF_NEB,Nebraska,CFP_450AA470,Quinn Clark,WR,455,12.0,0.0,0.0,0.0,0.0,0.0,0.0,0.0,0.0,6.169853412671196,68.95537377977816,0.4739557425673445,12.824198539717479,1.0686832116431233,0.0,,,CFBD/team roster,,0.0,,MODELLED_ON_TEAM_RATES,opportunity-differentiated; team receiving rates,0.0,v1.0,2026-08-18T18:11:37+00:00
2026,CFF_WISC,Wisconsin,CFP_02280EF4,Malachi Coleman,WR,456,12.0,0.0,0.0,0.0,0.0,0.0,0.0,0.0,0.0,6.201294132767246,69.65749669670124,0.4595236253671809,12.823538488256833,1.0686282073547362,0.0,,,CFBD/team roster,,0.0,,MODELLED_ON_TEAM_RATES,opportunity-differentiated; team receiving rates,0.0,v1.0,2026-08-18T18:11:37+00:00
2026,CFF_VT,Virginia Tech,CFP_4199A520,Marlion Jackson,WR,457,12.0,0.0,0.0,0.0,0.0,0.0,1.1779817721923151,6.130591263820224,0.05871179436164363,5.578126483169801,64.16577832173257,0.43970241630636164,12.809185464148213,1.067432122012351,0.9653298925518842,,,CFBD/team roster,,0.0,,MODELLED_ON_TEAM_RATES,opportunity-differentiated; team receiving rates,0.0,v1.0,2026-08-18T18:11:37+00:00
2026,CFF_COLO,Colorado,CFP_28BD1DA9,Quanell Farrakhan Jr.,WR,458,12.0,0.0,0.0,0.0,0.0,0.0,15.97990136480049,68.60301461946138,0.6849549319432997,0.8193373023527476,9.698803797817536,0.07294139622385226,12.787228461907178,1.0656023718255982,10.970031053605936,Hybrid rushing role,PRESENTATION_DISCLOSURE,CFBD/team roster,,0.0,,MODELLED_ON_TEAM_RATES,opportunity-differentiated; team receiving rates,0.0,v1.0,2026-08-18T18:11:37+00:00
2026,CFF_STAN,Stanford,CFP_5B121128,Jacob Butler,WR,459,12.0,0.0,0.0,0.0,0.0,0.0,0.0,0.0,0.0,6.017544216433487,69.07363063351885,0.4780480835707221,12.784423672992961,1.0653686394160802,0.0,,,CFBD/team roster,,0.0,,MODELLED_ON_TEAM_RATES,opportunity-differentiated; team receiving rates,0.0,v1.0,2026-08-18T18:11:37+00:00
2026,CFF_KSU,Kansas State,CFP_9174C736,Julius Wilson,WR,460,12.0,0.0,0.0,0.0,0.0,0.0,0.0,0.0,0.0,5.630389676857589,66.77117901031238,0.5202904949661445,12.614055709256899,1.0511713091047417,0.0,,,CFBD/team roster,,0.0,,MODELLED_ON_TEAM_RATES,opportunity-differentiated; team receiving rates,0.0,v1.0,2026-08-18T18:11:37+00:00
2026,CFF_WASH,Washington,CFP_91292A66,Rashid Williams,WR,461,12.0,0.0,0.0,0.0,0.0,0.0,0.0,0.0,0.0,5.643950132620989,68.06621666246656,0.49491141541673417,12.598065225057555,1.0498387687547963,0.0,,,CFBD/team roster,,0.0,,MODELLED_ON_TEAM_RATES,opportunity-differentiated; team receiving rates,0.0,v1.0,2026-08-18T18:11:37+00:00
2026,CFF_OSU,Ohio State,CFP_A09BCE8A,Phillip Bell,WR,462,12.0,0.0,0.0,0.0,0.0,0.0,0.0,0.0,0.0,5.4289693631991245,67.55686462660982,0.5207327253171697,12.594567496163563,1.0495472913469637,0.0,,,CFBD/team roster,,0.0,,MODELLED_ON_TEAM_RATES,opportunity-differentiated; team receiving rates,0.0,v1.0,2026-08-18T18:11:37+00:00
2026,CFF_SC,South Carolina,CFP_46B59EB1,Lex Cyrus,WR,463,12.0,0.0,0.0,0.0,0.0,0.0,0.0,0.0,0.0,5.608838070927018,71.46356205353146,0.4386677514712812,12.582781749644342,1.048565145803695,0.0,,,CFBD/team roster,,0.0,,MODELLED_ON_TEAM_RATES,opportunity-differentiated; team receiving rates,0.0,v1.0,2026-08-18T18:11:37+00:00
2026,CFF_UNC,North Carolina,CFP_F8622326,Trech Kekahuna,WR,464,12.0,0.0,0.0,0.0,0.0,0.0,2.7245968079562686,12.84566360750551,0.12368323521825471,4.976376100490589,57.47639852762252,0.38615314693095154,12.579412556653336,1.0482843797211114,2.0266657720600794,,,CFBD/team roster,,0.0,,MODELLED_ON_TEAM_RATES,opportunity-differentiated; team receiving rates,0.0,v1.0,2026-08-18T18:11:37+00:00
2026,CFF_MSST,Mississippi State,CFP_4BFDE940,Zion Crumpton,WR,465,12.0,0.0,0.0,0.0,0.0,0.0,0.0,0.0,0.0,5.668932142987351,68.67193430462119,0.4738584613386466,12.544810269987675,1.0454008558323062,0.0,,,CFBD/team roster,,0.0,,MODELLED_ON_TEAM_RATES,opportunity-differentiated; team receiving rates,0.0,v1.0,2026-08-18T18:11:37+00:00
2026,CFF_FLA,Florida,CFP_3CFB15DD,Jaylen Lloyd,WR,466,12.0,0.0,0.0,0.0,0.0,0.0,0.14651244701010224,0.7076728374487424,0.006454267574018412,5.73754397985529,66.77865446473838,0.4706431757510102,12.47998938009653,1.039999115008044,0.10949288918898473,,,CFBD/team roster,,0.0,,MODELLED_ON_TEAM_RATES,opportunity-differentiated; team receiving rates,0.0,v1.0,2026-08-18T18:11:37+00:00
2026,CFF_IOWA,Iowa,CFP_4D87D69F,Xavier Stinson,WR,467,12.0,0.0,0.0,0.0,0.0,0.0,0.0,0.0,0.0,5.964860353007042,66.78654058144997,0.4550609052533873,12.391449666168842,1.0326208055140702,0.0,,,CFBD/team roster,,0.0,,MODELLED_ON_TEAM_RATES,opportunity-differentiated; team receiving rates,0.0,v1.0,2026-08-18T18:11:37+00:00
2026,CFF_IOWA,Iowa,CFP_3FB6B28D,Brody Schaffer,WR,468,12.0,0.0,0.0,0.0,0.0,0.0,0.0,0.0,0.0,5.964860353007042,66.78654058144997,0.4550609052533873,12.391449666168842,1.0326208055140702,0.0,,,CFBD/team roster,,0.0,,MODELLED_ON_TEAM_RATES,opportunity-differentiated; team receiving rates,0.0,v1.0,2026-08-18T18:11:37+00:00
2026,CFF_NEB,Nebraska,CFP_DD82CEAF,Kwazi Gilmer,WR,469,12.0,0.0,0.0,0.0,0.0,0.0,0.0,0.0,0.0,5.929819981100885,66.27271766357593,0.45551685663413066,12.32528289671282,1.0271069080594015,0.0,,,CFBD/team roster,,0.0,,MODELLED_ON_TEAM_RATES,opportunity-differentiated; team receiving rates,0.0,v1.0,2026-08-18T18:11:37+00:00
2026,CFF_SC,South Carolina,CFP_5E4AB342,Nitro Tuggle,WR,470,12.0,0.0,0.0,0.0,0.0,0.0,0.0,0.0,0.0,5.478031246658048,69.79692067701801,0.4284373374793714,12.289331715907053,1.0241109763255878,0.0,,,CFBD/team roster,,0.0,,MODELLED_ON_TEAM_RATES,opportunity-differentiated; team receiving rates,0.0,v1.0,2026-08-18T18:11:37+00:00
2026,CFF_WISC,Wisconsin,CFP_448C571E,Kash Brock,WR,471,12.0,0.0,0.0,0.0,0.0,0.0,0.0,0.0,0.0,5.9113181254322145,66.40027290750339,0.43803604175846206,12.223902604017217,1.018658550334768,0.0,,,CFBD/team roster,,0.0,,MODELLED_ON_TEAM_RATES,opportunity-differentiated; team receiving rates,0.0,v1.0,2026-08-18T18:11:37+00:00
2026,CFF_MISS,Ole Miss,CFP_E5E54E83,Izaiah Hartrup,WR,472,12.0,0.0,0.0,0.0,0.0,0.0,0.0,0.0,0.0,5.072537102594287,69.97398566903986,0.43221012912861506,12.12692789297282,1.0105773244144016,0.0,,,CFBD/team roster,,0.0,,MODELLED_ON_TEAM_RATES,opportunity-differentiated; team receiving rates,0.0,v1.0,2026-08-18T18:11:37+00:00
2026,CFF_UGA,Georgia,CFP_8C52B497,Thomas Blackshear,WR,473,12.0,0.0,0.0,0.0,0.0,0.0,0.0,0.0,0.0,5.658489802968011,63.271837063670446,0.4802358151268995,12.037843498612446,1.0031536248843704,0.0,,,CFBD/team roster,,0.0,,MODELLED_ON_TEAM_RATES,opportunity-differentiated; team receiving rates,0.0,v1.0,2026-08-18T18:11:37+00:00
2026,CFF_IOWA,Iowa,CFP_C79DE9B5,KJ Parker,WR,474,12.0,0.0,0.0,0.0,0.0,0.0,0.0,0.0,0.0,5.7638398623702685,64.53578157602786,0.43972499443067464,11.973848055371969,0.9978206712809974,0.0,,,CFBD/team roster,,0.0,,MODELLED_ON_TEAM_RATES,opportunity-differentiated; team receiving rates,0.0,v1.0,2026-08-18T18:11:37+00:00
2026,CFF_ALA,Alabama,CFP_DE0DD041,Derek Meadows,WR,475,12.0,0.0,0.0,0.0,0.0,0.0,0.0,0.0,0.0,5.3826015692417455,65.60969902006654,0.4531146195836382,11.970958404129357,0.9975798670107797,0.0,,,CFBD/team roster,,0.0,,MODELLED_ON_TEAM_RATES,opportunity-differentiated; team receiving rates,0.0,v1.0,2026-08-18T18:11:37+00:00
2026,CFF_MSST,Mississippi State,CFP_1B7BB887,Junior Henderson,WR,476,12.0,0.0,0.0,0.0,0.0,0.0,0.0,0.0,0.0,5.4073561917600435,65.50327289092422,0.4519936771702394,11.965967447993881,0.9971639539994901,0.0,,,CFBD/team roster,,0.0,,MODELLED_ON_TEAM_RATES,opportunity-differentiated; team receiving rates,0.0,v1.0,2026-08-18T18:11:37+00:00
2026,CFF_ORE,Oregon,CFP_F1662170,Dillon Gresham,WR,477,12.0,0.0,0.0,0.0,0.0,0.0,0.0,0.0,0.0,5.33329554432388,64.47666355610706,0.47293366601835923,11.9519161238828,0.9959930103235667,0.0,,,CFBD/team roster,,0.0,,MODELLED_ON_TEAM_RATES,opportunity-differentiated; team receiving rates,0.0,v1.0,2026-08-18T18:11:37+00:00
2026,CFF_RUTG,Rutgers,CFP_E3F04E8E,Famah Toure,WR,478,12.0,0.0,0.0,0.0,0.0,0.0,0.0,0.0,0.0,5.534895901793544,65.21596242898903,0.44172418601710006,11.939389309898276,0.9949491091581897,0.0,,,CFBD/team roster,,0.0,,MODELLED_ON_TEAM_RATES,opportunity-differentiated; team receiving rates,0.0,v1.0,2026-08-18T18:11:37+00:00
2026,CFF_MSU,Michigan State,CFP_2C3DC8E3,Jameel Gardner Jr.,WR,479,12.0,0.0,0.0,0.0,0.0,0.0,0.0,0.0,0.0,5.564225246526939,64.93736250345428,0.4429676457530395,11.933654748127134,0.9944712290105945,0.0,,,CFBD/team roster,,0.0,,MODELLED_ON_TEAM_RATES,opportunity-differentiated; team receiving rates,0.0,v1.0,2026-08-18T18:11:37+00:00
2026,CFF_MINN,Minnesota,CFP_789CA502,Rico Blassingame,WR,480,12.0,0.0,0.0,0.0,0.0,0.0,0.0,0.0,0.0,5.892911903911953,61.608892532144054,0.4641833769826149,11.892445467066072,0.991037122255506,0.0,,,CFBD/team roster,,0.0,,MODELLED_ON_TEAM_RATES,opportunity-differentiated; team receiving rates,0.0,v1.0,2026-08-18T18:11:37+00:00
2026,CFF_KSU,Kansas State,CFP_FB3649A5,Sterling Lockett,WR,481,12.0,0.0,0.0,0.0,0.0,0.0,0.0,0.0,0.0,5.27856913489941,62.598914969130476,0.48777962193242574,11.825853795957306,0.9854878163297754,0.0,,,CFBD/team roster,,0.0,,MODELLED_ON_TEAM_RATES,opportunity-differentiated; team receiving rates,0.0,v1.0,2026-08-18T18:11:37+00:00
2026,CFF_CIN,Cincinnati,CFP_C714B87E,Elijah Jones,WR,482,12.0,0.0,0.0,0.0,0.0,0.0,0.0,0.0,0.0,5.3290236850193535,63.2975469261527,0.4684635526053896,11.805047850757285,0.9837539875631071,0.0,,,CFBD/team roster,,0.0,,MODELLED_ON_TEAM_RATES,opportunity-differentiated; team receiving rates,0.0,v1.0,2026-08-18T18:11:37+00:00
2026,CFF_MSST,Mississippi State,CFP_67F03196,Jayytee Taylor,WR,483,12.0,0.0,0.0,0.0,0.0,0.0,0.0,0.0,0.0,5.321617407746649,64.46465609421244,0.4448268868039282,11.776235634118137,0.9813529695098447,0.0,,,CFBD/team roster,,0.0,,MODELLED_ON_TEAM_RATES,opportunity-differentiated; team receiving rates,0.0,v1.0,2026-08-18T18:11:37+00:00
2026,CFF_OSU,Ohio State,CFP_34214A5A,De'Zie Jones,WR,484,12.0,0.0,0.0,0.0,0.0,0.0,0.0,0.0,0.0,5.06261753746874,62.99806551745537,0.48559320400569045,11.74467454451405,0.9787228787095041,0.0,,,CFBD/team roster,,0.0,,MODELLED_ON_TEAM_RATES,opportunity-differentiated; team receiving rates,0.0,v1.0,2026-08-18T18:11:37+00:00
2026,CFF_TCU,TCU,CFP_03E77C16,Terry Shelton,WR,485,12.0,0.0,0.0,0.0,0.0,0.0,0.0,0.0,0.0,5.192377584214854,62.81880386800386,0.45615472753331604,11.614997544107709,0.9679164620089757,0.0,,,CFBD/team roster,,0.0,,MODELLED_ON_TEAM_RATES,opportunity-differentiated; team receiving rates,0.0,v1.0,2026-08-18T18:11:37+00:00
2026,CFF_ND,Notre Dame,CFP_740ACC62,Dylan Faison,WR,486,12.0,0.0,0.0,0.0,0.0,0.0,0.0,0.0,0.0,4.943828665268263,62.41519283949613,0.46922176819515343,11.528764225754665,0.9607303521462222,0.0,,,CFBD/team roster,,0.0,,MODELLED_ON_TEAM_RATES,opportunity-differentiated; team receiving rates,0.0,v1.0,2026-08-18T18:11:37+00:00
2026,CFF_IOWA,Iowa,CFP_78E86CA6,Diondre Smith,WR,487,12.0,0.0,0.0,0.0,0.0,0.0,0.0,0.0,0.0,5.527124144424163,61.885355083661665,0.4216658844899104,11.48209288751771,0.9568410739598092,0.0,,,CFBD/team roster,,0.0,,MODELLED_ON_TEAM_RATES,opportunity-differentiated; team receiving rates,0.0,v1.0,2026-08-18T18:11:37+00:00
2026,CFF_PUR,Purdue,CFP_C4F23751,Chauncey Magwood,WR,488,12.0,0.0,0.0,0.0,0.0,0.0,0.0,0.0,0.0,5.5026602318814595,61.42614660962185,0.40976864342661296,11.352556637462593,0.9460463864552161,0.0,,,CFBD/team roster,,0.0,,MODELLED_ON_TEAM_RATES,opportunity-differentiated; team receiving rates,0.0,v1.0,2026-08-18T18:11:37+00:00
2026,CFF_ALA,Alabama,CFP_31A0657C,Aubrey Walker,WR,489,12.0,0.0,0.0,0.0,0.0,0.0,0.0,0.0,0.0,5.0869547106820345,62.00599528000625,0.42822667048985963,11.3134369062808,0.9427864088567333,0.0,,,CFBD/team roster,,0.0,,MODELLED_ON_TEAM_RATES,opportunity-differentiated; team receiving rates,0.0,v1.0,2026-08-18T18:11:37+00:00
2026,CFF_MINN,Minnesota,CFP_B9EA1653,Perry Thompson,WR,490,12.0,0.0,0.0,0.0,0.0,0.0,0.0,0.0,0.0,5.582192285148278,58.36039808454642,0.4397080608258051,11.265384315983612,0.9387820263319676,0.0,,,CFBD/team roster,,0.0,,MODELLED_ON_TEAM_RATES,opportunity-differentiated; team receiving rates,0.0,v1.0,2026-08-18T18:11:37+00:00
2026,CFF_VT,Virginia Tech,CFP_B370AA9F,Shamarius Peterkin,WR,491,12.0,0.0,0.0,0.0,0.0,0.0,0.0,0.0,0.0,5.298805325608993,60.95271753318771,0.4176845957575552,11.250781990668598,0.9375651658890498,0.0,,,CFBD/team roster,,0.0,,MODELLED_ON_TEAM_RATES,opportunity-differentiated; team receiving rates,0.0,v1.0,2026-08-18T18:11:37+00:00
2026,CFF_TAMU,Texas A&M,CFP_4BFE0DA9,Kelshaun Johnson,WR,492,12.0,0.0,0.0,0.0,0.0,0.0,0.0,0.0,0.0,4.73032264967036,61.71647737650574,0.44580909498814764,11.21166363241464,0.9343053027012199,0.0,,,CFBD/team roster,,0.0,,MODELLED_ON_TEAM_RATES,opportunity-differentiated; team receiving rates,0.0,v1.0,2026-08-18T18:11:37+00:00
2026,CFF_VAN,Vanderbilt,CFP_C8A73F51,Ja'Cory Thomas,WR,493,12.0,0.0,0.0,0.0,0.0,0.0,0.0,0.0,0.0,4.858114646205581,59.89049209278745,0.4614706116624837,11.186930202356438,0.9322441835297032,0.0,,,CFBD/team roster,,0.0,,MODELLED_ON_TEAM_RATES,opportunity-differentiated; team receiving rates,0.0,v1.0,2026-08-18T18:11:37+00:00
2026,CFF_MINN,Minnesota,CFP_E337DF38,Josiah Dozier,WR,494,12.0,0.0,0.0,0.0,0.0,0.0,0.0,0.0,0.0,5.514936956411552,57.657260758226585,0.43441037334597615,11.129656794104292,0.9274713995086911,0.0,,,CFBD/team roster,,0.0,,MODELLED_ON_TEAM_RATES,opportunity-differentiated; team receiving rates,0.0,v1.0,2026-08-18T18:11:37+00:00
2026,CFF_OU,Oklahoma,CFP_8E0C1EBB,Parker Livingstone,WR,495,12.0,0.0,0.0,0.0,0.0,0.0,0.0,0.0,0.0,5.3864281492298955,60.32222802890434,0.39736870391464546,11.109649100993256,0.925804091749438,0.0,,,CFBD/team roster,,0.0,,MODELLED_ON_TEAM_RATES,opportunity-differentiated; team receiving rates,0.0,v1.0,2026-08-18T18:11:37+00:00
2026,CFF_RUTG,Rutgers,CFP_B3999BE7,Jourdin Houston,WR,496,12.0,0.0,0.0,0.0,0.0,0.0,0.0,0.0,0.0,5.124842126225757,60.38442592030268,0.4089989688766611,11.054857468403114,0.9212381223669261,0.0,,,CFBD/team roster,,0.0,,MODELLED_ON_TEAM_RATES,opportunity-differentiated; team receiving rates,0.0,v1.0,2026-08-18T18:11:37+00:00
2026,CFF_OU,Oklahoma,CFP_02B07FEA,Trell Harris,WR,497,12.0,0.0,0.0,0.0,0.0,0.0,0.0,0.0,0.0,5.29275113793894,59.273145802314694,0.3904579438465646,10.916437812280327,0.9097031510233605,0.0,,,CFBD/team roster,,0.0,,MODELLED_ON_TEAM_RATES,opportunity-differentiated; team receiving rates,0.0,v1.0,2026-08-18T18:11:37+00:00
2026,CFF_UNC,North Carolina,CFP_3D5EE72F,Carnell Warren,WR,498,12.0,0.0,0.0,0.0,0.0,0.0,0.0,0.0,0.0,5.122302958718389,59.16183188113413,0.3974766711961003,10.86219469464921,0.9051828912207674,0.0,,,CFBD/team roster,,0.0,,MODELLED_ON_TEAM_RATES,opportunity-differentiated; team receiving rates,0.0,v1.0,2026-08-18T18:11:37+00:00
2026,CFF_MSST,Mississippi State,CFP_FC2E04FF,Camden Capehart,WR,499,12.0,0.0,0.0,0.0,0.0,0.0,0.0,0.0,0.0,4.887110688763512,59.2011574125714,0.4085070508797407,10.81471339091734,0.9012261159097784,0.0,,,CFBD/team roster,,0.0,,MODELLED_ON_TEAM_RATES,opportunity-differentiated; team receiving rates,0.0,v1.0,2026-08-18T18:11:37+00:00
2026,CFF_UCF,UCF,CFP_3F40B4B0,Jordan Nunuha,WR,500,12.0,0.0,0.0,0.0,0.0,0.0,0.0,0.0,0.0,4.670203229684524,57.20292507386408,0.3918202562885326,10.406315659959866,0.8671929716633221,0.0,,,CFBD/team roster,,0.0,,MODELLED_ON_TEAM_RATES,opportunity-differentiated; team receiving rates,0.0,v1.0,2026-08-18T18:11:37+00:00
2026,CFF_SMU,SMU,CFP_329170CC,Carterrious Brown,WR,501,12.0,0.0,0.0,0.0,0.0,0.0,0.0,0.0,0.0,4.606556956653235,56.482228638064775,0.40211978341702836,10.364220042635266,0.8636850035529388,0.0,,,CFBD/team roster,,0.0,,MODELLED_ON_TEAM_RATES,opportunity-differentiated; team receiving rates,0.0,v1.0,2026-08-18T18:11:37+00:00
2026,CFF_TAMU,Texas A&M,CFP_793C5A0D,TK Norman,WR,502,12.0,0.0,0.0,0.0,0.0,0.0,1.9861475915171218,10.49886495306598,0.09855529672245478,3.65407134748948,47.67463624604715,0.3443778281297422,10.301984542769235,0.8584987118974362,1.6412182756413265,,,CFBD/team roster,,0.0,,MODELLED_ON_TEAM_RATES,opportunity-differentiated; team receiving rates,0.0,v1.0,2026-08-18T18:11:37+00:00
2026,CFF_ND,Notre Dame,CFP_D103BDB2,Elijah Burress,WR,503,12.0,0.0,0.0,0.0,0.0,0.0,0.0,0.0,0.0,4.408188954151504,55.6528112673527,0.4183838793072486,10.279678879654515,0.8566399066378763,0.0,,,CFBD/team roster,,0.0,,MODELLED_ON_TEAM_RATES,opportunity-differentiated; team receiving rates,0.0,v1.0,2026-08-18T18:11:37+00:00
2026,CFF_MICH,Michigan,CFP_9B45522E,Kendrick Bell,WR,504,12.0,0.0,0.0,0.0,0.0,0.0,0.0,0.0,0.0,4.97371036452977,55.665044011146364,0.3457238612923955,10.127702751133894,0.8439752292611579,0.0,,,CFBD/team roster,,0.0,,MODELLED_ON_TEAM_RATES,opportunity-differentiated; team receiving rates,0.0,v1.0,2026-08-18T18:11:37+00:00
2026,CFF_TENN,Tennessee,CFP_066A4A49,Luke Thompson,WR,505,12.0,0.0,0.0,0.0,0.0,0.0,0.0,0.0,0.0,4.542543034115424,55.11259005388236,0.39055294591122824,10.125848197913317,0.8438206831594431,0.0,,,CFBD/team roster,,0.0,,MODELLED_ON_TEAM_RATES,opportunity-differentiated; team receiving rates,0.0,v1.0,2026-08-18T18:11:37+00:00
2026,CFF_NCSU,NC State,CFP_B880ED17,Ethan Dowdy,WR,506,12.0,0.0,0.0,0.0,0.0,0.0,0.0,0.0,0.0,4.5951228612578525,53.504406125460484,0.3980613342925574,10.03637004893032,0.8363641707441932,0.0,,,CFBD/team roster,,0.0,,MODELLED_ON_TEAM_RATES,opportunity-differentiated; team receiving rates,0.0,v1.0,2026-08-18T18:11:37+00:00
2026,CFF_PUR,Purdue,CFP_81FB4F8C,Tra'Mar Harris,WR,507,12.0,0.0,0.0,0.0,0.0,0.0,0.0,0.0,0.0,4.817675870718162,53.779672355163235,0.35875965856941816,9.939363122291914,0.8282802601909928,0.0,,,CFBD/team roster,,0.0,,MODELLED_ON_TEAM_RATES,opportunity-differentiated; team receiving rates,0.0,v1.0,2026-08-18T18:11:37+00:00
2026,CFF_RUTG,Rutgers,CFP_BC2D7B57,Sah'nye Degraffenreidt,WR,508,12.0,0.0,0.0,0.0,0.0,0.0,0.0,0.0,0.0,4.5985787786347085,54.18362805287931,0.36699939870047005,9.919648586808105,0.8266373822340087,0.0,,,CFBD/team roster,,0.0,,MODELLED_ON_TEAM_RATES,opportunity-differentiated; team receiving rates,0.0,v1.0,2026-08-18T18:11:37+00:00
2026,CFF_BYU,BYU,CFP_8989061F,Jett Nelson,WR,509,12.0,0.0,0.0,0.0,0.0,0.0,0.0,0.0,0.0,4.505739535134028,55.67274825261024,0.33884917017826793,9.853239613897646,0.8211033011581371,0.0,,,CFBD/team roster,,0.0,,MODELLED_ON_TEAM_RATES,opportunity-differentiated; team receiving rates,0.0,v1.0,2026-08-18T18:11:37+00:00
2026,CFF_BYU,BYU,CFP_C9B5F4C6,Jaron Pula,WR,510,12.0,0.0,0.0,0.0,0.0,0.0,0.0,0.0,0.0,4.505739535134028,55.67274825261024,0.33884917017826793,9.853239613897646,0.8211033011581371,0.0,,,CFBD/team roster,,0.0,,MODELLED_ON_TEAM_RATES,opportunity-differentiated; team receiving rates,0.0,v1.0,2026-08-18T18:11:37+00:00
2026,CFF_COLO,Colorado,CFP_DB824D00,Kaleb Mathis,WR,511,12.0,0.0,0.0,0.0,0.0,0.0,0.0,0.0,0.0,4.423002666813317,52.35674604276393,0.3937572341607955,9.809719342647824,0.8174766118873187,0.0,,,CFBD/team roster,,0.0,,MODELLED_ON_TEAM_RATES,opportunity-differentiated; team receiving rates,0.0,v1.0,2026-08-18T18:11:37+00:00
2026,CFF_HOU,Houston,CFP_5DFAD503,Jeremiah Bushnell,WR,512,12.0,0.0,0.0,0.0,0.0,0.0,0.0,0.0,0.0,4.566693728035275,51.46312841645028,0.39398477548065736,9.79356835854661,0.8161306965455508,0.0,,,CFBD/team roster,,0.0,,MODELLED_ON_TEAM_RATES,opportunity-differentiated; team receiving rates,0.0,v1.0,2026-08-18T18:11:37+00:00
2026,CFF_WASH,Washington,CFP_80918FD6,Justice Williams,WR,513,12.0,0.0,0.0,0.0,0.0,0.0,0.0,0.0,0.0,4.359851407411902,52.579945523942264,0.38231029338433115,9.731782016406164,0.8109818347005137,0.0,,,CFBD/team roster,,0.0,,MODELLED_ON_TEAM_RATES,opportunity-differentiated; team receiving rates,0.0,v1.0,2026-08-18T18:11:37+00:00
2026,CFF_VAN,Vanderbilt,CFP_C761DEE5,Joseph McVay,WR,514,12.0,0.0,0.0,0.0,0.0,0.0,0.0,0.0,0.0,4.199795716341169,51.77478311206769,0.3989371266878547,9.670998929504481,0.8059165774587068,0.0,,,CFBD/team roster,,0.0,,MODELLED_ON_TEAM_RATES,opportunity-differentiated; team receiving rates,0.0,v1.0,2026-08-18T18:11:37+00:00
2026,CFF_TENN,Tennessee,CFP_7D1B8DFB,Travis Smith Jr.,WR,515,12.0,0.0,0.0,0.0,0.0,0.0,0.0,0.0,0.0,4.334245939741091,52.58541699565224,0.3726442451632812,9.661530140415456,0.805127511701288,0.0,,,CFBD/team roster,,0.0,,MODELLED_ON_TEAM_RATES,opportunity-differentiated; team receiving rates,0.0,v1.0,2026-08-18T18:11:37+00:00
2026,CFF_UCF,UCF,CFP_0574DD4B,Caleb Rollerson,WR,516,12.0,0.0,0.0,0.0,0.0,0.0,1.5618483506184326,8.708121956224002,0.07881529470582943,3.7304672139553205,45.692580394367035,0.3129783754499864,9.656065862971658,0.8046721552476382,1.3437039638573767,,,CFBD/team roster,,0.0,,MODELLED_ON_TEAM_RATES,opportunity-differentiated; team receiving rates,0.0,v1.0,2026-08-18T18:11:37+00:00
2026,CFF_VAN,Vanderbilt,CFP_8CA07455,Cole Adams,WR,517,12.0,0.0,0.0,0.0,0.0,0.0,0.0,0.0,0.0,4.150326663808005,51.16493214819856,0.39423807868398075,9.557085018827744,0.7964237515689786,0.0,,,CFBD/team roster,,0.0,,MODELLED_ON_TEAM_RATES,opportunity-differentiated; team receiving rates,0.0,v1.0,2026-08-18T18:11:37+00:00
2026,CFF_UNC,North Carolina,CFP_110C2979,Jaden Jefferson,WR,518,12.0,0.0,0.0,0.0,0.0,0.0,0.0,0.0,0.0,4.476441493599055,51.70222870540684,0.3473595915781272,9.492601166808974,0.7910500972340812,0.0,,,CFBD/team roster,,0.0,,MODELLED_ON_TEAM_RATES,opportunity-differentiated; team receiving rates,0.0,v1.0,2026-08-18T18:11:37+00:00
2026,CFF_UCF,UCF,CFP_E4FB6589,Ric'Darious Farmer,WR,519,12.0,0.0,0.0,0.0,0.0,0.0,0.0,0.0,0.0,4.253898818676061,52.10382577140292,0.35689318930810887,9.478691122326975,0.7898909268605813,0.0,,,CFBD/team roster,,0.0,,MODELLED_ON_TEAM_RATES,opportunity-differentiated; team receiving rates,0.0,v1.0,2026-08-18T18:11:37+00:00
2026,CFF_FSU,Florida State,CFP_8199E01A,Jasen Lopez,WR,520,12.0,0.0,0.0,0.0,0.0,0.0,0.0,0.0,0.0,4.314090348287633,53.417121702121115,0.32419216302688614,9.443910322517244,0.786992526876437,0.0,,,CFBD/team roster,,0.0,,MODELLED_ON_TEAM_RATES,opportunity-differentiated; team receiving rates,0.0,v1.0,2026-08-18T18:11:37+00:00
2026,CFF_MICH,Michigan,CFP_7D6AFBA6,Jaylen Pile,WR,521,12.0,0.0,0.0,0.0,0.0,0.0,0.0,0.0,0.0,4.614318189025876,51.64277898153053,0.3207424205716857,9.395891516096105,0.7829909596746755,0.0,,,CFBD/team roster,,0.0,,MODELLED_ON_TEAM_RATES,opportunity-differentiated; team receiving rates,0.0,v1.0,2026-08-18T18:11:37+00:00
2026,CFF_NEB,Nebraska,CFP_7D7C0D5B,Nalin Scott,WR,522,12.0,0.0,0.0,0.0,0.0,0.0,0.0,0.0,0.0,4.492460024005293,50.20852837602171,0.3451017527026959,9.337693365820993,0.7781411138184161,0.0,,,CFBD/team roster,,0.0,,MODELLED_ON_TEAM_RATES,opportunity-differentiated; team receiving rates,0.0,v1.0,2026-08-18T18:11:37+00:00
2026,CFF_HOU,Houston,CFP_A9D93947,Trent Walker,WR,523,12.0,0.0,0.0,0.0,0.0,0.0,0.0,0.0,0.0,4.351861092734798,49.04212973404697,0.3754504062793334,9.332845957448097,0.7777371631206748,0.0,,,CFBD/team roster,,0.0,,MODELLED_ON_TEAM_RATES,opportunity-differentiated; team receiving rates,0.0,v1.0,2026-08-18T18:11:37+00:00
2026,CFF_UNC,North Carolina,CFP_CF8A9C6F,Kymistrii Young,WR,524,12.0,0.0,0.0,0.0,0.0,0.0,0.0,0.0,0.0,4.399424540645495,50.812694435497946,0.34138328710485427,9.329281436501669,0.7774401197084724,0.0,,,CFBD/team roster,,0.0,,MODELLED_ON_TEAM_RATES,opportunity-differentiated; team receiving rates,0.0,v1.0,2026-08-18T18:11:37+00:00
2026,CFF_MICH,Michigan,CFP_4EFCD35B,JJ Buchanan,WR,525,12.0,0.0,0.0,0.0,0.0,0.0,0.0,0.0,0.0,4.444444717003135,49.74157975531341,0.30893447270691293,9.049987170274385,0.7541655975228654,0.0,,,CFBD/team roster,,0.0,,MODELLED_ON_TEAM_RATES,opportunity-differentiated; team receiving rates,0.0,v1.0,2026-08-18T18:11:37+00:00
2026,CFF_NEB,Nebraska,CFP_4A668AD3,Larry Miles,WR,526,12.0,0.0,0.0,0.0,0.0,0.0,0.0,0.0,0.0,4.341906510712672,48.525915664084216,0.33353653430671554,9.024764027605052,0.7520636689670877,0.0,,,CFBD/team roster,,0.0,,MODELLED_ON_TEAM_RATES,opportunity-differentiated; team receiving rates,0.0,v1.0,2026-08-18T18:11:37+00:00
2026,CFF_OU,Oklahoma,CFP_E57845D9,Ivan Carreon,WR,527,12.0,0.0,0.0,0.0,0.0,0.0,0.0,0.0,0.0,4.369579300861951,48.934609666084526,0.32235351801434914,9.012371725125524,0.7510309770937936,0.0,,,CFBD/team roster,,0.0,,MODELLED_ON_TEAM_RATES,opportunity-differentiated; team receiving rates,0.0,v1.0,2026-08-18T18:11:37+00:00
2026,CFF_STAN,Stanford,CFP_D00F96BA,Jordan Onovughe,WR,528,12.0,0.0,0.0,0.0,0.0,0.0,0.0,0.0,0.0,4.2208886220341,48.45034637674911,0.3353174724031827,8.967383783111057,0.7472819819259214,0.0,,,CFBD/team roster,,0.0,,MODELLED_ON_TEAM_RATES,opportunity-differentiated; team receiving rates,0.0,v1.0,2026-08-18T18:11:37+00:00
2026,CFF_VAN,Vanderbilt,CFP_6D677C4D,Cameran Dickson,WR,529,12.0,0.0,0.0,0.0,0.0,0.0,0.0,0.0,0.0,3.8890285914533447,47.943668082633494,0.36941746615069837,8.955385900894212,0.7462821584078511,0.0,,,CFBD/team roster,,0.0,,MODELLED_ON_TEAM_RATES,opportunity-differentiated; team receiving rates,0.0,v1.0,2026-08-18T18:11:37+00:00
2026,CFF_HOU,Houston,CFP_FDD83F39,Keavon Roberts,WR,530,12.0,0.0,0.0,0.0,0.0,0.0,0.0,0.0,0.0,4.1202259049527195,46.43177919938865,0.35546642160974945,8.836089402073721,0.7363407835061434,0.0,,,CFBD/team roster,,0.0,,MODELLED_ON_TEAM_RATES,opportunity-differentiated; team receiving rates,0.0,v1.0,2026-08-18T18:11:37+00:00
2026,CFF_NEB,Nebraska,CFP_B980495D,Jackson Carpenter,WR,531,12.0,0.0,0.0,0.0,0.0,0.0,0.0,0.0,0.0,4.231121849987913,47.28776668737549,0.32502627926061683,8.794495269295206,0.7328746057746005,0.0,,,CFBD/team roster,,0.0,,MODELLED_ON_TEAM_RATES,opportunity-differentiated; team receiving rates,0.0,v1.0,2026-08-18T18:11:37+00:00
2026,CFF_FSU,Florida State,CFP_6521DA7A,EJ White,WR,532,12.0,0.0,0.0,0.0,0.0,0.0,0.0,0.0,0.0,4.017054619389139,49.73922151935211,0.30187073540864146,8.79367387408163,0.7328061561734692,0.0,,,CFBD/team roster,,0.0,,MODELLED_ON_TEAM_RATES,opportunity-differentiated; team receiving rates,0.0,v1.0,2026-08-18T18:11:37+00:00
2026,CFF_FSU,Florida State,CFP_57E7D93A,Devin Carter,WR,533,12.0,0.0,0.0,0.0,0.0,0.0,0.0,0.0,0.0,3.9591905163569656,49.02274745777374,0.2975224053531393,8.667004436074693,0.7222503696728911,0.0,,,CFBD/team roster,,0.0,,MODELLED_ON_TEAM_RATES,opportunity-differentiated; team receiving rates,0.0,v1.0,2026-08-18T18:11:37+00:00
2026,CFF_MICH,Michigan,CFP_95A8B9D7,Jacob Washington,WR,534,12.0,0.0,0.0,0.0,0.0,0.0,0.0,0.0,0.0,4.244525596867528,47.50411399928917,0.29503804426741836,8.642902463967191,0.720241871997266,0.0,,,CFBD/team roster,,0.0,,MODELLED_ON_TEAM_RATES,opportunity-differentiated; team receiving rates,0.0,v1.0,2026-08-18T18:11:37+00:00
2026,CFF_TENN,Tennessee,CFP_05E259DF,Jacolby Cooper,WR,535,12.0,0.0,0.0,0.0,0.0,0.0,0.0,0.0,0.0,3.850996680792642,46.72237550055837,0.33109605942804415,8.584312247020424,0.7153593539183687,0.0,,,CFBD/team roster,,0.0,,MODELLED_ON_TEAM_RATES,opportunity-differentiated; team receiving rates,0.0,v1.0,2026-08-18T18:11:37+00:00
2026,CFF_FSU,Florida State,CFP_35102FE3,Tae'Shaun Gelsey,WR,536,12.0,0.0,0.0,0.0,0.0,0.0,0.0,0.0,0.0,3.770167779785197,46.68226552328437,0.28331786050516544,8.25321760525203,0.6877681337710024,0.0,,,CFBD/team roster,,0.0,,MODELLED_ON_TEAM_RATES,opportunity-differentiated; team receiving rates,0.0,v1.0,2026-08-18T18:11:37+00:00
2026,CFF_KU,Kansas,CFP_217B4083,Tate Nagy,WR,537,12.0,0.0,0.0,0.0,0.0,0.0,0.0,0.0,0.0,3.8678323796623184,42.64723585270265,0.3282695968696807,8.168257356319508,0.6806881130266257,0.0,,,CFBD/team roster,,0.0,,MODELLED_ON_TEAM_RATES,opportunity-differentiated; team receiving rates,0.0,v1.0,2026-08-18T18:11:37+00:00
2026,CFF_ORE,Oregon,CFP_F11E4C66,Jack Ressler,WR,538,12.0,0.0,0.0,0.0,0.0,0.0,0.0,0.0,0.0,3.606169138792004,43.59663783038766,0.31977953910809964,8.081425587083366,0.6734521322569472,0.0,,,CFBD/team roster,,0.0,,MODELLED_ON_TEAM_RATES,opportunity-differentiated; team receiving rates,0.0,v1.0,2026-08-18T18:11:37+00:00
2026,CFF_UGA,Georgia,CFP_35F846FD,Jeremy Bell,WR,539,12.0,0.0,0.0,0.0,0.0,0.0,8.592394215258636,40.946853923320276,0.4327336271073933,0.6215826153132615,6.950383463991049,0.052753693004289,8.013438967057857,0.6677865805881548,6.691087154976387,,,CFBD/team roster,,0.0,,MODELLED_ON_TEAM_RATES,opportunity-differentiated; team receiving rates,0.0,v1.0,2026-08-18T18:11:37+00:00
2026,CFF_UGA,Georgia,CFP_BC7D5D02,Landon Roldan,WR,540,12.0,0.0,0.0,0.0,0.0,0.0,8.592394215258636,40.946853923320276,0.4327336271073933,0.6215826153132615,6.950383463991049,0.052753693004289,8.013438967057857,0.6677865805881548,6.691087154976387,,,CFBD/team roster,,0.0,,MODELLED_ON_TEAM_RATES,opportunity-differentiated; team receiving rates,0.0,v1.0,2026-08-18T18:11:37+00:00
2026,CFF_IOWA,Iowa,CFP_7FA42994,Jarriett Buie,WR,541,12.0,0.0,0.0,0.0,0.0,0.0,0.0,0.0,0.0,3.707606899735243,41.51283081495795,0.28285439260395584,7.702212886987152,0.6418510739155959,0.0,,,CFBD/team roster,,0.0,,MODELLED_ON_TEAM_RATES,opportunity-differentiated; team receiving rates,0.0,v1.0,2026-08-18T18:11:37+00:00
2026,CFF_MICH,Michigan,CFP_8F2E0321,Jaime Ffrench,WR,542,12.0,0.0,0.0,0.0,0.0,0.0,0.0,0.0,0.0,3.658635458666647,40.946916668050505,0.25431267306034483,7.449885434500443,0.6208237862083702,0.0,,,CFBD/team roster,,0.0,,MODELLED_ON_TEAM_RATES,opportunity-differentiated; team receiving rates,0.0,v1.0,2026-08-18T18:11:37+00:00
2026,CFF_KSU,Kansas State,CFP_8AA990BD,Isaac Koch,WR,543,12.0,0.0,0.0,0.0,0.0,0.0,0.0,0.0,0.0,3.3050954855641077,39.19535502486646,0.3054157642343258,7.404577830674655,0.6170481525562213,0.0,,,CFBD/team roster,,0.0,,MODELLED_ON_TEAM_RATES,opportunity-differentiated; team receiving rates,0.0,v1.0,2026-08-18T18:11:37+00:00
2026,CFF_FSU,Florida State,CFP_34C3CE70,Brandon Bennett,WR,544,12.0,0.0,0.0,0.0,0.0,0.0,0.0,0.0,0.0,3.294396265965101,40.791256572528845,0.24756492449325848,7.211713337194986,0.6009761114329155,0.0,,,CFBD/team roster,,0.0,,MODELLED_ON_TEAM_RATES,opportunity-differentiated; team receiving rates,0.0,v1.0,2026-08-18T18:11:37+00:00
2026,CFF_TENN,Tennessee,CFP_4CE42767,Brayden Carroll,WR,545,12.0,0.0,0.0,0.0,0.0,0.0,0.0,0.0,0.0,3.157783950714867,38.31194356276855,0.2714959033388766,7.039061751667547,0.586588479305629,0.0,,,CFBD/team roster,,0.0,,MODELLED_ON_TEAM_RATES,opportunity-differentiated; team receiving rates,0.0,v1.0,2026-08-18T18:11:37+00:00
2026,CFF_OSU,Ohio State,CFP_8BD35F09,David Adolph,WR,546,12.0,0.0,0.0,0.0,0.0,0.0,0.0,0.0,0.0,3.021988137133436,37.604935637957155,0.28986130022998485,7.010655433742342,0.5842212861451952,0.0,,,CFBD/team roster,,0.0,,MODELLED_ON_TEAM_RATES,opportunity-differentiated; team receiving rates,0.0,v1.0,2026-08-18T18:11:37+00:00
2026,CFF_NW,Northwestern,CFP_A31236AA,Chase Farrell,WR,547,12.0,0.0,0.0,0.0,0.0,0.0,0.8079943398670983,3.7896056025854863,0.03253559057886487,3.126137006868011,33.95188152314616,0.22859534248887778,6.9040028144136265,0.5753335678678022,0.5741741037317378,,,CFBD/team roster,,0.0,,MODELLED_ON_TEAM_RATES,opportunity-differentiated; team receiving rates,0.0,v1.0,2026-08-18T18:11:37+00:00
2026,CFF_NEB,Nebraska,CFP_E9EA81EC,Keelan Smith,WR,548,12.0,0.0,0.0,0.0,0.0,0.0,0.0,0.0,0.0,3.222697374159978,36.017436258360185,0.2475611371743335,6.6984591359620085,0.5582049279968341,0.0,,,CFBD/team roster,,0.0,,MODELLED_ON_TEAM_RATES,opportunity-differentiated; team receiving rates,0.0,v1.0,2026-08-18T18:11:37+00:00
2026,CFF_MIZ,Missouri,CFP_9C3C0939,DaMarion Fowlkes,WR,549,12.0,0.0,0.0,0.0,0.0,0.0,7.893896405591105,40.87223730947407,0.37958272144895716,0.0,0.0,0.0,6.364720059641151,0.5303933383034293,6.364720059641151,,,CFBD/team roster,,0.0,,MODELLED_ON_TEAM_RATES,opportunity-differentiated; team receiving rates,0.0,v1.0,2026-08-18T18:11:37+00:00
2026,CFF_MINN,Minnesota,CFP_2796E388,Zion Steptoe,WR,550,12.0,0.0,0.0,0.0,0.0,0.0,8.566210636675693,35.55090680061466,0.40385940966899014,0.0,0.0,0.0,5.978247138075407,0.4981872615062839,5.978247138075407,,,CFBD/team roster,,0.0,,MODELLED_ON_TEAM_RATES,opportunity-differentiated; team receiving rates,0.0,v1.0,2026-08-18T18:11:37+00:00
2026,CFF_CIN,Cincinnati,CFP_901920C4,Cade Wolford,WR,551,12.0,0.0,0.0,0.0,0.0,0.0,6.467170583314875,38.444632627778425,0.30549116507158025,0.0,0.0,0.0,5.677410253207324,0.4731175211006103,5.677410253207324,,,CFBD/team roster,,0.0,,MODELLED_ON_TEAM_RATES,opportunity-differentiated; team receiving rates,0.0,v1.0,2026-08-18T18:11:37+00:00
2026,CFF_UCF,UCF,CFP_0F128D38,Josh Derry,WR,552,12.0,0.0,0.0,0.0,0.0,0.0,0.0,0.0,0.0,2.535795597999437,31.05966024626186,0.21274793242147388,5.650351418154748,0.4708626181795623,0.0,,,CFBD/team roster,,0.0,,MODELLED_ON_TEAM_RATES,opportunity-differentiated; team receiving rates,0.0,v1.0,2026-08-18T18:11:37+00:00
2026,CFF_OU,Oklahoma,CFP_DD1387B0,Jacob Jordan,WR,553,12.0,0.0,0.0,0.0,0.0,0.0,0.0,0.0,0.0,2.6501528678118476,29.678874603842413,0.1955076316034469,5.466009683910846,0.4555008069925705,0.0,,,CFBD/team roster,,0.0,,MODELLED_ON_TEAM_RATES,opportunity-differentiated; team receiving rates,0.0,v1.0,2026-08-18T18:11:37+00:00
2026,CFF_NEB,Nebraska,CFP_049DCCDD,Janiran Bonner,WR,554,12.0,0.0,0.0,0.0,0.0,0.0,5.327458302824288,25.03651771829563,0.25046449955181727,0.7002158684270028,7.82573648099232,0.053789176124700945,5.461855408201406,0.45515461735011714,4.006438769140466,,,CFBD/team roster,,0.0,,MODELLED_ON_TEAM_RATES,opportunity-differentiated; team receiving rates,0.0,v1.0,2026-08-18T18:11:37+00:00
2026,CFF_MSU,Michigan State,CFP_8BBAFCB2,Bryson Williams,WR,555,12.0,0.0,0.0,0.0,0.0,0.0,5.274972030772727,24.346848096882297,0.2204358218698339,0.7415119981111865,8.653825337509852,0.05903172670911649,5.34762863396851,0.44563571949737585,3.757299740907233,,,CFBD/team roster,,0.0,,MODELLED_ON_TEAM_RATES,opportunity-differentiated; team receiving rates,0.0,v1.0,2026-08-18T18:11:37+00:00
2026,CFF_NW,Northwestern,CFP_2050F8DB,Frank Covey IV,WR,556,12.0,0.0,0.0,0.0,0.0,0.0,0.0,0.0,0.0,2.50118310829466,27.164475636847918,0.18289627358362096,5.064416759333848,0.4220347299444873,0.0,,,CFBD/team roster,,0.0,,MODELLED_ON_TEAM_RATES,opportunity-differentiated; team receiving rates,0.0,v1.0,2026-08-18T18:11:37+00:00
2026,CFF_NW,Northwestern,CFP_40E20C04,Braden Blueitt,WR,557,12.0,0.0,0.0,0.0,0.0,0.0,0.0,0.0,0.0,2.43280740823193,26.42187105410194,0.17789637545394296,4.925969062249816,0.41049742185415133,0.0,,,CFBD/team roster,,0.0,,MODELLED_ON_TEAM_RATES,opportunity-differentiated; team receiving rates,0.0,v1.0,2026-08-18T18:11:37+00:00
2026,CFF_NW,Northwestern,CFP_9ABD0777,Dube Enongene,WR,558,12.0,0.0,0.0,0.0,0.0,0.0,0.0,0.0,0.0,2.354859110160418,25.575301829771522,0.17219649158611003,4.768138687574021,0.39734489063116846,0.0,,,CFBD/team roster,,0.0,,MODELLED_ON_TEAM_RATES,opportunity-differentiated; team receiving rates,0.0,v1.0,2026-08-18T18:11:37+00:00
2026,CFF_BYU,BYU,CFP_D8B2692E,Trey Roberts,WR,559,12.0,0.0,0.0,0.0,0.0,0.0,5.454418069559498,29.970116806448488,0.2810974149348555,0.0,0.0,0.0,4.683596170253981,0.39029968085449845,4.683596170253981,,,CFBD/team roster,,0.0,,MODELLED_ON_TEAM_RATES,opportunity-differentiated; team receiving rates,0.0,v1.0,2026-08-18T18:11:37+00:00
2026,CFF_NW,Northwestern,CFP_1BA5D0CE,Carson Grove,WR,560,12.0,0.0,0.0,0.0,0.0,0.0,0.0,0.0,0.0,2.24545799006005,24.387134497377954,0.16419665457862526,4.546622372239572,0.378885197686631,0.0,,,CFBD/team roster,,0.0,,MODELLED_ON_TEAM_RATES,opportunity-differentiated; team receiving rates,0.0,v1.0,2026-08-18T18:11:37+00:00
2026,CFF_IOWA,Iowa,CFP_C67F6341,Alex Eichmann,WR,561,12.0,0.0,0.0,0.0,0.0,0.0,0.0,0.0,0.0,2.1426529866470965,23.9905667820925,0.16346361021779157,4.451164832839548,0.370930402736629,0.0,,,CFBD/team roster,,0.0,,MODELLED_ON_TEAM_RATES,opportunity-differentiated; team receiving rates,0.0,v1.0,2026-08-18T18:11:37+00:00
2026,CFF_NW,Northwestern,CFP_14EB4E61,Camp Magee,WR,562,12.0,0.0,0.0,0.0,0.0,0.0,0.0,0.0,0.0,1.9787927598154036,21.490976624668637,0.1446970518728811,4.006676353611852,0.333889696134321,0.0,,,CFBD/team roster,,0.0,,MODELLED_ON_TEAM_RATES,opportunity-differentiated; team receiving rates,0.0,v1.0,2026-08-18T18:11:37+00:00
2026,CFF_WAKE,Wake Forest,CFP_834DFA65,Kam Shanks,WR,563,12.0,0.0,0.0,0.0,0.0,0.0,4.735440798541273,23.546740608962832,0.2224851944181903,0.0,0.0,0.0,3.6895852274054253,0.30746543561711875,3.6895852274054253,,,CFBD/team roster,,0.0,,MODELLED_ON_TEAM_RATES,opportunity-differentiated; team receiving rates,0.0,v1.0,2026-08-18T18:11:37+00:00
2026,CFF_ORE,Oregon,CFP_5AC1944D,Brady Bidwell,WR,564,12.0,0.0,0.0,0.0,0.0,0.0,0.0,0.0,0.0,1.5162134456761471,18.33020191805256,0.1344512745207061,3.3978345617675663,0.28315288014729717,0.0,,,CFBD/team roster,,0.0,,MODELLED_ON_TEAM_RATES,opportunity-differentiated; team receiving rates,0.0,v1.0,2026-08-18T18:11:37+00:00
2026,CFF_TCU,TCU,CFP_C8E8F82D,Dozie Ezukanma,WR,565,12.0,0.0,0.0,0.0,0.0,0.0,0.0,0.0,0.0,1.3004537097506486,15.733244589260146,0.11424594957123037,2.909027011228721,0.24241891760239342,0.0,,,CFBD/team roster,,0.0,,MODELLED_ON_TEAM_RATES,opportunity-differentiated; team receiving rates,0.0,v1.0,2026-08-18T18:11:37+00:00
2026,CFF_CLEM,Clemson,CFP_AFE2C953,Clark Sanderson,WR,566,12.0,0.0,0.0,0.0,0.0,0.0,0.0,0.0,0.0,1.265484909064884,14.775293246377636,0.10993455214771407,2.76987909205649,0.23082325767137415,0.0,,,CFBD/team roster,,0.0,,MODELLED_ON_TEAM_RATES,opportunity-differentiated; team receiving rates,0.0,v1.0,2026-08-18T18:11:37+00:00
2026,CFF_CLEM,Clemson,CFP_7DBA9EFB,Chase Byrd,WR,567,12.0,0.0,0.0,0.0,0.0,0.0,0.0,0.0,0.0,1.265484909064884,14.775293246377636,0.10993455214771407,2.76987909205649,0.23082325767137415,0.0,,,CFBD/team roster,,0.0,,MODELLED_ON_TEAM_RATES,opportunity-differentiated; team receiving rates,0.0,v1.0,2026-08-18T18:11:37+00:00
2026,CFF_TENN,Tennessee,CFP_97B6B195,Joakim Dodson,WR,568,12.0,0.0,0.0,0.0,0.0,0.0,0.0,0.0,0.0,1.1881266263111874,14.414995124144578,0.1021512290662897,2.64847019996779,0.22070584999731582,0.0,,,CFBD/team roster,,0.0,,MODELLED_ON_TEAM_RATES,opportunity-differentiated; team receiving rates,0.0,v1.0,2026-08-18T18:11:37+00:00
2026,CFF_UVA,Virginia,CFP_27B0D0DF,TyLyric Coleman,WR,569,12.0,0.0,0.0,0.0,0.0,0.0,0.0,0.0,0.0,1.1658374367054192,13.053193366698567,0.08253829745878451,2.3834678397752733,0.19862231998127278,0.0,,,CFBD/team roster,,0.0,,MODELLED_ON_TEAM_RATES,opportunity-differentiated; team receiving rates,0.0,v1.0,2026-08-18T18:11:37+00:00
2026,CFF_UVA,Virginia,CFP_E1622A0F,Josiah Abdullah,WR,570,12.0,0.0,0.0,0.0,0.0,0.0,0.0,0.0,0.0,1.1658374367054192,13.053193366698567,0.08253829745878451,2.3834678397752733,0.19862231998127278,0.0,,,CFBD/team roster,,0.0,,MODELLED_ON_TEAM_RATES,opportunity-differentiated; team receiving rates,0.0,v1.0,2026-08-18T18:11:37+00:00
2026,CFF_ALA,Alabama,CFP_2E27D46E,MJ Chirgwin,WR,571,12.0,0.0,0.0,0.0,0.0,0.0,0.0,0.0,0.0,1.0698149211799846,13.040206317125342,0.09005845496820895,2.37927882211178,0.1982732351759817,0.0,,,CFBD/team roster,,0.0,,MODELLED_ON_TEAM_RATES,opportunity-differentiated; team receiving rates,0.0,v1.0,2026-08-18T18:11:37+00:00
2026,CFF_IND,Indiana,CFP_258EBE1A,Jackson Wasserstrom,WR,572,12.0,0.0,0.0,0.0,0.0,0.0,0.0,0.0,0.0,0.9458471868672315,11.844022341533764,0.10322371554336886,2.2766681208472055,0.1897223434039338,0.0,,,CFBD/team roster,,0.0,,MODELLED_ON_TEAM_RATES,opportunity-differentiated; team receiving rates,0.0,v1.0,2026-08-18T18:11:37+00:00
2026,CFF_ILL,Illinois,CFP_B725A3C0,Jayshon Platt,WR,573,12.0,0.0,0.0,0.0,0.0,0.0,2.535698719526155,11.670923807610452,0.12084945941859775,0.0,0.0,0.0,1.8921891372726316,0.15768242810605262,1.8921891372726316,,,CFBD/team roster,,0.0,,MODELLED_ON_TEAM_RATES,opportunity-differentiated; team receiving rates,0.0,v1.0,2026-08-18T18:11:37+00:00
2026,CFF_ND,Notre Dame,CFP_71EF0938,Cam Williams,WR,574,12.0,0.0,0.0,0.0,0.0,0.0,0.0,0.0,0.0,0.7146524605239271,9.022394212442014,0.06782809718464594,1.6665342346140406,0.13887785288450338,0.0,,,CFBD/team roster,,0.0,,MODELLED_ON_TEAM_RATES,opportunity-differentiated; team receiving rates,0.0,v1.0,2026-08-18T18:11:37+00:00
2026,CFF_ND,Notre Dame,CFP_EBE09C56,Logan Saldate,WR,575,12.0,0.0,0.0,0.0,0.0,0.0,0.0,0.0,0.0,0.7146524605239271,9.022394212442014,0.06782809718464594,1.6665342346140406,0.13887785288450338,0.0,,,CFBD/team roster,,0.0,,MODELLED_ON_TEAM_RATES,opportunity-differentiated; team receiving rates,0.0,v1.0,2026-08-18T18:11:37+00:00
2026,CFF_ND,Notre Dame,CFP_CB91572E,Jerome Bettis Jr.,WR,576,12.0,0.0,0.0,0.0,0.0,0.0,0.0,0.0,0.0,0.7146524605239271,9.022394212442014,0.06782809718464594,1.6665342346140406,0.13887785288450338,0.0,,,CFBD/team roster,,0.0,,MODELLED_ON_TEAM_RATES,opportunity-differentiated; team receiving rates,0.0,v1.0,2026-08-18T18:11:37+00:00
2026,CFF_ND,Notre Dame,CFP_D9F9B15F,Matt Jeffery,WR,577,12.0,0.0,0.0,0.0,0.0,0.0,0.0,0.0,0.0,0.7146524605239271,9.022394212442014,0.06782809718464594,1.6665342346140406,0.13887785288450338,0.0,,,CFBD/team roster,,0.0,,MODELLED_ON_TEAM_RATES,opportunity-differentiated; team receiving rates,0.0,v1.0,2026-08-18T18:11:37+00:00
2026,CFF_ARK,Arkansas,CFP_6F9B87E6,Monte Harrison,WR,578,12.0,0.0,0.0,0.0,0.0,0.0,0.0,0.0,0.0,0.7376481006520892,9.320971445210372,0.060583209392885015,1.6644204512043919,0.13870170426703265,0.0,,,CFBD/team roster,,0.0,,MODELLED_ON_TEAM_RATES,opportunity-differentiated; team receiving rates,0.0,v1.0,2026-08-18T18:11:37+00:00
2026,CFF_SC,South Carolina,CFP_9AA60FC7,Malik Clark,WR,579,12.0,0.0,0.0,0.0,0.0,0.0,0.0,0.0,0.0,0.7095279255801669,9.04026686048207,0.05549224559248009,1.591744122393171,0.13264534353276425,0.0,,,CFBD/team roster,,0.0,,MODELLED_ON_TEAM_RATES,opportunity-differentiated; team receiving rates,0.0,v1.0,2026-08-18T18:11:37+00:00
2026,CFF_MSU,Michigan State,CFP_324B5F32,Charles Taplin,WR,580,12.0,0.0,0.0,0.0,0.0,0.0,0.0,0.0,0.0,0.7415119981111865,8.653825337509852,0.05903172670911649,1.5903288930612776,0.13252740775510646,0.0,,,CFBD/team roster,,0.0,,MODELLED_ON_TEAM_RATES,opportunity-differentiated; team receiving rates,0.0,v1.0,2026-08-18T18:11:37+00:00
2026,CFF_USC,USC,CFP_F2F6D78D,Corey Simms,WR,581,12.0,0.0,0.0,0.0,0.0,0.0,0.0,0.0,0.0,0.6920916375260001,8.75631234556359,0.060643354439059306,1.5855371799537148,0.13212809832947622,0.0,,,CFBD/team roster,,0.0,,MODELLED_ON_TEAM_RATES,opportunity-differentiated; team receiving rates,0.0,v1.0,2026-08-18T18:11:37+00:00
2026,CFF_WAKE,Wake Forest,CFP_CBD1E788,Jack Foley,WR,582,12.0,0.0,0.0,0.0,0.0,0.0,0.0,0.0,0.0,0.7556555566203287,8.636826241445743,0.05610384298580394,1.5781334603695623,0.1315111216974635,0.0,,,CFBD/team roster,,0.0,,MODELLED_ON_TEAM_RATES,opportunity-differentiated; team receiving rates,0.0,v1.0,2026-08-18T18:11:37+00:00
2026,CFF_FSU,Florida State,CFP_A1574302,Teriq Mallory,WR,583,12.0,0.0,0.0,0.0,0.0,0.0,0.0,0.0,0.0,0.7175148775989564,8.884278363571855,0.053919292688227254,1.5707010312860272,0.13089175260716893,0.0,,,CFBD/team roster,,0.0,,MODELLED_ON_TEAM_RATES,opportunity-differentiated; team receiving rates,0.0,v1.0,2026-08-18T18:11:37+00:00
2026,CFF_TEX,Texas,CFP_1854C68A,Rett Andersen,WR,584,12.0,0.0,0.0,0.0,0.0,0.0,0.0,0.0,0.0,0.6631618210206902,8.274205745034418,0.06644323553047789,1.5576608981966542,0.12980507484972117,0.0,,,CFBD/team roster,,0.0,,MODELLED_ON_TEAM_RATES,opportunity-differentiated; team receiving rates,0.0,v1.0,2026-08-18T18:11:37+00:00
2026,CFF_RUTG,Rutgers,CFP_0E4C3910,Dino Kaliakmanis,WR,585,12.0,0.0,0.0,0.0,0.0,0.0,0.0,0.0,0.0,0.7155189363146424,8.43073779450938,0.05710351654870129,1.5434543469004667,0.1286211955750389,0.0,,,CFBD/team roster,,0.0,,MODELLED_ON_TEAM_RATES,opportunity-differentiated; team receiving rates,0.0,v1.0,2026-08-18T18:11:37+00:00
2026,CFF_RUTG,Rutgers,CFP_830FD6C6,Michael Thomas III,WR,586,12.0,0.0,0.0,0.0,0.0,0.0,0.0,0.0,0.0,0.7155189363146424,8.43073779450938,0.05710351654870129,1.5434543469004667,0.1286211955750389,0.0,,,CFBD/team roster,,0.0,,MODELLED_ON_TEAM_RATES,opportunity-differentiated; team receiving rates,0.0,v1.0,2026-08-18T18:11:37+00:00
2026,CFF_RUTG,Rutgers,CFP_BC5C341E,Vernon Allen III,WR,587,12.0,0.0,0.0,0.0,0.0,0.0,0.0,0.0,0.0,0.7155189363146424,8.43073779450938,0.05710351654870129,1.5434543469004667,0.1286211955750389,0.0,,,CFBD/team roster,,0.0,,MODELLED_ON_TEAM_RATES,opportunity-differentiated; team receiving rates,0.0,v1.0,2026-08-18T18:11:37+00:00
2026,CFF_MD,Maryland,CFP_E52D3C77,Jordan Scott,WR,588,12.0,0.0,0.0,0.0,0.0,0.0,0.0,0.0,0.0,0.7472212670348188,8.214647354053312,0.05540128902831537,1.5274831030926328,0.12729025859105272,0.0,,,CFBD/team roster,,0.0,,MODELLED_ON_TEAM_RATES,opportunity-differentiated; team receiving rates,0.0,v1.0,2026-08-18T18:11:37+00:00
2026,CFF_BAY,Baylor,CFP_282E7392,Taz Williams Jr.,WR,589,12.0,0.0,0.0,0.0,0.0,0.0,0.0,0.0,0.0,0.6460501420653149,8.003464184229143,0.06418272579607062,1.5084678442319954,0.12570565368599962,0.0,,,CFBD/team roster,,0.0,,MODELLED_ON_TEAM_RATES,opportunity-differentiated; team receiving rates,0.0,v1.0,2026-08-18T18:11:37+00:00
2026,CFF_NCSU,NC State,CFP_C4A2F9A6,Ashton Locklear,WR,590,12.0,0.0,0.0,0.0,0.0,0.0,0.0,0.0,0.0,0.6867503445918411,7.996341001812428,0.05949106623435763,1.4999556698833092,0.1249963058236091,0.0,,,CFBD/team roster,,0.0,,MODELLED_ON_TEAM_RATES,opportunity-differentiated; team receiving rates,0.0,v1.0,2026-08-18T18:11:37+00:00
2026,CFF_TTU,Texas Tech,CFP_F12F8E50,Michael Dever,WR,591,12.0,0.0,0.0,0.0,0.0,0.0,0.0,0.0,0.0,0.6562580425934648,7.796404105179699,0.05999166578966768,1.4677194265527085,0.12230995221272571,0.0,,,CFBD/team roster,,0.0,,MODELLED_ON_TEAM_RATES,opportunity-differentiated; team receiving rates,0.0,v1.0,2026-08-18T18:11:37+00:00
2026,CFF_NEB,Nebraska,CFP_4361E8BF,Jeremiah Jones,WR,592,12.0,0.0,0.0,0.0,0.0,0.0,0.0,0.0,0.0,0.7002158684270028,7.82573648099232,0.053789176124700945,1.455416639060939,0.12128471992174493,0.0,,,CFBD/team roster,,0.0,,MODELLED_ON_TEAM_RATES,opportunity-differentiated; team receiving rates,0.0,v1.0,2026-08-18T18:11:37+00:00
2026,CFF_MSST,Mississippi State,CFP_D1D6C800,Gracen Harris,WR,593,12.0,0.0,0.0,0.0,0.0,0.0,0.0,0.0,0.0,0.6423142802359418,7.780824138078073,0.0536901922357554,1.4213807073403106,0.11844839227835922,0.0,,,CFBD/team roster,,0.0,,MODELLED_ON_TEAM_RATES,opportunity-differentiated; team receiving rates,0.0,v1.0,2026-08-18T18:11:37+00:00
2026,CFF_UVA,Virginia,CFP_0778955D,Tyson Davis,WR,594,12.0,0.0,0.0,0.0,0.0,0.0,1.8597946224549489,9.094637691353148,0.08371399627804635,0.0,0.0,0.0,1.4117477468035928,0.11764564556696606,1.4117477468035928,,,CFBD/team roster,,0.0,,MODELLED_ON_TEAM_RATES,opportunity-differentiated; team receiving rates,0.0,v1.0,2026-08-18T18:11:37+00:00
2026,CFF_BYU,BYU,CFP_15AEBF03,Reggie Frischknecht,WR,595,12.0,0.0,0.0,0.0,0.0,0.0,0.0,0.0,0.0,0.6434793869279247,7.9508071061006635,0.04839215728897253,1.407173347807864,0.11726444565065534,0.0,,,CFBD/team roster,,0.0,,MODELLED_ON_TEAM_RATES,opportunity-differentiated; team receiving rates,0.0,v1.0,2026-08-18T18:11:37+00:00
2026,CFF_MIZ,Missouri,CFP_4D5E47B8,Shaun Terry II,WR,596,12.0,0.0,0.0,0.0,0.0,0.0,0.0,0.0,0.0,0.674102048619827,7.636162511261039,0.04932419557520554,1.3966124488872507,0.11638437074060422,0.0,,,CFBD/team roster,,0.0,,MODELLED_ON_TEAM_RATES,opportunity-differentiated; team receiving rates,0.0,v1.0,2026-08-18T18:11:37+00:00
2026,CFF_CLEM,Clemson,CFP_7042E35E,Juju Preston,WR,597,12.0,0.0,0.0,0.0,0.0,0.0,0.0,0.0,0.0,0.632742454532442,7.387646623188818,0.054967276073857034,1.384939546028245,0.11541162883568708,0.0,,,CFBD/team roster,,0.0,,MODELLED_ON_TEAM_RATES,opportunity-differentiated; team receiving rates,0.0,v1.0,2026-08-18T18:11:37+00:00
2026,CFF_SMU,SMU,CFP_E48CDF3E,Daylon Singleton,WR,598,12.0,0.0,0.0,0.0,0.0,0.0,0.0,0.0,0.0,0.6094144468853778,7.47219375516576,0.05319756332087035,1.371111978884487,0.11425933157370725,0.0,,,CFBD/team roster,,0.0,,MODELLED_ON_TEAM_RATES,opportunity-differentiated; team receiving rates,0.0,v1.0,2026-08-18T18:11:37+00:00
2026,CFF_UCF,UCF,CFP_10DD03E3,Jordyn Bridgewater,WR,599,12.0,0.0,0.0,0.0,0.0,0.0,1.5618483506184326,8.708121956224002,0.07881529470582943,0.0,0.0,0.0,1.3437039638573767,0.11197533032144806,1.3437039638573767,,,CFBD/team roster,,0.0,,MODELLED_ON_TEAM_RATES,opportunity-differentiated; team receiving rates,0.0,v1.0,2026-08-18T18:11:37+00:00
2026,CFF_LSU,LSU,CFP_B58B71E3,Phillip Wright III,WR,600,12.0,0.0,0.0,0.0,0.0,0.0,0.0,0.0,0.0,0.632471321945092,7.243682430552036,0.04969561347720542,1.3387775848909822,0.11156479874091518,0.0,,,CFBD/team roster,,0.0,,MODELLED_ON_TEAM_RATES,opportunity-differentiated; team receiving rates,0.0,v1.0,2026-08-18T18:11:37+00:00
2026,CFF_UGA,Georgia,CFP_24AC0C5A,Tyler J. Williams,WR,601,12.0,0.0,0.0,0.0,0.0,0.0,0.0,0.0,0.0,0.6215826153132615,6.950383463991049,0.052753693004289,1.3223518120814695,0.11019598434012245,0.0,,,CFBD/team roster,,0.0,,MODELLED_ON_TEAM_RATES,opportunity-differentiated; team receiving rates,0.0,v1.0,2026-08-18T18:11:37+00:00
2026,CFF_MISS,Ole Miss,CFP_6E6945D5,Dillon Alfred,WR,602,12.0,0.0,0.0,0.0,0.0,0.0,0.0,0.0,0.0,0.5340434298554566,7.366953962394602,0.045503655293140356,1.2767390429260308,0.1063949202438359,0.0,,,CFBD/team roster,,0.0,,MODELLED_ON_TEAM_RATES,opportunity-differentiated; team receiving rates,0.0,v1.0,2026-08-18T18:11:37+00:00
2026,CFF_MISS,Ole Miss,CFP_6DD3973F,Caleb Cunningham,WR,603,12.0,0.0,0.0,0.0,0.0,0.0,0.0,0.0,0.0,0.5340434298554566,7.366953962394602,0.045503655293140356,1.2767390429260308,0.1063949202438359,0.0,,,CFBD/team roster,,0.0,,MODELLED_ON_TEAM_RATES,opportunity-differentiated; team receiving rates,0.0,v1.0,2026-08-18T18:11:37+00:00
2026,CFF_OU,Oklahoma,CFP_ADD6810E,Elijah Thomas,WR,604,12.0,0.0,0.0,0.0,0.0,0.0,0.0,0.0,0.0,0.614944251539009,6.886717197128769,0.04536579593078841,1.268338621067112,0.105694885088926,0.0,,,CFBD/team roster,,0.0,,MODELLED_ON_TEAM_RATES,opportunity-differentiated; team receiving rates,0.0,v1.0,2026-08-18T18:11:37+00:00
2026,CFF_IND,Indiana,CFP_288179A2,Davion Chandler,WR,605,12.0,0.0,0.0,0.0,0.0,0.0,0.0,0.0,0.0,0.47217172762529525,5.912596208651196,0.05152980394374853,1.1365243083402583,0.09471035902835485,0.0,,,CFBD/team roster,,0.0,,MODELLED_ON_TEAM_RATES,opportunity-differentiated; team receiving rates,0.0,v1.0,2026-08-18T18:11:37+00:00
2026,CFF_CAL,California,CFP_27705795,Kyion Grayes,WR,606,12.0,0.0,0.0,0.0,0.0,0.0,0.0,0.0,0.0,0.5500669247615311,6.219911675413208,0.03797661103429972,1.1248842961278847,0.09374035801065705,0.0,,,CFBD/team roster,,0.0,,MODELLED_ON_TEAM_RATES,opportunity-differentiated; team receiving rates,0.0,v1.0,2026-08-18T18:11:37+00:00
2026,CFF_LSU,LSU,CFP_F82A1AE8,Eugene Wilson III,WR,607,12.0,0.0,0.0,0.0,0.0,0.0,1.1002108960453003,4.984472100638049,0.048271840014607,0.0,0.0,0.0,0.788078250151447,0.06567318751262058,0.788078250151447,,,CFBD/team roster,,0.0,,MODELLED_ON_TEAM_RATES,opportunity-differentiated; team receiving rates,0.0,v1.0,2026-08-18T18:11:37+00:00
2026,CFF_OKST,Oklahoma State,CFP_73A29117,Miles Coleman,WR,608,12.0,0.0,0.0,0.0,0.0,0.0,1.0023339357573513,4.455343707662139,0.0421263341609802,0.0,0.0,0.0,0.6982923757320951,0.058191031311007925,0.6982923757320951,,,CFBD/team roster,,0.0,,MODELLED_ON_TEAM_RATES,opportunity-differentiated; team receiving rates,0.0,v1.0,2026-08-18T18:11:37+00:00
2026,CFF_UCLA,UCLA,CFP_DCECA29E,Brian Rowe Jr.,WR,609,12.0,0.0,0.0,0.0,0.0,0.0,0.925862024321717,4.469922865964277,0.032881604785757065,0.0,0.0,0.0,0.64428191531097,0.0536901596092475,0.64428191531097,,,CFBD/team roster,,0.0,,MODELLED_ON_TEAM_RATES,opportunity-differentiated; team receiving rates,0.0,v1.0,2026-08-18T18:11:37+00:00
2026,CFF_ASU,Arizona State,CFP_9992179E,Raiden Vines-Bright,WR,610,12.0,0.0,0.0,0.0,0.0,0.0,0.5752758784018207,3.1209639916331944,0.026741513491554805,0.0,0.0,0.0,0.4725454801126483,0.039378790009387356,0.4725454801126483,,,CFBD/team roster,,0.0,,MODELLED_ON_TEAM_RATES,opportunity-differentiated; team receiving rates,0.0,v1.0,2026-08-18T18:11:37+00:00
2026,CFF_UTAH,Utah,CFP_D471864C,Ricky Johnson,WR,611,12.0,0.0,0.0,0.0,0.0,0.0,0.39532720854921505,2.348106171475877,0.01869213319697915,0.0,0.0,0.0,0.3469634163294626,0.028913618027455217,0.3469634163294626,,,CFBD/team roster,,0.0,,MODELLED_ON_TEAM_RATES,opportunity-differentiated; team receiving rates,0.0,v1.0,2026-08-18T18:11:37+00:00
2026,CFF_VT,Virginia Tech,CFP_B93F8B3C,Tyseer Denmark,WR,612,12.0,0.0,0.0,0.0,0.0,0.0,0.39266059073077164,2.043530421273408,0.019570598120547875,0.0,0.0,0.0,0.321776630850628,0.026814719237552336,0.321776630850628,,,CFBD/team roster,,0.0,,MODELLED_ON_TEAM_RATES,opportunity-differentiated; team receiving rates,0.0,v1.0,2026-08-18T18:11:37+00:00
2026,CFF_MIA,Miami,CFP_67CAEA41,Cam Vaughn,WR,613,12.0,0.0,0.0,0.0,0.0,0.0,0.23960111419628463,1.205542876734538,0.012119652868629848,0.0,0.0,0.0,0.1932722048852329,0.016106017073769407,0.1932722048852329,,,CFBD/team roster,,0.0,,MODELLED_ON_TEAM_RATES,opportunity-differentiated; team receiving rates,0.0,v1.0,2026-08-18T18:11:37+00:00
2026,CFF_BC,Boston College,CFP_7DFE86C9,Landon Wright,WR,614,12.0,0.0,0.0,0.0,0.0,0.0,0.0,0.0,0.0,0.0,0.0,0.0,0.0,0.0,0.0,,,CFBD/team roster,,0.0,,MODELLED_ON_TEAM_RATES,opportunity-differentiated; team receiving rates,0.0,v1.0,2026-08-18T18:11:37+00:00
2026,CFF_BC,Boston College,CFP_F571C47E,Jackson Wade,WR,615,12.0,0.0,0.0,0.0,0.0,0.0,0.0,0.0,0.0,0.0,0.0,0.0,0.0,0.0,0.0,,,CFBD/team roster,,0.0,,MODELLED_ON_TEAM_RATES,opportunity-differentiated; team receiving rates,0.0,v1.0,2026-08-18T18:11:37+00:00
2026,CFF_BC,Boston College,CFP_69F7C861,Reed Swanson,WR,616,12.0,0.0,0.0,0.0,0.0,0.0,0.0,0.0,0.0,0.0,0.0,0.0,0.0,0.0,0.0,,,CFBD/team roster,,0.0,,MODELLED_ON_TEAM_RATES,opportunity-differentiated; team receiving rates,0.0,v1.0,2026-08-18T18:11:37+00:00
2026,CFF_BC,Boston College,CFP_EDC9531C,Zach Schnorrbusch,WR,617,12.0,0.0,0.0,0.0,0.0,0.0,0.0,0.0,0.0,0.0,0.0,0.0,0.0,0.0,0.0,,,CFBD/team roster,,0.0,,MODELLED_ON_TEAM_RATES,opportunity-differentiated; team receiving rates,0.0,v1.0,2026-08-18T18:11:37+00:00
2026,CFF_BC,Boston College,CFP_FE662977,Michael Landolfi,WR,618,12.0,0.0,0.0,0.0,0.0,0.0,0.0,0.0,0.0,0.0,0.0,0.0,0.0,0.0,0.0,,,CFBD/team roster,,0.0,,MODELLED_ON_TEAM_RATES,opportunity-differentiated; team receiving rates,0.0,v1.0,2026-08-18T18:11:37+00:00
2026,CFF_BC,Boston College,CFP_7C789EB9,Johnathan Montague Jr.,WR,619,12.0,0.0,0.0,0.0,0.0,0.0,0.0,0.0,0.0,0.0,0.0,0.0,0.0,0.0,0.0,,,CFBD/team roster,,0.0,,MODELLED_ON_TEAM_RATES,opportunity-differentiated; team receiving rates,0.0,v1.0,2026-08-18T18:11:37+00:00
2026,CFF_BC,Boston College,CFP_33D53CAF,Duke Brennan,WR,620,12.0,0.0,0.0,0.0,0.0,0.0,0.0,0.0,0.0,0.0,0.0,0.0,0.0,0.0,0.0,,,CFBD/team roster,,0.0,,MODELLED_ON_TEAM_RATES,opportunity-differentiated; team receiving rates,0.0,v1.0,2026-08-18T18:11:37+00:00
2026,CFF_BC,Boston College,CFP_2CFFA0D2,Will Graves III,WR,621,12.0,0.0,0.0,0.0,0.0,0.0,0.0,0.0,0.0,0.0,0.0,0.0,0.0,0.0,0.0,,,CFBD/team roster,,0.0,,MODELLED_ON_TEAM_RATES,opportunity-differentiated; team receiving rates,0.0,v1.0,2026-08-18T18:11:37+00:00
2026,CFF_CAL,California,CFP_0E40F2D8,Trevor Rogers,WR,622,12.0,0.0,0.0,0.0,0.0,0.0,0.0,0.0,0.0,0.0,0.0,0.0,0.0,0.0,0.0,,,CFBD/team roster,,0.0,,MODELLED_ON_TEAM_RATES,opportunity-differentiated; team receiving rates,0.0,v1.0,2026-08-18T18:11:37+00:00
2026,CFF_CAL,California,CFP_A11F7F8B,Cooper Perry,WR,623,12.0,0.0,0.0,0.0,0.0,0.0,0.0,0.0,0.0,0.0,0.0,0.0,0.0,0.0,0.0,,,CFBD/team roster,,0.0,,MODELLED_ON_TEAM_RATES,opportunity-differentiated; team receiving rates,0.0,v1.0,2026-08-18T18:11:37+00:00
2026,CFF_CAL,California,CFP_3BBD58C5,Carson Perry-Smith,WR,624,12.0,0.0,0.0,0.0,0.0,0.0,0.0,0.0,0.0,0.0,0.0,0.0,0.0,0.0,0.0,,,CFBD/team roster,,0.0,,MODELLED_ON_TEAM_RATES,opportunity-differentiated; team receiving rates,0.0,v1.0,2026-08-18T18:11:37+00:00
2026,CFF_CLEM,Clemson,CFP_893C9EF5,Grady Sherrill,WR,625,12.0,0.0,0.0,0.0,0.0,0.0,0.0,0.0,0.0,0.0,0.0,0.0,0.0,0.0,0.0,,,CFBD/team roster,,0.0,,MODELLED_ON_TEAM_RATES,opportunity-differentiated; team receiving rates,0.0,v1.0,2026-08-18T18:11:37+00:00
2026,CFF_CLEM,Clemson,CFP_3A044675,Clay Swinney,WR,626,12.0,0.0,0.0,0.0,0.0,0.0,0.0,0.0,0.0,0.0,0.0,0.0,0.0,0.0,0.0,,,CFBD/team roster,,0.0,,MODELLED_ON_TEAM_RATES,opportunity-differentiated; team receiving rates,0.0,v1.0,2026-08-18T18:11:37+00:00
2026,CFF_CLEM,Clemson,CFP_77A29EEF,Jack Purkerson,WR,627,12.0,0.0,0.0,0.0,0.0,0.0,0.0,0.0,0.0,0.0,0.0,0.0,0.0,0.0,0.0,,,CFBD/team roster,,0.0,,MODELLED_ON_TEAM_RATES,opportunity-differentiated; team receiving rates,0.0,v1.0,2026-08-18T18:11:37+00:00
2026,CFF_CLEM,Clemson,CFP_D03770B0,Sam Earle,WR,628,12.0,0.0,0.0,0.0,0.0,0.0,0.0,0.0,0.0,0.0,0.0,0.0,0.0,0.0,0.0,,,CFBD/team roster,,0.0,,MODELLED_ON_TEAM_RATES,opportunity-differentiated; team receiving rates,0.0,v1.0,2026-08-18T18:11:37+00:00
2026,CFF_CLEM,Clemson,CFP_764FEC31,Avery Wieting,WR,629,12.0,0.0,0.0,0.0,0.0,0.0,0.0,0.0,0.0,0.0,0.0,0.0,0.0,0.0,0.0,,,CFBD/team roster,,0.0,,MODELLED_ON_TEAM_RATES,opportunity-differentiated; team receiving rates,0.0,v1.0,2026-08-18T18:11:37+00:00
2026,CFF_CLEM,Clemson,CFP_1DDF9F52,Luke Stubbs,WR,630,12.0,0.0,0.0,0.0,0.0,0.0,0.0,0.0,0.0,0.0,0.0,0.0,0.0,0.0,0.0,,,CFBD/team roster,,0.0,,MODELLED_ON_TEAM_RATES,opportunity-differentiated; team receiving rates,0.0,v1.0,2026-08-18T18:11:37+00:00
2026,CFF_CLEM,Clemson,CFP_116618E0,Jaylen Brown-Wallace,WR,631,12.0,0.0,0.0,0.0,0.0,0.0,0.0,0.0,0.0,0.0,0.0,0.0,0.0,0.0,0.0,,,CFBD/team roster,,0.0,,MODELLED_ON_TEAM_RATES,opportunity-differentiated; team receiving rates,0.0,v1.0,2026-08-18T18:11:37+00:00
2026,CFF_CLEM,Clemson,CFP_24953B56,Keil McGriff,WR,632,12.0,0.0,0.0,0.0,0.0,0.0,0.0,0.0,0.0,0.0,0.0,0.0,0.0,0.0,0.0,,,CFBD/team roster,,0.0,,MODELLED_ON_TEAM_RATES,opportunity-differentiated; team receiving rates,0.0,v1.0,2026-08-18T18:11:37+00:00
2026,CFF_DUKE,Duke,CFP_FD46B037,Jonah Burton,WR,633,12.0,0.0,0.0,0.0,0.0,0.0,0.0,0.0,0.0,0.0,0.0,0.0,0.0,0.0,0.0,,,CFBD/team roster,,0.0,,MODELLED_ON_TEAM_RATES,opportunity-differentiated; team receiving rates,0.0,v1.0,2026-08-18T18:11:37+00:00
2026,CFF_DUKE,Duke,CFP_C9FFDE7E,Jared Richardson,WR,634,12.0,0.0,0.0,0.0,0.0,0.0,0.0,0.0,0.0,0.0,0.0,0.0,0.0,0.0,0.0,,,CFBD/team roster,,0.0,,MODELLED_ON_TEAM_RATES,opportunity-differentiated; team receiving rates,0.0,v1.0,2026-08-18T18:11:37+00:00
2026,CFF_DUKE,Duke,CFP_3DCC0A04,Paxon Kettering,WR,635,12.0,0.0,0.0,0.0,0.0,0.0,0.0,0.0,0.0,0.0,0.0,0.0,0.0,0.0,0.0,,,CFBD/team roster,,0.0,,MODELLED_ON_TEAM_RATES,opportunity-differentiated; team receiving rates,0.0,v1.0,2026-08-18T18:11:37+00:00
2026,CFF_DUKE,Duke,CFP_86FD46F9,Blake Rohrer,WR,636,12.0,0.0,0.0,0.0,0.0,0.0,0.0,0.0,0.0,0.0,0.0,0.0,0.0,0.0,0.0,,,CFBD/team roster,,0.0,,MODELLED_ON_TEAM_RATES,opportunity-differentiated; team receiving rates,0.0,v1.0,2026-08-18T18:11:37+00:00
2026,CFF_DUKE,Duke,CFP_434C3AA1,Jackson Maggiore,WR,637,12.0,0.0,0.0,0.0,0.0,0.0,0.0,0.0,0.0,0.0,0.0,0.0,0.0,0.0,0.0,,,CFBD/team roster,,0.0,,MODELLED_ON_TEAM_RATES,opportunity-differentiated; team receiving rates,0.0,v1.0,2026-08-18T18:11:37+00:00
2026,CFF_FSU,Florida State,CFP_E3058049,Jonah Winston,WR,638,12.0,0.0,0.0,0.0,0.0,0.0,0.0,0.0,0.0,0.0,0.0,0.0,0.0,0.0,0.0,,,CFBD/team roster,,0.0,,MODELLED_ON_TEAM_RATES,opportunity-differentiated; team receiving rates,0.0,v1.0,2026-08-18T18:11:37+00:00
2026,CFF_FSU,Florida State,CFP_E6CBE4EB,Darryon Williams,WR,639,12.0,0.0,0.0,0.0,0.0,0.0,0.0,0.0,0.0,0.0,0.0,0.0,0.0,0.0,0.0,,,CFBD/team roster,,0.0,,MODELLED_ON_TEAM_RATES,opportunity-differentiated; team receiving rates,0.0,v1.0,2026-08-18T18:11:37+00:00
2026,CFF_FSU,Florida State,CFP_9A80BF5E,Tony Bland,WR,640,12.0,0.0,0.0,0.0,0.0,0.0,0.0,0.0,0.0,0.0,0.0,0.0,0.0,0.0,0.0,,,CFBD/team roster,,0.0,,MODELLED_ON_TEAM_RATES,opportunity-differentiated; team receiving rates,0.0,v1.0,2026-08-18T18:11:37+00:00
2026,CFF_GT,Georgia Tech,CFP_1A93AFDD,Jaiven Plummer,WR,641,12.0,0.0,0.0,0.0,0.0,0.0,0.0,0.0,0.0,0.0,0.0,0.0,0.0,0.0,0.0,,,CFBD/team roster,,0.0,,MODELLED_ON_TEAM_RATES,opportunity-differentiated; team receiving rates,0.0,v1.0,2026-08-18T18:11:37+00:00
2026,CFF_GT,Georgia Tech,CFP_CE416F19,Rahkeem Smith,WR,642,12.0,0.0,0.0,0.0,0.0,0.0,0.0,0.0,0.0,0.0,0.0,0.0,0.0,0.0,0.0,,,CFBD/team roster,,0.0,,MODELLED_ON_TEAM_RATES,opportunity-differentiated; team receiving rates,0.0,v1.0,2026-08-18T18:11:37+00:00
2026,CFF_GT,Georgia Tech,CFP_BE269046,Chris Elko,WR,643,12.0,0.0,0.0,0.0,0.0,0.0,0.0,0.0,0.0,0.0,0.0,0.0,0.0,0.0,0.0,,,CFBD/team roster,,0.0,,MODELLED_ON_TEAM_RATES,opportunity-differentiated; team receiving rates,0.0,v1.0,2026-08-18T18:11:37+00:00
2026,CFF_GT,Georgia Tech,CFP_8DD31568,Dalen Penson,WR,644,12.0,0.0,0.0,0.0,0.0,0.0,0.0,0.0,0.0,0.0,0.0,0.0,0.0,0.0,0.0,,,CFBD/team roster,,0.0,,MODELLED_ON_TEAM_RATES,opportunity-differentiated; team receiving rates,0.0,v1.0,2026-08-18T18:11:37+00:00
2026,CFF_GT,Georgia Tech,CFP_E93F2F94,Joseph Moseley,WR,645,12.0,0.0,0.0,0.0,0.0,0.0,0.0,0.0,0.0,0.0,0.0,0.0,0.0,0.0,0.0,,,CFBD/team roster,,0.0,,MODELLED_ON_TEAM_RATES,opportunity-differentiated; team receiving rates,0.0,v1.0,2026-08-18T18:11:37+00:00
2026,CFF_GT,Georgia Tech,CFP_7EE3FDD8,Evan Haynes,WR,646,12.0,0.0,0.0,0.0,0.0,0.0,0.0,0.0,0.0,0.0,0.0,0.0,0.0,0.0,0.0,,,CFBD/team roster,,0.0,,MODELLED_ON_TEAM_RATES,opportunity-differentiated; team receiving rates,0.0,v1.0,2026-08-18T18:11:37+00:00
2026,CFF_GT,Georgia Tech,CFP_54E1E9FC,Isaiah Fuhrmann,WR,647,12.0,0.0,0.0,0.0,0.0,0.0,0.0,0.0,0.0,0.0,0.0,0.0,0.0,0.0,0.0,,,CFBD/team roster,,0.0,,MODELLED_ON_TEAM_RATES,opportunity-differentiated; team receiving rates,0.0,v1.0,2026-08-18T18:11:37+00:00
2026,CFF_GT,Georgia Tech,CFP_0461503A,Wills Campbell,WR,648,12.0,0.0,0.0,0.0,0.0,0.0,0.0,0.0,0.0,0.0,0.0,0.0,0.0,0.0,0.0,,,CFBD/team roster,,0.0,,MODELLED_ON_TEAM_RATES,opportunity-differentiated; team receiving rates,0.0,v1.0,2026-08-18T18:11:37+00:00
2026,CFF_LOU,Louisville,CFP_0904D8C4,Elizjah Lewis,WR,649,12.0,0.0,0.0,0.0,0.0,0.0,0.0,0.0,0.0,0.0,0.0,0.0,0.0,0.0,0.0,,,CFBD/team roster,,0.0,,MODELLED_ON_TEAM_RATES,opportunity-differentiated; team receiving rates,0.0,v1.0,2026-08-18T18:11:37+00:00
2026,CFF_LOU,Louisville,CFP_CBD55169,Terrence McWilliams Jr.,WR,650,12.0,0.0,0.0,0.0,0.0,0.0,0.0,0.0,0.0,0.0,0.0,0.0,0.0,0.0,0.0,,,CFBD/team roster,,0.0,,MODELLED_ON_TEAM_RATES,opportunity-differentiated; team receiving rates,0.0,v1.0,2026-08-18T18:11:37+00:00
2026,CFF_LOU,Louisville,CFP_98A1DE75,Jackson Voth,WR,651,12.0,0.0,0.0,0.0,0.0,0.0,0.0,0.0,0.0,0.0,0.0,0.0,0.0,0.0,0.0,,,CFBD/team roster,,0.0,,MODELLED_ON_TEAM_RATES,opportunity-differentiated; team receiving rates,0.0,v1.0,2026-08-18T18:11:37+00:00
2026,CFF_LOU,Louisville,CFP_0B4FA605,Jakob Dixon,WR,652,12.0,0.0,0.0,0.0,0.0,0.0,0.0,0.0,0.0,0.0,0.0,0.0,0.0,0.0,0.0,,,CFBD/team roster,,0.0,,MODELLED_ON_TEAM_RATES,opportunity-differentiated; team receiving rates,0.0,v1.0,2026-08-18T18:11:37+00:00
2026,CFF_LOU,Louisville,CFP_129D4F46,Montavin Quisenberry,WR,653,12.0,0.0,0.0,0.0,0.0,0.0,0.0,0.0,0.0,0.0,0.0,0.0,0.0,0.0,0.0,,,CFBD/team roster,,0.0,,MODELLED_ON_TEAM_RATES,opportunity-differentiated; team receiving rates,0.0,v1.0,2026-08-18T18:11:37+00:00
2026,CFF_LOU,Louisville,CFP_51A57984,DeVaun Jones,WR,654,12.0,0.0,0.0,0.0,0.0,0.0,0.0,0.0,0.0,0.0,0.0,0.0,0.0,0.0,0.0,,,CFBD/team roster,,0.0,,MODELLED_ON_TEAM_RATES,opportunity-differentiated; team receiving rates,0.0,v1.0,2026-08-18T18:11:37+00:00
2026,CFF_MIA,Miami,CFP_2AB55432,Riply Luna,WR,655,12.0,0.0,0.0,0.0,0.0,0.0,0.0,0.0,0.0,0.0,0.0,0.0,0.0,0.0,0.0,,,CFBD/team roster,,0.0,,MODELLED_ON_TEAM_RATES,opportunity-differentiated; team receiving rates,0.0,v1.0,2026-08-18T18:11:37+00:00
2026,CFF_MIA,Miami,CFP_D854E6CE,Kolby Luna,WR,656,12.0,0.0,0.0,0.0,0.0,0.0,0.0,0.0,0.0,0.0,0.0,0.0,0.0,0.0,0.0,,,CFBD/team roster,,0.0,,MODELLED_ON_TEAM_RATES,opportunity-differentiated; team receiving rates,0.0,v1.0,2026-08-18T18:11:37+00:00
2026,CFF_MIA,Miami,CFP_6452A44F,Brennan Burton,WR,657,12.0,0.0,0.0,0.0,0.0,0.0,0.0,0.0,0.0,0.0,0.0,0.0,0.0,0.0,0.0,,,CFBD/team roster,,0.0,,MODELLED_ON_TEAM_RATES,opportunity-differentiated; team receiving rates,0.0,v1.0,2026-08-18T18:11:37+00:00
2026,CFF_MIA,Miami,CFP_FB197951,Nick Thomas,WR,658,12.0,0.0,0.0,0.0,0.0,0.0,0.0,0.0,0.0,0.0,0.0,0.0,0.0,0.0,0.0,,,CFBD/team roster,,0.0,,MODELLED_ON_TEAM_RATES,opportunity-differentiated; team receiving rates,0.0,v1.0,2026-08-18T18:11:37+00:00
2026,CFF_UNC,North Carolina,CFP_12F238A8,Dayton Sneed,WR,659,12.0,0.0,0.0,0.0,0.0,0.0,0.0,0.0,0.0,0.0,0.0,0.0,0.0,0.0,0.0,,,CFBD/team roster,,0.0,,MODELLED_ON_TEAM_RATES,opportunity-differentiated; team receiving rates,0.0,v1.0,2026-08-18T18:11:37+00:00
2026,CFF_UNC,North Carolina,CFP_97BAED20,Mason Humphrey,WR,660,12.0,0.0,0.0,0.0,0.0,0.0,0.0,0.0,0.0,0.0,0.0,0.0,0.0,0.0,0.0,,,CFBD/team roster,,0.0,,MODELLED_ON_TEAM_RATES,opportunity-differentiated; team receiving rates,0.0,v1.0,2026-08-18T18:11:37+00:00
2026,CFF_UNC,North Carolina,CFP_5764CEF7,Nyqir Helton,WR,661,12.0,0.0,0.0,0.0,0.0,0.0,0.0,0.0,0.0,0.0,0.0,0.0,0.0,0.0,0.0,,,CFBD/team roster,,0.0,,MODELLED_ON_TEAM_RATES,opportunity-differentiated; team receiving rates,0.0,v1.0,2026-08-18T18:11:37+00:00
2026,CFF_UNC,North Carolina,CFP_C8D129EE,Zamaurious Robertson,WR,662,12.0,0.0,0.0,0.0,0.0,0.0,0.0,0.0,0.0,0.0,0.0,0.0,0.0,0.0,0.0,,,CFBD/team roster,,0.0,,MODELLED_ON_TEAM_RATES,opportunity-differentiated; team receiving rates,0.0,v1.0,2026-08-18T18:11:37+00:00
2026,CFF_NCSU,NC State,CFP_A1F5ED26,Chance Robinson,WR,663,12.0,0.0,0.0,0.0,0.0,0.0,0.0,0.0,0.0,0.0,0.0,0.0,0.0,0.0,0.0,,,CFBD/team roster,,0.0,,MODELLED_ON_TEAM_RATES,opportunity-differentiated; team receiving rates,0.0,v1.0,2026-08-18T18:11:37+00:00
2026,CFF_NCSU,NC State,CFP_E387699B,Joshisa Trader,WR,664,12.0,0.0,0.0,0.0,0.0,0.0,0.0,0.0,0.0,0.0,0.0,0.0,0.0,0.0,0.0,,,CFBD/team roster,,0.0,,MODELLED_ON_TEAM_RATES,opportunity-differentiated; team receiving rates,0.0,v1.0,2026-08-18T18:11:37+00:00
2026,CFF_NCSU,NC State,CFP_074FD003,Davion Dozier,WR,665,12.0,0.0,0.0,0.0,0.0,0.0,0.0,0.0,0.0,0.0,0.0,0.0,0.0,0.0,0.0,,,CFBD/team roster,,0.0,,MODELLED_ON_TEAM_RATES,opportunity-differentiated; team receiving rates,0.0,v1.0,2026-08-18T18:11:37+00:00
2026,CFF_NCSU,NC State,CFP_3B5A5664,Tyran Warren,WR,666,12.0,0.0,0.0,0.0,0.0,0.0,0.0,0.0,0.0,0.0,0.0,0.0,0.0,0.0,0.0,,,CFBD/team roster,,0.0,,MODELLED_ON_TEAM_RATES,opportunity-differentiated; team receiving rates,0.0,v1.0,2026-08-18T18:11:37+00:00
2026,CFF_NCSU,NC State,CFP_9E2AC28A,Je'rel Bolder,WR,667,12.0,0.0,0.0,0.0,0.0,0.0,0.0,0.0,0.0,0.0,0.0,0.0,0.0,0.0,0.0,,,CFBD/team roster,,0.0,,MODELLED_ON_TEAM_RATES,opportunity-differentiated; team receiving rates,0.0,v1.0,2026-08-18T18:11:37+00:00
2026,CFF_NCSU,NC State,CFP_6B79BCCD,Addison Carlson,WR,668,12.0,0.0,0.0,0.0,0.0,0.0,0.0,0.0,0.0,0.0,0.0,0.0,0.0,0.0,0.0,,,CFBD/team roster,,0.0,,MODELLED_ON_TEAM_RATES,opportunity-differentiated; team receiving rates,0.0,v1.0,2026-08-18T18:11:37+00:00
2026,CFF_NCSU,NC State,CFP_67BADEB0,Cameron Cornthwaite,WR,669,12.0,0.0,0.0,0.0,0.0,0.0,0.0,0.0,0.0,0.0,0.0,0.0,0.0,0.0,0.0,,,CFBD/team roster,,0.0,,MODELLED_ON_TEAM_RATES,opportunity-differentiated; team receiving rates,0.0,v1.0,2026-08-18T18:11:37+00:00
2026,CFF_NCSU,NC State,CFP_E59B6598,Sam Dodd,WR,670,12.0,0.0,0.0,0.0,0.0,0.0,0.0,0.0,0.0,0.0,0.0,0.0,0.0,0.0,0.0,,,CFBD/team roster,,0.0,,MODELLED_ON_TEAM_RATES,opportunity-differentiated; team receiving rates,0.0,v1.0,2026-08-18T18:11:37+00:00
2026,CFF_NCSU,NC State,CFP_CF9A795D,Jason Schutt,WR,671,12.0,0.0,0.0,0.0,0.0,0.0,0.0,0.0,0.0,0.0,0.0,0.0,0.0,0.0,0.0,,,CFBD/team roster,,0.0,,MODELLED_ON_TEAM_RATES,opportunity-differentiated; team receiving rates,0.0,v1.0,2026-08-18T18:11:37+00:00
2026,CFF_NCSU,NC State,CFP_FD3F92FE,Landon Thompson,WR,672,12.0,0.0,0.0,0.0,0.0,0.0,0.0,0.0,0.0,0.0,0.0,0.0,0.0,0.0,0.0,,,CFBD/team roster,,0.0,,MODELLED_ON_TEAM_RATES,opportunity-differentiated; team receiving rates,0.0,v1.0,2026-08-18T18:11:37+00:00
2026,CFF_PITT,Pitt,CFP_29059F9C,Malik Knight,WR,673,12.0,0.0,0.0,0.0,0.0,0.0,0.0,0.0,0.0,0.0,0.0,0.0,0.0,0.0,0.0,,,CFBD/team roster,,0.0,,MODELLED_ON_TEAM_RATES,opportunity-differentiated; team receiving rates,0.0,v1.0,2026-08-18T18:11:37+00:00
2026,CFF_PITT,Pitt,CFP_21AEC765,Cam Sapp,WR,674,12.0,0.0,0.0,0.0,0.0,0.0,0.0,0.0,0.0,0.0,0.0,0.0,0.0,0.0,0.0,,,CFBD/team roster,,0.0,,MODELLED_ON_TEAM_RATES,opportunity-differentiated; team receiving rates,0.0,v1.0,2026-08-18T18:11:37+00:00
2026,CFF_PITT,Pitt,CFP_0193E89A,Benny Haselrig,WR,675,12.0,0.0,0.0,0.0,0.0,0.0,0.0,0.0,0.0,0.0,0.0,0.0,0.0,0.0,0.0,,,CFBD/team roster,,0.0,,MODELLED_ON_TEAM_RATES,opportunity-differentiated; team receiving rates,0.0,v1.0,2026-08-18T18:11:37+00:00
2026,CFF_PITT,Pitt,CFP_1B0653D0,Tyreek Robinson,WR,676,12.0,0.0,0.0,0.0,0.0,0.0,0.0,0.0,0.0,0.0,0.0,0.0,0.0,0.0,0.0,,,CFBD/team roster,,0.0,,MODELLED_ON_TEAM_RATES,opportunity-differentiated; team receiving rates,0.0,v1.0,2026-08-18T18:11:37+00:00
2026,CFF_PITT,Pitt,CFP_E827167A,Tony Kinsler,WR,677,12.0,0.0,0.0,0.0,0.0,0.0,0.0,0.0,0.0,0.0,0.0,0.0,0.0,0.0,0.0,,,CFBD/team roster,,0.0,,MODELLED_ON_TEAM_RATES,opportunity-differentiated; team receiving rates,0.0,v1.0,2026-08-18T18:11:37+00:00
2026,CFF_PITT,Pitt,CFP_D3EDB96D,Amah Agwu,WR,678,12.0,0.0,0.0,0.0,0.0,0.0,0.0,0.0,0.0,0.0,0.0,0.0,0.0,0.0,0.0,,,CFBD/team roster,,0.0,,MODELLED_ON_TEAM_RATES,opportunity-differentiated; team receiving rates,0.0,v1.0,2026-08-18T18:11:37+00:00
2026,CFF_PITT,Pitt,CFP_B0955458,Jake Sassic,WR,679,12.0,0.0,0.0,0.0,0.0,0.0,0.0,0.0,0.0,0.0,0.0,0.0,0.0,0.0,0.0,,,CFBD/team roster,,0.0,,MODELLED_ON_TEAM_RATES,opportunity-differentiated; team receiving rates,0.0,v1.0,2026-08-18T18:11:37+00:00
2026,CFF_PITT,Pitt,CFP_42E850DA,Jack Lesniewicz,WR,680,12.0,0.0,0.0,0.0,0.0,0.0,0.0,0.0,0.0,0.0,0.0,0.0,0.0,0.0,0.0,,,CFBD/team roster,,0.0,,MODELLED_ON_TEAM_RATES,opportunity-differentiated; team receiving rates,0.0,v1.0,2026-08-18T18:11:37+00:00
2026,CFF_SMU,SMU,CFP_1077C205,Yannick Smith,WR,681,12.0,0.0,0.0,0.0,0.0,0.0,0.0,0.0,0.0,0.0,0.0,0.0,0.0,0.0,0.0,,,CFBD/team roster,,0.0,,MODELLED_ON_TEAM_RATES,opportunity-differentiated; team receiving rates,0.0,v1.0,2026-08-18T18:11:37+00:00
2026,CFF_SMU,SMU,CFP_FFB14171,Tyrone Crethers,WR,682,12.0,0.0,0.0,0.0,0.0,0.0,0.0,0.0,0.0,0.0,0.0,0.0,0.0,0.0,0.0,,,CFBD/team roster,,0.0,,MODELLED_ON_TEAM_RATES,opportunity-differentiated; team receiving rates,0.0,v1.0,2026-08-18T18:11:37+00:00
2026,CFF_SMU,SMU,CFP_BB64FBF8,Jordyn Adams,WR,683,12.0,0.0,0.0,0.0,0.0,0.0,0.0,0.0,0.0,0.0,0.0,0.0,0.0,0.0,0.0,,,CFBD/team roster,,0.0,,MODELLED_ON_TEAM_RATES,opportunity-differentiated; team receiving rates,0.0,v1.0,2026-08-18T18:11:37+00:00
2026,CFF_SMU,SMU,CFP_DFC81E50,David Kniffen Jr.,WR,684,12.0,0.0,0.0,0.0,0.0,0.0,0.0,0.0,0.0,0.0,0.0,0.0,0.0,0.0,0.0,,,CFBD/team roster,,0.0,,MODELLED_ON_TEAM_RATES,opportunity-differentiated; team receiving rates,0.0,v1.0,2026-08-18T18:11:37+00:00
2026,CFF_SMU,SMU,CFP_E63A0F15,Siler Cooke,WR,685,12.0,0.0,0.0,0.0,0.0,0.0,0.0,0.0,0.0,0.0,0.0,0.0,0.0,0.0,0.0,,,CFBD/team roster,,0.0,,MODELLED_ON_TEAM_RATES,opportunity-differentiated; team receiving rates,0.0,v1.0,2026-08-18T18:11:37+00:00
2026,CFF_STAN,Stanford,CFP_60D9B2F5,David Pantelis,WR,686,12.0,0.0,0.0,0.0,0.0,0.0,0.0,0.0,0.0,0.0,0.0,0.0,0.0,0.0,0.0,,,CFBD/team roster,,0.0,,MODELLED_ON_TEAM_RATES,opportunity-differentiated; team receiving rates,0.0,v1.0,2026-08-18T18:11:37+00:00
2026,CFF_STAN,Stanford,CFP_EF497E82,Nico Brown,WR,687,12.0,0.0,0.0,0.0,0.0,0.0,0.0,0.0,0.0,0.0,0.0,0.0,0.0,0.0,0.0,,,CFBD/team roster,,0.0,,MODELLED_ON_TEAM_RATES,opportunity-differentiated; team receiving rates,0.0,v1.0,2026-08-18T18:11:37+00:00
2026,CFF_STAN,Stanford,CFP_26063DD2,Tyler Kuo,WR,688,12.0,0.0,0.0,0.0,0.0,0.0,0.0,0.0,0.0,0.0,0.0,0.0,0.0,0.0,0.0,,,CFBD/team roster,,0.0,,MODELLED_ON_TEAM_RATES,opportunity-differentiated; team receiving rates,0.0,v1.0,2026-08-18T18:11:37+00:00
2026,CFF_STAN,Stanford,CFP_C8D44805,Carter Shaw,WR,689,12.0,0.0,0.0,0.0,0.0,0.0,0.0,0.0,0.0,0.0,0.0,0.0,0.0,0.0,0.0,,,CFBD/team roster,,0.0,,MODELLED_ON_TEAM_RATES,opportunity-differentiated; team receiving rates,0.0,v1.0,2026-08-18T18:11:37+00:00
2026,CFF_STAN,Stanford,CFP_3A4C2D31,Liam Thorpe,WR,690,12.0,0.0,0.0,0.0,0.0,0.0,0.0,0.0,0.0,0.0,0.0,0.0,0.0,0.0,0.0,,,CFBD/team roster,,0.0,,MODELLED_ON_TEAM_RATES,opportunity-differentiated; team receiving rates,0.0,v1.0,2026-08-18T18:11:37+00:00
2026,CFF_STAN,Stanford,CFP_D1478E7F,Owen van Loben Sels,WR,691,12.0,0.0,0.0,0.0,0.0,0.0,0.0,0.0,0.0,0.0,0.0,0.0,0.0,0.0,0.0,,,CFBD/team roster,,0.0,,MODELLED_ON_TEAM_RATES,opportunity-differentiated; team receiving rates,0.0,v1.0,2026-08-18T18:11:37+00:00
2026,CFF_STAN,Stanford,CFP_0C4C9B44,Atticus Joseph,WR,692,12.0,0.0,0.0,0.0,0.0,0.0,0.0,0.0,0.0,0.0,0.0,0.0,0.0,0.0,0.0,,,CFBD/team roster,,0.0,,MODELLED_ON_TEAM_RATES,opportunity-differentiated; team receiving rates,0.0,v1.0,2026-08-18T18:11:37+00:00
2026,CFF_SYR,Syracuse,CFP_A373C39C,Umari Hatcher,WR,693,12.0,0.0,0.0,0.0,0.0,0.0,0.0,0.0,0.0,0.0,0.0,0.0,0.0,0.0,0.0,,,CFBD/team roster,,0.0,,MODELLED_ON_TEAM_RATES,opportunity-differentiated; team receiving rates,0.0,v1.0,2026-08-18T18:11:37+00:00
2026,CFF_SYR,Syracuse,CFP_94724999,Zamondre Merriweather,WR,694,12.0,0.0,0.0,0.0,0.0,0.0,0.0,0.0,0.0,0.0,0.0,0.0,0.0,0.0,0.0,,,CFBD/team roster,,0.0,,MODELLED_ON_TEAM_RATES,opportunity-differentiated; team receiving rates,0.0,v1.0,2026-08-18T18:11:37+00:00
2026,CFF_SYR,Syracuse,CFP_EE6A5759,Elijah Moore,WR,695,12.0,0.0,0.0,0.0,0.0,0.0,0.0,0.0,0.0,0.0,0.0,0.0,0.0,0.0,0.0,,,CFBD/team roster,,0.0,,MODELLED_ON_TEAM_RATES,opportunity-differentiated; team receiving rates,0.0,v1.0,2026-08-18T18:11:37+00:00
2026,CFF_SYR,Syracuse,CFP_2434B282,Cole Weaver,WR,696,12.0,0.0,0.0,0.0,0.0,0.0,0.0,0.0,0.0,0.0,0.0,0.0,0.0,0.0,0.0,,,CFBD/team roster,,0.0,,MODELLED_ON_TEAM_RATES,opportunity-differentiated; team receiving rates,0.0,v1.0,2026-08-18T18:11:37+00:00
2026,CFF_SYR,Syracuse,CFP_90C36CB4,Nate Edwards,WR,697,12.0,0.0,0.0,0.0,0.0,0.0,0.0,0.0,0.0,0.0,0.0,0.0,0.0,0.0,0.0,,,CFBD/team roster,,0.0,,MODELLED_ON_TEAM_RATES,opportunity-differentiated; team receiving rates,0.0,v1.0,2026-08-18T18:11:37+00:00
2026,CFF_SYR,Syracuse,CFP_C861CF5B,Darius Johnson,WR,698,12.0,0.0,0.0,0.0,0.0,0.0,0.0,0.0,0.0,0.0,0.0,0.0,0.0,0.0,0.0,,,CFBD/team roster,,0.0,,MODELLED_ON_TEAM_RATES,opportunity-differentiated; team receiving rates,0.0,v1.0,2026-08-18T18:11:37+00:00
2026,CFF_UVA,Virginia,CFP_B556DB9A,TeKai Kirby,WR,699,12.0,0.0,0.0,0.0,0.0,0.0,0.0,0.0,0.0,0.0,0.0,0.0,0.0,0.0,0.0,,,CFBD/team roster,,0.0,,MODELLED_ON_TEAM_RATES,opportunity-differentiated; team receiving rates,0.0,v1.0,2026-08-18T18:11:37+00:00
2026,CFF_UVA,Virginia,CFP_8D57B0E0,CJ Spence,WR,700,12.0,0.0,0.0,0.0,0.0,0.0,0.0,0.0,0.0,0.0,0.0,0.0,0.0,0.0,0.0,,,CFBD/team roster,,0.0,,MODELLED_ON_TEAM_RATES,opportunity-differentiated; team receiving rates,0.0,v1.0,2026-08-18T18:11:37+00:00
2026,CFF_UVA,Virginia,CFP_6266BCBF,Triston Ward,WR,701,12.0,0.0,0.0,0.0,0.0,0.0,0.0,0.0,0.0,0.0,0.0,0.0,0.0,0.0,0.0,,,CFBD/team roster,,0.0,,MODELLED_ON_TEAM_RATES,opportunity-differentiated; team receiving rates,0.0,v1.0,2026-08-18T18:11:37+00:00
2026,CFF_UVA,Virginia,CFP_9AFB230B,Trevor Ladd,WR,702,12.0,0.0,0.0,0.0,0.0,0.0,0.0,0.0,0.0,0.0,0.0,0.0,0.0,0.0,0.0,,,CFBD/team roster,,0.0,,MODELLED_ON_TEAM_RATES,opportunity-differentiated; team receiving rates,0.0,v1.0,2026-08-18T18:11:37+00:00
2026,CFF_UVA,Virginia,CFP_DA172C5E,Brand Morgan,WR,703,12.0,0.0,0.0,0.0,0.0,0.0,0.0,0.0,0.0,0.0,0.0,0.0,0.0,0.0,0.0,,,CFBD/team roster,,0.0,,MODELLED_ON_TEAM_RATES,opportunity-differentiated; team receiving rates,0.0,v1.0,2026-08-18T18:11:37+00:00
2026,CFF_VT,Virginia Tech,CFP_ADA56C9D,Keylen Adams,WR,704,12.0,0.0,0.0,0.0,0.0,0.0,0.0,0.0,0.0,0.0,0.0,0.0,0.0,0.0,0.0,,,CFBD/team roster,,0.0,,MODELLED_ON_TEAM_RATES,opportunity-differentiated; team receiving rates,0.0,v1.0,2026-08-18T18:11:37+00:00
2026,CFF_VT,Virginia Tech,CFP_8866D797,Chanz Wiggins,WR,705,12.0,0.0,0.0,0.0,0.0,0.0,0.0,0.0,0.0,0.0,0.0,0.0,0.0,0.0,0.0,,,CFBD/team roster,,0.0,,MODELLED_ON_TEAM_RATES,opportunity-differentiated; team receiving rates,0.0,v1.0,2026-08-18T18:11:37+00:00
2026,CFF_VT,Virginia Tech,CFP_E0132654,Luke Stuewe,WR,706,12.0,0.0,0.0,0.0,0.0,0.0,0.0,0.0,0.0,0.0,0.0,0.0,0.0,0.0,0.0,,,CFBD/team roster,,0.0,,MODELLED_ON_TEAM_RATES,opportunity-differentiated; team receiving rates,0.0,v1.0,2026-08-18T18:11:37+00:00
2026,CFF_VT,Virginia Tech,CFP_D9434F11,L.J. Booker,WR,707,12.0,0.0,0.0,0.0,0.0,0.0,0.0,0.0,0.0,0.0,0.0,0.0,0.0,0.0,0.0,,,CFBD/team roster,,0.0,,MODELLED_ON_TEAM_RATES,opportunity-differentiated; team receiving rates,0.0,v1.0,2026-08-18T18:11:37+00:00
2026,CFF_VT,Virginia Tech,CFP_4256251F,Israel Hairston,WR,708,12.0,0.0,0.0,0.0,0.0,0.0,0.0,0.0,0.0,0.0,0.0,0.0,0.0,0.0,0.0,,,CFBD/team roster,,0.0,,MODELLED_ON_TEAM_RATES,opportunity-differentiated; team receiving rates,0.0,v1.0,2026-08-18T18:11:37+00:00
2026,CFF_VT,Virginia Tech,CFP_01D3E2A1,Joseph Hobbs,WR,709,12.0,0.0,0.0,0.0,0.0,0.0,0.0,0.0,0.0,0.0,0.0,0.0,0.0,0.0,0.0,,,CFBD/team roster,,0.0,,MODELLED_ON_TEAM_RATES,opportunity-differentiated; team receiving rates,0.0,v1.0,2026-08-18T18:11:37+00:00
2026,CFF_VT,Virginia Tech,CFP_4A8DE8C2,Drew Hube,WR,710,12.0,0.0,0.0,0.0,0.0,0.0,0.0,0.0,0.0,0.0,0.0,0.0,0.0,0.0,0.0,,,CFBD/team roster,,0.0,,MODELLED_ON_TEAM_RATES,opportunity-differentiated; team receiving rates,0.0,v1.0,2026-08-18T18:11:37+00:00
2026,CFF_VT,Virginia Tech,CFP_86EB2359,Hudson Zell,WR,711,12.0,0.0,0.0,0.0,0.0,0.0,0.0,0.0,0.0,0.0,0.0,0.0,0.0,0.0,0.0,,,CFBD/team roster,,0.0,,MODELLED_ON_TEAM_RATES,opportunity-differentiated; team receiving rates,0.0,v1.0,2026-08-18T18:11:37+00:00
2026,CFF_WAKE,Wake Forest,CFP_4D8047DF,Eli Potts,WR,712,12.0,0.0,0.0,0.0,0.0,0.0,0.0,0.0,0.0,0.0,0.0,0.0,0.0,0.0,0.0,,,CFBD/team roster,,0.0,,MODELLED_ON_TEAM_RATES,opportunity-differentiated; team receiving rates,0.0,v1.0,2026-08-18T18:11:37+00:00
2026,CFF_WAKE,Wake Forest,CFP_0F401A15,Chase Tyler,WR,713,12.0,0.0,0.0,0.0,0.0,0.0,0.0,0.0,0.0,0.0,0.0,0.0,0.0,0.0,0.0,,,CFBD/team roster,,0.0,,MODELLED_ON_TEAM_RATES,opportunity-differentiated; team receiving rates,0.0,v1.0,2026-08-18T18:11:37+00:00
2026,CFF_WAKE,Wake Forest,CFP_27779325,Zeek Jackson,WR,714,12.0,0.0,0.0,0.0,0.0,0.0,0.0,0.0,0.0,0.0,0.0,0.0,0.0,0.0,0.0,,,CFBD/team roster,,0.0,,MODELLED_ON_TEAM_RATES,opportunity-differentiated; team receiving rates,0.0,v1.0,2026-08-18T18:11:37+00:00
2026,CFF_WAKE,Wake Forest,CFP_5546AB67,Wondame Davis Jr.,WR,715,12.0,0.0,0.0,0.0,0.0,0.0,0.0,0.0,0.0,0.0,0.0,0.0,0.0,0.0,0.0,,,CFBD/team roster,,0.0,,MODELLED_ON_TEAM_RATES,opportunity-differentiated; team receiving rates,0.0,v1.0,2026-08-18T18:11:37+00:00
2026,CFF_WAKE,Wake Forest,CFP_7394B4C9,Hugh O'Brien,WR,716,12.0,0.0,0.0,0.0,0.0,0.0,0.0,0.0,0.0,0.0,0.0,0.0,0.0,0.0,0.0,,,CFBD/team roster,,0.0,,MODELLED_ON_TEAM_RATES,opportunity-differentiated; team receiving rates,0.0,v1.0,2026-08-18T18:11:37+00:00
2026,CFF_ILL,Illinois,CFP_356EAC83,Ty Robinson,WR,717,12.0,0.0,0.0,0.0,0.0,0.0,0.0,0.0,0.0,0.0,0.0,0.0,0.0,0.0,0.0,,,CFBD/team roster,,0.0,,MODELLED_ON_TEAM_RATES,opportunity-differentiated; team receiving rates,0.0,v1.0,2026-08-18T18:11:37+00:00
2026,CFF_ILL,Illinois,CFP_7C754672,Eddie Kasper,WR,718,12.0,0.0,0.0,0.0,0.0,0.0,0.0,0.0,0.0,0.0,0.0,0.0,0.0,0.0,0.0,,,CFBD/team roster,,0.0,,MODELLED_ON_TEAM_RATES,opportunity-differentiated; team receiving rates,0.0,v1.0,2026-08-18T18:11:37+00:00
2026,CFF_ILL,Illinois,CFP_12C43AFB,Karson Kaiser,WR,719,12.0,0.0,0.0,0.0,0.0,0.0,0.0,0.0,0.0,0.0,0.0,0.0,0.0,0.0,0.0,,,CFBD/team roster,,0.0,,MODELLED_ON_TEAM_RATES,opportunity-differentiated; team receiving rates,0.0,v1.0,2026-08-18T18:11:37+00:00
2026,CFF_ILL,Illinois,CFP_46B81936,Jacob Harvey,WR,720,12.0,0.0,0.0,0.0,0.0,0.0,0.0,0.0,0.0,0.0,0.0,0.0,0.0,0.0,0.0,,,CFBD/team roster,,0.0,,MODELLED_ON_TEAM_RATES,opportunity-differentiated; team receiving rates,0.0,v1.0,2026-08-18T18:11:37+00:00
2026,CFF_ILL,Illinois,CFP_B0C73E36,Nate Cichy,WR,721,12.0,0.0,0.0,0.0,0.0,0.0,0.0,0.0,0.0,0.0,0.0,0.0,0.0,0.0,0.0,,,CFBD/team roster,,0.0,,MODELLED_ON_TEAM_RATES,opportunity-differentiated; team receiving rates,0.0,v1.0,2026-08-18T18:11:37+00:00
2026,CFF_ILL,Illinois,CFP_D3422987,Leslie Mosley Jr.,WR,722,12.0,0.0,0.0,0.0,0.0,0.0,0.0,0.0,0.0,0.0,0.0,0.0,0.0,0.0,0.0,,,CFBD/team roster,,0.0,,MODELLED_ON_TEAM_RATES,opportunity-differentiated; team receiving rates,0.0,v1.0,2026-08-18T18:11:37+00:00
2026,CFF_IND,Indiana,CFP_F39CE0B1,Cade Kaiser,WR,723,12.0,0.0,0.0,0.0,0.0,0.0,0.0,0.0,0.0,0.0,0.0,0.0,0.0,0.0,0.0,,,CFBD/team roster,,0.0,,MODELLED_ON_TEAM_RATES,opportunity-differentiated; team receiving rates,0.0,v1.0,2026-08-18T18:11:37+00:00
2026,CFF_IND,Indiana,CFP_400EA4F9,Hunter Stroud,WR,724,12.0,0.0,0.0,0.0,0.0,0.0,0.0,0.0,0.0,0.0,0.0,0.0,0.0,0.0,0.0,,,CFBD/team roster,,0.0,,MODELLED_ON_TEAM_RATES,opportunity-differentiated; team receiving rates,0.0,v1.0,2026-08-18T18:11:37+00:00
2026,CFF_IND,Indiana,CFP_58AED6BD,Bruno Massel IV,WR,725,12.0,0.0,0.0,0.0,0.0,0.0,0.0,0.0,0.0,0.0,0.0,0.0,0.0,0.0,0.0,,,CFBD/team roster,,0.0,,MODELLED_ON_TEAM_RATES,opportunity-differentiated; team receiving rates,0.0,v1.0,2026-08-18T18:11:37+00:00
2026,CFF_IOWA,Iowa,CFP_D72D0B49,Lance Beeghley,WR,726,12.0,0.0,0.0,0.0,0.0,0.0,0.0,0.0,0.0,0.0,0.0,0.0,0.0,0.0,0.0,,,CFBD/team roster,,0.0,,MODELLED_ON_TEAM_RATES,opportunity-differentiated; team receiving rates,0.0,v1.0,2026-08-18T18:11:37+00:00
2026,CFF_IOWA,Iowa,CFP_64DFB6E1,Jackson Naeve,WR,727,12.0,0.0,0.0,0.0,0.0,0.0,0.0,0.0,0.0,0.0,0.0,0.0,0.0,0.0,0.0,,,CFBD/team roster,,0.0,,MODELLED_ON_TEAM_RATES,opportunity-differentiated; team receiving rates,0.0,v1.0,2026-08-18T18:11:37+00:00
2026,CFF_IOWA,Iowa,CFP_8AD29EB7,Apollo Payne,WR,728,12.0,0.0,0.0,0.0,0.0,0.0,0.0,0.0,0.0,0.0,0.0,0.0,0.0,0.0,0.0,,,CFBD/team roster,,0.0,,MODELLED_ON_TEAM_RATES,opportunity-differentiated; team receiving rates,0.0,v1.0,2026-08-18T18:11:37+00:00
2026,CFF_IOWA,Iowa,CFP_00B953BF,Evan James,WR,729,12.0,0.0,0.0,0.0,0.0,0.0,0.0,0.0,0.0,0.0,0.0,0.0,0.0,0.0,0.0,,,CFBD/team roster,,0.0,,MODELLED_ON_TEAM_RATES,opportunity-differentiated; team receiving rates,0.0,v1.0,2026-08-18T18:11:37+00:00
2026,CFF_IOWA,Iowa,CFP_64CB5ED5,Tony Diaz,WR,730,12.0,0.0,0.0,0.0,0.0,0.0,0.0,0.0,0.0,0.0,0.0,0.0,0.0,0.0,0.0,,,CFBD/team roster,,0.0,,MODELLED_ON_TEAM_RATES,opportunity-differentiated; team receiving rates,0.0,v1.0,2026-08-18T18:11:37+00:00
2026,CFF_IOWA,Iowa,CFP_CF55DB23,Isaiah Oliver,WR,731,12.0,0.0,0.0,0.0,0.0,0.0,0.0,0.0,0.0,0.0,0.0,0.0,0.0,0.0,0.0,,,CFBD/team roster,,0.0,,MODELLED_ON_TEAM_RATES,opportunity-differentiated; team receiving rates,0.0,v1.0,2026-08-18T18:11:37+00:00
2026,CFF_MD,Maryland,CFP_96CDD5F9,Justin DeVaughn,WR,732,12.0,0.0,0.0,0.0,0.0,0.0,0.0,0.0,0.0,0.0,0.0,0.0,0.0,0.0,0.0,,,CFBD/team roster,,0.0,,MODELLED_ON_TEAM_RATES,opportunity-differentiated; team receiving rates,0.0,v1.0,2026-08-18T18:11:37+00:00
2026,CFF_MD,Maryland,CFP_49C15AE2,Emerson Smith,WR,733,12.0,0.0,0.0,0.0,0.0,0.0,0.0,0.0,0.0,0.0,0.0,0.0,0.0,0.0,0.0,,,CFBD/team roster,,0.0,,MODELLED_ON_TEAM_RATES,opportunity-differentiated; team receiving rates,0.0,v1.0,2026-08-18T18:11:37+00:00
2026,CFF_MD,Maryland,CFP_90E999AD,Ejani Shakir,WR,734,12.0,0.0,0.0,0.0,0.0,0.0,0.0,0.0,0.0,0.0,0.0,0.0,0.0,0.0,0.0,,,CFBD/team roster,,0.0,,MODELLED_ON_TEAM_RATES,opportunity-differentiated; team receiving rates,0.0,v1.0,2026-08-18T18:11:37+00:00
2026,CFF_MICH,Michigan,CFP_C1A795D1,Logan Forbes,WR,735,12.0,0.0,0.0,0.0,0.0,0.0,0.0,0.0,0.0,0.0,0.0,0.0,0.0,0.0,0.0,,,CFBD/team roster,,0.0,,MODELLED_ON_TEAM_RATES,opportunity-differentiated; team receiving rates,0.0,v1.0,2026-08-18T18:11:37+00:00
2026,CFF_MICH,Michigan,CFP_1305B2E0,Bryce Wilcox,WR,736,12.0,0.0,0.0,0.0,0.0,0.0,0.0,0.0,0.0,0.0,0.0,0.0,0.0,0.0,0.0,,,CFBD/team roster,,0.0,,MODELLED_ON_TEAM_RATES,opportunity-differentiated; team receiving rates,0.0,v1.0,2026-08-18T18:11:37+00:00
2026,CFF_MICH,Michigan,CFP_9CC79270,Salesi Moa,WR,737,12.0,0.0,0.0,0.0,0.0,0.0,0.0,0.0,0.0,0.0,0.0,0.0,0.0,0.0,0.0,,,CFBD/team roster,,0.0,,MODELLED_ON_TEAM_RATES,opportunity-differentiated; team receiving rates,0.0,v1.0,2026-08-18T18:11:37+00:00
2026,CFF_MICH,Michigan,CFP_A4A157A4,Jamar Browder,WR,738,12.0,0.0,0.0,0.0,0.0,0.0,0.0,0.0,0.0,0.0,0.0,0.0,0.0,0.0,0.0,,,CFBD/team roster,,0.0,,MODELLED_ON_TEAM_RATES,opportunity-differentiated; team receiving rates,0.0,v1.0,2026-08-18T18:11:37+00:00
2026,CFF_MICH,Michigan,CFP_7BC69727,Kaleb Schlecht,WR,739,12.0,0.0,0.0,0.0,0.0,0.0,0.0,0.0,0.0,0.0,0.0,0.0,0.0,0.0,0.0,,,CFBD/team roster,,0.0,,MODELLED_ON_TEAM_RATES,opportunity-differentiated; team receiving rates,0.0,v1.0,2026-08-18T18:11:37+00:00
2026,CFF_MICH,Michigan,CFP_7C907FAE,Braydon Alford,WR,740,12.0,0.0,0.0,0.0,0.0,0.0,0.0,0.0,0.0,0.0,0.0,0.0,0.0,0.0,0.0,,,CFBD/team roster,,0.0,,MODELLED_ON_TEAM_RATES,opportunity-differentiated; team receiving rates,0.0,v1.0,2026-08-18T18:11:37+00:00
2026,CFF_MSU,Michigan State,CFP_EC5F9553,Jack Yanachik,WR,741,12.0,0.0,0.0,0.0,0.0,0.0,0.0,0.0,0.0,0.0,0.0,0.0,0.0,0.0,0.0,,,CFBD/team roster,,0.0,,MODELLED_ON_TEAM_RATES,opportunity-differentiated; team receiving rates,0.0,v1.0,2026-08-18T18:11:37+00:00
2026,CFF_MSU,Michigan State,CFP_3703CEF1,Nick Hardy,WR,742,12.0,0.0,0.0,0.0,0.0,0.0,0.0,0.0,0.0,0.0,0.0,0.0,0.0,0.0,0.0,,,CFBD/team roster,,0.0,,MODELLED_ON_TEAM_RATES,opportunity-differentiated; team receiving rates,0.0,v1.0,2026-08-18T18:11:37+00:00
2026,CFF_MSU,Michigan State,CFP_0FAF68FC,Fredrick Moore,WR,743,12.0,0.0,0.0,0.0,0.0,0.0,0.0,0.0,0.0,0.0,0.0,0.0,0.0,0.0,0.0,,,CFBD/team roster,,0.0,,MODELLED_ON_TEAM_RATES,opportunity-differentiated; team receiving rates,0.0,v1.0,2026-08-18T18:11:37+00:00
2026,CFF_MSU,Michigan State,CFP_D655AF22,Colin Charles,WR,744,12.0,0.0,0.0,0.0,0.0,0.0,0.0,0.0,0.0,0.0,0.0,0.0,0.0,0.0,0.0,,,CFBD/team roster,,0.0,,MODELLED_ON_TEAM_RATES,opportunity-differentiated; team receiving rates,0.0,v1.0,2026-08-18T18:11:37+00:00
2026,CFF_MINN,Minnesota,CFP_4F78CB27,Donielle Hayes,WR,745,12.0,0.0,0.0,0.0,0.0,0.0,0.0,0.0,0.0,0.0,0.0,0.0,0.0,0.0,0.0,,,CFBD/team roster,,0.0,,MODELLED_ON_TEAM_RATES,opportunity-differentiated; team receiving rates,0.0,v1.0,2026-08-18T18:11:37+00:00
2026,CFF_MINN,Minnesota,CFP_5762B135,Noah Jennings,WR,746,12.0,0.0,0.0,0.0,0.0,0.0,0.0,0.0,0.0,0.0,0.0,0.0,0.0,0.0,0.0,,,CFBD/team roster,,0.0,,MODELLED_ON_TEAM_RATES,opportunity-differentiated; team receiving rates,0.0,v1.0,2026-08-18T18:11:37+00:00
2026,CFF_MINN,Minnesota,CFP_4AFBBBEC,Hayden Moore,WR,747,12.0,0.0,0.0,0.0,0.0,0.0,0.0,0.0,0.0,0.0,0.0,0.0,0.0,0.0,0.0,,,CFBD/team roster,,0.0,,MODELLED_ON_TEAM_RATES,opportunity-differentiated; team receiving rates,0.0,v1.0,2026-08-18T18:11:37+00:00
2026,CFF_MINN,Minnesota,CFP_D7D625C7,Braiden Stevens,WR,748,12.0,0.0,0.0,0.0,0.0,0.0,0.0,0.0,0.0,0.0,0.0,0.0,0.0,0.0,0.0,,,CFBD/team roster,,0.0,,MODELLED_ON_TEAM_RATES,opportunity-differentiated; team receiving rates,0.0,v1.0,2026-08-18T18:11:37+00:00
2026,CFF_NEB,Nebraska,CFP_806FF8EC,Demitrius Bell,WR,749,12.0,0.0,0.0,0.0,0.0,0.0,0.0,0.0,0.0,0.0,0.0,0.0,0.0,0.0,0.0,,,CFBD/team roster,,0.0,,MODELLED_ON_TEAM_RATES,opportunity-differentiated; team receiving rates,0.0,v1.0,2026-08-18T18:11:37+00:00
2026,CFF_NEB,Nebraska,CFP_C69F040E,Roman Mangini,WR,750,12.0,0.0,0.0,0.0,0.0,0.0,0.0,0.0,0.0,0.0,0.0,0.0,0.0,0.0,0.0,,,CFBD/team roster,,0.0,,MODELLED_ON_TEAM_RATES,opportunity-differentiated; team receiving rates,0.0,v1.0,2026-08-18T18:11:37+00:00
2026,CFF_NEB,Nebraska,CFP_40802A8A,Jamari Brown,WR,751,12.0,0.0,0.0,0.0,0.0,0.0,0.0,0.0,0.0,0.0,0.0,0.0,0.0,0.0,0.0,,,CFBD/team roster,,0.0,,MODELLED_ON_TEAM_RATES,opportunity-differentiated; team receiving rates,0.0,v1.0,2026-08-18T18:11:37+00:00
2026,CFF_NEB,Nebraska,CFP_AF78392F,Connor Schutt,WR,752,12.0,0.0,0.0,0.0,0.0,0.0,0.0,0.0,0.0,0.0,0.0,0.0,0.0,0.0,0.0,,,CFBD/team roster,,0.0,,MODELLED_ON_TEAM_RATES,opportunity-differentiated; team receiving rates,0.0,v1.0,2026-08-18T18:11:37+00:00
2026,CFF_NEB,Nebraska,CFP_5681D7BB,Hayes Miller,WR,753,12.0,0.0,0.0,0.0,0.0,0.0,0.0,0.0,0.0,0.0,0.0,0.0,0.0,0.0,0.0,,,CFBD/team roster,,0.0,,MODELLED_ON_TEAM_RATES,opportunity-differentiated; team receiving rates,0.0,v1.0,2026-08-18T18:11:37+00:00
2026,CFF_NEB,Nebraska,CFP_1DC99BF9,Maurice Purify II,WR,754,12.0,0.0,0.0,0.0,0.0,0.0,0.0,0.0,0.0,0.0,0.0,0.0,0.0,0.0,0.0,,,CFBD/team roster,,0.0,,MODELLED_ON_TEAM_RATES,opportunity-differentiated; team receiving rates,0.0,v1.0,2026-08-18T18:11:37+00:00
2026,CFF_NEB,Nebraska,CFP_B0560EB9,DJ Singleton Jr.,WR,755,12.0,0.0,0.0,0.0,0.0,0.0,0.0,0.0,0.0,0.0,0.0,0.0,0.0,0.0,0.0,,,CFBD/team roster,,0.0,,MODELLED_ON_TEAM_RATES,opportunity-differentiated; team receiving rates,0.0,v1.0,2026-08-18T18:11:37+00:00
2026,CFF_NW,Northwestern,CFP_08AE9E7E,Cam Russell,WR,756,12.0,0.0,0.0,0.0,0.0,0.0,0.0,0.0,0.0,0.0,0.0,0.0,0.0,0.0,0.0,,,CFBD/team roster,,0.0,,MODELLED_ON_TEAM_RATES,opportunity-differentiated; team receiving rates,0.0,v1.0,2026-08-18T18:11:37+00:00
2026,CFF_NW,Northwestern,CFP_BDA40A2F,Jaden McDuffie,WR,757,12.0,0.0,0.0,0.0,0.0,0.0,0.0,0.0,0.0,0.0,0.0,0.0,0.0,0.0,0.0,,,CFBD/team roster,,0.0,,MODELLED_ON_TEAM_RATES,opportunity-differentiated; team receiving rates,0.0,v1.0,2026-08-18T18:11:37+00:00
2026,CFF_NW,Northwestern,CFP_D4186CE2,Keaton Reinke,WR,758,12.0,0.0,0.0,0.0,0.0,0.0,0.0,0.0,0.0,0.0,0.0,0.0,0.0,0.0,0.0,,,CFBD/team roster,,0.0,,MODELLED_ON_TEAM_RATES,opportunity-differentiated; team receiving rates,0.0,v1.0,2026-08-18T18:11:37+00:00
2026,CFF_NW,Northwestern,CFP_EA38D5B5,Brennan Saxe,WR,759,12.0,0.0,0.0,0.0,0.0,0.0,0.0,0.0,0.0,0.0,0.0,0.0,0.0,0.0,0.0,,,CFBD/team roster,,0.0,,MODELLED_ON_TEAM_RATES,opportunity-differentiated; team receiving rates,0.0,v1.0,2026-08-18T18:11:37+00:00
2026,CFF_OSU,Ohio State,CFP_ECF71CF3,Kyle Parker,WR,760,12.0,0.0,0.0,0.0,0.0,0.0,0.0,0.0,0.0,0.0,0.0,0.0,0.0,0.0,0.0,,,CFBD/team roster,,0.0,,MODELLED_ON_TEAM_RATES,opportunity-differentiated; team receiving rates,0.0,v1.0,2026-08-18T18:11:37+00:00
2026,CFF_OSU,Ohio State,CFP_FB25A6F0,Nolan Baudo,WR,761,12.0,0.0,0.0,0.0,0.0,0.0,0.0,0.0,0.0,0.0,0.0,0.0,0.0,0.0,0.0,,,CFBD/team roster,,0.0,,MODELLED_ON_TEAM_RATES,opportunity-differentiated; team receiving rates,0.0,v1.0,2026-08-18T18:11:37+00:00
2026,CFF_OSU,Ohio State,CFP_0F33ECF8,Brennen Schramm,WR,762,12.0,0.0,0.0,0.0,0.0,0.0,0.0,0.0,0.0,0.0,0.0,0.0,0.0,0.0,0.0,,,CFBD/team roster,,0.0,,MODELLED_ON_TEAM_RATES,opportunity-differentiated; team receiving rates,0.0,v1.0,2026-08-18T18:11:37+00:00
2026,CFF_OSU,Ohio State,CFP_14A9B46B,Brock Boyd,WR,763,12.0,0.0,0.0,0.0,0.0,0.0,0.0,0.0,0.0,0.0,0.0,0.0,0.0,0.0,0.0,,,CFBD/team roster,,0.0,,MODELLED_ON_TEAM_RATES,opportunity-differentiated; team receiving rates,0.0,v1.0,2026-08-18T18:11:37+00:00
2026,CFF_OSU,Ohio State,CFP_A2A6E580,Jaeden Ricketts,WR,764,12.0,0.0,0.0,0.0,0.0,0.0,0.0,0.0,0.0,0.0,0.0,0.0,0.0,0.0,0.0,,,CFBD/team roster,,0.0,,MODELLED_ON_TEAM_RATES,opportunity-differentiated; team receiving rates,0.0,v1.0,2026-08-18T18:11:37+00:00
2026,CFF_OSU,Ohio State,CFP_322CC1D5,Amari Valerio-Hudson,WR,765,12.0,0.0,0.0,0.0,0.0,0.0,0.0,0.0,0.0,0.0,0.0,0.0,0.0,0.0,0.0,,,CFBD/team roster,,0.0,,MODELLED_ON_TEAM_RATES,opportunity-differentiated; team receiving rates,0.0,v1.0,2026-08-18T18:11:37+00:00
2026,CFF_OSU,Ohio State,CFP_9DFDBA9D,Ryan Seimetz,WR,766,12.0,0.0,0.0,0.0,0.0,0.0,0.0,0.0,0.0,0.0,0.0,0.0,0.0,0.0,0.0,,,CFBD/team roster,,0.0,,MODELLED_ON_TEAM_RATES,opportunity-differentiated; team receiving rates,0.0,v1.0,2026-08-18T18:11:37+00:00
2026,CFF_ORE,Oregon,CFP_8F1104F2,Jalen Lott,WR,767,12.0,0.0,0.0,0.0,0.0,0.0,0.0,0.0,0.0,0.0,0.0,0.0,0.0,0.0,0.0,,,CFBD/team roster,,0.0,,MODELLED_ON_TEAM_RATES,opportunity-differentiated; team receiving rates,0.0,v1.0,2026-08-18T18:11:37+00:00
2026,CFF_ORE,Oregon,CFP_89D444F7,Messiah Hampton,WR,768,12.0,0.0,0.0,0.0,0.0,0.0,0.0,0.0,0.0,0.0,0.0,0.0,0.0,0.0,0.0,,,CFBD/team roster,,0.0,,MODELLED_ON_TEAM_RATES,opportunity-differentiated; team receiving rates,0.0,v1.0,2026-08-18T18:11:37+00:00
2026,CFF_ORE,Oregon,CFP_1D0CE818,Hudson Lewis,WR,769,12.0,0.0,0.0,0.0,0.0,0.0,0.0,0.0,0.0,0.0,0.0,0.0,0.0,0.0,0.0,,,CFBD/team roster,,0.0,,MODELLED_ON_TEAM_RATES,opportunity-differentiated; team receiving rates,0.0,v1.0,2026-08-18T18:11:37+00:00
2026,CFF_ORE,Oregon,CFP_500016F3,Nathan McCoy II,WR,770,12.0,0.0,0.0,0.0,0.0,0.0,0.0,0.0,0.0,0.0,0.0,0.0,0.0,0.0,0.0,,,CFBD/team roster,,0.0,,MODELLED_ON_TEAM_RATES,opportunity-differentiated; team receiving rates,0.0,v1.0,2026-08-18T18:11:37+00:00
2026,CFF_ORE,Oregon,CFP_682D6785,Jovon McRae II,WR,771,12.0,0.0,0.0,0.0,0.0,0.0,0.0,0.0,0.0,0.0,0.0,0.0,0.0,0.0,0.0,,,CFBD/team roster,,0.0,,MODELLED_ON_TEAM_RATES,opportunity-differentiated; team receiving rates,0.0,v1.0,2026-08-18T18:11:37+00:00
2026,CFF_ORE,Oregon,CFP_18A67A12,Aaron Bidwell,WR,772,12.0,0.0,0.0,0.0,0.0,0.0,0.0,0.0,0.0,0.0,0.0,0.0,0.0,0.0,0.0,,,CFBD/team roster,,0.0,,MODELLED_ON_TEAM_RATES,opportunity-differentiated; team receiving rates,0.0,v1.0,2026-08-18T18:11:37+00:00
2026,CFF_ORE,Oregon,CFP_F0798F4E,Gatlin Bair,WR,773,12.0,0.0,0.0,0.0,0.0,0.0,0.0,0.0,0.0,0.0,0.0,0.0,0.0,0.0,0.0,,,CFBD/team roster,,0.0,,MODELLED_ON_TEAM_RATES,opportunity-differentiated; team receiving rates,0.0,v1.0,2026-08-18T18:11:37+00:00
2026,CFF_ORE,Oregon,CFP_7F8AA5B5,Hunter Vaughn,WR,774,12.0,0.0,0.0,0.0,0.0,0.0,0.0,0.0,0.0,0.0,0.0,0.0,0.0,0.0,0.0,,,CFBD/team roster,,0.0,,MODELLED_ON_TEAM_RATES,opportunity-differentiated; team receiving rates,0.0,v1.0,2026-08-18T18:11:37+00:00
2026,CFF_PSU,Penn State,CFP_89B70803,Peter Gonzalez,WR,775,12.0,0.0,0.0,0.0,0.0,0.0,0.0,0.0,0.0,0.0,0.0,0.0,0.0,0.0,0.0,,,CFBD/team roster,,0.0,,MODELLED_ON_TEAM_RATES,opportunity-differentiated; team receiving rates,0.0,v1.0,2026-08-18T18:11:37+00:00
2026,CFF_PSU,Penn State,CFP_F7CAED4B,Ethan Black,WR,776,12.0,0.0,0.0,0.0,0.0,0.0,0.0,0.0,0.0,0.0,0.0,0.0,0.0,0.0,0.0,,,CFBD/team roster,,0.0,,MODELLED_ON_TEAM_RATES,opportunity-differentiated; team receiving rates,0.0,v1.0,2026-08-18T18:11:37+00:00
2026,CFF_PSU,Penn State,CFP_60254073,Logan Cunningham,WR,777,12.0,0.0,0.0,0.0,0.0,0.0,0.0,0.0,0.0,0.0,0.0,0.0,0.0,0.0,0.0,,,CFBD/team roster,,0.0,,MODELLED_ON_TEAM_RATES,opportunity-differentiated; team receiving rates,0.0,v1.0,2026-08-18T18:11:37+00:00
2026,CFF_PSU,Penn State,CFP_B3E787BE,Keith Jones Jr.,WR,778,12.0,0.0,0.0,0.0,0.0,0.0,0.0,0.0,0.0,0.0,0.0,0.0,0.0,0.0,0.0,,,CFBD/team roster,,0.0,,MODELLED_ON_TEAM_RATES,opportunity-differentiated; team receiving rates,0.0,v1.0,2026-08-18T18:11:37+00:00
2026,CFF_PSU,Penn State,CFP_0F0AFA1C,Zay Robinson,WR,779,12.0,0.0,0.0,0.0,0.0,0.0,0.0,0.0,0.0,0.0,0.0,0.0,0.0,0.0,0.0,,,CFBD/team roster,,0.0,,MODELLED_ON_TEAM_RATES,opportunity-differentiated; team receiving rates,0.0,v1.0,2026-08-18T18:11:37+00:00
2026,CFF_PSU,Penn State,CFP_BC3AC386,Hank Lustig,WR,780,12.0,0.0,0.0,0.0,0.0,0.0,0.0,0.0,0.0,0.0,0.0,0.0,0.0,0.0,0.0,,,CFBD/team roster,,0.0,,MODELLED_ON_TEAM_RATES,opportunity-differentiated; team receiving rates,0.0,v1.0,2026-08-18T18:11:37+00:00
2026,CFF_PUR,Purdue,CFP_F444CE1C,Bisi Owens,WR,781,12.0,0.0,0.0,0.0,0.0,0.0,0.0,0.0,0.0,0.0,0.0,0.0,0.0,0.0,0.0,,,CFBD/team roster,,0.0,,MODELLED_ON_TEAM_RATES,opportunity-differentiated; team receiving rates,0.0,v1.0,2026-08-18T18:11:37+00:00
2026,CFF_PUR,Purdue,CFP_2B5B054A,Jaylan Hornsby,WR,782,12.0,0.0,0.0,0.0,0.0,0.0,0.0,0.0,0.0,0.0,0.0,0.0,0.0,0.0,0.0,,,CFBD/team roster,,0.0,,MODELLED_ON_TEAM_RATES,opportunity-differentiated; team receiving rates,0.0,v1.0,2026-08-18T18:11:37+00:00
2026,CFF_PUR,Purdue,CFP_CE07AB58,Andrew Adkison,WR,783,12.0,0.0,0.0,0.0,0.0,0.0,0.0,0.0,0.0,0.0,0.0,0.0,0.0,0.0,0.0,,,CFBD/team roster,,0.0,,MODELLED_ON_TEAM_RATES,opportunity-differentiated; team receiving rates,0.0,v1.0,2026-08-18T18:11:37+00:00
2026,CFF_PUR,Purdue,CFP_14C58ED1,Nolan Buckman,WR,784,12.0,0.0,0.0,0.0,0.0,0.0,0.0,0.0,0.0,0.0,0.0,0.0,0.0,0.0,0.0,,,CFBD/team roster,,0.0,,MODELLED_ON_TEAM_RATES,opportunity-differentiated; team receiving rates,0.0,v1.0,2026-08-18T18:11:37+00:00
2026,CFF_PUR,Purdue,CFP_49C7109F,Quinn Rosenkranz,WR,785,12.0,0.0,0.0,0.0,0.0,0.0,0.0,0.0,0.0,0.0,0.0,0.0,0.0,0.0,0.0,,,CFBD/team roster,,0.0,,MODELLED_ON_TEAM_RATES,opportunity-differentiated; team receiving rates,0.0,v1.0,2026-08-18T18:11:37+00:00
2026,CFF_PUR,Purdue,CFP_17FFCFAA,Ricky Sampson Jr.,WR,786,12.0,0.0,0.0,0.0,0.0,0.0,0.0,0.0,0.0,0.0,0.0,0.0,0.0,0.0,0.0,,,CFBD/team roster,,0.0,,MODELLED_ON_TEAM_RATES,opportunity-differentiated; team receiving rates,0.0,v1.0,2026-08-18T18:11:37+00:00
2026,CFF_RUTG,Rutgers,CFP_8591CCB8,Dylan Braithwaite,WR,787,12.0,0.0,0.0,0.0,0.0,0.0,0.0,0.0,0.0,0.0,0.0,0.0,0.0,0.0,0.0,,,CFBD/team roster,,0.0,,MODELLED_ON_TEAM_RATES,opportunity-differentiated; team receiving rates,0.0,v1.0,2026-08-18T18:11:37+00:00
2026,CFF_RUTG,Rutgers,CFP_8992F85E,Trent Osborn,WR,788,12.0,0.0,0.0,0.0,0.0,0.0,0.0,0.0,0.0,0.0,0.0,0.0,0.0,0.0,0.0,,,CFBD/team roster,,0.0,,MODELLED_ON_TEAM_RATES,opportunity-differentiated; team receiving rates,0.0,v1.0,2026-08-18T18:11:37+00:00
2026,CFF_RUTG,Rutgers,CFP_0D73A976,Salomon Ealey,WR,789,12.0,0.0,0.0,0.0,0.0,0.0,0.0,0.0,0.0,0.0,0.0,0.0,0.0,0.0,0.0,,,CFBD/team roster,,0.0,,MODELLED_ON_TEAM_RATES,opportunity-differentiated; team receiving rates,0.0,v1.0,2026-08-18T18:11:37+00:00
2026,CFF_UCLA,UCLA,CFP_470072C7,Landon Ellis,WR,790,12.0,0.0,0.0,0.0,0.0,0.0,0.0,0.0,0.0,0.0,0.0,0.0,0.0,0.0,0.0,,,CFBD/team roster,,0.0,,MODELLED_ON_TEAM_RATES,opportunity-differentiated; team receiving rates,0.0,v1.0,2026-08-18T18:11:37+00:00
2026,CFF_UCLA,UCLA,CFP_A60D6639,Markus Kier,WR,791,12.0,0.0,0.0,0.0,0.0,0.0,0.0,0.0,0.0,0.0,0.0,0.0,0.0,0.0,0.0,,,CFBD/team roster,,0.0,,MODELLED_ON_TEAM_RATES,opportunity-differentiated; team receiving rates,0.0,v1.0,2026-08-18T18:11:37+00:00
2026,CFF_UCLA,UCLA,CFP_860487B4,Leland Smith,WR,792,12.0,0.0,0.0,0.0,0.0,0.0,0.0,0.0,0.0,0.0,0.0,0.0,0.0,0.0,0.0,,,CFBD/team roster,,0.0,,MODELLED_ON_TEAM_RATES,opportunity-differentiated; team receiving rates,0.0,v1.0,2026-08-18T18:11:37+00:00
2026,CFF_UCLA,UCLA,CFP_05ECB7D5,Russell Weir,WR,793,12.0,0.0,0.0,0.0,0.0,0.0,0.0,0.0,0.0,0.0,0.0,0.0,0.0,0.0,0.0,,,CFBD/team roster,,0.0,,MODELLED_ON_TEAM_RATES,opportunity-differentiated; team receiving rates,0.0,v1.0,2026-08-18T18:11:37+00:00
2026,CFF_UCLA,UCLA,CFP_05FECAD1,Jalen Saint Paul,WR,794,12.0,0.0,0.0,0.0,0.0,0.0,0.0,0.0,0.0,0.0,0.0,0.0,0.0,0.0,0.0,,,CFBD/team roster,,0.0,,MODELLED_ON_TEAM_RATES,opportunity-differentiated; team receiving rates,0.0,v1.0,2026-08-18T18:11:37+00:00
2026,CFF_UCLA,UCLA,CFP_6BB85441,Major Pride,WR,795,12.0,0.0,0.0,0.0,0.0,0.0,0.0,0.0,0.0,0.0,0.0,0.0,0.0,0.0,0.0,,,CFBD/team roster,,0.0,,MODELLED_ON_TEAM_RATES,opportunity-differentiated; team receiving rates,0.0,v1.0,2026-08-18T18:11:37+00:00
2026,CFF_UCLA,UCLA,CFP_68BFFF9F,Jackson Meehan,WR,796,12.0,0.0,0.0,0.0,0.0,0.0,0.0,0.0,0.0,0.0,0.0,0.0,0.0,0.0,0.0,,,CFBD/team roster,,0.0,,MODELLED_ON_TEAM_RATES,opportunity-differentiated; team receiving rates,0.0,v1.0,2026-08-18T18:11:37+00:00
2026,CFF_UCLA,UCLA,CFP_A5A7537B,Marcus Harris,WR,797,12.0,0.0,0.0,0.0,0.0,0.0,0.0,0.0,0.0,0.0,0.0,0.0,0.0,0.0,0.0,,,CFBD/team roster,,0.0,,MODELLED_ON_TEAM_RATES,opportunity-differentiated; team receiving rates,0.0,v1.0,2026-08-18T18:11:37+00:00
2026,CFF_USC,USC,CFP_03013DA1,Tron Baker,WR,798,12.0,0.0,0.0,0.0,0.0,0.0,0.0,0.0,0.0,0.0,0.0,0.0,0.0,0.0,0.0,,,CFBD/team roster,,0.0,,MODELLED_ON_TEAM_RATES,opportunity-differentiated; team receiving rates,0.0,v1.0,2026-08-18T18:11:37+00:00
2026,CFF_USC,USC,CFP_AD9F5DA3,Roderick Tezeno,WR,799,12.0,0.0,0.0,0.0,0.0,0.0,0.0,0.0,0.0,0.0,0.0,0.0,0.0,0.0,0.0,,,CFBD/team roster,,0.0,,MODELLED_ON_TEAM_RATES,opportunity-differentiated; team receiving rates,0.0,v1.0,2026-08-18T18:11:37+00:00
2026,CFF_USC,USC,CFP_5CB3A10E,Seth Zamora,WR,800,12.0,0.0,0.0,0.0,0.0,0.0,0.0,0.0,0.0,0.0,0.0,0.0,0.0,0.0,0.0,,,CFBD/team roster,,0.0,,MODELLED_ON_TEAM_RATES,opportunity-differentiated; team receiving rates,0.0,v1.0,2026-08-18T18:11:37+00:00
2026,CFF_USC,USC,CFP_B76AA83B,Cameron Sermons,WR,801,12.0,0.0,0.0,0.0,0.0,0.0,0.0,0.0,0.0,0.0,0.0,0.0,0.0,0.0,0.0,,,CFBD/team roster,,0.0,,MODELLED_ON_TEAM_RATES,opportunity-differentiated; team receiving rates,0.0,v1.0,2026-08-18T18:11:37+00:00
2026,CFF_USC,USC,CFP_399077A8,Marcus Sung,WR,802,12.0,0.0,0.0,0.0,0.0,0.0,0.0,0.0,0.0,0.0,0.0,0.0,0.0,0.0,0.0,,,CFBD/team roster,,0.0,,MODELLED_ON_TEAM_RATES,opportunity-differentiated; team receiving rates,0.0,v1.0,2026-08-18T18:11:37+00:00
2026,CFF_USC,USC,CFP_1D1E39AA,Grant Woods,WR,803,12.0,0.0,0.0,0.0,0.0,0.0,0.0,0.0,0.0,0.0,0.0,0.0,0.0,0.0,0.0,,,CFBD/team roster,,0.0,,MODELLED_ON_TEAM_RATES,opportunity-differentiated; team receiving rates,0.0,v1.0,2026-08-18T18:11:37+00:00
2026,CFF_USC,USC,CFP_BD49C550,Luke Degner,WR,804,12.0,0.0,0.0,0.0,0.0,0.0,0.0,0.0,0.0,0.0,0.0,0.0,0.0,0.0,0.0,,,CFBD/team roster,,0.0,,MODELLED_ON_TEAM_RATES,opportunity-differentiated; team receiving rates,0.0,v1.0,2026-08-18T18:11:37+00:00
2026,CFF_USC,USC,CFP_BA4AAC3D,Griffin Brahm,WR,805,12.0,0.0,0.0,0.0,0.0,0.0,0.0,0.0,0.0,0.0,0.0,0.0,0.0,0.0,0.0,,,CFBD/team roster,,0.0,,MODELLED_ON_TEAM_RATES,opportunity-differentiated; team receiving rates,0.0,v1.0,2026-08-18T18:11:37+00:00
2026,CFF_WASH,Washington,CFP_E722658C,Asa Thompson,WR,806,12.0,0.0,0.0,0.0,0.0,0.0,0.0,0.0,0.0,0.0,0.0,0.0,0.0,0.0,0.0,,,CFBD/team roster,,0.0,,MODELLED_ON_TEAM_RATES,opportunity-differentiated; team receiving rates,0.0,v1.0,2026-08-18T18:11:37+00:00
2026,CFF_WASH,Washington,CFP_5C540B46,Jace Burton,WR,807,12.0,0.0,0.0,0.0,0.0,0.0,0.0,0.0,0.0,0.0,0.0,0.0,0.0,0.0,0.0,,,CFBD/team roster,,0.0,,MODELLED_ON_TEAM_RATES,opportunity-differentiated; team receiving rates,0.0,v1.0,2026-08-18T18:11:37+00:00
2026,CFF_WASH,Washington,CFP_D552B422,Blaise LaVista,WR,808,12.0,0.0,0.0,0.0,0.0,0.0,0.0,0.0,0.0,0.0,0.0,0.0,0.0,0.0,0.0,,,CFBD/team roster,,0.0,,MODELLED_ON_TEAM_RATES,opportunity-differentiated; team receiving rates,0.0,v1.0,2026-08-18T18:11:37+00:00
2026,CFF_WISC,Wisconsin,CFP_432951D8,Zion Kearney,WR,809,12.0,0.0,0.0,0.0,0.0,0.0,0.0,0.0,0.0,0.0,0.0,0.0,0.0,0.0,0.0,,,CFBD/team roster,,0.0,,MODELLED_ON_TEAM_RATES,opportunity-differentiated; team receiving rates,0.0,v1.0,2026-08-18T18:11:37+00:00
2026,CFF_WISC,Wisconsin,CFP_BDF94362,Jaylon Domingeaux,WR,810,12.0,0.0,0.0,0.0,0.0,0.0,0.0,0.0,0.0,0.0,0.0,0.0,0.0,0.0,0.0,,,CFBD/team roster,,0.0,,MODELLED_ON_TEAM_RATES,opportunity-differentiated; team receiving rates,0.0,v1.0,2026-08-18T18:11:37+00:00
2026,CFF_WISC,Wisconsin,CFP_D489A03F,Langdon Nordgaard,WR,811,12.0,0.0,0.0,0.0,0.0,0.0,0.0,0.0,0.0,0.0,0.0,0.0,0.0,0.0,0.0,,,CFBD/team roster,,0.0,,MODELLED_ON_TEAM_RATES,opportunity-differentiated; team receiving rates,0.0,v1.0,2026-08-18T18:11:37+00:00
2026,CFF_WISC,Wisconsin,CFP_C0925E2F,Eli Adams,WR,812,12.0,0.0,0.0,0.0,0.0,0.0,0.0,0.0,0.0,0.0,0.0,0.0,0.0,0.0,0.0,,,CFBD/team roster,,0.0,,MODELLED_ON_TEAM_RATES,opportunity-differentiated; team receiving rates,0.0,v1.0,2026-08-18T18:11:37+00:00
2026,CFF_WISC,Wisconsin,CFP_BF415A77,Mason Kelley,WR,813,12.0,0.0,0.0,0.0,0.0,0.0,0.0,0.0,0.0,0.0,0.0,0.0,0.0,0.0,0.0,,,CFBD/team roster,,0.0,,MODELLED_ON_TEAM_RATES,opportunity-differentiated; team receiving rates,0.0,v1.0,2026-08-18T18:11:37+00:00
2026,CFF_WISC,Wisconsin,CFP_903248C0,Dorsett Stecker,WR,814,12.0,0.0,0.0,0.0,0.0,0.0,0.0,0.0,0.0,0.0,0.0,0.0,0.0,0.0,0.0,,,CFBD/team roster,,0.0,,MODELLED_ON_TEAM_RATES,opportunity-differentiated; team receiving rates,0.0,v1.0,2026-08-18T18:11:37+00:00
2026,CFF_ARIZ,Arizona,CFP_EE2F8AA4,DJ Jordan,WR,815,12.0,0.0,0.0,0.0,0.0,0.0,0.0,0.0,0.0,0.0,0.0,0.0,0.0,0.0,0.0,,,CFBD/team roster,,0.0,,MODELLED_ON_TEAM_RATES,opportunity-differentiated; team receiving rates,0.0,v1.0,2026-08-18T18:11:37+00:00
2026,CFF_ARIZ,Arizona,CFP_D2A61AD4,Jordan McCord III,WR,816,12.0,0.0,0.0,0.0,0.0,0.0,0.0,0.0,0.0,0.0,0.0,0.0,0.0,0.0,0.0,,,CFBD/team roster,,0.0,,MODELLED_ON_TEAM_RATES,opportunity-differentiated; team receiving rates,0.0,v1.0,2026-08-18T18:11:37+00:00
2026,CFF_ARIZ,Arizona,CFP_C5384A59,Scotty Brennan,WR,817,12.0,0.0,0.0,0.0,0.0,0.0,0.0,0.0,0.0,0.0,0.0,0.0,0.0,0.0,0.0,,,CFBD/team roster,,0.0,,MODELLED_ON_TEAM_RATES,opportunity-differentiated; team receiving rates,0.0,v1.0,2026-08-18T18:11:37+00:00
2026,CFF_ASU,Arizona State,CFP_402CC35D,Plas Johnson,WR,818,12.0,0.0,0.0,0.0,0.0,0.0,0.0,0.0,0.0,0.0,0.0,0.0,0.0,0.0,0.0,,,CFBD/team roster,,0.0,,MODELLED_ON_TEAM_RATES,opportunity-differentiated; team receiving rates,0.0,v1.0,2026-08-18T18:11:37+00:00
2026,CFF_ASU,Arizona State,CFP_6734DFD2,Michael Tollefson,WR,819,12.0,0.0,0.0,0.0,0.0,0.0,0.0,0.0,0.0,0.0,0.0,0.0,0.0,0.0,0.0,,,CFBD/team roster,,0.0,,MODELLED_ON_TEAM_RATES,opportunity-differentiated; team receiving rates,0.0,v1.0,2026-08-18T18:11:37+00:00
2026,CFF_ASU,Arizona State,CFP_E2F1C67E,Uriah Neloms,WR,820,12.0,0.0,0.0,0.0,0.0,0.0,0.0,0.0,0.0,0.0,0.0,0.0,0.0,0.0,0.0,,,CFBD/team roster,,0.0,,MODELLED_ON_TEAM_RATES,opportunity-differentiated; team receiving rates,0.0,v1.0,2026-08-18T18:11:37+00:00
2026,CFF_BAY,Baylor,CFP_E4A0987D,London Smith,WR,821,12.0,0.0,0.0,0.0,0.0,0.0,0.0,0.0,0.0,0.0,0.0,0.0,0.0,0.0,0.0,,,CFBD/team roster,,0.0,,MODELLED_ON_TEAM_RATES,opportunity-differentiated; team receiving rates,0.0,v1.0,2026-08-18T18:11:37+00:00
2026,CFF_BAY,Baylor,CFP_80BDAFE7,Davion Peters,WR,822,12.0,0.0,0.0,0.0,0.0,0.0,0.0,0.0,0.0,0.0,0.0,0.0,0.0,0.0,0.0,,,CFBD/team roster,,0.0,,MODELLED_ON_TEAM_RATES,opportunity-differentiated; team receiving rates,0.0,v1.0,2026-08-18T18:11:37+00:00
2026,CFF_BAY,Baylor,CFP_AEE625AC,Jackson Baird,WR,823,12.0,0.0,0.0,0.0,0.0,0.0,0.0,0.0,0.0,0.0,0.0,0.0,0.0,0.0,0.0,,,CFBD/team roster,,0.0,,MODELLED_ON_TEAM_RATES,opportunity-differentiated; team receiving rates,0.0,v1.0,2026-08-18T18:11:37+00:00
2026,CFF_BAY,Baylor,CFP_E38BCE04,DeBraun Hampton,WR,824,12.0,0.0,0.0,0.0,0.0,0.0,0.0,0.0,0.0,0.0,0.0,0.0,0.0,0.0,0.0,,,CFBD/team roster,,0.0,,MODELLED_ON_TEAM_RATES,opportunity-differentiated; team receiving rates,0.0,v1.0,2026-08-18T18:11:37+00:00
2026,CFF_BAY,Baylor,CFP_F461168A,Michael Johnson Jr.,WR,825,12.0,0.0,0.0,0.0,0.0,0.0,0.0,0.0,0.0,0.0,0.0,0.0,0.0,0.0,0.0,,,CFBD/team roster,,0.0,,MODELLED_ON_TEAM_RATES,opportunity-differentiated; team receiving rates,0.0,v1.0,2026-08-18T18:11:37+00:00
2026,CFF_BAY,Baylor,CFP_866AB4D2,Brody Day,WR,826,12.0,0.0,0.0,0.0,0.0,0.0,0.0,0.0,0.0,0.0,0.0,0.0,0.0,0.0,0.0,,,CFBD/team roster,,0.0,,MODELLED_ON_TEAM_RATES,opportunity-differentiated; team receiving rates,0.0,v1.0,2026-08-18T18:11:37+00:00
2026,CFF_BYU,BYU,CFP_86B11D3F,Terrance Saryon,WR,827,12.0,0.0,0.0,0.0,0.0,0.0,0.0,0.0,0.0,0.0,0.0,0.0,0.0,0.0,0.0,,,CFBD/team roster,,0.0,,MODELLED_ON_TEAM_RATES,opportunity-differentiated; team receiving rates,0.0,v1.0,2026-08-18T18:11:37+00:00
2026,CFF_BYU,BYU,CFP_A8338CC3,Legend Glasker,WR,828,12.0,0.0,0.0,0.0,0.0,0.0,0.0,0.0,0.0,0.0,0.0,0.0,0.0,0.0,0.0,,,CFBD/team roster,,0.0,,MODELLED_ON_TEAM_RATES,opportunity-differentiated; team receiving rates,0.0,v1.0,2026-08-18T18:11:37+00:00
2026,CFF_BYU,BYU,CFP_CFA07A48,Kila Keone,WR,829,12.0,0.0,0.0,0.0,0.0,0.0,0.0,0.0,0.0,0.0,0.0,0.0,0.0,0.0,0.0,,,CFBD/team roster,,0.0,,MODELLED_ON_TEAM_RATES,opportunity-differentiated; team receiving rates,0.0,v1.0,2026-08-18T18:11:37+00:00
2026,CFF_BYU,BYU,CFP_E6A1C801,Jared Esplin,WR,830,12.0,0.0,0.0,0.0,0.0,0.0,0.0,0.0,0.0,0.0,0.0,0.0,0.0,0.0,0.0,,,CFBD/team roster,,0.0,,MODELLED_ON_TEAM_RATES,opportunity-differentiated; team receiving rates,0.0,v1.0,2026-08-18T18:11:37+00:00
2026,CFF_CIN,Cincinnati,CFP_2AA0DA52,Flynn Schiele,WR,831,12.0,0.0,0.0,0.0,0.0,0.0,0.0,0.0,0.0,0.0,0.0,0.0,0.0,0.0,0.0,,,CFBD/team roster,,0.0,,MODELLED_ON_TEAM_RATES,opportunity-differentiated; team receiving rates,0.0,v1.0,2026-08-18T18:11:37+00:00
2026,CFF_CIN,Cincinnati,CFP_7EC588D6,Larenzo Fenner,WR,832,12.0,0.0,0.0,0.0,0.0,0.0,0.0,0.0,0.0,0.0,0.0,0.0,0.0,0.0,0.0,,,CFBD/team roster,,0.0,,MODELLED_ON_TEAM_RATES,opportunity-differentiated; team receiving rates,0.0,v1.0,2026-08-18T18:11:37+00:00
2026,CFF_CIN,Cincinnati,CFP_7B23AD64,JV Gibson,WR,833,12.0,0.0,0.0,0.0,0.0,0.0,0.0,0.0,0.0,0.0,0.0,0.0,0.0,0.0,0.0,,,CFBD/team roster,,0.0,,MODELLED_ON_TEAM_RATES,opportunity-differentiated; team receiving rates,0.0,v1.0,2026-08-18T18:11:37+00:00
2026,CFF_CIN,Cincinnati,CFP_8490734B,Pierce Ayers,WR,834,12.0,0.0,0.0,0.0,0.0,0.0,0.0,0.0,0.0,0.0,0.0,0.0,0.0,0.0,0.0,,,CFBD/team roster,,0.0,,MODELLED_ON_TEAM_RATES,opportunity-differentiated; team receiving rates,0.0,v1.0,2026-08-18T18:11:37+00:00
2026,CFF_COLO,Colorado,CFP_F73C0FFC,Ernest Campbell,WR,835,12.0,0.0,0.0,0.0,0.0,0.0,0.0,0.0,0.0,0.0,0.0,0.0,0.0,0.0,0.0,,,CFBD/team roster,,0.0,,MODELLED_ON_TEAM_RATES,opportunity-differentiated; team receiving rates,0.0,v1.0,2026-08-18T18:11:37+00:00
2026,CFF_COLO,Colorado,CFP_48EFDCDF,Tagert Bardin,WR,836,12.0,0.0,0.0,0.0,0.0,0.0,0.0,0.0,0.0,0.0,0.0,0.0,0.0,0.0,0.0,,,CFBD/team roster,,0.0,,MODELLED_ON_TEAM_RATES,opportunity-differentiated; team receiving rates,0.0,v1.0,2026-08-18T18:11:37+00:00
2026,CFF_COLO,Colorado,CFP_ABCC8CFF,Carson Westbrook,WR,837,12.0,0.0,0.0,0.0,0.0,0.0,0.0,0.0,0.0,0.0,0.0,0.0,0.0,0.0,0.0,,,CFBD/team roster,,0.0,,MODELLED_ON_TEAM_RATES,opportunity-differentiated; team receiving rates,0.0,v1.0,2026-08-18T18:11:37+00:00
2026,CFF_COLO,Colorado,CFP_AA8E0058,Jacob Swain,WR,838,12.0,0.0,0.0,0.0,0.0,0.0,0.0,0.0,0.0,0.0,0.0,0.0,0.0,0.0,0.0,,,CFBD/team roster,,0.0,,MODELLED_ON_TEAM_RATES,opportunity-differentiated; team receiving rates,0.0,v1.0,2026-08-18T18:11:37+00:00
2026,CFF_COLO,Colorado,CFP_AA0C877F,Braedon Brenner,WR,839,12.0,0.0,0.0,0.0,0.0,0.0,0.0,0.0,0.0,0.0,0.0,0.0,0.0,0.0,0.0,,,CFBD/team roster,,0.0,,MODELLED_ON_TEAM_RATES,opportunity-differentiated; team receiving rates,0.0,v1.0,2026-08-18T18:11:37+00:00
2026,CFF_HOU,Houston,CFP_7646485B,Tyson Turner,WR,840,12.0,0.0,0.0,0.0,0.0,0.0,0.0,0.0,0.0,0.0,0.0,0.0,0.0,0.0,0.0,,,CFBD/team roster,,0.0,,MODELLED_ON_TEAM_RATES,opportunity-differentiated; team receiving rates,0.0,v1.0,2026-08-18T18:11:37+00:00
2026,CFF_HOU,Houston,CFP_C0C0C63F,Samuel Padgitt,WR,841,12.0,0.0,0.0,0.0,0.0,0.0,0.0,0.0,0.0,0.0,0.0,0.0,0.0,0.0,0.0,,,CFBD/team roster,,0.0,,MODELLED_ON_TEAM_RATES,opportunity-differentiated; team receiving rates,0.0,v1.0,2026-08-18T18:11:37+00:00
2026,CFF_HOU,Houston,CFP_CD7C0F19,Hunter Teichman,WR,842,12.0,0.0,0.0,0.0,0.0,0.0,0.0,0.0,0.0,0.0,0.0,0.0,0.0,0.0,0.0,,,CFBD/team roster,,0.0,,MODELLED_ON_TEAM_RATES,opportunity-differentiated; team receiving rates,0.0,v1.0,2026-08-18T18:11:37+00:00
2026,CFF_HOU,Houston,CFP_C38F337C,Muizz Tounkara,WR,843,12.0,0.0,0.0,0.0,0.0,0.0,0.0,0.0,0.0,0.0,0.0,0.0,0.0,0.0,0.0,,,CFBD/team roster,,0.0,,MODELLED_ON_TEAM_RATES,opportunity-differentiated; team receiving rates,0.0,v1.0,2026-08-18T18:11:37+00:00
2026,CFF_HOU,Houston,CFP_A9890E8D,Jeffrey Strozier Jr.,WR,844,12.0,0.0,0.0,0.0,0.0,0.0,0.0,0.0,0.0,0.0,0.0,0.0,0.0,0.0,0.0,,,CFBD/team roster,,0.0,,MODELLED_ON_TEAM_RATES,opportunity-differentiated; team receiving rates,0.0,v1.0,2026-08-18T18:11:37+00:00
2026,CFF_HOU,Houston,CFP_9FD31F53,Dorian Barnes,WR,845,12.0,0.0,0.0,0.0,0.0,0.0,0.0,0.0,0.0,0.0,0.0,0.0,0.0,0.0,0.0,,,CFBD/team roster,,0.0,,MODELLED_ON_TEAM_RATES,opportunity-differentiated; team receiving rates,0.0,v1.0,2026-08-18T18:11:37+00:00
2026,CFF_HOU,Houston,CFP_D27C8FEF,Braeden Robinson,WR,846,12.0,0.0,0.0,0.0,0.0,0.0,0.0,0.0,0.0,0.0,0.0,0.0,0.0,0.0,0.0,,,CFBD/team roster,,0.0,,MODELLED_ON_TEAM_RATES,opportunity-differentiated; team receiving rates,0.0,v1.0,2026-08-18T18:11:37+00:00
2026,CFF_HOU,Houston,CFP_7805D3D2,Jack Newhouse,WR,847,12.0,0.0,0.0,0.0,0.0,0.0,0.0,0.0,0.0,0.0,0.0,0.0,0.0,0.0,0.0,,,CFBD/team roster,,0.0,,MODELLED_ON_TEAM_RATES,opportunity-differentiated; team receiving rates,0.0,v1.0,2026-08-18T18:11:37+00:00
2026,CFF_ISU,Iowa State,CFP_428E7E88,Evan Boyd,WR,848,12.0,0.0,0.0,0.0,0.0,0.0,0.0,0.0,0.0,0.0,0.0,0.0,0.0,0.0,0.0,,,CFBD/team roster,,0.0,,MODELLED_ON_TEAM_RATES,opportunity-differentiated; team receiving rates,0.0,v1.0,2026-08-18T18:11:37+00:00
2026,CFF_ISU,Iowa State,CFP_3D14E968,Ty Claiborne,WR,849,12.0,0.0,0.0,0.0,0.0,0.0,0.0,0.0,0.0,0.0,0.0,0.0,0.0,0.0,0.0,,,CFBD/team roster,,0.0,,MODELLED_ON_TEAM_RATES,opportunity-differentiated; team receiving rates,0.0,v1.0,2026-08-18T18:11:37+00:00
2026,CFF_ISU,Iowa State,CFP_7AE07855,Carson Robbins,WR,850,12.0,0.0,0.0,0.0,0.0,0.0,0.0,0.0,0.0,0.0,0.0,0.0,0.0,0.0,0.0,,,CFBD/team roster,,0.0,,MODELLED_ON_TEAM_RATES,opportunity-differentiated; team receiving rates,0.0,v1.0,2026-08-18T18:11:37+00:00
2026,CFF_ISU,Iowa State,CFP_368A4105,Sam Zelenovich,WR,851,12.0,0.0,0.0,0.0,0.0,0.0,0.0,0.0,0.0,0.0,0.0,0.0,0.0,0.0,0.0,,,CFBD/team roster,,0.0,,MODELLED_ON_TEAM_RATES,opportunity-differentiated; team receiving rates,0.0,v1.0,2026-08-18T18:11:37+00:00
2026,CFF_ISU,Iowa State,CFP_383E8536,Carter Pabst,WR,852,12.0,0.0,0.0,0.0,0.0,0.0,0.0,0.0,0.0,0.0,0.0,0.0,0.0,0.0,0.0,,,CFBD/team roster,,0.0,,MODELLED_ON_TEAM_RATES,opportunity-differentiated; team receiving rates,0.0,v1.0,2026-08-18T18:11:37+00:00
2026,CFF_ISU,Iowa State,CFP_2D9F6511,Braden Goellner,WR,853,12.0,0.0,0.0,0.0,0.0,0.0,0.0,0.0,0.0,0.0,0.0,0.0,0.0,0.0,0.0,,,CFBD/team roster,,0.0,,MODELLED_ON_TEAM_RATES,opportunity-differentiated; team receiving rates,0.0,v1.0,2026-08-18T18:11:37+00:00
2026,CFF_ISU,Iowa State,CFP_ADEA28E9,Zach Eskildsen,WR,854,12.0,0.0,0.0,0.0,0.0,0.0,0.0,0.0,0.0,0.0,0.0,0.0,0.0,0.0,0.0,,,CFBD/team roster,,0.0,,MODELLED_ON_TEAM_RATES,opportunity-differentiated; team receiving rates,0.0,v1.0,2026-08-18T18:11:37+00:00
2026,CFF_ISU,Iowa State,CFP_7D185854,Trevor Fortenberry,WR,855,12.0,0.0,0.0,0.0,0.0,0.0,0.0,0.0,0.0,0.0,0.0,0.0,0.0,0.0,0.0,,,CFBD/team roster,,0.0,,MODELLED_ON_TEAM_RATES,opportunity-differentiated; team receiving rates,0.0,v1.0,2026-08-18T18:11:37+00:00
2026,CFF_ISU,Iowa State,CFP_FA3D92C0,Ray Coffey,WR,856,12.0,0.0,0.0,0.0,0.0,0.0,0.0,0.0,0.0,0.0,0.0,0.0,0.0,0.0,0.0,,,CFBD/team roster,,0.0,,MODELLED_ON_TEAM_RATES,opportunity-differentiated; team receiving rates,0.0,v1.0,2026-08-18T18:11:37+00:00
2026,CFF_KU,Kansas,CFP_3A379764,Isreal Moses V,WR,857,12.0,0.0,0.0,0.0,0.0,0.0,0.0,0.0,0.0,0.0,0.0,0.0,0.0,0.0,0.0,,,CFBD/team roster,,0.0,,MODELLED_ON_TEAM_RATES,opportunity-differentiated; team receiving rates,0.0,v1.0,2026-08-18T18:11:37+00:00
2026,CFF_KU,Kansas,CFP_2467B809,Jackson Cook,WR,858,12.0,0.0,0.0,0.0,0.0,0.0,0.0,0.0,0.0,0.0,0.0,0.0,0.0,0.0,0.0,,,CFBD/team roster,,0.0,,MODELLED_ON_TEAM_RATES,opportunity-differentiated; team receiving rates,0.0,v1.0,2026-08-18T18:11:37+00:00
2026,CFF_KU,Kansas,CFP_CE391A25,Donald Collier,WR,859,12.0,0.0,0.0,0.0,0.0,0.0,0.0,0.0,0.0,0.0,0.0,0.0,0.0,0.0,0.0,,,CFBD/team roster,,0.0,,MODELLED_ON_TEAM_RATES,opportunity-differentiated; team receiving rates,0.0,v1.0,2026-08-18T18:11:37+00:00
2026,CFF_KU,Kansas,CFP_EDB3F58B,Nahzae Cox,WR,860,12.0,0.0,0.0,0.0,0.0,0.0,0.0,0.0,0.0,0.0,0.0,0.0,0.0,0.0,0.0,,,CFBD/team roster,,0.0,,MODELLED_ON_TEAM_RATES,opportunity-differentiated; team receiving rates,0.0,v1.0,2026-08-18T18:11:37+00:00
2026,CFF_KU,Kansas,CFP_69F17067,Griffin Baker,WR,861,12.0,0.0,0.0,0.0,0.0,0.0,0.0,0.0,0.0,0.0,0.0,0.0,0.0,0.0,0.0,,,CFBD/team roster,,0.0,,MODELLED_ON_TEAM_RATES,opportunity-differentiated; team receiving rates,0.0,v1.0,2026-08-18T18:11:37+00:00
2026,CFF_KSU,Kansas State,CFP_789B9F7A,Izaiah Williams,WR,862,12.0,0.0,0.0,0.0,0.0,0.0,0.0,0.0,0.0,0.0,0.0,0.0,0.0,0.0,0.0,,,CFBD/team roster,,0.0,,MODELLED_ON_TEAM_RATES,opportunity-differentiated; team receiving rates,0.0,v1.0,2026-08-18T18:11:37+00:00
2026,CFF_KSU,Kansas State,CFP_DC9FB5E2,Derrick Salley Jr.,WR,863,12.0,0.0,0.0,0.0,0.0,0.0,0.0,0.0,0.0,0.0,0.0,0.0,0.0,0.0,0.0,,,CFBD/team roster,,0.0,,MODELLED_ON_TEAM_RATES,opportunity-differentiated; team receiving rates,0.0,v1.0,2026-08-18T18:11:37+00:00
2026,CFF_KSU,Kansas State,CFP_9ACB770E,Nash Morrison,WR,864,12.0,0.0,0.0,0.0,0.0,0.0,0.0,0.0,0.0,0.0,0.0,0.0,0.0,0.0,0.0,,,CFBD/team roster,,0.0,,MODELLED_ON_TEAM_RATES,opportunity-differentiated; team receiving rates,0.0,v1.0,2026-08-18T18:11:37+00:00
2026,CFF_OKST,Oklahoma State,CFP_B6787CE3,Justin Bowick,WR,865,12.0,0.0,0.0,0.0,0.0,0.0,0.0,0.0,0.0,0.0,0.0,0.0,0.0,0.0,0.0,,,CFBD/team roster,,0.0,,MODELLED_ON_TEAM_RATES,opportunity-differentiated; team receiving rates,0.0,v1.0,2026-08-18T18:11:37+00:00
2026,CFF_OKST,Oklahoma State,CFP_72AC2B78,Jani Weir,WR,866,12.0,0.0,0.0,0.0,0.0,0.0,0.0,0.0,0.0,0.0,0.0,0.0,0.0,0.0,0.0,,,CFBD/team roster,,0.0,,MODELLED_ON_TEAM_RATES,opportunity-differentiated; team receiving rates,0.0,v1.0,2026-08-18T18:11:37+00:00
2026,CFF_OKST,Oklahoma State,CFP_DFC90655,Terrence Lewis,WR,867,12.0,0.0,0.0,0.0,0.0,0.0,0.0,0.0,0.0,0.0,0.0,0.0,0.0,0.0,0.0,,,CFBD/team roster,,0.0,,MODELLED_ON_TEAM_RATES,opportunity-differentiated; team receiving rates,0.0,v1.0,2026-08-18T18:11:37+00:00
2026,CFF_OKST,Oklahoma State,CFP_B262623F,Quincy Shelton,WR,868,12.0,0.0,0.0,0.0,0.0,0.0,0.0,0.0,0.0,0.0,0.0,0.0,0.0,0.0,0.0,,,CFBD/team roster,,0.0,,MODELLED_ON_TEAM_RATES,opportunity-differentiated; team receiving rates,0.0,v1.0,2026-08-18T18:11:37+00:00
2026,CFF_OKST,Oklahoma State,CFP_CD77668D,Dayvon Standard,WR,869,12.0,0.0,0.0,0.0,0.0,0.0,0.0,0.0,0.0,0.0,0.0,0.0,0.0,0.0,0.0,,,CFBD/team roster,,0.0,,MODELLED_ON_TEAM_RATES,opportunity-differentiated; team receiving rates,0.0,v1.0,2026-08-18T18:11:37+00:00
2026,CFF_OKST,Oklahoma State,CFP_E528A840,Ty Watts,WR,870,12.0,0.0,0.0,0.0,0.0,0.0,0.0,0.0,0.0,0.0,0.0,0.0,0.0,0.0,0.0,,,CFBD/team roster,,0.0,,MODELLED_ON_TEAM_RATES,opportunity-differentiated; team receiving rates,0.0,v1.0,2026-08-18T18:11:37+00:00
2026,CFF_OKST,Oklahoma State,CFP_76383E56,Blake Hogshooter,WR,871,12.0,0.0,0.0,0.0,0.0,0.0,0.0,0.0,0.0,0.0,0.0,0.0,0.0,0.0,0.0,,,CFBD/team roster,,0.0,,MODELLED_ON_TEAM_RATES,opportunity-differentiated; team receiving rates,0.0,v1.0,2026-08-18T18:11:37+00:00
2026,CFF_TCU,TCU,CFP_02D759C5,Keagan Cunningham,WR,872,12.0,0.0,0.0,0.0,0.0,0.0,0.0,0.0,0.0,0.0,0.0,0.0,0.0,0.0,0.0,,,CFBD/team roster,,0.0,,MODELLED_ON_TEAM_RATES,opportunity-differentiated; team receiving rates,0.0,v1.0,2026-08-18T18:11:37+00:00
2026,CFF_TCU,TCU,CFP_2D2B7E0C,Jaden Morehead,WR,873,12.0,0.0,0.0,0.0,0.0,0.0,0.0,0.0,0.0,0.0,0.0,0.0,0.0,0.0,0.0,,,CFBD/team roster,,0.0,,MODELLED_ON_TEAM_RATES,opportunity-differentiated; team receiving rates,0.0,v1.0,2026-08-18T18:11:37+00:00
2026,CFF_TCU,TCU,CFP_7A9EC731,Jeremy Scott,WR,874,12.0,0.0,0.0,0.0,0.0,0.0,0.0,0.0,0.0,0.0,0.0,0.0,0.0,0.0,0.0,,,CFBD/team roster,,0.0,,MODELLED_ON_TEAM_RATES,opportunity-differentiated; team receiving rates,0.0,v1.0,2026-08-18T18:11:37+00:00
2026,CFF_TCU,TCU,CFP_0ABB3FE6,Fletcher Fierro,WR,875,12.0,0.0,0.0,0.0,0.0,0.0,0.0,0.0,0.0,0.0,0.0,0.0,0.0,0.0,0.0,,,CFBD/team roster,,0.0,,MODELLED_ON_TEAM_RATES,opportunity-differentiated; team receiving rates,0.0,v1.0,2026-08-18T18:11:37+00:00
2026,CFF_TCU,TCU,CFP_D6230760,Sutton Lee,WR,876,12.0,0.0,0.0,0.0,0.0,0.0,0.0,0.0,0.0,0.0,0.0,0.0,0.0,0.0,0.0,,,CFBD/team roster,,0.0,,MODELLED_ON_TEAM_RATES,opportunity-differentiated; team receiving rates,0.0,v1.0,2026-08-18T18:11:37+00:00
2026,CFF_TCU,TCU,CFP_D504491F,Jacobe Hayes,WR,877,12.0,0.0,0.0,0.0,0.0,0.0,0.0,0.0,0.0,0.0,0.0,0.0,0.0,0.0,0.0,,,CFBD/team roster,,0.0,,MODELLED_ON_TEAM_RATES,opportunity-differentiated; team receiving rates,0.0,v1.0,2026-08-18T18:11:37+00:00
2026,CFF_TTU,Texas Tech,CFP_89E90439,Jalen Jones,WR,878,12.0,0.0,0.0,0.0,0.0,0.0,0.0,0.0,0.0,0.0,0.0,0.0,0.0,0.0,0.0,,,CFBD/team roster,,0.0,,MODELLED_ON_TEAM_RATES,opportunity-differentiated; team receiving rates,0.0,v1.0,2026-08-18T18:11:37+00:00
2026,CFF_TTU,Texas Tech,CFP_04F9C304,Quintaelyn Joyner,WR,879,12.0,0.0,0.0,0.0,0.0,0.0,0.0,0.0,0.0,0.0,0.0,0.0,0.0,0.0,0.0,,,CFBD/team roster,,0.0,,MODELLED_ON_TEAM_RATES,opportunity-differentiated; team receiving rates,0.0,v1.0,2026-08-18T18:11:37+00:00
2026,CFF_TTU,Texas Tech,CFP_78A2A7D3,Kai Powell,WR,880,12.0,0.0,0.0,0.0,0.0,0.0,0.0,0.0,0.0,0.0,0.0,0.0,0.0,0.0,0.0,,,CFBD/team roster,,0.0,,MODELLED_ON_TEAM_RATES,opportunity-differentiated; team receiving rates,0.0,v1.0,2026-08-18T18:11:37+00:00
2026,CFF_UCF,UCF,CFP_247233DB,Elijah Hardy,WR,881,12.0,0.0,0.0,0.0,0.0,0.0,0.0,0.0,0.0,0.0,0.0,0.0,0.0,0.0,0.0,,,CFBD/team roster,,0.0,,MODELLED_ON_TEAM_RATES,opportunity-differentiated; team receiving rates,0.0,v1.0,2026-08-18T18:11:37+00:00
2026,CFF_UCF,UCF,CFP_253AB878,Carson Hinshaw,WR,882,12.0,0.0,0.0,0.0,0.0,0.0,0.0,0.0,0.0,0.0,0.0,0.0,0.0,0.0,0.0,,,CFBD/team roster,,0.0,,MODELLED_ON_TEAM_RATES,opportunity-differentiated; team receiving rates,0.0,v1.0,2026-08-18T18:11:37+00:00
2026,CFF_UCF,UCF,CFP_984AA155,Andrea Parisi,WR,883,12.0,0.0,0.0,0.0,0.0,0.0,0.0,0.0,0.0,0.0,0.0,0.0,0.0,0.0,0.0,,,CFBD/team roster,,0.0,,MODELLED_ON_TEAM_RATES,opportunity-differentiated; team receiving rates,0.0,v1.0,2026-08-18T18:11:37+00:00
2026,CFF_UCF,UCF,CFP_45569331,Zack Palmer,WR,884,12.0,0.0,0.0,0.0,0.0,0.0,0.0,0.0,0.0,0.0,0.0,0.0,0.0,0.0,0.0,,,CFBD/team roster,,0.0,,MODELLED_ON_TEAM_RATES,opportunity-differentiated; team receiving rates,0.0,v1.0,2026-08-18T18:11:37+00:00
2026,CFF_UCF,UCF,CFP_724D9493,Chase Hinshaw,WR,885,12.0,0.0,0.0,0.0,0.0,0.0,0.0,0.0,0.0,0.0,0.0,0.0,0.0,0.0,0.0,,,CFBD/team roster,,0.0,,MODELLED_ON_TEAM_RATES,opportunity-differentiated; team receiving rates,0.0,v1.0,2026-08-18T18:11:37+00:00
2026,CFF_UTAH,Utah,CFP_F777B27A,Peyton Rice,WR,886,12.0,0.0,0.0,0.0,0.0,0.0,0.0,0.0,0.0,0.0,0.0,0.0,0.0,0.0,0.0,,,CFBD/team roster,,0.0,,MODELLED_ON_TEAM_RATES,opportunity-differentiated; team receiving rates,0.0,v1.0,2026-08-18T18:11:37+00:00
2026,CFF_UTAH,Utah,CFP_CA67DF33,Matt Clark,WR,887,12.0,0.0,0.0,0.0,0.0,0.0,0.0,0.0,0.0,0.0,0.0,0.0,0.0,0.0,0.0,,,CFBD/team roster,,0.0,,MODELLED_ON_TEAM_RATES,opportunity-differentiated; team receiving rates,0.0,v1.0,2026-08-18T18:11:37+00:00
2026,CFF_UTAH,Utah,CFP_F475308A,Mana Carvalho,WR,888,12.0,0.0,0.0,0.0,0.0,0.0,0.0,0.0,0.0,0.0,0.0,0.0,0.0,0.0,0.0,,,CFBD/team roster,,0.0,,MODELLED_ON_TEAM_RATES,opportunity-differentiated; team receiving rates,0.0,v1.0,2026-08-18T18:11:37+00:00
2026,CFF_UTAH,Utah,CFP_EE49AAE4,Junior Coughlin,WR,889,12.0,0.0,0.0,0.0,0.0,0.0,0.0,0.0,0.0,0.0,0.0,0.0,0.0,0.0,0.0,,,CFBD/team roster,,0.0,,MODELLED_ON_TEAM_RATES,opportunity-differentiated; team receiving rates,0.0,v1.0,2026-08-18T18:11:37+00:00
2026,CFF_UTAH,Utah,CFP_56D6792F,Max Ausmus,WR,890,12.0,0.0,0.0,0.0,0.0,0.0,0.0,0.0,0.0,0.0,0.0,0.0,0.0,0.0,0.0,,,CFBD/team roster,,0.0,,MODELLED_ON_TEAM_RATES,opportunity-differentiated; team receiving rates,0.0,v1.0,2026-08-18T18:11:37+00:00
2026,CFF_WVU,West Virginia,CFP_F005831C,John Neider,WR,891,12.0,0.0,0.0,0.0,0.0,0.0,0.0,0.0,0.0,0.0,0.0,0.0,0.0,0.0,0.0,,,CFBD/team roster,,0.0,,MODELLED_ON_TEAM_RATES,opportunity-differentiated; team receiving rates,0.0,v1.0,2026-08-18T18:11:37+00:00
2026,CFF_WVU,West Virginia,CFP_640CF476,Prince Strachan,WR,892,12.0,0.0,0.0,0.0,0.0,0.0,0.0,0.0,0.0,0.0,0.0,0.0,0.0,0.0,0.0,,,CFBD/team roster,,0.0,,MODELLED_ON_TEAM_RATES,opportunity-differentiated; team receiving rates,0.0,v1.0,2026-08-18T18:11:37+00:00
2026,CFF_WVU,West Virginia,CFP_E1746B28,Cyrus Traugh,WR,893,12.0,0.0,0.0,0.0,0.0,0.0,0.0,0.0,0.0,0.0,0.0,0.0,0.0,0.0,0.0,,,CFBD/team roster,,0.0,,MODELLED_ON_TEAM_RATES,opportunity-differentiated; team receiving rates,0.0,v1.0,2026-08-18T18:11:37+00:00
2026,CFF_WVU,West Virginia,CFP_3ED0D4B5,Kedrick Triplett,WR,894,12.0,0.0,0.0,0.0,0.0,0.0,0.0,0.0,0.0,0.0,0.0,0.0,0.0,0.0,0.0,,,CFBD/team roster,,0.0,,MODELLED_ON_TEAM_RATES,opportunity-differentiated; team receiving rates,0.0,v1.0,2026-08-18T18:11:37+00:00
2026,CFF_WVU,West Virginia,CFP_D6CAB56D,Keon Hutchins,WR,895,12.0,0.0,0.0,0.0,0.0,0.0,0.0,0.0,0.0,0.0,0.0,0.0,0.0,0.0,0.0,,,CFBD/team roster,,0.0,,MODELLED_ON_TEAM_RATES,opportunity-differentiated; team receiving rates,0.0,v1.0,2026-08-18T18:11:37+00:00
2026,CFF_WVU,West Virginia,CFP_FE819A6F,Armoni Weaver-Bomar,WR,896,12.0,0.0,0.0,0.0,0.0,0.0,0.0,0.0,0.0,0.0,0.0,0.0,0.0,0.0,0.0,,,CFBD/team roster,,0.0,,MODELLED_ON_TEAM_RATES,opportunity-differentiated; team receiving rates,0.0,v1.0,2026-08-18T18:11:37+00:00
2026,CFF_WVU,West Virginia,CFP_B10AF8F4,Brad Mossor,WR,897,12.0,0.0,0.0,0.0,0.0,0.0,0.0,0.0,0.0,0.0,0.0,0.0,0.0,0.0,0.0,,,CFBD/team roster,,0.0,,MODELLED_ON_TEAM_RATES,opportunity-differentiated; team receiving rates,0.0,v1.0,2026-08-18T18:11:37+00:00
2026,CFF_ALA,Alabama,CFP_70963241,Amari Sabb,WR,898,12.0,0.0,0.0,0.0,0.0,0.0,0.0,0.0,0.0,0.0,0.0,0.0,0.0,0.0,0.0,,,CFBD/team roster,,0.0,,MODELLED_ON_TEAM_RATES,opportunity-differentiated; team receiving rates,0.0,v1.0,2026-08-18T18:11:37+00:00
2026,CFF_ALA,Alabama,CFP_B8868B1F,Cooper Mollison,WR,899,12.0,0.0,0.0,0.0,0.0,0.0,0.0,0.0,0.0,0.0,0.0,0.0,0.0,0.0,0.0,,,CFBD/team roster,,0.0,,MODELLED_ON_TEAM_RATES,opportunity-differentiated; team receiving rates,0.0,v1.0,2026-08-18T18:11:37+00:00
2026,CFF_ALA,Alabama,CFP_E60A49D4,Ben Jackson,WR,900,12.0,0.0,0.0,0.0,0.0,0.0,0.0,0.0,0.0,0.0,0.0,0.0,0.0,0.0,0.0,,,CFBD/team roster,,0.0,,MODELLED_ON_TEAM_RATES,opportunity-differentiated; team receiving rates,0.0,v1.0,2026-08-18T18:11:37+00:00
2026,CFF_ALA,Alabama,CFP_5045277A,Tyler Henderson,WR,901,12.0,0.0,0.0,0.0,0.0,0.0,0.0,0.0,0.0,0.0,0.0,0.0,0.0,0.0,0.0,,,CFBD/team roster,,0.0,,MODELLED_ON_TEAM_RATES,opportunity-differentiated; team receiving rates,0.0,v1.0,2026-08-18T18:11:37+00:00
2026,CFF_ALA,Alabama,CFP_74B53759,Elijah Murray,WR,902,12.0,0.0,0.0,0.0,0.0,0.0,0.0,0.0,0.0,0.0,0.0,0.0,0.0,0.0,0.0,,,CFBD/team roster,,0.0,,MODELLED_ON_TEAM_RATES,opportunity-differentiated; team receiving rates,0.0,v1.0,2026-08-18T18:11:37+00:00
2026,CFF_ALA,Alabama,CFP_20F974CB,Warner Ross,WR,903,12.0,0.0,0.0,0.0,0.0,0.0,0.0,0.0,0.0,0.0,0.0,0.0,0.0,0.0,0.0,,,CFBD/team roster,,0.0,,MODELLED_ON_TEAM_RATES,opportunity-differentiated; team receiving rates,0.0,v1.0,2026-08-18T18:11:37+00:00
2026,CFF_ARK,Arkansas,CFP_712C401E,Chris Marshall,WR,904,12.0,0.0,0.0,0.0,0.0,0.0,0.0,0.0,0.0,0.0,0.0,0.0,0.0,0.0,0.0,,,CFBD/team roster,,0.0,,MODELLED_ON_TEAM_RATES,opportunity-differentiated; team receiving rates,0.0,v1.0,2026-08-18T18:11:37+00:00
2026,CFF_ARK,Arkansas,CFP_CE5A5A71,Jelani Watkins,WR,905,12.0,0.0,0.0,0.0,0.0,0.0,0.0,0.0,0.0,0.0,0.0,0.0,0.0,0.0,0.0,,,CFBD/team roster,,0.0,,MODELLED_ON_TEAM_RATES,opportunity-differentiated; team receiving rates,0.0,v1.0,2026-08-18T18:11:37+00:00
2026,CFF_ARK,Arkansas,CFP_F5231ABB,Ismael Cisse,WR,906,12.0,0.0,0.0,0.0,0.0,0.0,0.0,0.0,0.0,0.0,0.0,0.0,0.0,0.0,0.0,,,CFBD/team roster,,0.0,,MODELLED_ON_TEAM_RATES,opportunity-differentiated; team receiving rates,0.0,v1.0,2026-08-18T18:11:37+00:00
2026,CFF_ARK,Arkansas,CFP_7A58C5DA,Ben Pupplo,WR,907,12.0,0.0,0.0,0.0,0.0,0.0,0.0,0.0,0.0,0.0,0.0,0.0,0.0,0.0,0.0,,,CFBD/team roster,,0.0,,MODELLED_ON_TEAM_RATES,opportunity-differentiated; team receiving rates,0.0,v1.0,2026-08-18T18:11:37+00:00
2026,CFF_ARK,Arkansas,CFP_08011FD0,Dai'shaun Thomas,WR,908,12.0,0.0,0.0,0.0,0.0,0.0,0.0,0.0,0.0,0.0,0.0,0.0,0.0,0.0,0.0,,,CFBD/team roster,,0.0,,MODELLED_ON_TEAM_RATES,opportunity-differentiated; team receiving rates,0.0,v1.0,2026-08-18T18:11:37+00:00
2026,CFF_ARK,Arkansas,CFP_A5E0AD00,Cory Henderson Jr.,WR,909,12.0,0.0,0.0,0.0,0.0,0.0,0.0,0.0,0.0,0.0,0.0,0.0,0.0,0.0,0.0,,,CFBD/team roster,,0.0,,MODELLED_ON_TEAM_RATES,opportunity-differentiated; team receiving rates,0.0,v1.0,2026-08-18T18:11:37+00:00
2026,CFF_AUB,Auburn,CFP_880E266E,Keshaun Singleton,WR,910,12.0,0.0,0.0,0.0,0.0,0.0,0.0,0.0,0.0,0.0,0.0,0.0,0.0,0.0,0.0,,,CFBD/team roster,,0.0,,MODELLED_ON_TEAM_RATES,opportunity-differentiated; team receiving rates,0.0,v1.0,2026-08-18T18:11:37+00:00
2026,CFF_AUB,Auburn,CFP_3EDCBFAB,Will Upton,WR,911,12.0,0.0,0.0,0.0,0.0,0.0,0.0,0.0,0.0,0.0,0.0,0.0,0.0,0.0,0.0,,,CFBD/team roster,,0.0,,MODELLED_ON_TEAM_RATES,opportunity-differentiated; team receiving rates,0.0,v1.0,2026-08-18T18:11:37+00:00
2026,CFF_AUB,Auburn,CFP_A5563F0B,Kory Pettigrew,WR,912,12.0,0.0,0.0,0.0,0.0,0.0,0.0,0.0,0.0,0.0,0.0,0.0,0.0,0.0,0.0,,,CFBD/team roster,,0.0,,MODELLED_ON_TEAM_RATES,opportunity-differentiated; team receiving rates,0.0,v1.0,2026-08-18T18:11:37+00:00
2026,CFF_AUB,Auburn,CFP_C1100868,Erick Smith,WR,913,12.0,0.0,0.0,0.0,0.0,0.0,0.0,0.0,0.0,0.0,0.0,0.0,0.0,0.0,0.0,,,CFBD/team roster,,0.0,,MODELLED_ON_TEAM_RATES,opportunity-differentiated; team receiving rates,0.0,v1.0,2026-08-18T18:11:37+00:00
2026,CFF_AUB,Auburn,CFP_E0AD8CF3,Jake White,WR,914,12.0,0.0,0.0,0.0,0.0,0.0,0.0,0.0,0.0,0.0,0.0,0.0,0.0,0.0,0.0,,,CFBD/team roster,,0.0,,MODELLED_ON_TEAM_RATES,opportunity-differentiated; team receiving rates,0.0,v1.0,2026-08-18T18:11:37+00:00
2026,CFF_AUB,Auburn,CFP_B67823EF,Jack Ellenburg,WR,915,12.0,0.0,0.0,0.0,0.0,0.0,0.0,0.0,0.0,0.0,0.0,0.0,0.0,0.0,0.0,,,CFBD/team roster,,0.0,,MODELLED_ON_TEAM_RATES,opportunity-differentiated; team receiving rates,0.0,v1.0,2026-08-18T18:11:37+00:00
2026,CFF_FLA,Florida,CFP_7F31C05E,Kahleil Jackson,WR,916,12.0,0.0,0.0,0.0,0.0,0.0,0.0,0.0,0.0,0.0,0.0,0.0,0.0,0.0,0.0,,,CFBD/team roster,,0.0,,MODELLED_ON_TEAM_RATES,opportunity-differentiated; team receiving rates,0.0,v1.0,2026-08-18T18:11:37+00:00
2026,CFF_FLA,Florida,CFP_B50BF449,Marquez Daniel,WR,917,12.0,0.0,0.0,0.0,0.0,0.0,0.0,0.0,0.0,0.0,0.0,0.0,0.0,0.0,0.0,,,CFBD/team roster,,0.0,,MODELLED_ON_TEAM_RATES,opportunity-differentiated; team receiving rates,0.0,v1.0,2026-08-18T18:11:37+00:00
2026,CFF_FLA,Florida,CFP_115F9A1A,Jaden Edgecombe,WR,918,12.0,0.0,0.0,0.0,0.0,0.0,0.0,0.0,0.0,0.0,0.0,0.0,0.0,0.0,0.0,,,CFBD/team roster,,0.0,,MODELLED_ON_TEAM_RATES,opportunity-differentiated; team receiving rates,0.0,v1.0,2026-08-18T18:11:37+00:00
2026,CFF_FLA,Florida,CFP_5ADFBF19,Davian Groce,WR,919,12.0,0.0,0.0,0.0,0.0,0.0,0.0,0.0,0.0,0.0,0.0,0.0,0.0,0.0,0.0,,,CFBD/team roster,,0.0,,MODELLED_ON_TEAM_RATES,opportunity-differentiated; team receiving rates,0.0,v1.0,2026-08-18T18:11:37+00:00
2026,CFF_FLA,Florida,CFP_EC6F1EFF,Justin Williams,WR,920,12.0,0.0,0.0,0.0,0.0,0.0,0.0,0.0,0.0,0.0,0.0,0.0,0.0,0.0,0.0,,,CFBD/team roster,,0.0,,MODELLED_ON_TEAM_RATES,opportunity-differentiated; team receiving rates,0.0,v1.0,2026-08-18T18:11:37+00:00
2026,CFF_FLA,Florida,CFP_D036DF4B,Ace Ciongoli,WR,921,12.0,0.0,0.0,0.0,0.0,0.0,0.0,0.0,0.0,0.0,0.0,0.0,0.0,0.0,0.0,,,CFBD/team roster,,0.0,,MODELLED_ON_TEAM_RATES,opportunity-differentiated; team receiving rates,0.0,v1.0,2026-08-18T18:11:37+00:00
2026,CFF_FLA,Florida,CFP_8240B051,Mason Jordan,WR,922,12.0,0.0,0.0,0.0,0.0,0.0,0.0,0.0,0.0,0.0,0.0,0.0,0.0,0.0,0.0,,,CFBD/team roster,,0.0,,MODELLED_ON_TEAM_RATES,opportunity-differentiated; team receiving rates,0.0,v1.0,2026-08-18T18:11:37+00:00
2026,CFF_UGA,Georgia,CFP_8A4AC9E3,Walter Blanchard,WR,923,12.0,0.0,0.0,0.0,0.0,0.0,0.0,0.0,0.0,0.0,0.0,0.0,0.0,0.0,0.0,,,CFBD/team roster,,0.0,,MODELLED_ON_TEAM_RATES,opportunity-differentiated; team receiving rates,0.0,v1.0,2026-08-18T18:11:37+00:00
2026,CFF_UGA,Georgia,CFP_F9610283,Will Taylor,WR,924,12.0,0.0,0.0,0.0,0.0,0.0,0.0,0.0,0.0,0.0,0.0,0.0,0.0,0.0,0.0,,,CFBD/team roster,,0.0,,MODELLED_ON_TEAM_RATES,opportunity-differentiated; team receiving rates,0.0,v1.0,2026-08-18T18:11:37+00:00
2026,CFF_UGA,Georgia,CFP_E0352C00,Danny Curran,WR,925,12.0,0.0,0.0,0.0,0.0,0.0,0.0,0.0,0.0,0.0,0.0,0.0,0.0,0.0,0.0,,,CFBD/team roster,,0.0,,MODELLED_ON_TEAM_RATES,opportunity-differentiated; team receiving rates,0.0,v1.0,2026-08-18T18:11:37+00:00
2026,CFF_UGA,Georgia,CFP_A72622EC,Brody Tolbert,WR,926,12.0,0.0,0.0,0.0,0.0,0.0,0.0,0.0,0.0,0.0,0.0,0.0,0.0,0.0,0.0,,,CFBD/team roster,,0.0,,MODELLED_ON_TEAM_RATES,opportunity-differentiated; team receiving rates,0.0,v1.0,2026-08-18T18:11:37+00:00
2026,CFF_UGA,Georgia,CFP_EAFBD36D,Benjamin McElreath,WR,927,12.0,0.0,0.0,0.0,0.0,0.0,0.0,0.0,0.0,0.0,0.0,0.0,0.0,0.0,0.0,,,CFBD/team roster,,0.0,,MODELLED_ON_TEAM_RATES,opportunity-differentiated; team receiving rates,0.0,v1.0,2026-08-18T18:11:37+00:00
2026,CFF_UGA,Georgia,CFP_74DE7821,Jackson St. Clair,WR,928,12.0,0.0,0.0,0.0,0.0,0.0,0.0,0.0,0.0,0.0,0.0,0.0,0.0,0.0,0.0,,,CFBD/team roster,,0.0,,MODELLED_ON_TEAM_RATES,opportunity-differentiated; team receiving rates,0.0,v1.0,2026-08-18T18:11:37+00:00
2026,CFF_UK,Kentucky,CFP_3709BA69,Nic Anderson,WR,929,12.0,0.0,0.0,0.0,0.0,0.0,0.0,0.0,0.0,0.0,0.0,0.0,0.0,0.0,0.0,,,CFBD/team roster,,0.0,,MODELLED_ON_TEAM_RATES,opportunity-differentiated; team receiving rates,0.0,v1.0,2026-08-18T18:11:37+00:00
2026,CFF_UK,Kentucky,CFP_FEAA2FBE,Ja'Kayden Ferguson,WR,930,12.0,0.0,0.0,0.0,0.0,0.0,0.0,0.0,0.0,0.0,0.0,0.0,0.0,0.0,0.0,,,CFBD/team roster,,0.0,,MODELLED_ON_TEAM_RATES,opportunity-differentiated; team receiving rates,0.0,v1.0,2026-08-18T18:11:37+00:00
2026,CFF_UK,Kentucky,CFP_46FF10EF,Spencer Leadbetter,WR,931,12.0,0.0,0.0,0.0,0.0,0.0,0.0,0.0,0.0,0.0,0.0,0.0,0.0,0.0,0.0,,,CFBD/team roster,,0.0,,MODELLED_ON_TEAM_RATES,opportunity-differentiated; team receiving rates,0.0,v1.0,2026-08-18T18:11:37+00:00
2026,CFF_UK,Kentucky,CFP_59B1047C,Rico Crowder,WR,932,12.0,0.0,0.0,0.0,0.0,0.0,0.0,0.0,0.0,0.0,0.0,0.0,0.0,0.0,0.0,,,CFBD/team roster,,0.0,,MODELLED_ON_TEAM_RATES,opportunity-differentiated; team receiving rates,0.0,v1.0,2026-08-18T18:11:37+00:00
2026,CFF_UK,Kentucky,CFP_C7B58671,Xavier Daisy,WR,933,12.0,0.0,0.0,0.0,0.0,0.0,0.0,0.0,0.0,0.0,0.0,0.0,0.0,0.0,0.0,,,CFBD/team roster,,0.0,,MODELLED_ON_TEAM_RATES,opportunity-differentiated; team receiving rates,0.0,v1.0,2026-08-18T18:11:37+00:00
2026,CFF_UK,Kentucky,CFP_35758258,Shane Carr,WR,934,12.0,0.0,0.0,0.0,0.0,0.0,0.0,0.0,0.0,0.0,0.0,0.0,0.0,0.0,0.0,,,CFBD/team roster,,0.0,,MODELLED_ON_TEAM_RATES,opportunity-differentiated; team receiving rates,0.0,v1.0,2026-08-18T18:11:37+00:00
2026,CFF_UK,Kentucky,CFP_F70D8F8E,Brock Coffman,WR,935,12.0,0.0,0.0,0.0,0.0,0.0,0.0,0.0,0.0,0.0,0.0,0.0,0.0,0.0,0.0,,,CFBD/team roster,,0.0,,MODELLED_ON_TEAM_RATES,opportunity-differentiated; team receiving rates,0.0,v1.0,2026-08-18T18:11:37+00:00
2026,CFF_UK,Kentucky,CFP_EB63510F,Saxton Howard,WR,936,12.0,0.0,0.0,0.0,0.0,0.0,0.0,0.0,0.0,0.0,0.0,0.0,0.0,0.0,0.0,,,CFBD/team roster,,0.0,,MODELLED_ON_TEAM_RATES,opportunity-differentiated; team receiving rates,0.0,v1.0,2026-08-18T18:11:37+00:00
2026,CFF_UK,Kentucky,CFP_073440C9,Cash Harney,WR,937,12.0,0.0,0.0,0.0,0.0,0.0,0.0,0.0,0.0,0.0,0.0,0.0,0.0,0.0,0.0,,,CFBD/team roster,,0.0,,MODELLED_ON_TEAM_RATES,opportunity-differentiated; team receiving rates,0.0,v1.0,2026-08-18T18:11:37+00:00
2026,CFF_LSU,LSU,CFP_C84BE99D,Malik Elzy,WR,938,12.0,0.0,0.0,0.0,0.0,0.0,0.0,0.0,0.0,0.0,0.0,0.0,0.0,0.0,0.0,,,CFBD/team roster,,0.0,,MODELLED_ON_TEAM_RATES,opportunity-differentiated; team receiving rates,0.0,v1.0,2026-08-18T18:11:37+00:00
2026,CFF_LSU,LSU,CFP_F2F31EEF,Josh Jackson,WR,939,12.0,0.0,0.0,0.0,0.0,0.0,0.0,0.0,0.0,0.0,0.0,0.0,0.0,0.0,0.0,,,CFBD/team roster,,0.0,,MODELLED_ON_TEAM_RATES,opportunity-differentiated; team receiving rates,0.0,v1.0,2026-08-18T18:11:37+00:00
2026,CFF_LSU,LSU,CFP_5A7DE6F6,Roman Mothershed,WR,940,12.0,0.0,0.0,0.0,0.0,0.0,0.0,0.0,0.0,0.0,0.0,0.0,0.0,0.0,0.0,,,CFBD/team roster,,0.0,,MODELLED_ON_TEAM_RATES,opportunity-differentiated; team receiving rates,0.0,v1.0,2026-08-18T18:11:37+00:00
2026,CFF_LSU,LSU,CFP_F1C33CD9,Tyree Holloway,WR,941,12.0,0.0,0.0,0.0,0.0,0.0,0.0,0.0,0.0,0.0,0.0,0.0,0.0,0.0,0.0,,,CFBD/team roster,,0.0,,MODELLED_ON_TEAM_RATES,opportunity-differentiated; team receiving rates,0.0,v1.0,2026-08-18T18:11:37+00:00
2026,CFF_MISS,Ole Miss,CFP_0C858189,Horatio Fields,WR,942,12.0,0.0,0.0,0.0,0.0,0.0,0.0,0.0,0.0,0.0,0.0,0.0,0.0,0.0,0.0,,,CFBD/team roster,,0.0,,MODELLED_ON_TEAM_RATES,opportunity-differentiated; team receiving rates,0.0,v1.0,2026-08-18T18:11:37+00:00
2026,CFF_MISS,Ole Miss,CFP_E9FF21C5,Traylon Ray,WR,943,12.0,0.0,0.0,0.0,0.0,0.0,0.0,0.0,0.0,0.0,0.0,0.0,0.0,0.0,0.0,,,CFBD/team roster,,0.0,,MODELLED_ON_TEAM_RATES,opportunity-differentiated; team receiving rates,0.0,v1.0,2026-08-18T18:11:37+00:00
2026,CFF_MISS,Ole Miss,CFP_284E2D05,Dylan Davis,WR,944,12.0,0.0,0.0,0.0,0.0,0.0,0.0,0.0,0.0,0.0,0.0,0.0,0.0,0.0,0.0,,,CFBD/team roster,,0.0,,MODELLED_ON_TEAM_RATES,opportunity-differentiated; team receiving rates,0.0,v1.0,2026-08-18T18:11:37+00:00
2026,CFF_MISS,Ole Miss,CFP_AC0BA49C,Levi Blount,WR,945,12.0,0.0,0.0,0.0,0.0,0.0,0.0,0.0,0.0,0.0,0.0,0.0,0.0,0.0,0.0,,,CFBD/team roster,,0.0,,MODELLED_ON_TEAM_RATES,opportunity-differentiated; team receiving rates,0.0,v1.0,2026-08-18T18:11:37+00:00
2026,CFF_MISS,Ole Miss,CFP_BCEBFCE3,Anthony Aguirre,WR,946,12.0,0.0,0.0,0.0,0.0,0.0,0.0,0.0,0.0,0.0,0.0,0.0,0.0,0.0,0.0,,,CFBD/team roster,,0.0,,MODELLED_ON_TEAM_RATES,opportunity-differentiated; team receiving rates,0.0,v1.0,2026-08-18T18:11:37+00:00
2026,CFF_MSST,Mississippi State,CFP_58B060B6,Marquis Johnson,WR,947,12.0,0.0,0.0,0.0,0.0,0.0,0.0,0.0,0.0,0.0,0.0,0.0,0.0,0.0,0.0,,,CFBD/team roster,,0.0,,MODELLED_ON_TEAM_RATES,opportunity-differentiated; team receiving rates,0.0,v1.0,2026-08-18T18:11:37+00:00
2026,CFF_MSST,Mississippi State,CFP_B49F9FDF,Zion Ragins,WR,948,12.0,0.0,0.0,0.0,0.0,0.0,0.0,0.0,0.0,0.0,0.0,0.0,0.0,0.0,0.0,,,CFBD/team roster,,0.0,,MODELLED_ON_TEAM_RATES,opportunity-differentiated; team receiving rates,0.0,v1.0,2026-08-18T18:11:37+00:00
2026,CFF_MSST,Mississippi State,CFP_01E0BB72,Jessie Primer IV,WR,949,12.0,0.0,0.0,0.0,0.0,0.0,0.0,0.0,0.0,0.0,0.0,0.0,0.0,0.0,0.0,,,CFBD/team roster,,0.0,,MODELLED_ON_TEAM_RATES,opportunity-differentiated; team receiving rates,0.0,v1.0,2026-08-18T18:11:37+00:00
2026,CFF_MSST,Mississippi State,CFP_E04A8320,Bull Mitchell,WR,950,12.0,0.0,0.0,0.0,0.0,0.0,0.0,0.0,0.0,0.0,0.0,0.0,0.0,0.0,0.0,,,CFBD/team roster,,0.0,,MODELLED_ON_TEAM_RATES,opportunity-differentiated; team receiving rates,0.0,v1.0,2026-08-18T18:11:37+00:00
2026,CFF_MSST,Mississippi State,CFP_4F4F6C94,Matt Mayfield,WR,951,12.0,0.0,0.0,0.0,0.0,0.0,0.0,0.0,0.0,0.0,0.0,0.0,0.0,0.0,0.0,,,CFBD/team roster,,0.0,,MODELLED_ON_TEAM_RATES,opportunity-differentiated; team receiving rates,0.0,v1.0,2026-08-18T18:11:37+00:00
2026,CFF_MSST,Mississippi State,CFP_16F91D11,Fisher Southall,WR,952,12.0,0.0,0.0,0.0,0.0,0.0,0.0,0.0,0.0,0.0,0.0,0.0,0.0,0.0,0.0,,,CFBD/team roster,,0.0,,MODELLED_ON_TEAM_RATES,opportunity-differentiated; team receiving rates,0.0,v1.0,2026-08-18T18:11:37+00:00
2026,CFF_MIZ,Missouri,CFP_AA91D008,Kenric Lanier II,WR,953,12.0,0.0,0.0,0.0,0.0,0.0,0.0,0.0,0.0,0.0,0.0,0.0,0.0,0.0,0.0,,,CFBD/team roster,,0.0,,MODELLED_ON_TEAM_RATES,opportunity-differentiated; team receiving rates,0.0,v1.0,2026-08-18T18:11:37+00:00
2026,CFF_MIZ,Missouri,CFP_B4930B76,Gavin Wyatt,WR,954,12.0,0.0,0.0,0.0,0.0,0.0,0.0,0.0,0.0,0.0,0.0,0.0,0.0,0.0,0.0,,,CFBD/team roster,,0.0,,MODELLED_ON_TEAM_RATES,opportunity-differentiated; team receiving rates,0.0,v1.0,2026-08-18T18:11:37+00:00
2026,CFF_MIZ,Missouri,CFP_5CDD7962,Noah Flaskamp,WR,955,12.0,0.0,0.0,0.0,0.0,0.0,0.0,0.0,0.0,0.0,0.0,0.0,0.0,0.0,0.0,,,CFBD/team roster,,0.0,,MODELLED_ON_TEAM_RATES,opportunity-differentiated; team receiving rates,0.0,v1.0,2026-08-18T18:11:37+00:00
2026,CFF_MIZ,Missouri,CFP_A9EF00EA,Jayden Bolton,WR,956,12.0,0.0,0.0,0.0,0.0,0.0,0.0,0.0,0.0,0.0,0.0,0.0,0.0,0.0,0.0,,,CFBD/team roster,,0.0,,MODELLED_ON_TEAM_RATES,opportunity-differentiated; team receiving rates,0.0,v1.0,2026-08-18T18:11:37+00:00
2026,CFF_MIZ,Missouri,CFP_4CC71998,Derrick McBride II,WR,957,12.0,0.0,0.0,0.0,0.0,0.0,0.0,0.0,0.0,0.0,0.0,0.0,0.0,0.0,0.0,,,CFBD/team roster,,0.0,,MODELLED_ON_TEAM_RATES,opportunity-differentiated; team receiving rates,0.0,v1.0,2026-08-18T18:11:37+00:00
2026,CFF_OU,Oklahoma,CFP_E041AAAA,Trey Brown,WR,958,12.0,0.0,0.0,0.0,0.0,0.0,0.0,0.0,0.0,0.0,0.0,0.0,0.0,0.0,0.0,,,CFBD/team roster,,0.0,,MODELLED_ON_TEAM_RATES,opportunity-differentiated; team receiving rates,0.0,v1.0,2026-08-18T18:11:37+00:00
2026,CFF_OU,Oklahoma,CFP_20CD734F,Eli Merck,WR,959,12.0,0.0,0.0,0.0,0.0,0.0,0.0,0.0,0.0,0.0,0.0,0.0,0.0,0.0,0.0,,,CFBD/team roster,,0.0,,MODELLED_ON_TEAM_RATES,opportunity-differentiated; team receiving rates,0.0,v1.0,2026-08-18T18:11:37+00:00
2026,CFF_OU,Oklahoma,CFP_CBCF056C,Mackenzie Alleyne,WR,960,12.0,0.0,0.0,0.0,0.0,0.0,0.0,0.0,0.0,0.0,0.0,0.0,0.0,0.0,0.0,,,CFBD/team roster,,0.0,,MODELLED_ON_TEAM_RATES,opportunity-differentiated; team receiving rates,0.0,v1.0,2026-08-18T18:11:37+00:00
2026,CFF_OU,Oklahoma,CFP_F0B80A64,Manny Choice,WR,961,12.0,0.0,0.0,0.0,0.0,0.0,0.0,0.0,0.0,0.0,0.0,0.0,0.0,0.0,0.0,,,CFBD/team roster,,0.0,,MODELLED_ON_TEAM_RATES,opportunity-differentiated; team receiving rates,0.0,v1.0,2026-08-18T18:11:37+00:00
2026,CFF_SC,South Carolina,CFP_F83C9EAF,Jayden Gibson,WR,962,12.0,0.0,0.0,0.0,0.0,0.0,0.0,0.0,0.0,0.0,0.0,0.0,0.0,0.0,0.0,,,CFBD/team roster,,0.0,,MODELLED_ON_TEAM_RATES,opportunity-differentiated; team receiving rates,0.0,v1.0,2026-08-18T18:11:37+00:00
2026,CFF_SC,South Carolina,CFP_199A3AA7,DJ Black,WR,963,12.0,0.0,0.0,0.0,0.0,0.0,0.0,0.0,0.0,0.0,0.0,0.0,0.0,0.0,0.0,,,CFBD/team roster,,0.0,,MODELLED_ON_TEAM_RATES,opportunity-differentiated; team receiving rates,0.0,v1.0,2026-08-18T18:11:37+00:00
2026,CFF_SC,South Carolina,CFP_3B4E00A9,Charly Mullaly,WR,964,12.0,0.0,0.0,0.0,0.0,0.0,0.0,0.0,0.0,0.0,0.0,0.0,0.0,0.0,0.0,,,CFBD/team roster,,0.0,,MODELLED_ON_TEAM_RATES,opportunity-differentiated; team receiving rates,0.0,v1.0,2026-08-18T18:11:37+00:00
2026,CFF_SC,South Carolina,CFP_19955998,Jackson Repp,WR,965,12.0,0.0,0.0,0.0,0.0,0.0,0.0,0.0,0.0,0.0,0.0,0.0,0.0,0.0,0.0,,,CFBD/team roster,,0.0,,MODELLED_ON_TEAM_RATES,opportunity-differentiated; team receiving rates,0.0,v1.0,2026-08-18T18:11:37+00:00
2026,CFF_SC,South Carolina,CFP_7D82A8B2,Stone Furrey,WR,966,12.0,0.0,0.0,0.0,0.0,0.0,0.0,0.0,0.0,0.0,0.0,0.0,0.0,0.0,0.0,,,CFBD/team roster,,0.0,,MODELLED_ON_TEAM_RATES,opportunity-differentiated; team receiving rates,0.0,v1.0,2026-08-18T18:11:37+00:00
2026,CFF_TENN,Tennessee,CFP_180D5431,Ian Duarte,WR,967,12.0,0.0,0.0,0.0,0.0,0.0,0.0,0.0,0.0,0.0,0.0,0.0,0.0,0.0,0.0,,,CFBD/team roster,,0.0,,MODELLED_ON_TEAM_RATES,opportunity-differentiated; team receiving rates,0.0,v1.0,2026-08-18T18:11:37+00:00
2026,CFF_TENN,Tennessee,CFP_5523AED1,Nathan Roberts,WR,968,12.0,0.0,0.0,0.0,0.0,0.0,0.0,0.0,0.0,0.0,0.0,0.0,0.0,0.0,0.0,,,CFBD/team roster,,0.0,,MODELLED_ON_TEAM_RATES,opportunity-differentiated; team receiving rates,0.0,v1.0,2026-08-18T18:11:37+00:00
2026,CFF_TENN,Tennessee,CFP_DBF12BEA,Jack-Henry Jakobik,WR,969,12.0,0.0,0.0,0.0,0.0,0.0,0.0,0.0,0.0,0.0,0.0,0.0,0.0,0.0,0.0,,,CFBD/team roster,,0.0,,MODELLED_ON_TEAM_RATES,opportunity-differentiated; team receiving rates,0.0,v1.0,2026-08-18T18:11:37+00:00
2026,CFF_TENN,Tennessee,CFP_1D8DBADC,Ben Petermann,WR,970,12.0,0.0,0.0,0.0,0.0,0.0,0.0,0.0,0.0,0.0,0.0,0.0,0.0,0.0,0.0,,,CFBD/team roster,,0.0,,MODELLED_ON_TEAM_RATES,opportunity-differentiated; team receiving rates,0.0,v1.0,2026-08-18T18:11:37+00:00
2026,CFF_TENN,Tennessee,CFP_38F9EAE1,Deon Hardin,WR,971,12.0,0.0,0.0,0.0,0.0,0.0,0.0,0.0,0.0,0.0,0.0,0.0,0.0,0.0,0.0,,,CFBD/team roster,,0.0,,MODELLED_ON_TEAM_RATES,opportunity-differentiated; team receiving rates,0.0,v1.0,2026-08-18T18:11:37+00:00
2026,CFF_TENN,Tennessee,CFP_B167EC3D,Lane Cope,WR,972,12.0,0.0,0.0,0.0,0.0,0.0,0.0,0.0,0.0,0.0,0.0,0.0,0.0,0.0,0.0,,,CFBD/team roster,,0.0,,MODELLED_ON_TEAM_RATES,opportunity-differentiated; team receiving rates,0.0,v1.0,2026-08-18T18:11:37+00:00
2026,CFF_TEX,Texas,CFP_23B07C5F,Sterling Berkhalter,WR,973,12.0,0.0,0.0,0.0,0.0,0.0,0.0,0.0,0.0,0.0,0.0,0.0,0.0,0.0,0.0,,,CFBD/team roster,,0.0,,MODELLED_ON_TEAM_RATES,opportunity-differentiated; team receiving rates,0.0,v1.0,2026-08-18T18:11:37+00:00
2026,CFF_TEX,Texas,CFP_7DE8E5D7,Ty Boatright,WR,974,12.0,0.0,0.0,0.0,0.0,0.0,0.0,0.0,0.0,0.0,0.0,0.0,0.0,0.0,0.0,,,CFBD/team roster,,0.0,,MODELLED_ON_TEAM_RATES,opportunity-differentiated; team receiving rates,0.0,v1.0,2026-08-18T18:11:37+00:00
2026,CFF_TEX,Texas,CFP_085EC8F4,Hudson Powell,WR,975,12.0,0.0,0.0,0.0,0.0,0.0,0.0,0.0,0.0,0.0,0.0,0.0,0.0,0.0,0.0,,,CFBD/team roster,,0.0,,MODELLED_ON_TEAM_RATES,opportunity-differentiated; team receiving rates,0.0,v1.0,2026-08-18T18:11:37+00:00
2026,CFF_TEX,Texas,CFP_59F3C5D5,Evan Enderlin,WR,976,12.0,0.0,0.0,0.0,0.0,0.0,0.0,0.0,0.0,0.0,0.0,0.0,0.0,0.0,0.0,,,CFBD/team roster,,0.0,,MODELLED_ON_TEAM_RATES,opportunity-differentiated; team receiving rates,0.0,v1.0,2026-08-18T18:11:37+00:00
2026,CFF_TAMU,Texas A&M,CFP_3913E05A,Isaiah Horton,WR,977,12.0,0.0,0.0,0.0,0.0,0.0,0.0,0.0,0.0,0.0,0.0,0.0,0.0,0.0,0.0,,,CFBD/team roster,,0.0,,MODELLED_ON_TEAM_RATES,opportunity-differentiated; team receiving rates,0.0,v1.0,2026-08-18T18:11:37+00:00
2026,CFF_TAMU,Texas A&M,CFP_D988C133,Jonah Wilson,WR,978,12.0,0.0,0.0,0.0,0.0,0.0,0.0,0.0,0.0,0.0,0.0,0.0,0.0,0.0,0.0,,,CFBD/team roster,,0.0,,MODELLED_ON_TEAM_RATES,opportunity-differentiated; team receiving rates,0.0,v1.0,2026-08-18T18:11:37+00:00
2026,CFF_TAMU,Texas A&M,CFP_8C18547F,Chase Burton,WR,979,12.0,0.0,0.0,0.0,0.0,0.0,0.0,0.0,0.0,0.0,0.0,0.0,0.0,0.0,0.0,,,CFBD/team roster,,0.0,,MODELLED_ON_TEAM_RATES,opportunity-differentiated; team receiving rates,0.0,v1.0,2026-08-18T18:11:37+00:00
2026,CFF_TAMU,Texas A&M,CFP_EF7A0C3E,Mike Brown,WR,980,12.0,0.0,0.0,0.0,0.0,0.0,0.0,0.0,0.0,0.0,0.0,0.0,0.0,0.0,0.0,,,CFBD/team roster,,0.0,,MODELLED_ON_TEAM_RATES,opportunity-differentiated; team receiving rates,0.0,v1.0,2026-08-18T18:11:37+00:00
2026,CFF_TAMU,Texas A&M,CFP_4855F743,Will Hargett,WR,981,12.0,0.0,0.0,0.0,0.0,0.0,0.0,0.0,0.0,0.0,0.0,0.0,0.0,0.0,0.0,,,CFBD/team roster,,0.0,,MODELLED_ON_TEAM_RATES,opportunity-differentiated; team receiving rates,0.0,v1.0,2026-08-18T18:11:37+00:00
2026,CFF_TAMU,Texas A&M,CFP_F3DD2394,Kade Stewart,WR,982,12.0,0.0,0.0,0.0,0.0,0.0,0.0,0.0,0.0,0.0,0.0,0.0,0.0,0.0,0.0,,,CFBD/team roster,,0.0,,MODELLED_ON_TEAM_RATES,opportunity-differentiated; team receiving rates,0.0,v1.0,2026-08-18T18:11:37+00:00
2026,CFF_TAMU,Texas A&M,CFP_CADFADB8,Whitaker Williams,WR,983,12.0,0.0,0.0,0.0,0.0,0.0,0.0,0.0,0.0,0.0,0.0,0.0,0.0,0.0,0.0,,,CFBD/team roster,,0.0,,MODELLED_ON_TEAM_RATES,opportunity-differentiated; team receiving rates,0.0,v1.0,2026-08-18T18:11:37+00:00
2026,CFF_VAN,Vanderbilt,CFP_B1FD684A,Claiborne Richards,WR,984,12.0,0.0,0.0,0.0,0.0,0.0,0.0,0.0,0.0,0.0,0.0,0.0,0.0,0.0,0.0,,,CFBD/team roster,,0.0,,MODELLED_ON_TEAM_RATES,opportunity-differentiated; team receiving rates,0.0,v1.0,2026-08-18T18:11:37+00:00
2026,CFF_VAN,Vanderbilt,CFP_D48955BE,Lebron Hill,WR,985,12.0,0.0,0.0,0.0,0.0,0.0,0.0,0.0,0.0,0.0,0.0,0.0,0.0,0.0,0.0,,,CFBD/team roster,,0.0,,MODELLED_ON_TEAM_RATES,opportunity-differentiated; team receiving rates,0.0,v1.0,2026-08-18T18:11:37+00:00
2026,CFF_VAN,Vanderbilt,CFP_5D0846D1,Ty Burd,WR,986,12.0,0.0,0.0,0.0,0.0,0.0,0.0,0.0,0.0,0.0,0.0,0.0,0.0,0.0,0.0,,,CFBD/team roster,,0.0,,MODELLED_ON_TEAM_RATES,opportunity-differentiated; team receiving rates,0.0,v1.0,2026-08-18T18:11:37+00:00
2026,CFF_VAN,Vanderbilt,CFP_2606823C,Wils Jackson,WR,987,12.0,0.0,0.0,0.0,0.0,0.0,0.0,0.0,0.0,0.0,0.0,0.0,0.0,0.0,0.0,,,CFBD/team roster,,0.0,,MODELLED_ON_TEAM_RATES,opportunity-differentiated; team receiving rates,0.0,v1.0,2026-08-18T18:11:37+00:00
2026,CFF_ND,Notre Dame,CFP_83200A8D,Mylan Graham,WR,988,12.0,0.0,0.0,0.0,0.0,0.0,0.0,0.0,0.0,0.0,0.0,0.0,0.0,0.0,0.0,,,CFBD/team roster,,0.0,,MODELLED_ON_TEAM_RATES,opportunity-differentiated; team receiving rates,0.0,v1.0,2026-08-18T18:11:37+00:00
2026,CFF_ND,Notre Dame,CFP_5CDC0BCD,Quincy Porter,WR,989,12.0,0.0,0.0,0.0,0.0,0.0,0.0,0.0,0.0,0.0,0.0,0.0,0.0,0.0,0.0,,,CFBD/team roster,,0.0,,MODELLED_ON_TEAM_RATES,opportunity-differentiated; team receiving rates,0.0,v1.0,2026-08-18T18:11:37+00:00
2026,CFF_ND,Notre Dame,CFP_96921DF8,Xavier Southall,WR,990,12.0,0.0,0.0,0.0,0.0,0.0,0.0,0.0,0.0,0.0,0.0,0.0,0.0,0.0,0.0,,,CFBD/team roster,,0.0,,MODELLED_ON_TEAM_RATES,opportunity-differentiated; team receiving rates,0.0,v1.0,2026-08-18T18:11:37+00:00
