season,week,player_id,player_name,team_id,team_name,position,opponent,home,game_date,event_id,implied_team_total,game_total,starter_probability,role_confidence,projection_confidence,position_source,platform_eligibility,source_season_ppg,model_version,generated_at,pass_attempts,completions,passing_yards,passing_td,interceptions,rush_attempts,rushing_yards,rushing_td,receptions,receiving_yards,receiving_td,fantasy_points,position_rank,overall_rank,market_evidence,market_role_evidence,projection_basis
2026,1,CFP_7A87F58E,Devon Dampier,CFF_UTAH,Utah,QB,Idaho,True,2026-09-04T01:00Z,401856768,45.0,56.5,0.953363216143233,HIGH,HIGH,CFBD/team roster,,20.216510322241767,week1-v1.0,2026-08-30T16:15:00+00:00,25.162622938844446,15.479133055556039,198.5,2.5,0.6349093978093862,22.782423856110707,86.5,0.7741696402878137,0.0,0.0,0.0,30.6001084439175,1,1,passing_touchdowns|passing_yards|rushing_yards,false,market_component_anchor_and_team_reconciliation
2026,1,CFP_80023AC8,Byrum Brown,CFF_AUB,Auburn,QB,Baylor,True,2026-09-05T19:30Z,401856636,32.75,58.5,0.9014504346976158,HIGH,HIGH,CFBD/team roster,,20.85167392234217,week1-v1.0,2026-08-30T16:15:00+00:00,30.042843989807608,19.215133693358922,255.73235070279594,2.1940545850226414,0.694116088397522,19.67811693696007,66.5,0.69168594672995,0.0,0.0,0.0,29.11151196018458,2,2,rushing_yards,true,market_component_anchor_and_team_reconciliation
2026,1,CFP_D042D68E,Will Hammond,CFF_TTU,Texas Tech,QB,Abilene Christian,True,2026-09-05T23:00Z,401856770,51.0,59.5,0.9231317138098898,HIGH,HIGH,CFBD/team roster,,21.037405196294547,week1-v1.0,2026-08-30T16:15:00+00:00,32.48754250893321,20.86906251122618,266.9751323366524,2.952640613256297,0.732566731115905,8.556186370124296,30.37115823179959,0.6549013275929274,0.0,0.0,0.0,28.723524804112902,3,3,,false,team_reconciliation_and_current_weekly_role
2026,1,CFP_99A02DF5,LJ Martin,CFF_BYU,BYU,RB,Utah Tech,True,2026-09-06T00:00Z,401856775,52.5,54.5,0.0,,MEDIUM,CFBD/team roster,,20.7913695696929,week1-v1.0,2026-08-30T16:15:00+00:00,0.0,0.0,0.0,0.0,0.0,19.397869073196837,118.46011404152263,1.2373221893353417,2.917428669511819,38.817270332260584,0.35016611612556753,28.170096939655597,1,4,,false,team_reconciliation_and_current_weekly_role
2026,1,CFP_F3B0190B,Joe Jackson,CFF_KSU,Kansas State,RB,Nicholls,True,2026-09-05T23:00Z,401856771,48.0,55.5,0.0,,MEDIUM,CFBD/team roster,,21.320804242697438,week1-v1.0,2026-08-30T16:15:00+00:00,0.0,0.0,0.0,0.0,0.0,19.71993424241552,134.29483000381452,1.1908322789987327,2.0945613840778843,26.748033100444193,0.30695187599536317,27.18555262446833,2,5,,false,team_reconciliation_and_current_weekly_role
2026,1,CFP_E006BCD2,Arch Manning,CFF_TEX,Texas,QB,Texas State,True,2026-09-05T19:30Z,401856667,45.0,59.5,0.9952798986676619,HIGH,HIGH,CFBD/team roster,,20.309266845497664,week1-v1.0,2026-08-30T16:15:00+00:00,29.456197647118703,18.490685826061817,248.43225863789934,2.867316565403134,0.6500170494430924,9.67177131081289,29.5,0.5196295647759474,0.0,0.0,0.0,26.8243169463411,4,6,rushing_yards,true,market_component_anchor_and_team_reconciliation
2026,1,CFP_3B37A6FF,DeSean Bishop,CFF_TENN,Tennessee,RB,Furman,True,2026-09-05T19:30Z,401856666,56.5,66.5,0.0,,MEDIUM,CFBD/team roster,,19.873543772165498,week1-v1.0,2026-08-30T16:15:00+00:00,0.0,0.0,0.0,0.0,0.0,21.1122629564042,125.61701904074236,1.477228375121827,1.7240839918563096,22.52466592448046,0.22066020439301526,26.725583965467646,3,7,,false,team_reconciliation_and_current_weekly_role
2026,1,CFP_F527C286,Gunner Stockton,CFF_UGA,Georgia,QB,Tennessee State,True,2026-09-05T19:00Z,401856658,51.5,56.5,0.9850918223994173,HIGH,HIGH,CFBD/team roster,,19.66666966067437,week1-v1.0,2026-08-30T16:15:00+00:00,28.17572333085082,18.834871829562676,226.78835119533292,2.519254398840776,0.6193655760192788,11.98205650917528,36.5,0.6759294747183704,0.0,0.0,0.0,26.234762915467364,5,8,rushing_yards,false,market_component_anchor_and_team_reconciliation
2026,1,CFP_D55B13DA,Demond Williams Jr.,CFF_WASH,Washington,QB,Washington State,True,2026-09-06T20:00Z,401858437,37.0,50.5,0.9013841558895759,HIGH,HIGH,CFBD/team roster,,20.103074573644616,week1-v1.0,2026-08-30T16:15:00+00:00,25.289209045750294,17.33663757637084,223.09200415239914,2.390287028948961,0.567546555887536,11.010371505698501,36.17442581093574,0.7636574929799664,0.0,0.0,0.0,26.116669264977645,6,9,,false,team_reconciliation_and_current_weekly_role
2026,1,CFP_640EC7FF,Noah Fifita,CFF_ARIZ,Arizona,QB,Northern Arizona,True,2026-09-06T01:30Z,401856773,44.0,56.5,0.9944131154640519,HIGH,HIGH,CFBD/team roster,,20.163524826547317,week1-v1.0,2026-08-30T16:15:00+00:00,30.7585192507904,19.20054384270531,241.40568508710214,2.6968650921113335,0.71505074848351,8.933632898247577,27.929864187597076,0.5500978396944161,0.0,0.0,0.0,25.822210480372114,7,10,,false,team_reconciliation_and_current_weekly_role
2026,1,CFP_B68F15C5,Marcel Reed,CFF_TAMU,Texas A&M,QB,Missouri State,True,2026-09-05T23:00Z,401856668,47.5,53.5,0.992927076426017,HIGH,HIGH,CFBD/team roster,,20.19247911055621,week1-v1.0,2026-08-30T16:15:00+00:00,26.52530037433252,16.164766495459922,227.10566551491056,2.447237261028362,0.7731393559450054,9.66266565110585,32.64998150706621,0.7137021712028521,0.0,0.0,0.0,25.6472474866886,8,11,,false,team_reconciliation_and_current_weekly_role
2026,1,CFP_99F27218,Avery Johnson,CFF_KSU,Kansas State,QB,Nicholls,True,2026-09-05T23:00Z,401856771,48.0,55.5,0.9972527305912198,HIGH,HIGH,CFBD/team roster,,19.889389554861832,week1-v1.0,2026-08-30T16:15:00+00:00,26.06421808277106,15.680624204430513,200.24519617522833,2.2979498490311476,0.6113946778015765,10.68540782713835,42.37102965438497,0.7849607512564916,0.0,0.0,0.0,25.53708003830959,9,12,,false,team_reconciliation_and_current_weekly_role
2026,1,CFP_404E8F0C,LaNorris Sellers,CFF_SC,South Carolina,QB,Kent State,True,2026-09-05T16:45Z,401856665,45.0,53.5,0.9889020532611018,HIGH,HIGH,CFBD/team roster,,19.841383278080183,week1-v1.0,2026-08-30T16:15:00+00:00,24.638477158393314,15.409272854132887,211.41805386253083,1.9359468641647668,0.6507574275460689,14.091371040402755,41.72812490652139,0.896701751856191,0.0,0.0,0.0,25.102775185403516,10,13,,true,team_reconciliation_and_current_weekly_role
2026,1,CFP_3B1E6D79,John Mateer,CFF_OU,Oklahoma,QB,UTEP,True,2026-09-05T00:00Z,401856664,46.0,50.5,0.9860569857619768,HIGH,HIGH,CFBD/team roster,,19.875641042145826,week1-v1.0,2026-08-30T16:15:00+00:00,27.201611188852915,16.87790246825051,203.53689441015678,2.040946329015498,0.6307303484111604,13.886815352934226,41.551049998546304,0.8762594249079179,0.0,0.0,0.0,25.08719229335924,11,14,,true,team_reconciliation_and_current_weekly_role
2026,1,CFP_8C19B0A0,Scotty Fox Jr.,CFF_WVU,West Virginia,QB,Coastal Carolina,True,2026-09-05T16:00Z,401856780,39.0,56.5,0.9178766133440188,HIGH,HIGH,CFBD/team roster,,18.7093539554796,week1-v1.0,2026-08-30T16:15:00+00:00,24.895423350494713,15.20438122003295,194.9411238625626,1.8323863852295004,0.7436053351039389,14.691419312924502,47.376872688300544,0.9833256135066973,0.0,0.0,0.0,25.021226110186806,12,15,,false,team_reconciliation_and_current_weekly_role
2026,1,CFP_407B8D1C,Jadan Baugh,CFF_FLA,Florida,RB,Florida Atlantic,True,2026-09-05T23:45Z,401856637,43.5,59.5,0.0,,MEDIUM,CFBD/team roster,,19.721509648398598,week1-v1.0,2026-08-30T16:15:00+00:00,0.0,0.0,0.0,0.0,0.0,22.08001744494822,116.86577264144103,1.0784902830733833,2.2682895200584223,28.42878445311536,0.2879755334432268,24.996540128613724,4,16,,false,team_reconciliation_and_current_weekly_role
2026,1,CFP_EEC673AA,Bear Bachmeier,CFF_BYU,BYU,QB,Utah Tech,True,2026-09-06T00:00Z,401856775,52.5,54.5,0.9960804734392931,HIGH,HIGH,CFBD/team roster,,19.30262551362111,week1-v1.0,2026-08-30T16:15:00+00:00,25.51751079377564,15.911571093074338,211.70826316524872,1.9097958107232897,0.6260017565833624,10.995108356019133,38.61843609853551,0.8380011304391437,0.0,0.0,0.0,24.371362405408156,13,17,,false,team_reconciliation_and_current_weekly_role
2026,1,CFP_BA3224F9,Trinidad Chambliss,CFF_MISS,Ole Miss,QB,Louisville,True,2026-09-06T23:30Z,401856661,31.0,55.5,0.9179740081174246,HIGH,HIGH,CFBD/team roster,,21.347815962095407,week1-v1.0,2026-08-30T16:15:00+00:00,32.105611311828284,20.94774700220115,290.7135671032137,1.8971343631276154,0.6298235549067305,8.538672996778548,26.5,0.5032320134409483,0.0,0.0,0.0,24.256648662377966,14,18,rushing_yards,false,market_component_anchor_and_team_reconciliation
2026,1,CFP_D8B0295B,Cutter Boley,CFF_ASU,Arizona State,QB,Morgan State,True,2026-09-06T02:00Z,401856774,47.0,52.5,0.9643078753590215,HIGH,HIGH,CFBD/team roster,,18.698370950889053,week1-v1.0,2026-08-30T16:15:00+00:00,27.189251330079635,17.18996325636696,218.34079921300503,2.3636590359163803,0.7204885056842594,8.751548185223205,30.349576688152748,0.6095570924880721,0.0,0.0,0.0,24.160079830245174,15,19,,false,team_reconciliation_and_current_weekly_role
2026,1,CFP_C1AF7912,Mason Heintschel,CFF_PITT,Pitt,QB,Miami (OH),True,2026-09-05T16:30Z,401858207,33.0,49.5,0.9684421282344077,HIGH,HIGH,CFBD/team roster,,20.81936476713157,week1-v1.0,2026-08-30T16:15:00+00:00,31.400706793331583,19.597494255549012,242.26997792039566,2.4377118900912094,0.8911256213812948,8.963909607307864,25.43888254756182,0.5085466322939337,0.0,0.0,0.0,24.145689104319153,16,20,,true,team_reconciliation_and_current_weekly_role
2026,1,CFP_C123C182,Julian Sayin,CFF_OSU,Ohio State,QB,Ball State,True,2026-09-05T16:30Z,401858432,53.5,56.5,0.9971072420856105,HIGH,HIGH,CFBD/team roster,,19.597554296121192,week1-v1.0,2026-08-30T16:15:00+00:00,27.741859820636193,20.26140564885835,271.5,2.5,0.6187056783739595,4.919312939049497,15.40624728678957,0.3888637779392963,0.0,0.0,0.0,24.115101717940775,17,21,passing_touchdowns|passing_yards,true,market_component_anchor_and_team_reconciliation
2026,1,CFP_EAD2CA41,Josh Hoover,CFF_IND,Indiana,QB,North Texas,True,2026-09-05T16:00Z,401858425,48.0,55.5,0.9812419310374626,HIGH,HIGH,CFBD/team roster,,18.171587833692133,week1-v1.0,2026-08-30T16:15:00+00:00,26.22415996753184,17.390674951161582,234.5,2.5,0.6288944733282086,6.996526701050641,23.043623716394364,0.48988584727116513,0.0,0.0,0.0,23.99478298193822,18,22,passing_touchdowns|passing_yards,true,market_component_anchor_and_team_reconciliation
2026,1,CFP_9520EEE6,Nate Sheppard,CFF_DUKE,Duke,RB,Tulane,True,2026-09-05T19:30Z,401858209,30.0,50.5,0.0,,MEDIUM,CFBD/team roster,,19.47395516157292,week1-v1.0,2026-08-30T16:15:00+00:00,0.0,0.0,0.0,0.0,0.0,18.738548570977446,85.96136581661443,0.9780198563867404,3.251636617297409,40.48094867869214,0.3400504039029061,23.804289628565943,5,23,,true,team_reconciliation_and_current_weekly_role
2026,1,CFP_B327ED03,Conner Weigman,CFF_HOU,Houston,QB,Oregon State,True,2026-09-05T16:00Z,401856778,36.0,51.5,0.9975595114125833,HIGH,HIGH,CFBD/team roster,,19.827135860789863,week1-v1.0,2026-08-30T16:15:00+00:00,28.910166950492258,18.58249741870608,225.5,1.5,0.9383442923966027,13.267913939731008,42.5,0.8561991367287584,0.0,0.0,0.0,23.468850527975945,19,24,passing_touchdowns|passing_yards|rushing_yards,true,market_component_anchor_and_team_reconciliation
2026,1,CFP_30C141B4,Malik Washington,CFF_MD,Maryland,QB,Hampton,True,2026-09-06T00:00Z,401858427,51.0,56.5,0.9992736214623105,HIGH,HIGH,CFBD/team roster,,18.555115371605925,week1-v1.0,2026-08-30T16:15:00+00:00,35.523037015099874,21.384690180754237,253.15751896575125,2.4987853800197093,0.8215498827454183,6.173929087306265,18.521671975034824,0.38226198368066494,0.0,0.0,0.0,23.44563149555094,20,25,,false,team_reconciliation_and_current_weekly_role
2026,1,CFP_EC0E2E75,Antwan Raymond,CFF_RUTG,Rutgers,RB,Massachusetts,True,2026-09-03T22:00Z,401858423,41.0,52.5,0.0,,MEDIUM,CFBD/team roster,,17.31936228366137,week1-v1.0,2026-08-30T16:15:00+00:00,0.0,0.0,0.0,0.0,0.0,22.150193057692,103.90937001727595,1.2947601481885225,1.6822887661336174,21.344852755515873,0.21709949606830956,23.27886890895379,6,26,,false,team_reconciliation_and_current_weekly_role
2026,1,CFP_89DE2ECC,Kewan Lacy,CFF_MISS,Ole Miss,RB,Louisville,True,2026-09-06T23:30Z,401856661,31.0,55.5,0.0,,MEDIUM,CFBD/team roster,,22.29565572834046,week1-v1.0,2026-08-30T16:15:00+00:00,0.0,0.0,0.0,0.0,0.0,20.29725559362244,106.455926050008,1.1750472517386357,2.427267299751497,17.5,0.21982565487212896,23.192097344416883,7,27,receiving_yards,false,market_component_anchor_and_team_reconciliation
2026,1,CFP_C3B9EA9E,Darius Taylor,CFF_MINN,Minnesota,RB,Eastern Illinois,True,2026-09-04T00:00Z,401858422,47.5,51.5,0.0,,MEDIUM,CFBD/team roster,,17.458139031842645,week1-v1.0,2026-08-30T16:15:00+00:00,0.0,0.0,0.0,0.0,0.0,19.260320248108776,84.32593949675226,1.0407539230701384,2.901682249636723,32.66716712007146,0.37209108329347373,23.07806294950077,8,28,,false,team_reconciliation_and_current_weekly_role
2026,1,CFP_B23F38FD,Bo Jackson,CFF_OSU,Ohio State,RB,Ball State,True,2026-09-05T16:30Z,401858432,53.5,56.5,0.0,,MEDIUM,CFBD/team roster,,17.35330393032027,week1-v1.0,2026-08-30T16:15:00+00:00,0.0,0.0,0.0,0.0,0.0,18.875397947170008,105.89743569318698,1.1455751811363355,1.9863641210755558,21.574461407412997,0.2192251572350625,22.922355861363947,9,29,,true,team_reconciliation_and_current_weekly_role
2026,1,CFP_9F3E3356,DeJuan Williams,CFF_MD,Maryland,RB,Hampton,True,2026-09-06T00:00Z,401858427,51.0,56.5,0.0,,MEDIUM,CFBD/team roster,,17.22895253050858,week1-v1.0,2026-08-30T16:15:00+00:00,0.0,0.0,0.0,0.0,0.0,14.443537460205626,68.54322517658917,0.6595702567064186,4.167862113877496,49.340234682949436,0.487011634401327,22.835699446477832,10,30,,false,team_reconciliation_and_current_weekly_role
2026,1,CFP_09443554,Rocco Becht,CFF_PSU,Penn State,QB,Marshall,True,2026-09-05T19:30Z,401858434,39.5,54.5,0.9760205449242877,HIGH,HIGH,CFBD/team roster,,17.304164373973247,week1-v1.0,2026-08-30T16:15:00+00:00,24.573674090737494,15.595944271185152,202.24102755283323,2.092462862542109,0.5957592428772226,7.678769278242564,26.69587807152647,0.6193790794965773,0.0,0.0,0.0,22.249595593536654,21,31,,true,team_reconciliation_and_current_weekly_role
2026,1,CFP_FF7CC77C,KJ Duff,CFF_RUTG,Rutgers,WR,Massachusetts,True,2026-09-03T22:00Z,401858423,41.0,52.5,0.0,,MODELLED_ON_TEAM_RATES,CFBD/team roster,,11.593216254522302,week1-v1.0,2026-08-30T16:15:00+00:00,0.0,0.0,0.0,0.0,0.0,0.0,0.0,0.0,7.24640546754084,91.94227580019358,0.9351491889976798,22.051528181546278,1,32,,false,team_reconciliation_and_current_weekly_role
2026,1,CFP_041CB720,Fluff Bothwell,CFF_MSST,Mississippi State,RB,UL Monroe,True,2026-09-05T23:30Z,401856662,42.5,56.5,0.0,,MEDIUM,CFBD/team roster,,16.49331098191772,week1-v1.0,2026-08-30T16:15:00+00:00,0.0,0.0,0.0,0.0,0.0,21.809185153483533,101.80130321085366,1.2312198024417411,1.4403556484154767,18.78866529435138,0.189745930170695,22.025146894610597,11,33,,false,team_reconciliation_and_current_weekly_role
2026,1,CFP_3C678840,Katin Houser,CFF_ILL,Illinois,QB,UAB,True,2026-09-04T01:00Z,401858424,42.0,55.5,0.9932236816402044,HIGH,HIGH,CFBD/team roster,,17.310253435763737,week1-v1.0,2026-08-30T16:15:00+00:00,25.138726517299535,16.264059295435633,212.92077765933132,2.167571852547797,0.4948234740563486,7.330814322983679,21.568252446137507,0.5134192806607044,0.0,0.0,0.0,21.929635971086064,22,34,,true,team_reconciliation_and_current_weekly_role
2026,1,CFP_F1277244,Keelon Russell,CFF_ALA,Alabama,QB,East Carolina,True,2026-09-05T16:00Z,401856634,41.0,53.5,0.4219476506839064,MEDIUM,HIGH,CFBD/team roster,,8.972598134275543,week1-v1.0,2026-08-30T16:15:00+00:00,28.568563900111663,18.322768776286765,240.5,2.5,0.6531627814987057,3.824780204458796,11.090414779981566,0.2916359357485587,0.0,0.0,0.0,21.825694310990805,23,35,passing_touchdowns|passing_yards,true,market_component_anchor_and_team_reconciliation
2026,1,CFP_3F77C60D,Darian Mensah,CFF_MIA,Miami,QB,Stanford,False,2026-09-05T01:00Z,401858206,36.0,47.5,0.9281588449182734,HIGH,HIGH,CFBD/team roster,,18.338976936019908,week1-v1.0,2026-08-30T16:15:00+00:00,27.250830449660093,18.212342572630067,227.66467100468643,2.4772339131185563,0.5486203203114852,4.60022450522286,14.300670934677182,0.30936375020868007,0.0,0.0,0.0,21.753151767069994,24,36,,false,team_reconciliation_and_current_weekly_role
2026,1,CFP_95B8BC7E,Drew Mestemaker,CFF_OKST,Oklahoma State,QB,Tulsa,False,2026-09-05T19:45Z,401856772,37.25,60.5,0.8732049627460818,HIGH,HIGH,CFBD/team roster,,15.2612515748552,week1-v1.0,2026-08-30T16:15:00+00:00,30.516764394787618,19.468284371495503,260.504888356282,2.3571738651110787,0.7830892243224814,3.979879845044558,11.308210793995167,0.25303328358244015,0.0,0.0,0.0,21.71482255126727,25,37,,true,team_reconciliation_and_current_weekly_role
2026,1,CFP_69B70CE9,Ahmad Hardy,CFF_MIZ,Missouri,RB,Arkansas-Pine Bluff,True,2026-09-04T00:00Z,401856663,57.5,60.5,0.0,,MEDIUM,CFBD/team roster,,16.264647255723826,week1-v1.0,2026-08-30T16:15:00+00:00,0.0,0.0,0.0,0.0,0.0,20.360967320346347,126.3020028295212,1.2484521427715527,0.5532922146957205,5.432942977623047,0.08053936923298347,21.700735867437363,12,38,,false,team_reconciliation_and_current_weekly_role
2026,1,CFP_3C154D65,DJ Lagway,CFF_BAY,Baylor,QB,Auburn,False,2026-09-05T19:30Z,401856636,25.75,58.5,0.9966797717205045,HIGH,HIGH,CFBD/team roster,,21.519902145772033,week1-v1.0,2026-08-30T16:15:00+00:00,40.86709268909943,24.99988160970407,299.5838280275103,2.0116205012236508,0.9851929037871391,4.219871176680858,11.5,0.23876084369812678,0.0,0.0,0.0,21.627207284396633,26,39,rushing_yards,true,market_component_anchor_and_team_reconciliation
2026,1,CFP_5E51349C,Marcellous Hawkins,CFF_VT,Virginia Tech,RB,VMI,True,2026-09-05T23:30Z,401858211,54.5,57.5,0.0,,MEDIUM,CFBD/team roster,,16.649766563494385,week1-v1.0,2026-08-30T16:15:00+00:00,0.0,0.0,0.0,0.0,0.0,19.272812912356045,114.55393637904493,0.9665668210672331,1.4618246015820935,18.10750206169499,0.18049048848620508,21.610312302976716,13,40,,false,team_reconciliation_and_current_weekly_role
2026,1,CFP_4D654290,Ryan Browne,CFF_PUR,Purdue,QB,Indiana State,True,2026-09-04T23:00Z,401858435,46.0,56.5,0.9929434378996158,HIGH,HIGH,CFBD/team roster,,16.835254204944977,week1-v1.0,2026-08-30T16:15:00+00:00,28.2460327450192,16.75544041120525,201.41165116682637,1.9664242444421272,0.7850205848430232,9.594908815106518,30.33958624218848,0.5607277670098136,0.0,0.0,0.0,21.535467665876272,27,41,,false,team_reconciliation_and_current_weekly_role
2026,1,CFP_42AEDD0B,JC French IV,CFF_CIN,Cincinnati,QB,Boston College,True,2026-09-05T19:30Z,401856777,29.5,51.5,0.9728530747768115,HIGH,HIGH,CFBD/team roster,,18.777976169703493,week1-v1.0,2026-08-30T16:15:00+00:00,27.596396704321766,17.503918790824766,214.02689804140724,1.8745023276496253,0.5878155960160801,8.030470788637173,29.171800307268157,0.5151736328485759,0.0,0.0,0.0,21.479491464056984,28,42,,true,team_reconciliation_and_current_weekly_role
2026,1,CFP_F6FF3793,Gio Lopez,CFF_WAKE,Wake Forest,QB,Akron,True,2026-09-03T23:00Z,401858204,36.5,48.5,0.9500814230942307,HIGH,HIGH,CFBD/team roster,,17.756441936020142,week1-v1.0,2026-08-30T16:15:00+00:00,29.795843647008258,18.728045667591317,230.5,1.5,0.7371942912990621,9.086868649284314,28.882833346242577,0.6576893107306848,0.0,0.0,0.0,21.317224907709303,29,43,passing_touchdowns|passing_yards,true,market_component_anchor_and_team_reconciliation
2026,1,CFP_25DDC339,Dylan Lonergan,CFF_RUTG,Rutgers,QB,Massachusetts,True,2026-09-03T22:00Z,401858423,41.0,52.5,0.981190443427691,HIGH,HIGH,CFBD/team roster,,16.775627802264243,week1-v1.0,2026-08-30T16:15:00+00:00,26.993440091439375,16.994999941755275,215.6322853956186,2.1932060638529944,0.563451639862593,6.353164370427601,17.69195821473114,0.4368006267840903,0.0,0.0,0.0,21.22466361355179,30,44,,false,team_reconciliation_and_current_weekly_role
2026,1,CFP_F586C4FB,Ethan Grunkemeyer,CFF_VT,Virginia Tech,QB,VMI,True,2026-09-05T23:30Z,401858211,54.5,57.5,0.9599300832471873,HIGH,HIGH,CFBD/team roster,,16.064476843637646,week1-v1.0,2026-08-30T16:15:00+00:00,25.018783420024747,15.86131854557717,196.4728586140917,1.9583862039455193,0.6220975484894249,7.808491105709566,25.976824932830983,0.5648662084966006,0.0,0.0,0.0,21.05724135611902,31,45,,false,team_reconciliation_and_current_weekly_role
2026,1,CFP_38AD34F2,Ty Clark III,CFF_WAKE,Wake Forest,RB,Akron,True,2026-09-03T23:00Z,401858204,36.5,48.5,0.0,,MEDIUM,CFBD/team roster,,14.589903359617587,week1-v1.0,2026-08-30T16:15:00+00:00,0.0,0.0,0.0,0.0,0.0,16.93843369634342,88.5,0.8565598980806068,2.4384953400253218,33.0547957888317,0.19530831326237466,20.90518418696638,14,46,rushing_yards,true,market_component_anchor_and_team_reconciliation
2026,1,CFP_C54F334C,Malachi Toney,CFF_MIA,Miami,WR,Stanford,False,2026-09-05T01:00Z,401858206,36.0,47.5,0.0,,MODELLED_ON_TEAM_RATES,CFBD/team roster,,15.021612177730423,week1-v1.0,2026-08-30T16:15:00+00:00,0.0,0.0,0.0,0.0,0.0,1.7767745830738793,9.304707626521191,0.09782374384606982,6.5,74.5,0.8803205663987587,20.749336624121092,2,47,receiving_yards|receptions,true,market_component_anchor_and_team_reconciliation
2026,1,CFP_684CCAB0,Nico Iamaleava,CFF_UCLA,UCLA,QB,California,False,2026-09-06T02:30Z,401858210,27.5,53.5,0.998737845274367,HIGH,HIGH,CFBD/team roster,,16.912398201673174,week1-v1.0,2026-08-30T16:15:00+00:00,29.284075915919463,18.68305690689236,206.5,1.5,0.6838488350550159,13.429349250789654,40.5,0.4614541021588435,0.0,0.0,0.0,20.394875777898044,32,48,passing_touchdowns|passing_yards|rushing_yards,true,market_component_anchor_and_team_reconciliation
2026,1,CFP_29C456F5,Kamari Moulton,CFF_IOWA,Iowa,RB,Northern Illinois,True,2026-09-05T20:15Z,401858426,38.5,45.5,0.0,,MEDIUM,CFBD/team roster,,16.236543090021293,week1-v1.0,2026-08-30T16:15:00+00:00,0.0,0.0,0.0,0.0,0.0,17.039473909974774,99.91138067729892,1.0997067815402892,1.2682529079892613,15.291239919729163,0.16449148776128092,20.37370458350149,15,49,,true,team_reconciliation_and_current_weekly_role
2026,1,CFP_E5B93C08,Sam Leavitt,CFF_LSU,LSU,QB,Clemson,True,2026-09-05T23:30Z,401856660,31.0,51.5,0.9024288035426663,HIGH,HIGH,CFBD/team roster,,15.988592831024619,week1-v1.0,2026-08-30T16:15:00+00:00,34.7247225296168,21.875162669569953,264.5,1.5,0.691901123953776,8.981195364700765,25.5,0.29885792007285267,0.0,0.0,0.0,20.23124639648334,33,50,passing_touchdowns|passing_yards|rushing_yards,true,market_component_anchor_and_team_reconciliation
2026,1,CFP_271A5559,Rueben Owens II,CFF_TAMU,Texas A&M,RB,Missouri State,True,2026-09-05T23:00Z,401856668,47.5,53.5,0.0,,MEDIUM,CFBD/team roster,,15.456343794372822,week1-v1.0,2026-08-30T16:15:00+00:00,0.0,0.0,0.0,0.0,0.0,17.343659518125587,99.81223142124051,1.028015166027042,1.2249502148978801,17.20984549050862,0.18544924912121344,20.207944396962326,16,51,,false,team_reconciliation_and_current_weekly_role
2026,1,CFP_838C6621,Walker Eget,CFF_DUKE,Duke,QB,Tulane,True,2026-09-05T19:30Z,401858209,30.0,50.5,0.9679184782956372,HIGH,HIGH,CFBD/team roster,,17.873513491952533,week1-v1.0,2026-08-30T16:15:00+00:00,32.708499926341375,20.237141474542693,251.94041704306017,2.116364447260457,0.7432167012629277,3.6447340336573024,9.53681741836468,0.2224395170701442,0.0,0.0,0.0,20.08817661375864,34,52,,true,team_reconciliation_and_current_weekly_role
2026,1,CFP_7C41CE7D,CJ Carr,CFF_ND,Notre Dame,QB,Wisconsin,True,2026-09-06T23:30Z,401858438,34.0,47.5,0.9972258048378372,HIGH,HIGH,CFBD/team roster,,18.62092703762899,week1-v1.0,2026-08-30T16:15:00+00:00,23.131584264862678,15.416188667805391,199.6756091566769,1.9527119726015485,0.48928487415391236,5.752422216473912,20.32828732382926,0.4445652687781157,0.0,0.0,0.0,20.00880772757098,35,53,,false,team_reconciliation_and_current_weekly_role
2026,1,CFP_3C2307D3,Alessio Milivojevic,CFF_MSU,Michigan State,QB,Toledo,True,2026-09-05T00:00Z,401858429,29.75,49.5,0.9064766412676067,HIGH,HIGH,CFBD/team roster,,16.192566233693686,week1-v1.0,2026-08-30T16:15:00+00:00,28.149518535693645,17.680430325018037,215.49561071993946,1.8836766841414696,0.6862615617820896,6.99422072847136,20.013569865121163,0.42303247954111617,0.0,0.0,0.0,20.007821467340182,36,54,,true,team_reconciliation_and_current_weekly_role
2026,1,CFP_62BD9694,Bryce Underwood,CFF_MICH,Michigan,QB,Western Michigan,True,2026-09-05T23:30Z,401858428,38.0,48.5,0.9928092219474346,HIGH,HIGH,CFBD/team roster,,14.80105132571888,week1-v1.0,2026-08-30T16:15:00+00:00,28.227369571406722,17.134436353286937,206.5,1.5,0.8403920851520902,9.04282860389367,31.5,0.5539707206832372,0.0,0.0,0.0,19.893432238947334,37,55,passing_touchdowns|passing_yards|rushing_yards,false,market_component_anchor_and_team_reconciliation
2026,1,CFP_E58E9553,Cameron Dickey,CFF_TTU,Texas Tech,RB,Abilene Christian,True,2026-09-05T23:00Z,401856770,51.0,59.5,0.0,,MEDIUM,CFBD/team roster,,15.15762438844346,week1-v1.0,2026-08-30T16:15:00+00:00,0.0,0.0,0.0,0.0,0.0,14.94029071201158,91.36722288383102,1.0365232543118057,1.4443205158569659,18.476999656790024,0.20434839425031723,19.87397266129181,17,56,,false,team_reconciliation_and_current_weekly_role
2026,1,CFP_222F9F27,Jeremiah Smith,CFF_OSU,Ohio State,WR,Ball State,True,2026-09-05T16:30Z,401858432,53.5,56.5,0.0,,MODELLED_ON_TEAM_RATES,CFBD/team roster,,13.513043924211225,week1-v1.0,2026-08-30T16:15:00+00:00,0.0,0.0,0.0,0.0,0.0,0.42008141700428625,2.2162507513483396,0.02718617203621885,5.5,85.70306451395182,0.8708568635294934,19.680189739924288,3,57,receptions,true,market_component_anchor_and_team_reconciliation
2026,1,CFP_82635B39,Anthony Evans III,CFF_MSST,Mississippi State,WR,UL Monroe,True,2026-09-05T23:30Z,401856662,42.5,56.5,0.0,,MODELLED_ON_TEAM_RATES,CFBD/team roster,,11.34224111711105,week1-v1.0,2026-08-30T16:15:00+00:00,0.0,0.0,0.0,0.0,0.0,0.9537463256530697,4.528563744239094,0.05479763698092811,6.038118940962287,78.76401631362869,0.7954344443988993,19.46876943502803,4,58,,false,team_reconciliation_and_current_weekly_role
2026,1,CFP_26E2A8C0,Jordan Marshall,CFF_MICH,Michigan,RB,Western Michigan,True,2026-09-05T23:30Z,401858428,38.0,48.5,0.0,,MEDIUM,CFBD/team roster,,15.275921295975797,week1-v1.0,2026-08-30T16:15:00+00:00,0.0,0.0,0.0,0.0,0.0,16.377009381607348,102.11023514617999,1.097538881661595,1.0526546466423394,10.137622192030692,0.09215254808545886,19.41558895894573,18,59,,false,team_reconciliation_and_current_weekly_role
2026,1,CFP_93D6EE43,Austin Simmons,CFF_MIZ,Missouri,QB,Arkansas-Pine Bluff,True,2026-09-04T00:00Z,401856663,57.5,60.5,0.1460981441174115,LOW,HIGH,CFBD/team roster,,3.449545002640202,week1-v1.0,2026-08-30T16:15:00+00:00,27.19343114971449,17.1745886504016,209.5,2.5,0.6499001093252961,2.1713740269866832,7.186654774368736,0.14887120634166628,0.0,0.0,0.0,19.34199260616158,38,60,passing_touchdowns|passing_yards,false,market_component_anchor_and_team_reconciliation
2026,1,CFP_AFC86FFA,Jamal Roberts,CFF_MIZ,Missouri,RB,Arkansas-Pine Bluff,True,2026-09-04T00:00Z,401856663,57.5,60.5,0.0,,MEDIUM,CFBD/team roster,,10.280370002404398,week1-v1.0,2026-08-30T16:15:00+00:00,0.0,0.0,0.0,0.0,0.0,19.20315213588089,112.5,0.5614809108833542,1.6445989656097868,16.148812804332646,0.23939422933010543,19.31473108732381,19,61,rushing_yards,false,market_component_anchor_and_team_reconciliation
2026,1,CFP_58972A65,Jayden Maiava,CFF_USC,USC,QB,Fresno State,True,2026-09-05T01:00Z,401858436,37.5,51.5,0.9814185811293383,HIGH,HIGH,CFBD/team roster,,19.596050113022038,week1-v1.0,2026-08-30T16:15:00+00:00,29.508314407953012,19.220350739965532,257.5,1.5,0.7374789422733253,4.625533650586323,15.850757737038796,0.3603221266281677,0.0,0.0,0.0,19.30952959119956,39,62,passing_touchdowns|passing_yards,true,market_component_anchor_and_team_reconciliation
2026,1,CFP_05052721,Jordon Davison,CFF_ORE,Oregon,RB,Boise State,True,2026-09-05T19:30Z,401858433,38.0,51.5,0.0,,MEDIUM,CFBD/team roster,,15.024276654218555,week1-v1.0,2026-08-30T16:15:00+00:00,0.0,0.0,0.0,0.0,0.0,14.013165248611452,82.36711867843975,1.0229623473775817,1.6055371195247388,20.30645265284992,0.19074136164553596,19.15511650679241,20,63,,true,team_reconciliation_and_current_weekly_role
2026,1,CFP_568E805E,Kevin Jennings,CFF_SMU,SMU,QB,Florida State,False,2026-09-07T23:30Z,401858212,28.25,53.5,0.9637043713296531,HIGH,HIGH,CFBD/team roster,,19.211952852168885,week1-v1.0,2026-08-30T16:15:00+00:00,33.19421789279567,21.619352051787732,264.5,1.5,0.8778955221357069,5.207129802349245,15.242359212683642,0.31325466481722986,0.0,0.0,0.0,19.105868388036036,40,64,passing_touchdowns|passing_yards,false,market_component_anchor_and_team_reconciliation
2026,1,CFP_70085BDB,Jaron-Keawe Sagapolutele,CFF_CAL,California,QB,UCLA,True,2026-09-06T02:30Z,401858210,26.0,53.5,0.9014311216857817,HIGH,HIGH,CFBD/team roster,,16.204541424740302,week1-v1.0,2026-08-30T16:15:00+00:00,35.367278178493905,22.629000781579553,257.6085033784455,1.6131161609241376,0.7424384714865103,4.94486953601984,12.394217497302344,0.3032272530909619,0.0,0.0,0.0,19.073151575623864,41,65,,true,team_reconciliation_and_current_weekly_role
2026,1,CFP_9421C5BD,Chase Jenkins,CFF_KU,Kansas,QB,Long Island University,True,2026-09-05T00:00Z,401856769,46.0,53.5,0.7980468582436566,MEDIUM,HIGH,CFBD/team roster,,15.542940977551993,week1-v1.0,2026-08-30T16:15:00+00:00,18.240249323590323,11.850376162574687,138.2708868652387,1.5983396590553562,0.4251659661161184,9.112230872740033,32.919146228925264,0.6789377822418654,0.0,0.0,0.0,18.864569461058576,42,66,,false,team_reconciliation_and_current_weekly_role
2026,1,CFP_C71A1B26,Amare Thomas,CFF_HOU,Houston,WR,Oregon State,True,2026-09-05T16:00Z,401856778,36.0,51.5,0.0,,MODELLED_ON_TEAM_RATES,CFBD/team roster,,12.123905129259299,week1-v1.0,2026-08-30T16:15:00+00:00,0.0,0.0,0.0,0.0,0.0,0.42204208492284717,2.2773776591646966,0.020266437671674943,7.489770333838785,70.5,0.6045826482638876,18.516602615368633,5,67,receiving_yards,true,market_component_anchor_and_team_reconciliation
2026,1,CFP_CC7A0AA3,Ashton Daniels,CFF_FSU,Florida State,QB,SMU,True,2026-09-07T23:30Z,401858212,25.25,53.5,0.7804582140182263,MEDIUM,HIGH,CFBD/team roster,,13.751338772353398,week1-v1.0,2026-08-30T16:15:00+00:00,29.932853938065698,17.49253472926764,217.5,1.5,0.7396085810026829,7.134832645228022,20.24374147699285,0.42174046772199897,0.0,0.0,0.0,18.5152083730286,43,68,passing_touchdowns|passing_yards,false,market_component_anchor_and_team_reconciliation
2026,1,CFP_EFA73E96,Alberto Mendoza,CFF_GT,Georgia Tech,QB,Colorado,True,2026-09-04T00:00Z,401856776,28.5,50.5,0.5356282861978364,MEDIUM,HIGH,CFBD/team roster,,12.418988952224302,week1-v1.0,2026-08-30T16:15:00+00:00,26.320896995166418,17.170304467444435,204.5,1.5,0.5712421557420679,6.991589454003711,22.941295144840563,0.4295992762884647,0.0,0.0,0.0,18.48048301647278,44,69,passing_touchdowns|passing_yards,true,market_component_anchor_and_team_reconciliation
2026,1,CFP_4277BA28,Julian Lewis,CFF_COLO,Colorado,QB,Georgia Tech,False,2026-09-04T00:00Z,401856776,22.0,50.5,0.9800609891679868,HIGH,HIGH,CFBD/team roster,,19.447741972436535,week1-v1.0,2026-08-30T16:15:00+00:00,30.21890988981408,19.182698857371758,218.5,1.5,0.7766005417531772,8.334985397788303,20.439356726657543,0.39456093670861364,0.0,0.0,0.0,18.37470075116426,45,70,passing_touchdowns|passing_yards,true,market_component_anchor_and_team_reconciliation
2026,1,CFP_CC032816,Braylen Russell,CFF_ARK,Arkansas,RB,North Alabama,True,2026-09-05T20:15Z,401856635,52.0,63.5,0.0,,MEDIUM,CFBD/team roster,,13.38116928669992,week1-v1.0,2026-08-30T16:15:00+00:00,0.0,0.0,0.0,0.0,0.0,15.312063728687933,97.51363197293392,1.0020536110004095,0.8029614209044783,10.92583899846581,0.09976982914616991,18.25784915892393,21,71,,false,team_reconciliation_and_current_weekly_role
2026,1,CFP_D608BD38,Drake Lindsey,CFF_MINN,Minnesota,QB,Eastern Illinois,True,2026-09-04T00:00Z,401858422,47.5,51.5,0.9852084231153247,HIGH,HIGH,CFBD/team roster,,14.309195304692736,week1-v1.0,2026-08-30T16:15:00+00:00,26.640167159036398,16.982440194372565,191.1884776514183,2.17770728331189,0.5351274914851589,3.358579442999342,8.909897644922923,0.23885810902019775,0.0,0.0,0.0,18.14737916643261,46,72,,false,team_reconciliation_and_current_weekly_role
2026,1,CFP_80D0B20C,Sedrick Alexander,CFF_VAN,Vanderbilt,RB,Austin Peay,True,2026-09-05T23:00Z,401856669,46.0,61.5,0.0,,MEDIUM,CFBD/team roster,,13.315137683835877,week1-v1.0,2026-08-30T16:15:00+00:00,0.0,0.0,0.0,0.0,0.0,12.624368366965037,79.10723778893936,0.8678474766242976,1.4924310346361014,19.812193518301626,0.21688852484533555,17.892790174178,22,73,,false,team_reconciliation_and_current_weekly_role
2026,1,CFP_34CECA97,Antonio Harris,CFF_PUR,Purdue,RB,Indiana State,True,2026-09-04T23:00Z,401858435,46.0,56.5,0.0,,MEDIUM,CFBD/team roster,,12.872903063671616,week1-v1.0,2026-08-30T16:15:00+00:00,0.0,0.0,0.0,0.0,0.0,14.499251080984463,75.67548586575182,0.6571678867779384,2.182874609644529,26.239619408907014,0.2561829143035567,17.854489943599383,23,74,,false,team_reconciliation_and_current_weekly_role
2026,1,CFP_1F067071,Mario Craver,CFF_TAMU,Texas A&M,WR,Missouri State,True,2026-09-05T23:00Z,401856668,47.5,53.5,0.0,,MODELLED_ON_TEAM_RATES,CFBD/team roster,,10.88303260889775,week1-v1.0,2026-08-30T16:15:00+00:00,0.0,0.0,0.0,0.0,0.0,2.091596125655866,11.905751894650237,0.12647929746048364,4.664811399911072,65.53791530337867,0.7062211679171827,17.40538091197996,6,75,,false,team_reconciliation_and_current_weekly_role
2026,1,CFP_3BB2368C,Duane Thomas Jr.,CFF_UCF,UCF,WR,Bethune-Cookman,True,2026-09-03T23:00Z,401856767,50.5,58.5,0.0,,MODELLED_ON_TEAM_RATES,CFBD/team roster,,11.249295089208383,week1-v1.0,2026-08-30T16:15:00+00:00,0.0,0.0,0.0,0.0,0.0,2.159838378503668,12.967464303937644,0.12873164801952142,4.9258315591506925,64.96959835012898,0.6434257139517037,17.352481996384704,7,76,,false,team_reconciliation_and_current_weekly_role
2026,1,CFP_92926593,J'Koby Williams,CFF_TTU,Texas Tech,RB,Abilene Christian,True,2026-09-05T23:00Z,401856770,51.0,59.5,0.0,,MEDIUM,CFBD/team roster,,13.293819795551812,week1-v1.0,2026-08-30T16:15:00+00:00,0.0,0.0,0.0,0.0,0.0,10.932777438672005,67.48401290276617,0.6605304838906235,2.089414853965157,26.729605455129743,0.2956189887514029,17.247673525606906,24,77,,false,team_reconciliation_and_current_weekly_role
2026,1,CFP_0FBCFF14,Wayshawn Parker,CFF_UTAH,Utah,RB,Idaho,True,2026-09-04T01:00Z,401856768,45.0,56.5,0.0,,MEDIUM,CFBD/team roster,,17.02506572713312,week1-v1.0,2026-08-30T16:15:00+00:00,0.0,0.0,0.0,0.0,0.0,10.761055867847922,74.5,0.9499432491471099,1.4714227648567402,11.112305082166165,0.23764618463703172,17.158189875778206,25,78,rushing_yards,false,market_component_anchor_and_team_reconciliation
2026,1,CFP_FD9833A4,Jason Patterson,CFF_UK,Kentucky,RB,Youngstown State,True,2026-09-05T17:00Z,401856659,43.0,62.5,0.0,,MEDIUM,CFBD/team roster,,12.224553430791213,week1-v1.0,2026-08-30T16:15:00+00:00,0.0,0.0,0.0,0.0,0.0,13.747050092528823,69.83461599567309,0.6525731258779017,2.055332193912904,26.125668598383996,0.25487363545559,17.09604122131956,26,79,,false,team_reconciliation_and_current_weekly_role
2026,1,CFP_B8F3F07E,Mark Fletcher Jr.,CFF_MIA,Miami,RB,Stanford,False,2026-09-05T01:00Z,401858206,36.0,47.5,0.0,,MEDIUM,CFBD/team roster,,14.305858432552675,week1-v1.0,2026-08-30T16:15:00+00:00,0.0,0.0,0.0,0.0,0.0,15.23973002859843,82.5,0.8645880990833713,1.1459826901227625,15.335888529869251,0.1504908822446552,17.020045431077847,27,80,rushing_yards,true,market_component_anchor_and_team_reconciliation
2026,1,CFP_5E170699,Isaiah Sategna III,CFF_OU,Oklahoma,WR,UTEP,True,2026-09-05T00:00Z,401856664,46.0,50.5,0.0,,MODELLED_ON_TEAM_RATES,CFBD/team roster,,10.46619386724225,week1-v1.0,2026-08-30T16:15:00+00:00,0.0,0.0,0.0,0.0,0.0,0.7708329915402918,3.885372375569528,0.03982097466125231,5.575462539612018,67.23657352254064,0.6742081739238828,16.971832020933846,8,81,,true,team_reconciliation_and_current_weekly_role
2026,1,CFP_2C7800D0,Lincoln Kienholz,CFF_LOU,Louisville,QB,Ole Miss,False,2026-09-06T23:30Z,401856661,24.5,55.5,0.6796862768451487,MEDIUM,HIGH,CFBD/team roster,,13.567171834274363,week1-v1.0,2026-08-30T16:15:00+00:00,29.007359911694106,18.46854975198585,213.5,1.5,0.6336074630713389,4.4979181245318,14.21228476581302,0.2681017050249771,0.0,0.0,0.0,16.936231243659826,47,82,passing_touchdowns|passing_yards,false,market_component_anchor_and_team_reconciliation
2026,1,CFP_2C9C3C8A,Jeremiah Cobb,CFF_AUB,Auburn,RB,Baylor,True,2026-09-05T19:30Z,401856636,32.75,58.5,0.0,,MEDIUM,CFBD/team roster,,16.286897893896857,week1-v1.0,2026-08-30T16:15:00+00:00,0.0,0.0,0.0,0.0,0.0,12.369591286440201,72.5,0.8267730991845801,1.6314683551594982,17.92287572578487,0.2126646808176803,16.910382607751547,28,83,rushing_yards,true,market_component_anchor_and_team_reconciliation
2026,1,CFP_3223AB72,King Miller,CFF_USC,USC,RB,Fresno State,True,2026-09-05T01:00Z,401858436,37.5,51.5,0.0,,MEDIUM,CFBD/team roster,,15.696756057179718,week1-v1.0,2026-08-30T16:15:00+00:00,0.0,0.0,0.0,0.0,0.0,12.086667932356828,74.5,0.9445390231385965,1.9428080137890718,9.274114146087376,0.15162116759003713,16.897180572769614,29,84,rushing_yards,true,market_component_anchor_and_team_reconciliation
2026,1,CFP_FC982E27,Deuce Alexander,CFF_MISS,Ole Miss,WR,Louisville,True,2026-09-06T23:30Z,401856661,31.0,55.5,0.0,,MODELLED_ON_TEAM_RATES,CFBD/team roster,,10.809195603919434,week1-v1.0,2026-08-30T16:15:00+00:00,0.0,0.0,0.0,0.0,0.0,2.2753334323591843,11.895797213362243,0.11023843715224152,4.9794979397369845,73.4574058747895,0.45096862453062614,16.882060618649366,9,85,,false,team_reconciliation_and_current_weekly_role
2026,1,CFP_B742B28A,Jared Curtis,CFF_VAN,Vanderbilt,QB,Austin Peay,True,2026-09-05T23:00Z,401856669,46.0,61.5,0.6358510374410096,MEDIUM,HIGH,CFBD/team roster,,13.661661446932087,week1-v1.0,2026-08-30T16:15:00+00:00,15.84574734146209,10.187015194543683,134.47086009520336,1.4780854620352541,0.3385125368598918,7.5153353897621695,27.61571719417741,0.5189073430949593,0.0,0.0,0.0,16.827679493076758,48,86,,false,team_reconciliation_and_current_weekly_role
2026,1,CFP_45541319,Cam Pickett,CFF_KU,Kansas,WR,Long Island University,True,2026-09-05T00:00Z,401856769,46.0,53.5,0.0,,MODELLED_ON_TEAM_RATES,CFBD/team roster,,9.06457834627924,week1-v1.0,2026-08-30T16:15:00+00:00,0.0,0.0,0.0,0.0,0.0,0.4895675975956031,2.979404890328751,0.029863415643721802,5.353218446320545,63.560364166948936,0.7298379869479182,16.565403767598156,10,87,,false,team_reconciliation_and_current_weekly_role
2026,1,CFP_DFF5C2B1,Junior Sherrill,CFF_VAN,Vanderbilt,WR,Austin Peay,True,2026-09-05T23:00Z,401856669,46.0,61.5,0.0,,MODELLED_ON_TEAM_RATES,CFBD/team roster,,10.086283309198656,week1-v1.0,2026-08-30T16:15:00+00:00,0.0,0.0,0.0,0.0,0.0,0.8950160582321784,5.54028108531733,0.0505933954928498,4.893013370373017,64.95531487329637,0.7110803965608155,16.512615718556383,11,88,,false,team_reconciliation_and_current_weekly_role
2026,1,CFP_7E01EAAE,Turbo Richard,CFF_IND,Indiana,RB,North Texas,True,2026-09-05T16:00Z,401858425,48.0,55.5,0.0,,MEDIUM,CFBD/team roster,,13.680018357060199,week1-v1.0,2026-08-30T16:15:00+00:00,0.0,0.0,0.0,0.0,0.0,13.916672925285335,77.5,1.1060252626935394,0.8080590969374407,4.758531621549986,0.1342790945700525,16.47573840267399,30,89,rushing_yards,true,market_component_anchor_and_team_reconciliation
2026,1,CFP_79F580C9,Carlos Hernandez,CFF_WAKE,Wake Forest,WR,Akron,True,2026-09-03T23:00Z,401858204,36.5,48.5,0.0,,MODELLED_ON_TEAM_RATES,CFBD/team roster,,9.825517795157916,week1-v1.0,2026-08-30T16:15:00+00:00,0.0,0.0,0.0,0.0,0.0,0.46671020063481206,2.4989976578632644,0.027655109120145644,6.4082381459904685,63.5,0.5132600266785864,16.25362872656919,12,90,receiving_yards,true,market_component_anchor_and_team_reconciliation
2026,1,CFP_82143892,Nate Frazier,CFF_UGA,Georgia,RB,Tennessee State,True,2026-09-05T19:00Z,401856658,51.5,56.5,0.0,,MEDIUM,CFBD/team roster,,13.602780903045383,week1-v1.0,2026-08-30T16:15:00+00:00,0.0,0.0,0.0,0.0,0.0,13.614162765399962,71.5,0.8864371498279103,1.5669659379276843,9.542635153434338,0.20958920600468134,16.247387588266665,31,91,rushing_yards,false,market_component_anchor_and_team_reconciliation
2026,1,CFP_5A3BD7C3,Jamal Rule,CFF_NEB,Nebraska,RB,Ohio,True,2026-09-05T16:00Z,401858430,35.5,47.5,0.0,,MEDIUM,CFBD/team roster,,13.107381929393286,week1-v1.0,2026-08-30T16:15:00+00:00,0.0,0.0,0.0,0.0,0.0,16.700024385889705,84.24519771777393,0.9838476675078808,0.640993826083503,7.689435801661397,0.08126041081473807,16.22510564796275,32,92,,true,team_reconciliation_and_current_weekly_role
2026,1,CFP_E890E72A,KJ Jackson,CFF_ARK,Arkansas,QB,North Alabama,True,2026-09-05T20:15Z,401856635,52.0,63.5,0.5756357707659752,MEDIUM,HIGH,CFBD/team roster,,13.149633103691011,week1-v1.0,2026-08-30T16:15:00+00:00,15.97863603247188,9.997326700317123,138.03271790600976,1.2427800571250656,0.3969570899869574,7.538920812849653,28.256822529608712,0.5450423758361557,0.0,0.0,0.0,16.1914083627315,49,93,,false,team_reconciliation_and_current_weekly_role
2026,1,CFP_B88D1364,Caleb Hawkins,CFF_OKST,Oklahoma State,RB,Tulsa,False,2026-09-05T19:45Z,401856772,37.25,60.5,0.0,,MEDIUM,CFBD/team roster,,11.080360776858319,week1-v1.0,2026-08-30T16:15:00+00:00,0.0,0.0,0.0,0.0,0.0,12.762205502709977,65.57781995287942,0.8574404654817135,1.3308282943452976,17.807798038300966,0.16113354492469403,15.78083415590178,33,94,,true,team_reconciliation_and_current_weekly_role
2026,1,CFP_ACA2AC80,Malachi Hosley,CFF_GT,Georgia Tech,RB,Colorado,True,2026-09-04T00:00Z,401856776,28.5,50.5,0.0,,MEDIUM,CFBD/team roster,,14.00206740166586,week1-v1.0,2026-08-30T16:15:00+00:00,0.0,0.0,0.0,0.0,0.0,12.022955401620058,72.24916328661527,0.661766897922777,1.8594065264518997,16.98539560987101,0.1624379925799284,15.72809175911676,34,95,,true,team_reconciliation_and_current_weekly_role
2026,1,CFP_C00CB2AC,Duce Robinson,CFF_FSU,Florida State,WR,SMU,True,2026-09-07T23:30Z,401858212,25.25,53.5,0.0,,MODELLED_ON_TEAM_RATES,CFBD/team roster,,9.26657310930753,week1-v1.0,2026-08-30T16:15:00+00:00,0.0,0.0,0.0,0.0,0.0,0.0,0.0,0.0,5.861055330189149,68.15794633242491,0.5025905697116659,15.692393381701637,13,96,,false,team_reconciliation_and_current_weekly_role
2026,1,CFP_16433AAE,Cam Cook,CFF_WVU,West Virginia,RB,Coastal Carolina,True,2026-09-05T16:00Z,401856780,39.0,56.5,0.0,,MEDIUM,CFBD/team roster,,11.211973803073535,week1-v1.0,2026-08-30T16:15:00+00:00,0.0,0.0,0.0,0.0,0.0,13.894905138639189,78.71283189364242,0.7918099075400199,0.9594652653966326,12.301667160059944,0.11563187373235233,15.505565858401104,35,97,,true,team_reconciliation_and_current_weekly_role
2026,1,CFP_A6BACC76,Jordan Faison,CFF_ND,Notre Dame,WR,Wisconsin,True,2026-09-06T23:30Z,401858438,34.0,47.5,0.0,,MODELLED_ON_TEAM_RATES,CFBD/team roster,,9.437278388751398,week1-v1.0,2026-08-30T16:15:00+00:00,0.0,0.0,0.0,0.0,0.0,0.18207586153697394,1.0839154859983882,0.011520165010265206,5.2413962795130065,60.5,0.6639084074994834,15.452359263171338,14,98,receiving_yards,false,market_component_anchor_and_team_reconciliation
2026,1,CFP_B5D7B826,Ryan Wingo,CFF_TEX,Texas,WR,Texas State,True,2026-09-05T19:30Z,401856667,45.0,59.5,0.0,,MODELLED_ON_TEAM_RATES,CFBD/team roster,,10.415263743181391,week1-v1.0,2026-08-30T16:15:00+00:00,0.0,0.0,0.0,0.0,0.0,0.6940725852452372,3.566267367542391,0.038567857584137416,5.15206958605679,48.5,0.7989219334087082,15.383635068768102,15,99,receiving_yards,true,market_component_anchor_and_team_reconciliation
2026,1,CFP_0792E0D5,Coy Eakin,CFF_TTU,Texas Tech,WR,Abilene Christian,True,2026-09-05T23:00Z,401856770,51.0,59.5,0.0,,MODELLED_ON_TEAM_RATES,CFBD/team roster,,9.987667617754896,week1-v1.0,2026-08-30T16:15:00+00:00,0.0,0.0,0.0,0.0,0.0,0.0,0.0,0.0,4.903601520703196,62.731120011342846,0.6937816681254885,15.339403530590412,16,100,,false,team_reconciliation_and_current_weekly_role
2026,1,CFP_21471000,Brandon Tullis,CFF_MSU,Michigan State,RB,Toledo,True,2026-09-05T00:00Z,401858429,29.75,49.5,0.0,,MEDIUM,CFBD/team roster,,12.441788666433629,week1-v1.0,2026-08-30T16:15:00+00:00,0.0,0.0,0.0,0.0,0.0,13.727965900082136,64.72160434249538,0.685764858039928,1.642229308121977,20.016096960896114,0.1749634483356383,15.280369276714524,36,101,,true,team_reconciliation_and_current_weekly_role
2026,1,CFP_F72E3D80,Braylon Staley,CFF_TENN,Tennessee,WR,Furman,True,2026-09-05T19:30Z,401856666,56.5,66.5,0.0,,MODELLED_ON_TEAM_RATES,CFBD/team roster,,9.706723764678584,week1-v1.0,2026-08-30T16:15:00+00:00,0.0,0.0,0.0,0.0,0.0,0.0,0.0,0.0,4.957728235049513,64.77130625093201,0.6345243798088833,15.242005138996014,17,102,,false,team_reconciliation_and_current_weekly_role
2026,1,CFP_E088C2E6,Daniel Hill,CFF_ALA,Alabama,RB,East Carolina,True,2026-09-05T16:00Z,401856634,41.0,53.5,0.0,,MEDIUM,CFBD/team roster,,11.576781092627241,week1-v1.0,2026-08-30T16:15:00+00:00,0.0,0.0,0.0,0.0,0.0,12.41634067054356,58.5,0.7607452462995169,1.76154158292837,15.73106951223488,0.24034871645710945,15.191212310691617,37,103,rushing_yards,true,market_component_anchor_and_team_reconciliation
2026,1,CFP_49B02BC9,James Peoples,CFF_PSU,Penn State,RB,Marshall,True,2026-09-05T19:30Z,401858434,39.5,54.5,0.0,,MEDIUM,CFBD/team roster,,11.423518400477768,week1-v1.0,2026-08-30T16:15:00+00:00,0.0,0.0,0.0,0.0,0.0,13.099206544854631,77.81773088546427,0.8710861120982365,0.6887524715445565,8.931425064917827,0.09240793267348331,15.144632335213085,38,104,,true,team_reconciliation_and_current_weekly_role
2026,1,CFP_3C0267AA,Jaron Tibbs,CFF_KSU,Kansas State,WR,Nicholls,True,2026-09-05T23:00Z,401856771,48.0,55.5,0.0,,MODELLED_ON_TEAM_RATES,CFBD/team roster,,10.261692054033029,week1-v1.0,2026-08-30T16:15:00+00:00,0.0,0.0,0.0,0.0,0.0,0.0,0.0,0.0,4.780013378666245,61.04187590062846,0.7004970515631261,15.087183278107847,18,105,,false,team_reconciliation_and_current_weekly_role
2026,1,CFP_309C90BC,Vernell Brown III,CFF_FLA,Florida,WR,Florida Atlantic,True,2026-09-05T23:45Z,401856637,43.5,59.5,0.0,,MODELLED_ON_TEAM_RATES,CFBD/team roster,,10.587528817151378,week1-v1.0,2026-08-30T16:15:00+00:00,0.0,0.0,0.0,0.0,0.0,0.06606907519140243,0.34364054582000486,0.0034173284454390436,4.913487941371623,61.581419992028906,0.6238023402528049,14.869312007345979,19,106,,false,team_reconciliation_and_current_weekly_role
2026,1,CFP_535664FC,Tramell Jones Jr.,CFF_FLA,Florida,QB,Florida Atlantic,True,2026-09-05T23:45Z,401856637,43.5,59.5,0.7198915812677844,MEDIUM,HIGH,CFBD/team roster,,12.191662355010799,week1-v1.0,2026-08-30T16:15:00+00:00,18.3848933855722,11.423474359384105,138.07187495643032,1.4595435498682388,0.5955279204108582,5.887645479070705,18.178364686134277,0.3719705826111064,0.0,0.0,0.0,14.815181241599376,50,107,,false,team_reconciliation_and_current_weekly_role
2026,1,CFP_2561FB06,Carson Hansen,CFF_PSU,Penn State,RB,Marshall,True,2026-09-05T19:30Z,401858434,39.5,54.5,0.0,,MEDIUM,CFBD/team roster,,10.721808502019082,week1-v1.0,2026-08-30T16:15:00+00:00,0.0,0.0,0.0,0.0,0.0,11.406295769161138,66.65727228670517,0.6968575841014593,1.1388005489785558,14.767441406460733,0.15278958523741348,14.379154934328382,39,108,,true,team_reconciliation_and_current_weekly_role
2026,1,CFP_7A9D0571,Ryan Coleman-Williams,CFF_ALA,Alabama,WR,East Carolina,True,2026-09-05T16:00Z,401856634,41.0,53.5,0.0,,MODELLED_ON_TEAM_RATES,CFBD/team roster,,8.140682345830418,week1-v1.0,2026-08-30T16:15:00+00:00,0.0,0.0,0.0,0.0,0.0,1.1221341446934134,5.481243496719222,0.07004882937886966,3.8826218030161286,61.5,0.5297536974926244,14.179561313917015,20,109,receiving_yards,true,market_component_anchor_and_team_reconciliation
2026,1,CFP_0C140E3A,Isaac Brown,CFF_LOU,Louisville,RB,Ole Miss,False,2026-09-06T23:30Z,401856661,24.5,55.5,0.0,,MEDIUM,CFBD/team roster,,11.645921093049077,week1-v1.0,2026-08-30T16:15:00+00:00,0.0,0.0,0.0,0.0,0.0,12.426045785742527,71.5,0.45878124039409296,1.5658151112094005,18.101124924942244,0.127174179800531,14.04166012487137,40,110,rushing_yards,false,market_component_anchor_and_team_reconciliation
2026,1,CFP_C019E876,Kenny Minchey,CFF_UK,Kentucky,QB,Youngstown State,True,2026-09-05T17:00Z,401856659,43.0,62.5,0.6465279855787514,MEDIUM,HIGH,CFBD/team roster,,11.45989281963138,week1-v1.0,2026-08-30T16:15:00+00:00,16.612798984878566,10.291480241636295,130.63617455053367,1.2624036093687114,0.5522591051393075,6.309742596274689,19.577108377906566,0.3913186470063092,0.0,0.0,0.0,14.028425034185396,51,111,,false,team_reconciliation_and_current_weekly_role
2026,1,CFP_4F638D08,Khobie Martin,CFF_IND,Indiana,RB,North Texas,True,2026-09-05T16:00Z,401858425,48.0,55.5,0.0,,MEDIUM,CFBD/team roster,,10.060092041232904,week1-v1.0,2026-08-30T16:15:00+00:00,0.0,0.0,0.0,0.0,0.0,13.645439435128432,79.62713987564231,0.8578029001621417,0.3012863517671421,1.774227451258274,0.050066212576452544,13.888637760888768,41,112,,true,team_reconciliation_and_current_weekly_role
2026,1,CFP_7317F5BA,Griffin Wilde,CFF_NW,Northwestern,WR,South Dakota State,True,2026-09-06T00:00Z,401858431,29.5,46.5,0.0,,MODELLED_ON_TEAM_RATES,CFBD/team roster,,9.45883005126464,week1-v1.0,2026-08-30T16:15:00+00:00,0.0,0.0,0.0,0.0,0.0,0.06878136191520999,0.34181043560931645,0.0035269516085021427,4.906396173439309,56.46083591526049,0.5318879325767157,13.799150113637598,21,113,,false,team_reconciliation_and_current_weekly_role
2026,1,CFP_18147C27,Dezmen Roebuck,CFF_WASH,Washington,WR,Washington State,True,2026-09-06T20:00Z,401858437,37.0,50.5,0.0,,MODELLED_ON_TEAM_RATES,CFBD/team roster,,7.896269652621157,week1-v1.0,2026-08-30T16:15:00+00:00,0.0,0.0,0.0,0.0,0.0,0.192230352066717,1.0639338994121388,0.010915412586350155,4.349340374561945,55.968353530355614,0.5996648332759179,13.71605059271233,22,114,,false,team_reconciliation_and_current_weekly_role
2026,1,CFP_BDE56EBF,Christopher Vizzina,CFF_CLEM,Clemson,QB,LSU,False,2026-09-05T23:30Z,401856660,20.5,51.5,0.9604031077723356,HIGH,HIGH,CFBD/team roster,,20.961846981283646,week1-v1.0,2026-08-30T16:15:00+00:00,30.28834976077178,19.319309171345413,210.5,0.5,0.6155498194830851,6.971019298535582,19.2539852928169,0.32780983116347534,0.0,0.0,0.0,13.696707696779455,52,115,passing_touchdowns|passing_yards,true,market_component_anchor_and_team_reconciliation
2026,1,CFP_9A8C452E,Marquis Gillis,CFF_ASU,Arizona State,RB,Morgan State,True,2026-09-06T02:00Z,401856774,47.0,52.5,0.0,,MEDIUM,CFBD/team roster,,10.540758536038437,week1-v1.0,2026-08-30T16:15:00+00:00,0.0,0.0,0.0,0.0,0.0,13.291379666236969,77.62213122356522,0.7502847120025334,0.4441399741861672,5.641307981873272,0.06107025637812055,13.63861370501394,42,116,,false,team_reconciliation_and_current_weekly_role
2026,1,CFP_3EFD3917,Andrew Marsh,CFF_MICH,Michigan,WR,Western Michigan,True,2026-09-05T23:30Z,401858428,38.0,48.5,0.0,,MODELLED_ON_TEAM_RATES,CFBD/team roster,,8.063332801109683,week1-v1.0,2026-08-30T16:15:00+00:00,0.0,0.0,0.0,0.0,0.0,0.28483457460848893,1.6714445415835393,0.017583032285600306,5.069518658247196,54.5,0.44380088323781064,13.454966605546016,23,117,receiving_yards,false,market_component_anchor_and_team_reconciliation
2026,1,CFP_B9022A50,Dante Moore,CFF_ORE,Oregon,QB,Boise State,True,2026-09-05T19:30Z,401858433,38.0,51.5,0.6017524496486151,MEDIUM,HIGH,CFBD/team roster,,12.160225514138906,week1-v1.0,2026-08-30T16:15:00+00:00,14.892433552749647,10.61961780094727,135.80532269767863,1.385669429224745,0.3225290412451664,3.7394342424422167,12.5,0.24735195072658714,0.0,0.0,0.0,13.38647328792048,53,118,rushing_yards,true,market_component_anchor_and_team_reconciliation
2026,1,CFP_6DF70C14,Justice Haynes,CFF_GT,Georgia Tech,RB,Colorado,True,2026-09-04T00:00Z,401856776,28.5,50.5,0.0,,MEDIUM,CFBD/team roster,,8.760177245480806,week1-v1.0,2026-08-30T16:15:00+00:00,0.0,0.0,0.0,0.0,0.0,13.229228980687457,80.5,0.4330802499362534,1.0846147340842818,9.907790513067845,0.09475208224822862,13.29238777849796,43,119,rushing_yards,true,market_component_anchor_and_team_reconciliation
2026,1,CFP_DE33D9C6,Kamario Taylor,CFF_MSST,Mississippi State,QB,UL Monroe,True,2026-09-05T23:30Z,401856662,42.5,56.5,0.46098324261482365,MEDIUM,HIGH,CFBD/team roster,,10.84104655542429,week1-v1.0,2026-08-30T16:15:00+00:00,12.06114051921122,7.359643210967517,98.19791718855159,0.9663686469592861,0.3230727404997981,8.272895242899304,23.31804416397628,0.580583819192037,0.0,0.0,0.0,13.28562586642926,54,120,,false,team_reconciliation_and_current_weekly_role
2026,1,CFP_8B0BEB04,Kaden Feagin,CFF_ILL,Illinois,TE,UAB,True,2026-09-04T01:00Z,401858424,42.0,55.5,0.0,,MODELLED_ON_TEAM_RATES,CFBD/team roster,,9.170887358936335,week1-v1.0,2026-08-30T16:15:00+00:00,0.0,0.0,0.0,0.0,0.0,9.280945301329954,45.998954778436065,0.5321495724028292,1.7603601094725105,23.045737639098604,0.2346097585066858,13.265385336683067,1,121,,true,team_reconciliation_and_current_weekly_role
2026,1,CFP_5D96444C,Javian Osborne,CFF_ND,Notre Dame,RB,Wisconsin,True,2026-09-06T23:30Z,401858438,34.0,47.5,0.0,,MEDIUM,CFBD/team roster,,11.638796388711649,week1-v1.0,2026-08-30T16:15:00+00:00,0.0,0.0,0.0,0.0,0.0,11.96988472443239,71.37493737460066,0.7704301173681743,0.503019304797997,5.929925781461395,0.0637156070216016,13.238379966742857,44,122,,false,team_reconciliation_and_current_weekly_role
2026,1,CFP_7304E588,Caleb Komolafe,CFF_NW,Northwestern,RB,South Dakota State,True,2026-09-06T00:00Z,401858431,29.5,46.5,0.0,,MEDIUM,CFBD/team roster,,11.346425276617486,week1-v1.0,2026-08-30T16:15:00+00:00,0.0,0.0,0.0,0.0,0.0,13.030857260689219,64.15915028554642,0.7076454632192696,0.900914216222019,10.367358838897095,0.09766545198477118,13.185430619890615,45,123,,false,team_reconciliation_and_current_weekly_role
2026,1,CFP_EF06D58F,Ousmane Kromah,CFF_FSU,Florida State,RB,SMU,True,2026-09-07T23:30Z,401858212,25.25,53.5,0.0,,MEDIUM,CFBD/team roster,,12.113987535142556,week1-v1.0,2026-08-30T16:15:00+00:00,0.0,0.0,0.0,0.0,0.0,12.352973854364917,59.51165495241114,0.5055729164911063,1.5609108730922898,18.15176167505817,0.1338494589764042,13.163786788644282,46,124,,false,team_reconciliation_and_current_weekly_role
2026,1,CFP_1CEF612A,Charlie Becker,CFF_IND,Indiana,WR,North Texas,True,2026-09-05T16:00Z,401858425,48.0,55.5,0.0,,MODELLED_ON_TEAM_RATES,CFBD/team roster,,6.343482677469207,week1-v1.0,2026-08-30T16:15:00+00:00,0.0,0.0,0.0,0.0,0.0,0.0,0.0,0.0,3.5,58.5,0.6338418437115316,13.153051062269192,24,125,receiving_yards|receptions,true,market_component_anchor_and_team_reconciliation
2026,1,CFP_D27165BE,Nick Marsh,CFF_IND,Indiana,WR,North Texas,True,2026-09-05T16:00Z,401858425,48.0,55.5,0.0,,MODELLED_ON_TEAM_RATES,CFBD/team roster,,3.3372690364931077,week1-v1.0,2026-08-30T16:15:00+00:00,0.0,0.0,0.0,0.0,0.0,0.4290844865181444,2.3806968865211195,0.0245966952468475,4.5,63.5,0.3056642089735321,13.069635113974389,25,126,receiving_yards|receptions,true,market_component_anchor_and_team_reconciliation
2026,1,CFP_608C96A0,Aidan Chiles,CFF_NW,Northwestern,QB,South Dakota State,True,2026-09-06T00:00Z,401858431,29.5,46.5,0.8125776629018215,MEDIUM,HIGH,CFBD/team roster,,11.697835964424682,week1-v1.0,2026-08-30T16:15:00+00:00,20.06272652951047,11.752659549176052,135.17716970614052,1.2793682330367213,0.5758452371818982,4.6385678024700026,13.683759860614108,0.290530070156896,0.0,0.0,0.0,13.060270890213395,55,127,,false,team_reconciliation_and_current_weekly_role
2026,1,CFP_87FF4675,Cameron Pettaway,CFF_ISU,Iowa State,RB,Southeast Missouri State,True,2026-09-05T17:00Z,401856779,41.5,53.5,0.0,,MEDIUM,CFBD/team roster,,9.86454046555569,week1-v1.0,2026-08-30T16:15:00+00:00,0.0,0.0,0.0,0.0,0.0,13.772427506369779,73.58521973882011,0.7728185543617246,0.35634670714496125,4.319808256124808,0.03934193115919593,13.019812419764978,47,128,,false,team_reconciliation_and_current_weekly_role
2026,1,CFP_FCB02AB6,Yamir Knight,CFF_SMU,SMU,WR,Florida State,False,2026-09-07T23:30Z,401858212,28.25,53.5,0.0,,MODELLED_ON_TEAM_RATES,CFBD/team roster,,9.114867344623777,week1-v1.0,2026-08-30T16:15:00+00:00,0.0,0.0,0.0,0.0,0.0,0.09345873064507856,0.46085752016070153,0.004602995725051081,5.63867794516468,49.5,0.39122434832859,13.009727761502598,26,129,receiving_yards,false,market_component_anchor_and_team_reconciliation
2026,1,CFP_A8406EDA,Jonaz Walton,CFF_ND,Notre Dame,RB,Wisconsin,True,2026-09-06T23:30Z,401858438,34.0,47.5,0.0,,MEDIUM,CFBD/team roster,,11.427073576815166,week1-v1.0,2026-08-30T16:15:00+00:00,0.0,0.0,0.0,0.0,0.0,11.746446876242993,70.04260521027487,0.7560487551773025,0.4962043086050468,5.84958607831349,0.06285237649517458,12.998830227498743,48,130,,false,team_reconciliation_and_current_weekly_role
2026,1,CFP_0F771FF6,Malachi Nelson,CFF_SYR,Syracuse,QB,New Hampshire,True,2026-09-05T16:00Z,401858208,44.5,55.5,0.5558146977503139,MEDIUM,HIGH,CFBD/team roster,,10.817417713769869,week1-v1.0,2026-08-30T16:15:00+00:00,16.953360755922013,10.102886250669865,127.86307793641718,1.3626398114519542,0.4633210757995003,4.100211590995322,11.337588263788499,0.27160519926700216,0.0,0.0,0.0,12.865151309445867,56,131,,false,team_reconciliation_and_current_weekly_role
2026,1,CFP_BA09DB92,CJ Brown,CFF_ARK,Arkansas,WR,North Alabama,True,2026-09-05T20:15Z,401856635,52.0,63.5,0.0,,MODELLED_ON_TEAM_RATES,CFBD/team roster,,6.911675643011203,week1-v1.0,2026-08-30T16:15:00+00:00,0.0,0.0,0.0,0.0,0.0,0.0,0.0,0.0,4.07663319424405,55.470458202014306,0.5065311815643488,12.662866103831576,27,132,,false,team_reconciliation_and_current_weekly_role
2026,1,CFP_AD8A5944,Ju'Juan Johnson,CFF_SYR,Syracuse,RB,New Hampshire,True,2026-09-05T16:00Z,401858208,44.5,55.5,0.0,,MEDIUM,CFBD/team roster,,8.950318711875868,week1-v1.0,2026-08-30T16:15:00+00:00,0.0,0.0,0.0,0.0,0.0,11.471779863449504,52.18437426276227,0.6186679202444461,1.1932442912965855,15.250732182683112,0.15689950467930505,12.59015948538363,49,133,,false,team_reconciliation_and_current_weekly_role
2026,1,CFP_D461055F,Keyone Jenkins,CFF_UCF,UCF,QB,Bethune-Cookman,True,2026-09-03T23:00Z,401856767,50.5,58.5,0.5581906865582023,MEDIUM,HIGH,CFBD/team roster,,10.455188364405954,week1-v1.0,2026-08-30T16:15:00+00:00,15.13105266706587,9.324614991168268,119.1341907248363,1.199181057304737,0.3970788839000531,4.3115733048132965,15.366556941024507,0.3138905920906179,0.0,0.0,0.0,12.585012220958507,57,134,,false,team_reconciliation_and_current_weekly_role
2026,1,CFP_8CB47693,David Avit,CFF_ASU,Arizona State,RB,Morgan State,True,2026-09-06T02:00Z,401856774,47.0,52.5,0.0,,MEDIUM,CFBD/team roster,,9.644227351475598,week1-v1.0,2026-08-30T16:15:00+00:00,0.0,0.0,0.0,0.0,0.0,12.085293663746656,70.57854595980052,0.6822023976189189,0.4302266801714485,5.464586269932784,0.05915714681373152,12.482697169740682,50,135,,false,team_reconciliation_and_current_weekly_role
2026,1,CFP_3FD30369,Kendrick Raphael,CFF_SMU,SMU,RB,Florida State,False,2026-09-07T23:30Z,401858212,28.25,53.5,0.0,,MEDIUM,CFBD/team roster,,9.935136861357543,week1-v1.0,2026-08-30T16:15:00+00:00,0.0,0.0,0.0,0.0,0.0,14.067542210271053,64.5,0.5183783368289846,1.134432069756811,12.671313056041113,0.07870948678568308,12.434090317048929,51,136,rushing_yards,false,market_component_anchor_and_team_reconciliation
2026,1,CFP_C6F59EB8,Dakorien Moore,CFF_ORE,Oregon,WR,Boise State,True,2026-09-05T19:30Z,401858433,38.0,51.5,0.0,,MODELLED_ON_TEAM_RATES,CFBD/team roster,,7.134317962761176,week1-v1.0,2026-08-30T16:15:00+00:00,0.0,0.0,0.0,0.0,0.0,0.3870220297146695,2.179379244766615,0.021318062569389288,4.05880137677219,51.33475706195067,0.48219458263504483,12.431290878670525,28,137,,true,team_reconciliation_and_current_weekly_role
2026,1,CFP_62C20DE0,Anthony Woods,CFF_UCLA,UCLA,RB,California,False,2026-09-06T02:30Z,401858210,27.5,53.5,0.0,,MEDIUM,CFBD/team roster,,9.915057623657821,week1-v1.0,2026-08-30T16:15:00+00:00,0.0,0.0,0.0,0.0,0.0,7.495453913971941,37.90571475536788,0.2942730413996282,2.861288766390065,26.34160299739468,0.22972328195402342,12.429998481788232,52,138,,true,team_reconciliation_and_current_weekly_role
2026,1,CFP_AAF6CFB7,Mike Matthews,CFF_TENN,Tennessee,WR,Furman,True,2026-09-05T19:30Z,401856666,56.5,66.5,0.0,,MODELLED_ON_TEAM_RATES,CFBD/team roster,,7.932659819257864,week1-v1.0,2026-08-30T16:15:00+00:00,0.0,0.0,0.0,0.0,0.0,0.19960366268906685,1.1261890753712738,0.011576175740776634,3.9831942456099703,52.03929745793678,0.5097967735475797,12.427980594670915,29,139,,false,team_reconciliation_and_current_weekly_role
2026,1,CFP_0839C459,Landen Chambers,CFF_UCF,UCF,RB,Bethune-Cookman,True,2026-09-03T23:00Z,401856767,50.5,58.5,0.0,,MEDIUM,CFBD/team roster,,9.442432080386604,week1-v1.0,2026-08-30T16:15:00+00:00,0.0,0.0,0.0,0.0,0.0,11.128913752650355,67.08695261583273,0.6659001236567794,0.5537395131209442,7.303585866883906,0.07233098356991802,12.422180004752791,53,140,,false,team_reconciliation_and_current_weekly_role
2026,1,CFP_8A512817,Kedrick Reescano,CFF_ARIZ,Arizona,RB,Northern Arizona,True,2026-09-06T01:30Z,401856773,44.0,56.5,0.0,,MEDIUM,CFBD/team roster,,9.353162788046356,week1-v1.0,2026-08-30T16:15:00+00:00,0.0,0.0,0.0,0.0,0.0,11.740521390399872,60.99425033828448,0.6966087150894781,0.6595915600062928,8.292950122945818,0.09264474318044093,12.323832355748838,54,141,,false,team_reconciliation_and_current_weekly_role
2026,1,CFP_8827C6E1,Donovan Olugbode,CFF_MIZ,Missouri,WR,Arkansas-Pine Bluff,True,2026-09-04T00:00Z,401856663,57.5,60.5,0.0,,MODELLED_ON_TEAM_RATES,CFBD/team roster,,7.110121691687741,week1-v1.0,2026-08-30T16:15:00+00:00,0.0,0.0,0.0,0.0,0.0,0.0,0.0,0.0,4.303908610770514,42.26137553024544,0.6264936963526453,12.289008341910929,30,142,,false,team_reconciliation_and_current_weekly_role
2026,1,CFP_4706A30C,Matt Fuller,CFF_SC,South Carolina,RB,Kent State,True,2026-09-05T16:45Z,401856665,45.0,53.5,0.0,,MEDIUM,CFBD/team roster,,9.604769080758654,week1-v1.0,2026-08-30T16:15:00+00:00,0.0,0.0,0.0,0.0,0.0,12.338417183655157,58.66938052897154,0.6063125873835824,0.8904764389332186,12.217500300749382,0.11187517320799503,12.288291085454775,55,143,,true,team_reconciliation_and_current_weekly_role
2026,1,CFP_12C5C015,DJ Butler,CFF_HOU,Houston,RB,Oregon State,True,2026-09-05T16:00Z,401856778,36.0,51.5,0.0,,MEDIUM,CFBD/team roster,,9.866790744149084,week1-v1.0,2026-08-30T16:15:00+00:00,0.0,0.0,0.0,0.0,0.0,12.135240139476439,64.12402551733307,0.5022235453478222,1.206649839499729,10.505539038566344,0.09740212623022249,12.26736032455794,56,144,,false,team_reconciliation_and_current_weekly_role
2026,1,CFP_EFB2410B,Mikey Matthews,CFF_UCLA,UCLA,WR,California,False,2026-09-06T02:30Z,401858210,27.5,53.5,0.0,,MODELLED_ON_TEAM_RATES,CFBD/team roster,,6.950295363135907,week1-v1.0,2026-08-30T16:15:00+00:00,0.0,0.0,0.0,0.0,0.0,0.053387458581133015,0.27122662146338367,0.0023897966495847788,5.037992298081977,46.38077588632871,0.4044835106365875,12.14443239257822,31,145,,true,team_reconciliation_and_current_weekly_role
2026,1,CFP_492A92DC,Javon Tracy,CFF_MINN,Minnesota,WR,Eastern Illinois,True,2026-09-04T00:00Z,401858422,47.5,51.5,0.0,,MODELLED_ON_TEAM_RATES,CFBD/team roster,,7.018639943236366,week1-v1.0,2026-08-30T16:15:00+00:00,0.0,0.0,0.0,0.0,0.0,0.15460368395585755,0.69092346081711,0.009001725239766986,4.116232184145816,46.34058215069645,0.5278363241454262,12.040411041608333,32,146,,false,team_reconciliation_and_current_weekly_role
2026,1,CFP_8E450CBC,Caden Durham,CFF_LSU,LSU,RB,Clemson,True,2026-09-05T23:30Z,401856660,31.0,51.5,0.0,,MEDIUM,CFBD/team roster,,10.928495616935926,week1-v1.0,2026-08-30T16:15:00+00:00,0.0,0.0,0.0,0.0,0.0,10.095773519000776,47.06135600067464,0.49932603286525185,1.6984272221650256,16.28827556613382,0.16691113363225754,12.030813377830931,57,147,,true,team_reconciliation_and_current_weekly_role
2026,1,CFP_10D24F93,Chauncey Bowens,CFF_UGA,Georgia,RB,Tennessee State,True,2026-09-05T19:00Z,401856658,51.5,56.5,0.0,,MEDIUM,CFBD/team roster,,9.063333104384329,week1-v1.0,2026-08-30T16:15:00+00:00,0.0,0.0,0.0,0.0,0.0,10.434148273176524,53.5,0.5887678285436023,1.3049551648549764,7.947020881812871,0.17454400906465958,12.029528278685834,58,148,rushing_yards,false,market_component_anchor_and_team_reconciliation
2026,1,CFP_5E7B6C50,Simeon Price,CFF_ORE,Oregon,RB,Boise State,True,2026-09-05T19:30Z,401858433,38.0,51.5,0.0,,MEDIUM,CFBD/team roster,,9.647212681256905,week1-v1.0,2026-08-30T16:15:00+00:00,0.0,0.0,0.0,0.0,0.0,11.503286058433641,66.20417976633813,0.656952522734268,0.49126682367077257,6.213426256840148,0.058363585456048826,12.024924075130503,59,149,,false,team_reconciliation_and_current_weekly_role
2026,1,CFP_DE199BF9,Ryan Staub,CFF_TENN,Tennessee,QB,Furman,True,2026-09-05T19:30Z,401856666,56.5,66.5,0.43379578070760616,MEDIUM,HIGH,CFBD/team roster,,9.712878221830367,week1-v1.0,2026-08-30T16:15:00+00:00,12.716853729441578,8.052689153963199,107.21697810659127,1.0470637983567854,0.2932886662698885,5.046697413023572,16.902737942265762,0.357505165465034,0.0,0.0,0.0,12.018950438437685,58,150,,false,team_reconciliation_and_current_weekly_role
2026,1,CFP_FFF12510,Yasin Willis,CFF_KU,Kansas,RB,Long Island University,True,2026-09-05T00:00Z,401856769,46.0,53.5,0.0,,MEDIUM,CFBD/team roster,,9.158562311031044,week1-v1.0,2026-08-30T16:15:00+00:00,0.0,0.0,0.0,0.0,0.0,11.973130800741536,70.10760934160105,0.6768946467129925,0.29391345470854435,3.489722379568016,0.04007107243472043,11.955440941711727,60,151,,false,team_reconciliation_and_current_weekly_role
2026,1,CFP_8A7F04EC,Hardley Gilmore IV,CFF_UK,Kentucky,WR,Youngstown State,True,2026-09-05T17:00Z,401856659,43.0,62.5,0.0,,MODELLED_ON_TEAM_RATES,CFBD/team roster,,6.5284449026677756,week1-v1.0,2026-08-30T16:15:00+00:00,0.0,0.0,0.0,0.0,0.0,0.9831264085892867,5.138534497577481,0.049917153619576986,3.6818835402196877,46.80103268683611,0.4565758498792122,11.91479827965378,33,152,,false,team_reconciliation_and_current_weekly_role
2026,1,CFP_67FAC990,Tory Blaylock,CFF_OU,Oklahoma,RB,UTEP,True,2026-09-05T00:00Z,401856664,46.0,50.5,0.0,,MEDIUM,CFBD/team roster,,9.139487751932636,week1-v1.0,2026-08-30T16:15:00+00:00,0.0,0.0,0.0,0.0,0.0,10.762766760937698,51.337152041750215,0.5251335658573902,1.1941757711826426,14.401009148120963,0.14440471266967211,11.785221561332134,61,153,,true,team_reconciliation_and_current_weekly_role
2026,1,CFP_8D5EFB6C,Raleek Brown,CFF_TEX,Texas,RB,Texas State,True,2026-09-05T19:30Z,401856667,45.0,59.5,0.0,,MEDIUM,CFBD/team roster,,8.851947368323883,week1-v1.0,2026-08-30T16:15:00+00:00,0.0,0.0,0.0,0.0,0.0,11.519919731718515,63.28239199091771,0.5718678908312761,0.6272328381457777,7.065560484414672,0.09726383997316844,11.676818470505683,62,154,,true,team_reconciliation_and_current_weekly_role
2026,1,CFP_EC556A0F,Dylan Edwards,CFF_KU,Kansas,RB,Long Island University,True,2026-09-05T00:00Z,401856769,46.0,53.5,0.0,,MEDIUM,CFBD/team roster,,8.894925889199952,week1-v1.0,2026-08-30T16:15:00+00:00,0.0,0.0,0.0,0.0,0.0,10.88303593505136,67.63354637962624,0.6749034730874771,0.2664802181020572,3.1639993539767697,0.036330926505479255,11.613641189020097,63,155,,false,team_reconciliation_and_current_weekly_role
2026,1,CFP_CBA9FFDB,Ayden Greene,CFF_VT,Virginia Tech,WR,VMI,True,2026-09-05T23:30Z,401858211,54.5,57.5,0.0,,MODELLED_ON_TEAM_RATES,CFBD/team roster,,7.496851317329432,week1-v1.0,2026-08-30T16:15:00+00:00,0.0,0.0,0.0,0.0,0.0,0.0,0.0,0.0,3.892777160840122,48.21951305877867,0.4806385462165304,11.598559744017173,34,156,,false,team_reconciliation_and_current_weekly_role
2026,1,CFP_83711D30,Jacory Barney Jr.,CFF_NEB,Nebraska,WR,Ohio,True,2026-09-05T16:00Z,401858430,35.5,47.5,0.0,,MODELLED_ON_TEAM_RATES,CFBD/team roster,,8.390386675890214,week1-v1.0,2026-08-30T16:15:00+00:00,0.0,0.0,0.0,0.0,0.0,1.3797231633897045,6.959742595644108,0.08144318513124671,3.51245079927065,42.135764540058865,0.445282284010807,11.582354327693269,35,157,,true,team_reconciliation_and_current_weekly_role
2026,1,CFP_30FE7976,Ca'Lil Valentine,CFF_ILL,Illinois,RB,UAB,True,2026-09-04T01:00Z,401858424,42.0,55.5,0.0,,MEDIUM,CFBD/team roster,,8.739492712338977,week1-v1.0,2026-08-30T16:15:00+00:00,0.0,0.0,0.0,0.0,0.0,11.197631366073507,54.31627828760334,0.59708946473721,0.8238125333951811,10.784933949744772,0.10979256941498117,11.57522596204314,64,158,,true,team_reconciliation_and_current_weekly_role
2026,1,CFP_4C700572,Alonza Barnett III,CFF_UCF,UCF,QB,Bethune-Cookman,True,2026-09-03T23:00Z,401856767,50.5,58.5,0.4181392887221859,MEDIUM,HIGH,CFBD/team roster,,9.402397739077813,week1-v1.0,2026-08-30T16:15:00+00:00,11.641579193957918,6.893658408743772,94.90853225439507,0.9226298760358753,0.3055058610186758,5.38774775538639,19.202070059807795,0.3922381027559415,0.0,0.0,0.0,11.454990555817055,59,159,,false,team_reconciliation_and_current_weekly_role
2026,1,CFP_63481E79,Ja'Kyrian Turner,CFF_PITT,Pitt,RB,Miami (OH),True,2026-09-05T16:30Z,401858207,33.0,49.5,0.0,,MEDIUM,CFBD/team roster,,8.909956026631226,week1-v1.0,2026-08-30T16:15:00+00:00,0.0,0.0,0.0,0.0,0.0,9.786958593527336,47.18715778960597,0.4430698034166352,1.3450139539611266,16.627457402444197,0.16730488424464018,11.388723599133796,65,160,,true,team_reconciliation_and_current_weekly_role
2026,1,CFP_32A45B26,James Simon,CFF_TEX,Texas,RB,Texas State,True,2026-09-05T19:30Z,401856667,45.0,59.5,0.0,,MEDIUM,CFBD/team roster,,8.591087813343613,week1-v1.0,2026-08-30T16:15:00+00:00,0.0,0.0,0.0,0.0,0.0,12.286145437514541,62.15336217089896,0.647210054344139,0.4160290662058205,4.686423209667166,0.06451286039049041,11.370345092670211,66,161,,false,team_reconciliation_and_current_weekly_role
2026,1,CFP_220186FC,Keyjuan Brown,CFF_LOU,Louisville,RB,Ole Miss,False,2026-09-06T23:30Z,401856661,24.5,55.5,0.0,,MEDIUM,CFBD/team roster,,11.030838475576232,week1-v1.0,2026-08-30T16:15:00+00:00,0.0,0.0,0.0,0.0,0.0,8.29290041816239,47.56495860933058,0.42531952113333454,1.510408005265907,17.460608085353154,0.12267406148960062,11.300926170471891,67,162,,false,team_reconciliation_and_current_weekly_role
2026,1,CFP_BA7AC517,Zion Johnson,CFF_CIN,Cincinnati,RB,Boston College,True,2026-09-05T19:30Z,401856777,29.5,51.5,0.0,,MEDIUM,CFBD/team roster,,9.683657505155589,week1-v1.0,2026-08-30T16:15:00+00:00,0.0,0.0,0.0,0.0,0.0,9.920185756445447,60.86961992889684,0.5262366513381408,0.7060308475701069,8.632900668288322,0.07560915261194738,11.267357730989152,68,163,,true,team_reconciliation_and_current_weekly_role
2026,1,CFP_11843F8D,Jordan Allen,CFF_GT,Georgia Tech,WR,Colorado,True,2026-09-04T00:00Z,401856776,28.5,50.5,0.0,,MODELLED_ON_TEAM_RATES,CFBD/team roster,,6.2162087526367635,week1-v1.0,2026-08-30T16:15:00+00:00,0.0,0.0,0.0,0.0,0.0,1.8417488656591232,10.180413932134822,0.09264875415232572,3.431706649086902,44.5,0.2997943329071612,11.254406564657305,36,164,receiving_yards,true,market_component_anchor_and_team_reconciliation
2026,1,CFP_FA9E3888,Terrance Carter Jr.,CFF_TTU,Texas Tech,TE,Abilene Christian,True,2026-09-05T23:00Z,401856770,51.0,59.5,0.0,,MODELLED_ON_TEAM_RATES,CFBD/team roster,,7.340898886635411,week1-v1.0,2026-08-30T16:15:00+00:00,0.0,0.0,0.0,0.0,0.0,0.1360527600574213,0.8135448257039126,0.008525591933793465,3.5550819947312267,45.47968963629565,0.5029875911030023,11.253484539151959,2,165,,false,team_reconciliation_and_current_weekly_role
2026,1,CFP_A4816F12,Collin Dixon,CFF_ILL,Illinois,WR,UAB,True,2026-09-04T01:00Z,401858424,42.0,55.5,0.0,,MODELLED_ON_TEAM_RATES,CFBD/team roster,,6.60173009243594,week1-v1.0,2026-08-30T16:15:00+00:00,0.0,0.0,0.0,0.0,0.0,0.1399808073651427,0.6937839432062453,0.008026200388584235,3.5607272944786703,46.61522752723697,0.47455140920917954,11.187094099109576,37,166,,true,team_reconciliation_and_current_weekly_role
2026,1,CFP_A49CDE76,CharMar Brown,CFF_MIA,Miami,RB,Stanford,False,2026-09-05T01:00Z,401858206,36.0,47.5,0.0,,MEDIUM,CFBD/team roster,,9.29688576056215,week1-v1.0,2026-08-30T16:15:00+00:00,0.0,0.0,0.0,0.0,0.0,8.544731180617646,41.807602813807335,0.4883666806362671,1.2847439346284197,17.192833662065556,0.16871306159082458,11.12726603557826,69,167,,true,team_reconciliation_and_current_weekly_role
2026,1,CFP_B84F1AF7,Dierre Hill Jr.,CFF_ORE,Oregon,RB,Boise State,True,2026-09-05T19:30Z,401858433,38.0,51.5,0.0,,MEDIUM,CFBD/team roster,,8.236384665577605,week1-v1.0,2026-08-30T16:15:00+00:00,0.0,0.0,0.0,0.0,0.0,4.642557393991158,28.056644895496653,0.2663177009198928,2.2447777773442863,28.391416864472596,0.2666845659532517,11.087597554580078,70,168,,true,team_reconciliation_and_current_weekly_role
2026,1,CFP_3352B667,TJ Lateef,CFF_NEB,Nebraska,QB,Ohio,True,2026-09-05T16:00Z,401858430,35.5,47.5,0.5351866411853068,MEDIUM,HIGH,CFBD/team roster,,9.615957968470129,week1-v1.0,2026-08-30T16:15:00+00:00,13.04510777703906,8.529895853611798,102.55351328175192,1.098637038341049,0.30446183235860597,3.917976905327959,11.73194671766474,0.282490024291963,0.0,0.0,0.0,11.060361669793918,60,169,,false,team_reconciliation_and_current_weekly_role
2026,1,CFP_3C8E262F,Colton Joseph,CFF_WISC,Wisconsin,QB,Notre Dame,False,2026-09-06T23:30Z,401858438,13.5,47.5,0.4226889344599753,MEDIUM,HIGH,CFBD/team roster,,6.153939889864088,week1-v1.0,2026-08-30T16:15:00+00:00,24.74612084890682,14.828122395153743,151.5,0.5,0.7940821833693659,13.286905580442033,31.5,0.09940783190595154,0.0,0.0,0.0,11.012364808066344,61,170,passing_touchdowns|passing_yards|rushing_yards,false,market_component_anchor_and_team_reconciliation
2026,1,CFP_48FC4662,Ahmad Miller,CFF_SYR,Syracuse,RB,New Hampshire,True,2026-09-05T16:00Z,401858208,44.5,55.5,0.0,,MEDIUM,CFBD/team roster,,7.903532573353505,week1-v1.0,2026-08-30T16:15:00+00:00,0.0,0.0,0.0,0.0,0.0,10.510479264571083,49.13406435973307,0.5641080344664534,0.8748474355142046,11.181334817229017,0.11503355205914134,10.981236872363983,71,171,,false,team_reconciliation_and_current_weekly_role
2026,1,CFP_C831C36C,Caden Knighten,CFF_BAY,Baylor,RB,Auburn,False,2026-09-05T19:30Z,401856636,25.75,58.5,0.0,,MEDIUM,CFBD/team roster,,13.921584271684713,week1-v1.0,2026-08-30T16:15:00+00:00,0.0,0.0,0.0,0.0,0.0,6.5815201888698045,29.5,0.4889452597288132,1.7256062648133277,21.409292789441082,0.2016943863925652,10.960373420485706,72,172,rushing_yards,true,market_component_anchor_and_team_reconciliation
2026,1,CFP_2E266599,Gavin Freeman,CFF_BAY,Baylor,WR,Auburn,False,2026-09-05T19:30Z,401856636,25.75,58.5,0.0,,MODELLED_ON_TEAM_RATES,CFBD/team roster,,3.8390513024633095,week1-v1.0,2026-08-30T16:15:00+00:00,0.0,0.0,0.0,0.0,0.0,0.13070871697089168,0.600062118407016,0.005339810804997933,4.5,49.5,0.23026846760367103,10.923655882292715,38,173,receiving_yards|receptions,true,market_component_anchor_and_team_reconciliation
2026,1,CFP_D17E0E68,Waymond Jordan,CFF_USC,USC,RB,Fresno State,True,2026-09-05T01:00Z,401858436,37.5,51.5,0.0,,MEDIUM,CFBD/team roster,,8.46627413681182,week1-v1.0,2026-08-30T16:15:00+00:00,0.0,0.0,0.0,0.0,0.0,9.596198862668757,58.5,0.5440041239079387,0.8825921818025931,4.213108336174597,0.06887950644683523,10.831204797548697,73,174,rushing_yards,true,market_component_anchor_and_team_reconciliation
2026,1,CFP_DE7E588F,Duke Watson,CFF_UCF,UCF,RB,Bethune-Cookman,True,2026-09-03T23:00Z,401856767,50.5,58.5,0.0,,MEDIUM,CFBD/team roster,,8.202885556653507,week1-v1.0,2026-08-30T16:15:00+00:00,0.0,0.0,0.0,0.0,0.0,10.666638749075581,61.913534204940206,0.5978882355159166,0.32820633894839146,4.328900361570595,0.04287121786960869,10.797006515912624,74,175,,false,team_reconciliation_and_current_weekly_role
2026,1,CFP_1536F0B3,Arnold Barnes III,CFF_ISU,Iowa State,RB,Southeast Missouri State,True,2026-09-05T17:00Z,401856779,41.5,53.5,0.0,,MEDIUM,CFBD/team roster,,8.307179288469328,week1-v1.0,2026-08-30T16:15:00+00:00,0.0,0.0,0.0,0.0,0.0,12.358743559308914,64.69568730877609,0.7180911018898111,0.0,0.0,0.0,10.778115342216475,75,176,,false,team_reconciliation_and_current_weekly_role
2026,1,CFP_06353D64,Trey'Dez Green,CFF_LSU,LSU,TE,Clemson,True,2026-09-05T23:30Z,401856660,31.0,51.5,0.0,,MODELLED_ON_TEAM_RATES,CFBD/team roster,,5.670150937668102,week1-v1.0,2026-08-30T16:15:00+00:00,0.0,0.0,0.0,0.0,0.0,0.0,0.0,0.0,4.5,46.5,0.2705671117864184,10.77340267071851,3,177,receiving_yards|receptions,true,market_component_anchor_and_team_reconciliation
2026,1,CFP_54313FFD,Kevin Riley,CFF_ALA,Alabama,RB,East Carolina,True,2026-09-05T16:00Z,401856634,41.0,53.5,0.0,,MEDIUM,CFBD/team roster,,8.547267131262794,week1-v1.0,2026-08-30T16:15:00+00:00,0.0,0.0,0.0,0.0,0.0,8.733224203737166,41.51369484165694,0.524102897645886,1.2621592050607424,11.271442231474719,0.1722118557068491,10.718561432490318,76,178,,true,team_reconciliation_and_current_weekly_role
2026,1,CFP_E45D07C1,Hudson Clement,CFF_ILL,Illinois,WR,UAB,True,2026-09-04T01:00Z,401858424,42.0,55.5,0.0,,MODELLED_ON_TEAM_RATES,CFBD/team roster,,6.27610597187561,week1-v1.0,2026-08-30T16:15:00+00:00,0.0,0.0,0.0,0.0,0.0,0.0,0.0,0.0,3.4317595078306673,44.92684697430809,0.4573633911906979,10.668624552405664,39,179,,true,team_reconciliation_and_current_weekly_role
2026,1,CFP_7D3FA406,Makhi Hughes,CFF_HOU,Houston,RB,Oregon State,True,2026-09-05T16:00Z,401856778,36.0,51.5,0.0,,MEDIUM,CFBD/team roster,,3.8003725919237934,week1-v1.0,2026-08-30T16:15:00+00:00,0.0,0.0,0.0,0.0,0.0,15.79322415718953,84.5,0.22096379464467233,0.35815859633090685,3.118260983909336,0.028910962955686972,10.619233240324,77,180,rushing_yards,true,market_component_anchor_and_team_reconciliation
2026,1,CFP_C4A6DEF4,Chrishon McCray,CFF_MSU,Michigan State,WR,Toledo,True,2026-09-05T00:00Z,401858429,29.75,49.5,0.0,,MODELLED_ON_TEAM_RATES,CFBD/team roster,,5.622665137210156,week1-v1.0,2026-08-30T16:15:00+00:00,0.0,0.0,0.0,0.0,0.0,0.22595529419685778,1.089182766282954,0.011188669630924769,3.6460139829853935,44.43896418319076,0.38844707982504106,10.59664317466856,40,181,,true,team_reconciliation_and_current_weekly_role
2026,1,CFP_BE6C3FA8,Joseph Williams,CFF_COLO,Colorado,WR,Georgia Tech,False,2026-09-04T00:00Z,401856776,22.0,50.5,0.0,,MODELLED_ON_TEAM_RATES,CFBD/team roster,,9.509803103723648,week1-v1.0,2026-08-30T16:15:00+00:00,0.0,0.0,0.0,0.0,0.0,0.0,0.0,0.0,5.010568428146724,32.30716556707047,0.3918037132367223,10.592107264274105,41,182,,true,team_reconciliation_and_current_weekly_role
2026,1,CFP_727AF2A8,Dylan Wade,CFF_UCF,UCF,TE,Bethune-Cookman,True,2026-09-03T23:00Z,401856767,50.5,58.5,0.0,,MODELLED_ON_TEAM_RATES,CFBD/team roster,,6.7006011522300355,week1-v1.0,2026-08-30T16:15:00+00:00,0.0,0.0,0.0,0.0,0.0,0.0,0.0,0.0,3.409136369115447,44.9650415290361,0.44531080202730916,10.577505334182913,4,183,,false,team_reconciliation_and_current_weekly_role
2026,1,CFP_560ABC74,Lotzeir Brooks,CFF_ALA,Alabama,WR,East Carolina,True,2026-09-05T16:00Z,401856634,41.0,53.5,0.0,,MODELLED_ON_TEAM_RATES,CFBD/team roster,,5.841782897170494,week1-v1.0,2026-08-30T16:15:00+00:00,0.0,0.0,0.0,0.0,0.0,1.5018814508036886,7.336179880089224,0.09375442142292237,2.5439911710724985,46.5,0.3471079073983783,10.572783132009226,42,184,receiving_yards,true,market_component_anchor_and_team_reconciliation
2026,1,CFP_BF2D83D6,Jayden Limar,CFF_WASH,Washington,RB,Washington State,True,2026-09-06T20:00Z,401858437,37.0,50.5,0.0,,MEDIUM,CFBD/team roster,,8.237470686869417,week1-v1.0,2026-08-30T16:15:00+00:00,0.0,0.0,0.0,0.0,0.0,10.088359407671838,56.23101641498979,0.5945344619939295,0.4061630645120717,5.226603583048798,0.05599968854771416,10.455129967565792,78,185,,false,team_reconciliation_and_current_weekly_role
2026,1,CFP_411DFF73,Louis Brown IV,CFF_BAY,Baylor,WR,Auburn,False,2026-09-05T19:30Z,401856636,25.75,58.5,0.0,,MODELLED_ON_TEAM_RATES,CFBD/team roster,,2.0203732374215146,week1-v1.0,2026-08-30T16:15:00+00:00,0.0,0.0,0.0,0.0,0.0,0.0,0.0,0.0,4.5,51.5,0.12445553001691269,10.396733180101476,43,186,receiving_yards|receptions,true,market_component_anchor_and_team_reconciliation
2026,1,CFP_FF4C4FA0,Micahi Danzy,CFF_FSU,Florida State,WR,SMU,True,2026-09-07T23:30Z,401858212,25.25,53.5,0.0,,MODELLED_ON_TEAM_RATES,CFBD/team roster,,5.845330806765898,week1-v1.0,2026-08-30T16:15:00+00:00,0.0,0.0,0.0,0.0,0.0,1.6788856461852317,8.024557988730495,0.08124640453999452,2.8738518060389793,47.5,0.24643528086560776,10.392397717345643,44,187,receiving_yards,false,market_component_anchor_and_team_reconciliation
2026,1,CFP_15B4B84F,Dorian Fleming,CFF_MD,Maryland,TE,Hampton,True,2026-09-06T00:00Z,401858427,51.0,56.5,0.0,,MODELLED_ON_TEAM_RATES,CFBD/team roster,,6.188684526517021,week1-v1.0,2026-08-30T16:15:00+00:00,0.0,0.0,0.0,0.0,0.0,0.0,0.0,0.0,3.5803258484481004,42.38482770715086,0.4183584522473185,10.328959332647099,5,188,,false,team_reconciliation_and_current_weekly_role
2026,1,CFP_7D1D449E,Kaleb Webb,CFF_MD,Maryland,WR,Hampton,True,2026-09-06T00:00Z,401858427,51.0,56.5,0.0,,MODELLED_ON_TEAM_RATES,CFBD/team roster,,6.159105666300571,week1-v1.0,2026-08-30T16:15:00+00:00,0.0,0.0,0.0,0.0,0.0,0.0,0.0,0.0,3.5632136564553063,42.182249131901735,0.4163589051502946,10.279592000547247,45,189,,false,team_reconciliation_and_current_weekly_role
2026,1,CFP_D1CC9088,Nyziah Hunter,CFF_NEB,Nebraska,WR,Ohio,True,2026-09-05T16:00Z,401858430,35.5,47.5,0.0,,MODELLED_ON_TEAM_RATES,CFBD/team roster,,7.370185793398435,week1-v1.0,2026-08-30T16:15:00+00:00,0.0,0.0,0.0,0.0,0.0,0.2118790217638246,1.0687821238502944,0.012506930993710228,3.408238924365802,40.88562688000097,0.4320710806856771,10.271147894827253,46,190,,true,team_reconciliation_and_current_weekly_role
2026,1,CFP_76B3F393,Jeremiah Hasley,CFF_DUKE,Duke,TE,Tulane,True,2026-09-05T19:30Z,401858209,30.0,50.5,0.0,,MODELLED_ON_TEAM_RATES,CFBD/team roster,,5.3507567939704925,week1-v1.0,2026-08-30T16:15:00+00:00,0.0,0.0,0.0,0.0,0.0,0.0,0.0,0.0,3.5510432575729713,44.20838389533955,0.3713618205646912,10.200052570495073,6,191,,true,team_reconciliation_and_current_weekly_role
2026,1,CFP_EEF04654,Xavier Robinson,CFF_OU,Oklahoma,RB,UTEP,True,2026-09-05T00:00Z,401856664,46.0,50.5,0.0,,MEDIUM,CFBD/team roster,,7.865758446553044,week1-v1.0,2026-08-30T16:15:00+00:00,0.0,0.0,0.0,0.0,0.0,7.485216389294122,37.709467979418775,0.38891327104825896,1.3894847353099231,16.75631248535206,0.16802228683857365,10.177676129108002,79,192,,true,team_reconciliation_and_current_weekly_role
2026,1,CFP_F1713432,Zane Flores,CFF_ISU,Iowa State,QB,Southeast Missouri State,True,2026-09-05T17:00Z,401856779,41.5,53.5,0.5453598039701106,MEDIUM,HIGH,CFBD/team roster,,8.59583040681751,week1-v1.0,2026-08-30T16:15:00+00:00,13.989474993252244,8.267572086135933,100.92034186274982,0.9405963073717543,0.3469618046372244,3.4521015038728646,10.919681025430508,0.26189863494418764,0.0,0.0,0.0,10.115597011567962,62,193,,false,team_reconciliation_and_current_weekly_role
2026,1,CFP_8DDFE288,Jaivian Thomas,CFF_UCLA,UCLA,RB,California,False,2026-09-06T02:30Z,401858210,27.5,53.5,0.0,,MEDIUM,CFBD/team roster,,8.505571981800616,week1-v1.0,2026-08-30T16:15:00+00:00,0.0,0.0,0.0,0.0,0.0,9.703417082428786,47.18490648151786,0.38849606322178415,1.2659844993804794,11.654909310537539,0.10164165096399017,10.090792363700665,80,194,,true,team_reconciliation_and_current_weekly_role
2026,1,CFP_5120D106,Quincy Craig,CFF_ARIZ,Arizona,RB,Northern Arizona,True,2026-09-06T01:30Z,401856773,44.0,56.5,0.0,,MEDIUM,CFBD/team roster,,7.574983440165627,week1-v1.0,2026-08-30T16:15:00+00:00,0.0,0.0,0.0,0.0,0.0,3.688822109370675,19.746821215900415,0.17256771975315055,2.270897378860391,28.551667181790407,0.31896512510204056,10.04994328776062,81,195,,false,team_reconciliation_and_current_weekly_role
2026,1,CFP_F1005A06,Adam Mohammed,CFF_CAL,California,RB,UCLA,True,2026-09-06T02:30Z,401858210,26.0,53.5,0.0,,MEDIUM,CFBD/team roster,,7.7902140926798324,week1-v1.0,2026-08-30T16:15:00+00:00,0.0,0.0,0.0,0.0,0.0,13.435236580637344,56.5,0.4668311878396195,0.5905245550034791,6.7225304506817105,0.04209574750088257,9.966339212114663,82,196,rushing_yards,true,market_component_anchor_and_team_reconciliation
2026,1,CFP_C689C294,Micah Ford,CFF_STAN,Stanford,RB,Miami,True,2026-09-05T01:00Z,401858206,11.5,47.5,0.0,,MEDIUM,CFBD/team roster,,12.250430202752378,week1-v1.0,2026-08-30T16:15:00+00:00,0.0,0.0,0.0,0.0,0.0,14.361349634990448,50.5,0.3456959866488172,1.430328318287361,10.821507526787638,0.04623460450587735,9.914062617894293,83,197,rushing_yards,true,market_component_anchor_and_team_reconciliation
2026,1,CFP_C6D23C89,Joseph Himon II,CFF_NW,Northwestern,RB,South Dakota State,True,2026-09-06T00:00Z,401858431,29.5,46.5,0.0,,MEDIUM,CFBD/team roster,,8.495016461599603,week1-v1.0,2026-08-30T16:15:00+00:00,0.0,0.0,0.0,0.0,0.0,6.838648327411312,33.72400402104165,0.30213689010745476,1.6664136950939996,19.176419286111496,0.1806509918418916,9.853183317505392,84,198,,false,team_reconciliation_and_current_weekly_role
2026,1,CFP_9120DCF7,Nyck Harbor,CFF_SC,South Carolina,WR,Kent State,True,2026-09-05T16:45Z,401856665,45.0,53.5,0.0,,MODELLED_ON_TEAM_RATES,CFBD/team roster,,6.522847504337512,week1-v1.0,2026-08-30T16:15:00+00:00,0.0,0.0,0.0,0.0,0.0,0.29373583275492043,1.4652966624565893,0.015302882626169257,3.0491619382825608,41.83506184917101,0.383082027856068,9.769507252338745,47,199,,true,team_reconciliation_and_current_weekly_role
2026,1,CFP_981FD30F,AJ Hill,CFF_ARK,Arkansas,QB,North Alabama,True,2026-09-05T20:15Z,401856635,52.0,63.5,0.3787570554492525,MEDIUM,HIGH,CFBD/team roster,,7.962174834315161,week1-v1.0,2026-08-30T16:15:00+00:00,10.874707793646559,6.802178611033703,90.78028882211454,0.8458087377133735,0.2701602534441496,3.6854575045339217,13.813557832910275,0.2664480187788408,0.0,0.0,0.0,9.724330146257998,63,200,,false,team_reconciliation_and_current_weekly_role
2026,1,CFP_F05C9D89,Jaylen Raynor,CFF_ISU,Iowa State,QB,Southeast Missouri State,True,2026-09-05T17:00Z,401856779,41.5,53.5,0.44504109745412235,MEDIUM,HIGH,CFBD/team roster,,8.183094728175446,week1-v1.0,2026-08-30T16:15:00+00:00,11.643962419845893,7.339235096804173,87.93604479696752,0.782893429565105,0.2887892659493251,4.355126266388855,13.776127266561343,0.3304079045466051,0.0,0.0,0.0,9.72028639812556,64,201,,false,team_reconciliation_and_current_weekly_role
2026,1,CFP_24AD4EC7,Micah Welch,CFF_COLO,Colorado,RB,Georgia Tech,False,2026-09-04T00:00Z,401856776,22.0,50.5,0.0,,MEDIUM,CFBD/team roster,,10.995768452603881,week1-v1.0,2026-08-30T16:15:00+00:00,0.0,0.0,0.0,0.0,0.0,11.2326067042271,44.400517058675156,0.4290147879093341,1.2726979096079651,8.206107285471639,0.09951920105748394,9.704564277823554,85,202,,false,team_reconciliation_and_current_weekly_role
2026,1,CFP_A9ACC910,Mason Mini,CFF_CAL,California,TE,UCLA,True,2026-09-06T02:30Z,401858210,26.0,53.5,0.0,,MODELLED_ON_TEAM_RATES,CFBD/team roster,,6.03726392024983,week1-v1.0,2026-08-30T16:15:00+00:00,0.0,0.0,0.0,0.0,0.0,0.0977149369513723,0.4125895683127914,0.004905642551935302,3.737074909453797,42.542853912541766,0.2663986796947398,9.660445191019305,7,203,,true,team_reconciliation_and_current_weekly_role
2026,1,CFP_5CBA102B,Hank Brown,CFF_IOWA,Iowa,QB,Northern Illinois,True,2026-09-05T20:15Z,401858426,38.5,45.5,0.5460813377179851,MEDIUM,HIGH,CFBD/team roster,,8.112214277706917,week1-v1.0,2026-08-30T16:15:00+00:00,9.543185405774889,5.9950320970785995,70.63775532559153,0.7828252393133583,0.25273208057472024,4.510784130218189,15.619745259230577,0.38730929898404937,0.0,0.0,0.0,9.589909409529728,65,204,,false,team_reconciliation_and_current_weekly_role
2026,1,CFP_6DB66AAC,John Hebert,CFF_HOU,Houston,RB,Oregon State,True,2026-09-05T16:00Z,401856778,36.0,51.5,0.0,,MEDIUM,CFBD/team roster,,7.633386994893999,week1-v1.0,2026-08-30T16:15:00+00:00,0.0,0.0,0.0,0.0,0.0,9.056151765445295,48.88517671131919,0.4362840526309838,0.8596497547170415,7.484428176295211,0.06939189082181774,9.53066590419529,86,205,,false,team_reconciliation_and_current_weekly_role
2026,1,CFP_A15AACC7,Harlem Berry,CFF_LSU,LSU,RB,Clemson,True,2026-09-05T23:30Z,401856660,31.0,51.5,0.0,,MEDIUM,CFBD/team roster,,8.51061974072588,week1-v1.0,2026-08-30T16:15:00+00:00,0.0,0.0,0.0,0.0,0.0,9.470371619593651,44.552084991080264,0.4542905868190089,0.9209577819525013,8.832179525535297,0.0905061491049309,9.528164649157697,87,206,,true,team_reconciliation_and_current_weekly_role
2026,1,CFP_E3B2D893,Decker DeGraaf,CFF_WASH,Washington,TE,Washington State,True,2026-09-06T20:00Z,401858437,37.0,50.5,0.0,,MODELLED_ON_TEAM_RATES,CFBD/team roster,,5.449639597742746,week1-v1.0,2026-08-30T16:15:00+00:00,0.0,0.0,0.0,0.0,0.0,0.0,0.0,0.0,3.0549442860294143,39.31175467803087,0.421200112702965,9.513320430050292,8,207,,false,team_reconciliation_and_current_weekly_role
2026,1,CFP_28A6E154,London Humphreys,CFF_UGA,Georgia,WR,Tennessee State,True,2026-09-05T19:00Z,401856658,51.5,56.5,0.0,,MODELLED_ON_TEAM_RATES,CFBD/team roster,,4.535466310024546,week1-v1.0,2026-08-30T16:15:00+00:00,0.0,0.0,0.0,0.0,0.0,0.8384573046245042,4.302644509994023,0.05048558982919589,2.342270177064677,44.5,0.31328986468503933,9.405187355149492,48,208,receiving_yards,false,market_component_anchor_and_team_reconciliation
2026,1,CFP_2A6A4DD6,Kaelan Chudzinski,CFF_BC,Boston College,TE,Cincinnati,False,2026-09-05T19:30Z,401856777,22.0,51.5,0.0,,MODELLED_ON_TEAM_RATES,CFBD/team roster,,5.260406009062884,week1-v1.0,2026-08-30T16:15:00+00:00,0.0,0.0,0.0,0.0,0.0,0.0,0.0,0.0,3.661341811872588,41.770641258927334,0.2528551431417109,9.355536796615587,9,209,,false,team_reconciliation_and_current_weekly_role
2026,1,CFP_7A981E8F,Antwan Roberts,CFF_ARIZ,Arizona,RB,Northern Arizona,True,2026-09-06T01:30Z,401856773,44.0,56.5,0.0,,MEDIUM,CFBD/team roster,,7.121483366149065,week1-v1.0,2026-08-30T16:15:00+00:00,0.0,0.0,0.0,0.0,0.0,9.808652911586266,52.94223712861744,0.4775654995395763,0.37759057072999186,4.747392113277787,0.053035520121425525,9.330159612885526,88,210,,false,team_reconciliation_and_current_weekly_role
2026,1,CFP_DC2F8E3A,Darrion Dupree,CFF_WISC,Wisconsin,RB,Notre Dame,False,2026-09-06T23:30Z,401858438,13.5,47.5,0.0,,MEDIUM,CFBD/team roster,,11.493360397054333,week1-v1.0,2026-08-30T16:15:00+00:00,0.0,0.0,0.0,0.0,0.0,11.597198876778851,45.08228166443166,0.3506249313498105,1.2716378209773407,11.834567817096433,0.042879259662469096,9.324347915203829,89,211,,false,team_reconciliation_and_current_weekly_role
2026,1,CFP_44C41317,Dre'lon Miller,CFF_BAY,Baylor,WR,Auburn,False,2026-09-05T19:30Z,401856636,25.75,58.5,0.0,,MODELLED_ON_TEAM_RATES,CFBD/team roster,,3.4450349781820377,week1-v1.0,2026-08-30T16:15:00+00:00,0.0,0.0,0.0,0.0,0.0,0.34357719889491534,1.5773061398127277,0.014036074115994572,3.5,43.5,0.19587031086279805,9.267168923854028,49,212,receiving_yards|receptions,true,market_component_anchor_and_team_reconciliation
2026,1,CFP_F75CCD07,Jalen Smith,CFF_MINN,Minnesota,WR,Eastern Illinois,True,2026-09-04T00:00Z,401858422,47.5,51.5,0.0,,MODELLED_ON_TEAM_RATES,CFBD/team roster,,5.366666215108336,week1-v1.0,2026-08-30T16:15:00+00:00,0.0,0.0,0.0,0.0,0.0,0.0,0.0,0.0,3.190664978653707,35.920537507126795,0.409148172058619,9.2376077617181,50,213,,false,team_reconciliation_and_current_weekly_role
2026,1,CFP_3ED225F9,Evan Dickens,CFF_BC,Boston College,RB,Cincinnati,False,2026-09-05T19:30Z,401856777,22.0,51.5,0.0,,MEDIUM,CFBD/team roster,,9.878845484137187,week1-v1.0,2026-08-30T16:15:00+00:00,0.0,0.0,0.0,0.0,0.0,10.141147185797038,46.26757189206213,0.4411076007106994,0.7661947061562067,8.741179012994563,0.05291400859415052,9.231199452490976,90,214,,true,team_reconciliation_and_current_weekly_role
2026,1,CFP_DB7485FA,Jordan Washington,CFF_WASH,Washington,RB,Washington State,True,2026-09-06T20:00Z,401858437,37.0,50.5,0.0,,MEDIUM,CFBD/team roster,,7.386941625318964,week1-v1.0,2026-08-30T16:15:00+00:00,0.0,0.0,0.0,0.0,0.0,10.247691387724869,57.95258998909029,0.5704945165879965,0.0,0.0,0.0,9.21822609843701,91,215,,false,team_reconciliation_and_current_weekly_role
2026,1,CFP_6EF059E4,Anthony Colandrea,CFF_NEB,Nebraska,QB,Ohio,True,2026-09-05T16:00Z,401858430,35.5,47.5,0.43712255686222407,MEDIUM,HIGH,CFBD/team roster,,8.037793819258885,week1-v1.0,2026-08-30T16:15:00+00:00,10.85684738492709,7.359696175640076,88.33148684482558,0.9143454282295231,0.25338967718386407,3.088036554620939,9.246782509551648,0.22265050111527357,0.0,0.0,0.0,9.197832767174058,66,216,,true,team_reconciliation_and_current_weekly_role
2026,1,CFP_EE1A82F5,CJ Baxter,CFF_UK,Kentucky,RB,Youngstown State,True,2026-09-05T17:00Z,401856659,43.0,62.5,0.0,,MEDIUM,CFBD/team roster,,6.731816791267451,week1-v1.0,2026-08-30T16:15:00+00:00,0.0,0.0,0.0,0.0,0.0,9.994787423101224,50.41048062788964,0.45250517083711217,0.46618029769570185,5.925695126444366,0.057809179267158256,9.161683973754725,92,217,,false,team_reconciliation_and_current_weekly_role
2026,1,CFP_CFB9E8E0,Makhilyn Young,CFF_VAN,Vanderbilt,RB,Austin Peay,True,2026-09-05T23:00Z,401856669,46.0,61.5,0.0,,MEDIUM,CFBD/team roster,,6.791210982269084,week1-v1.0,2026-08-30T16:15:00+00:00,0.0,0.0,0.0,0.0,0.0,5.440725919345005,35.1818973365414,0.3653747332242641,1.0714656850487756,14.223830118610469,0.1557114576549187,9.13855557583906,93,218,,false,team_reconciliation_and_current_weekly_role
2026,1,CFP_0E9C3C0A,Jayce Brown,CFF_LSU,LSU,WR,Clemson,True,2026-09-05T23:30Z,401856660,31.0,51.5,0.0,,MODELLED_ON_TEAM_RATES,CFBD/team roster,,2.6285993345290346,week1-v1.0,2026-08-30T16:15:00+00:00,0.0,0.0,0.0,0.0,0.0,0.22369735420777392,1.0699411635467535,0.012010506059802084,3.5,47.5,0.11811881666994367,9.137770052733151,51,219,receiving_yards|receptions,true,market_component_anchor_and_team_reconciliation
2026,1,CFP_29233E1C,Dylan Raiola,CFF_ORE,Oregon,QB,Boise State,True,2026-09-05T19:30Z,401858433,38.0,51.5,0.39481063570091207,MEDIUM,HIGH,CFBD/team roster,,8.282126213371635,week1-v1.0,2026-08-30T16:15:00+00:00,10.15034736122287,7.16481029728494,90.63070663307425,0.9444410804076884,0.2198285317926542,2.6384501584019837,8.819683631737089,0.17751677144207836,0.0,0.0,0.0,9.130233046987248,67,220,,false,team_reconciliation_and_current_weekly_role
2026,1,CFP_537912A0,Bryant Wesco Jr.,CFF_CLEM,Clemson,WR,LSU,False,2026-09-05T23:30Z,401856660,20.5,51.5,0.0,,MODELLED_ON_TEAM_RATES,CFBD/team roster,,5.410082033070148,week1-v1.0,2026-08-30T16:15:00+00:00,0.0,0.0,0.0,0.0,0.0,0.14111164509399227,0.6565687641570127,0.005432629583402013,3.5,51.5,0.06324127457474127,9.12770030136456,52,221,receiving_yards|receptions,true,market_component_anchor_and_team_reconciliation
2026,1,CFP_4522D64E,La'Vell Wright,CFF_PITT,Pitt,RB,Miami (OH),True,2026-09-05T16:30Z,401858207,33.0,49.5,0.0,,MEDIUM,CFBD/team roster,,7.51962257873095,week1-v1.0,2026-08-30T16:15:00+00:00,0.0,0.0,0.0,0.0,0.0,9.046230339233844,43.76467655283827,0.5029773603048607,0.5779569159821261,7.144873086735703,0.07189145855476643,9.118124793097287,94,222,,true,team_reconciliation_and_current_weekly_role
2026,1,CFP_32BA23EC,Garrett Oakley,CFF_KSU,Kansas State,TE,Nicholls,True,2026-09-05T23:00Z,401856771,48.0,55.5,0.0,,MODELLED_ON_TEAM_RATES,CFBD/team roster,,6.2016187906283,week1-v1.0,2026-08-30T16:15:00+00:00,0.0,0.0,0.0,0.0,0.0,0.0,0.0,0.0,2.8887848741222664,36.890450678819384,0.4233430173970432,9.117888046386465,10,223,,false,team_reconciliation_and_current_weekly_role
2026,1,CFP_E01257F5,Brandon Inniss,CFF_OSU,Ohio State,WR,Ball State,True,2026-09-05T16:30Z,401858432,53.5,56.5,0.0,,MODELLED_ON_TEAM_RATES,CFBD/team roster,,5.887638936753518,week1-v1.0,2026-08-30T16:15:00+00:00,0.0,0.0,0.0,0.0,0.0,0.2932933101982024,1.5473465208902004,0.018980897667365926,3.392191639664645,31.5,0.3743793686599013,9.05708788971727,53,224,receiving_yards,true,market_component_anchor_and_team_reconciliation
2026,1,CFP_83C508EC,Jeremiah McClellan,CFF_ORE,Oregon,WR,Boise State,True,2026-09-05T19:30Z,401858433,38.0,51.5,0.0,,MODELLED_ON_TEAM_RATES,CFBD/team roster,,7.495288107556664,week1-v1.0,2026-08-30T16:15:00+00:00,0.0,0.0,0.0,0.0,0.0,0.0,0.0,0.0,2.5,33.5,0.5274966425191894,9.014979855115136,54,225,receiving_yards|receptions,true,market_component_anchor_and_team_reconciliation
2026,1,CFP_3947F89C,Cole Tabb,CFF_CIN,Cincinnati,RB,Boston College,True,2026-09-05T19:30Z,401856777,29.5,51.5,0.0,,MEDIUM,CFBD/team roster,,7.551824333176057,week1-v1.0,2026-08-30T16:15:00+00:00,0.0,0.0,0.0,0.0,0.0,7.868987938692077,45.66758110497208,0.3833639146060582,0.7419636417380492,9.072264251131054,0.07945721127307814,8.992874932623181,95,226,,true,team_reconciliation_and_current_weekly_role
2026,1,CFP_06A069C3,Bryson Kuzdzal,CFF_MICH,Michigan,RB,Western Michigan,True,2026-09-05T23:30Z,401858428,38.0,48.5,0.0,,MEDIUM,CFBD/team roster,,7.049337508921862,week1-v1.0,2026-08-30T16:15:00+00:00,0.0,0.0,0.0,0.0,0.0,8.36180637738153,47.51931736089876,0.5221664093769071,0.4335953453365493,4.175752996736182,0.037958238286610324,8.963850267081149,96,227,,false,team_reconciliation_and_current_weekly_role
2026,1,CFP_B3FC59E6,Faizon Brandon,CFF_TENN,Tennessee,QB,Furman,True,2026-09-05T19:30Z,401856666,56.5,66.5,0.32251881743873506,LOW,HIGH,CFBD/team roster,,7.081344244593402,week1-v1.0,2026-08-30T16:15:00+00:00,9.69036248356023,6.286639556348144,81.18365390103835,0.7978724899540238,0.22348872991243762,3.3053978329973592,11.07066043268375,0.23415249667316762,0.0,0.0,0.0,8.727328409252573,68,228,,false,team_reconciliation_and_current_weekly_role
2026,1,CFP_606AA1CC,Tre Spivey,CFF_ARIZ,Arizona,WR,Northern Arizona,True,2026-09-06T01:30Z,401856773,44.0,56.5,0.0,,MODELLED_ON_TEAM_RATES,CFBD/team roster,,5.329743451644596,week1-v1.0,2026-08-30T16:15:00+00:00,0.0,0.0,0.0,0.0,0.0,0.1651035327332937,0.8695410701539225,0.008323188936255567,2.7630622088797105,34.73958503140538,0.3880934873253992,8.70247487660557,55,229,,false,team_reconciliation_and_current_weekly_role
2026,1,CFP_7FCB80A1,Chris Hunter,CFF_ARIZ,Arizona,WR,Northern Arizona,True,2026-09-06T01:30Z,401856773,44.0,56.5,0.0,,MODELLED_ON_TEAM_RATES,CFBD/team roster,,5.308463308727847,week1-v1.0,2026-08-30T16:15:00+00:00,0.0,0.0,0.0,0.0,0.0,0.0,0.0,0.0,2.8071381189834956,35.29374513028633,0.3942842902701343,8.702218373632935,56,230,,false,team_reconciliation_and_current_weekly_role
2026,1,CFP_09EB6D4B,Andrew Rappleyea,CFF_PSU,Penn State,TE,Marshall,True,2026-09-05T19:30Z,401858434,39.5,54.5,0.0,,MODELLED_ON_TEAM_RATES,CFBD/team roster,,4.759734629709823,week1-v1.0,2026-08-30T16:15:00+00:00,0.0,0.0,0.0,0.0,0.0,0.0,0.0,0.0,2.790860447747943,36.19059384252422,0.3744416971429998,8.656570014858364,11,231,,true,team_reconciliation_and_current_weekly_role
2026,1,CFP_A230687E,T.J. Moore,CFF_CLEM,Clemson,WR,LSU,False,2026-09-05T23:30Z,401856660,20.5,51.5,0.0,,MODELLED_ON_TEAM_RATES,CFBD/team roster,,8.623695049534676,week1-v1.0,2026-08-30T16:15:00+00:00,0.0,0.0,0.0,0.0,0.0,0.28222329018798453,1.3131375283140254,0.010865259166804026,3.5,43.5,0.10021431700721152,8.647791209875496,57,232,receiving_yards|receptions,true,market_component_anchor_and_team_reconciliation
2026,1,CFP_CF7C9E81,Michael Turner,CFF_BAY,Baylor,RB,Auburn,False,2026-09-05T19:30Z,401856636,25.75,58.5,0.0,,MEDIUM,CFBD/team roster,,8.610943897549744,week1-v1.0,2026-08-30T16:15:00+00:00,0.0,0.0,0.0,0.0,0.0,8.658771262899519,39.64528918879244,0.32711290901655726,0.9206599836621846,11.42246615097797,0.10760968725447995,8.635771095265449,97,233,,true,team_reconciliation_and_current_weekly_role
2026,1,CFP_AD0C803B,Ashten Emory,CFF_CAL,California,RB,UCLA,True,2026-09-06T02:30Z,401858210,26.0,53.5,0.0,,MEDIUM,CFBD/team roster,,8.116474169565619,week1-v1.0,2026-08-30T16:15:00+00:00,0.0,0.0,0.0,0.0,0.0,9.207564009159848,38.39975312204928,0.4429658500847005,0.8296929789904879,9.4452233505303,0.059144951468839205,8.626855435569686,98,234,,true,team_reconciliation_and_current_weekly_role
2026,1,CFP_57F0AC72,Jaden Platt,CFF_ARK,Arkansas,TE,North Alabama,True,2026-09-05T20:15Z,401856635,52.0,63.5,0.0,,MODELLED_ON_TEAM_RATES,CFBD/team roster,,4.690501370626699,week1-v1.0,2026-08-30T16:15:00+00:00,0.0,0.0,0.0,0.0,0.0,0.0,0.0,0.0,2.7665438271078044,37.64416527400654,0.3437495224179299,8.593457489016037,12,235,,false,team_reconciliation_and_current_weekly_role
2026,1,CFP_3A0B5C88,Derek Eusebio,CFF_ASU,Arizona State,WR,Morgan State,True,2026-09-06T02:00Z,401856774,47.0,52.5,0.0,,MODELLED_ON_TEAM_RATES,CFBD/team roster,,5.175668890529274,week1-v1.0,2026-08-30T16:15:00+00:00,0.0,0.0,0.0,0.0,0.0,0.35436960049791877,2.070223435378682,0.020207263737697826,2.6601722598336566,33.78856188312187,0.3657797346786657,8.561972782181893,58,236,,false,team_reconciliation_and_current_weekly_role
2026,1,CFP_5EB42C89,Jojo Phillips,CFF_BYU,BYU,WR,Utah Tech,True,2026-09-06T00:00Z,401856775,52.5,54.5,0.0,,MODELLED_ON_TEAM_RATES,CFBD/team roster,,4.622993156274868,week1-v1.0,2026-08-30T16:15:00+00:00,0.0,0.0,0.0,0.0,0.0,0.0,0.0,0.0,2.7735039374954575,36.902308267014234,0.33289146432302136,8.461083550135008,59,237,,false,team_reconciliation_and_current_weekly_role
2026,1,CFP_AEA95E62,Steve Angeli,CFF_SYR,Syracuse,QB,New Hampshire,True,2026-09-05T16:00Z,401858208,44.5,55.5,0.32937737240997683,LOW,HIGH,CFBD/team roster,,7.127824329444678,week1-v1.0,2026-08-30T16:15:00+00:00,10.396588002112882,6.5351651986682375,85.45448162134505,0.8356340031279116,0.28412999682676465,2.906330191455055,8.03635967024235,0.19252040370780846,0.0,0.0,0.0,8.43534366980977,69,238,,false,team_reconciliation_and_current_weekly_role
2026,1,CFP_D4EFCF94,Jamari Johnson,CFF_ORE,Oregon,TE,Boise State,True,2026-09-05T19:30Z,401858433,38.0,51.5,0.0,,MODELLED_ON_TEAM_RATES,CFBD/team roster,,4.758852385035054,week1-v1.0,2026-08-30T16:15:00+00:00,0.0,0.0,0.0,0.0,0.0,0.0,0.0,0.0,2.819090865577002,35.65519257684096,0.33491423135817733,8.394095511410162,13,239,,true,team_reconciliation_and_current_weekly_role
2026,1,CFP_AFB31592,AJ Swann,CFF_MSST,Mississippi State,QB,UL Monroe,True,2026-09-05T23:30Z,401856662,42.5,56.5,0.512180665947038,MEDIUM,HIGH,CFBD/team roster,,7.194629857549064,week1-v1.0,2026-08-30T16:15:00+00:00,13.280282681535798,8.02197841994219,102.79164573294365,1.0640493563399664,0.3557289887885635,0.4894823973882385,1.3796587318792015,0.03435140314956323,0.0,0.0,0.0,8.356208557974348,70,240,,false,team_reconciliation_and_current_weekly_role
2026,1,CFP_63CB2692,Jackson Harris,CFF_LSU,LSU,WR,Clemson,True,2026-09-05T23:30Z,401856660,31.0,51.5,0.0,,MODELLED_ON_TEAM_RATES,CFBD/team roster,,1.9218398878222949,week1-v1.0,2026-08-30T16:15:00+00:00,0.0,0.0,0.0,0.0,0.0,0.0,0.0,0.0,3.5,42.5,0.09170596576356072,8.300235794581365,60,241,receiving_yards|receptions,true,market_component_anchor_and_team_reconciliation
2026,1,CFP_88B6743A,Derrick McFall,CFF_SMU,SMU,WR,Florida State,False,2026-09-07T23:30Z,401858212,28.25,53.5,0.0,,MODELLED_ON_TEAM_RATES,CFBD/team roster,,6.247135318148843,week1-v1.0,2026-08-30T16:15:00+00:00,0.0,0.0,0.0,0.0,0.0,3.4444100688797175,16.9848474487498,0.16964284356253584,2.204028500326883,24.618428777375513,0.1529205289118248,8.299736357785578,61,242,,false,team_reconciliation_and_current_weekly_role
2026,1,CFP_B2E5A690,Emmett Mosley V,CFF_TEX,Texas,WR,Texas State,True,2026-09-05T19:30Z,401856667,45.0,59.5,0.0,,MODELLED_ON_TEAM_RATES,CFBD/team roster,,5.234485740466092,week1-v1.0,2026-08-30T16:15:00+00:00,0.0,0.0,0.0,0.0,0.0,0.0,0.0,0.0,2.7043553306636823,30.463625304822735,0.41935939592997573,8.26687423672581,62,243,,false,team_reconciliation_and_current_weekly_role
2026,1,CFP_2763DBF3,Braden Pegan,CFF_UTAH,Utah,WR,Idaho,True,2026-09-04T01:00Z,401856768,45.0,56.5,0.0,,MODELLED_ON_TEAM_RATES,CFBD/team roster,,3.113757043058484,week1-v1.0,2026-08-30T16:15:00+00:00,0.0,0.0,0.0,0.0,0.0,0.15430622823905277,0.9869443104472366,0.008722995491923603,1.5707476684748753,49.5,0.25368792664894685,8.193907632364821,63,244,receiving_yards,false,market_component_anchor_and_team_reconciliation
2026,1,CFP_2DC2937E,Takye Heath,CFF_VT,Virginia Tech,WR,VMI,True,2026-09-05T23:30Z,401858211,54.5,57.5,0.0,,MODELLED_ON_TEAM_RATES,CFBD/team roster,,5.30134057897346,week1-v1.0,2026-08-30T16:15:00+00:00,0.0,0.0,0.0,0.0,0.0,0.10150088199256173,0.5688290604113406,0.00601131991841176,2.716088995842204,33.6439727712421,0.33535365946161033,8.18555905528768,64,245,,false,team_reconciliation_and_current_weekly_role
2026,1,CFP_18B21296,Javin Gordon,CFF_TENN,Tennessee,RB,Furman,True,2026-09-05T19:30Z,401856666,56.5,66.5,0.0,,MEDIUM,CFBD/team roster,,6.024662810811101,week1-v1.0,2026-08-30T16:15:00+00:00,0.0,0.0,0.0,0.0,0.0,7.899753738005227,42.05616950925495,0.4416141651473144,0.4095224296429133,5.350293813908899,0.05241351549887877,8.114334845836458,99,246,,false,team_reconciliation_and_current_weekly_role
2026,1,CFP_693BEDD5,Waden Charles,CFF_UCF,UCF,WR,Bethune-Cookman,True,2026-09-03T23:00Z,401856767,50.5,58.5,0.0,,MODELLED_ON_TEAM_RATES,CFBD/team roster,,5.098838513768629,week1-v1.0,2026-08-30T16:15:00+00:00,0.0,0.0,0.0,0.0,0.0,0.15427416989311912,0.9262474502812601,0.0091951177156801,2.5372196106366562,33.464834728850555,0.33141862847369286,8.020010305686075,65,247,,false,team_reconciliation_and_current_weekly_role
2026,1,CFP_F158845A,Tanook Hines,CFF_USC,USC,WR,Fresno State,True,2026-09-05T01:00Z,401858436,37.5,51.5,0.0,,MODELLED_ON_TEAM_RATES,CFBD/team roster,,6.72494657795707,week1-v1.0,2026-08-30T16:15:00+00:00,0.0,0.0,0.0,0.0,0.0,0.0,0.0,0.0,4.11768595420341,19.656028432034848,0.3213536014440178,8.011410406071002,66,248,,true,team_reconciliation_and_current_weekly_role
2026,1,CFP_91948DC8,Caden High,CFF_STAN,Stanford,WR,Miami,True,2026-09-05T01:00Z,401858206,11.5,47.5,0.0,,MODELLED_ON_TEAM_RATES,CFBD/team roster,,7.264095771090486,week1-v1.0,2026-08-30T16:15:00+00:00,0.0,0.0,0.0,0.0,0.0,0.35991655371966824,1.3149545433172496,0.010808014288286661,3.9953731372798913,30.227997253923583,0.12914831825236225,7.989406312247868,67,249,,false,team_reconciliation_and_current_weekly_role
2026,1,CFP_72D48E4B,Grayson Wilson,CFF_BC,Boston College,QB,Cincinnati,False,2026-09-05T19:30Z,401856777,22.0,51.5,0.4290955773313281,MEDIUM,HIGH,CFBD/team roster,,9.04937979619771,week1-v1.0,2026-08-30T16:15:00+00:00,14.077586714449755,8.91709478543467,101.73121945250523,0.6158215742293964,0.34128278937760903,3.2718048659046386,8.445072838397035,0.15551131801647194,0.0,0.0,0.0,7.968827477578722,71,250,,false,team_reconciliation_and_current_weekly_role
2026,1,CFP_A10A79F1,Samuel Singleton Jr.,CFF_FSU,Florida State,RB,SMU,True,2026-09-07T23:30Z,401858212,25.25,53.5,0.0,,MEDIUM,CFBD/team roster,,7.790916410376806,week1-v1.0,2026-08-30T16:15:00+00:00,0.0,0.0,0.0,0.0,0.0,8.84740019299109,43.871386500991285,0.45783974759215934,0.3059597030211502,3.5579914953178275,0.026236309467709704,7.953353845011276,100,251,,false,team_reconciliation_and_current_weekly_role
2026,1,CFP_AAF2E2A6,Gideon Davidson,CFF_CLEM,Clemson,RB,LSU,False,2026-09-05T23:30Z,401856660,20.5,51.5,0.0,,MEDIUM,CFBD/team roster,,9.103500361192479,week1-v1.0,2026-08-30T16:15:00+00:00,0.0,0.0,0.0,0.0,0.0,9.226604954147247,42.0,0.2568162404950961,1.0262686691024054,9.621808303751056,0.028036067389590934,7.897563346785634,101,252,rushing_yards,true,market_component_anchor_and_team_reconciliation
2026,1,CFP_11054CDF,Isaiah Johnson,CFF_CIN,Cincinnati,WR,Boston College,True,2026-09-05T19:30Z,401856777,29.5,51.5,0.0,,MODELLED_ON_TEAM_RATES,CFBD/team roster,,3.7394654701959134,week1-v1.0,2026-08-30T16:15:00+00:00,0.0,0.0,0.0,0.0,0.0,0.24265453093825673,1.4849220023387548,0.01274449337473345,2.649372214030641,32.39485531795907,0.2837224304659079,7.816151489104271,68,253,,true,team_reconciliation_and_current_weekly_role
2026,1,CFP_DB169631,Davis Warren,CFF_STAN,Stanford,QB,Miami,True,2026-09-05T01:00Z,401858206,11.5,47.5,0.0,LOW,HIGH,CFBD/team roster,,0.3627307826116557,week1-v1.0,2026-08-30T16:15:00+00:00,25.062434843624377,15.468157817869269,161.5,0.5,0.7529504712556804,0.14432499830244092,0.31300946291241316,0.0052937581863071554,0.0,0.0,0.0,7.770113024153406,72,254,passing_touchdowns|passing_yards,true,market_component_anchor_and_team_reconciliation
2026,1,CFP_160BCDBF,Chris Johnson Jr.,CFF_CLEM,Clemson,RB,LSU,False,2026-09-05T23:30Z,401856660,20.5,51.5,0.0,,MEDIUM,CFBD/team roster,,9.681287189064493,week1-v1.0,2026-08-30T16:15:00+00:00,0.0,0.0,0.0,0.0,0.0,9.17580575454932,45.443960539395135,0.3672399895557866,0.4655651795765923,4.364918315888309,0.012718518202716274,7.726204111655955,102,255,,true,team_reconciliation_and_current_weekly_role
2026,1,CFP_EEE8D1AE,Andre Devine,CFF_WVU,West Virginia,RB,Coastal Carolina,True,2026-09-05T16:00Z,401856780,39.0,56.5,0.0,,MEDIUM,CFBD/team roster,,5.763629104790145,week1-v1.0,2026-08-30T16:15:00+00:00,0.0,0.0,0.0,0.0,0.0,8.085437625494047,43.66958424040254,0.4406593789854668,0.2334558887286309,2.993226272249049,0.02813540293861886,7.712505631538305,103,256,,false,team_reconciliation_and_current_weekly_role
2026,1,CFP_F39D07FC,Aidan Laughery,CFF_ILL,Illinois,RB,UAB,True,2026-09-04T01:00Z,401858424,42.0,55.5,0.0,,MEDIUM,CFBD/team roster,,5.7726126795321795,week1-v1.0,2026-08-30T16:15:00+00:00,0.0,0.0,0.0,0.0,0.0,6.441974274523332,31.93840672045984,0.36172575839229304,0.7468908261361789,9.777914150384682,0.0995409265455207,7.6861230228475135,104,257,,true,team_reconciliation_and_current_weekly_role
2026,1,CFP_0F0A1980,Brett Norfleet,CFF_MIZ,Missouri,TE,Arkansas-Pine Bluff,True,2026-09-04T00:00Z,401856663,57.5,60.5,0.0,,MODELLED_ON_TEAM_RATES,CFBD/team roster,,4.42507690946717,week1-v1.0,2026-08-30T16:15:00+00:00,0.0,0.0,0.0,0.0,0.0,0.0,0.0,0.0,2.6785936218563884,26.301917903857873,0.3899065177601435,7.648224518803037,14,258,,false,team_reconciliation_and_current_weekly_role
2026,1,CFP_0A6E8C4D,Brady Hunt,CFF_SC,South Carolina,TE,Kent State,True,2026-09-05T16:45Z,401856665,45.0,53.5,0.0,,MODELLED_ON_TEAM_RATES,CFBD/team roster,,5.098530902466216,week1-v1.0,2026-08-30T16:15:00+00:00,0.0,0.0,0.0,0.0,0.0,0.6736578130266478,3.3605315899247143,0.0350958422275635,2.2495244075686522,30.86388805406026,0.2826194177959931,7.578257932108489,15,259,,true,team_reconciliation_and_current_weekly_role
2026,1,CFP_DB12CD8B,Daniel Bray,CFF_UTAH,Utah,RB,Idaho,True,2026-09-04T01:00Z,401856768,45.0,56.5,0.0,,MEDIUM,CFBD/team roster,,4.057471389788905,week1-v1.0,2026-08-30T16:15:00+00:00,0.0,0.0,0.0,0.0,0.0,6.455548352579549,42.5,0.1417325421521648,0.8925669747382396,6.740738804950525,0.1441564865962994,7.531975027724078,105,260,rushing_yards,false,market_component_anchor_and_team_reconciliation
2026,1,CFP_B26D1F69,Giovanni Richardson,CFF_ARIZ,Arizona,WR,Northern Arizona,True,2026-09-06T01:30Z,401856773,44.0,56.5,0.0,,MODELLED_ON_TEAM_RATES,CFBD/team roster,,4.580789797444352,week1-v1.0,2026-08-30T16:15:00+00:00,0.0,0.0,0.0,0.0,0.0,0.08255176636664685,0.43477053507696123,0.004161594468127783,2.394676781241847,30.10792786254816,0.33635090084566743,7.492021592887131,69,261,,false,team_reconciliation_and_current_weekly_role
2026,1,CFP_0189370B,Jayden Sellers,CFF_SC,South Carolina,WR,Kent State,True,2026-09-05T16:45Z,401856665,45.0,53.5,0.0,,MODELLED_ON_TEAM_RATES,CFBD/team roster,,5.075785718545731,week1-v1.0,2026-08-30T16:15:00+00:00,0.0,0.0,0.0,0.0,0.0,1.12276302171108,5.600885983207857,0.05849307037927251,2.1032349571171225,28.85676992409696,0.26424031545009186,7.4854008628237905,70,262,,false,team_reconciliation_and_current_weekly_role
2026,1,CFP_0E964C7A,Cataurus Hicks,CFF_PITT,Pitt,WR,Miami (OH),True,2026-09-05T16:30Z,401858207,33.0,49.5,0.0,,MODELLED_ON_TEAM_RATES,CFBD/team roster,,3.88628676865563,week1-v1.0,2026-08-30T16:15:00+00:00,0.0,0.0,0.0,0.0,0.0,0.6534004434327607,3.123726475857166,0.0303482944676874,2.3392105944808206,28.91800817421123,0.29097196841777945,7.471305636800461,71,263,,true,team_reconciliation_and_current_weekly_role
2026,1,CFP_97DA1B5A,Cayden Lee,CFF_MIZ,Missouri,WR,Arkansas-Pine Bluff,True,2026-09-04T00:00Z,401856663,57.5,60.5,0.0,,MODELLED_ON_TEAM_RATES,CFBD/team roster,,1.958746355887171,week1-v1.0,2026-08-30T16:15:00+00:00,0.0,0.0,0.0,0.0,0.0,0.0,0.0,0.0,1.1856710296919064,52.5,0.17259089196063238,7.471216381455701,72,264,receiving_yards,false,market_component_anchor_and_team_reconciliation
2026,1,CFP_BA97C242,Trent Mosley,CFF_USC,USC,WR,Fresno State,True,2026-09-05T01:00Z,401858436,37.5,51.5,0.0,,MODELLED_ON_TEAM_RATES,CFBD/team roster,,1.9102530205783406,week1-v1.0,2026-08-30T16:15:00+00:00,0.0,0.0,0.0,0.0,0.0,0.0,0.0,0.0,1.16964825528764,57.5,0.09128201699687641,7.467340357268899,73,265,receiving_yards,true,market_component_anchor_and_team_reconciliation
2026,1,CFP_76476C46,L.J. Phillips Jr.,CFF_IOWA,Iowa,RB,Northern Illinois,True,2026-09-05T20:15Z,401858426,38.5,45.5,0.0,,MEDIUM,CFBD/team roster,,5.908238426821282,week1-v1.0,2026-08-30T16:15:00+00:00,0.0,0.0,0.0,0.0,0.0,6.774386636637207,39.522125855861155,0.47769746036298494,0.20449094652983932,2.4655335738656614,0.02652232832782169,7.4285756216473615,106,266,,true,team_reconciliation_and_current_weekly_role
2026,1,CFP_718B5004,Cam Coleman,CFF_TEX,Texas,WR,Texas State,True,2026-09-05T19:30Z,401856667,45.0,59.5,0.0,,MODELLED_ON_TEAM_RATES,CFBD/team roster,,1.5159695188030085,week1-v1.0,2026-08-30T16:15:00+00:00,0.0,0.0,0.0,0.0,0.0,0.0,0.0,0.0,0.7832135672096652,58.5,0.12145148409495483,7.361922471779394,74,267,receiving_yards,true,market_component_anchor_and_team_reconciliation
2026,1,CFP_99AC1D0D,Tre Page III,CFF_OKST,Oklahoma State,RB,Tulsa,False,2026-09-05T19:45Z,401856772,37.25,60.5,0.0,,MEDIUM,CFBD/team roster,,5.734778099913302,week1-v1.0,2026-08-30T16:15:00+00:00,0.0,0.0,0.0,0.0,0.0,9.502732700267396,45.03294533712905,0.4748999640641873,0.0,0.0,0.0,7.352694318098029,107,268,,true,team_reconciliation_and_current_weekly_role
2026,1,CFP_6EBFFED8,Willie Rodriguez,CFF_UK,Kentucky,TE,Youngstown State,True,2026-09-05T17:00Z,401856659,43.0,62.5,0.0,,MODELLED_ON_TEAM_RATES,CFBD/team roster,,3.905810296184276,week1-v1.0,2026-08-30T16:15:00+00:00,0.0,0.0,0.0,0.0,0.0,0.0,0.0,0.0,2.429174774746963,30.877643682392776,0.3012323788000806,7.3243334157867235,16,269,,false,team_reconciliation_and_current_weekly_role
2026,1,CFP_FD9A923A,Wyatt Young,CFF_OKST,Oklahoma State,WR,Tulsa,False,2026-09-05T19:45Z,401856772,37.25,60.5,0.0,,MODELLED_ON_TEAM_RATES,CFBD/team roster,,3.003822838494727,week1-v1.0,2026-08-30T16:15:00+00:00,0.0,0.0,0.0,0.0,0.0,0.1416323549150692,0.677921524018305,0.007372108478171536,2.352818587047499,31.483038343060276,0.2848737144427643,7.3223895112809725,75,270,,true,team_reconciliation_and_current_weekly_role
2026,1,CFP_9B70CAF2,Jeremiah Koger,CFF_AUB,Auburn,WR,Baylor,True,2026-09-05T19:30Z,401856636,32.75,58.5,0.0,,MODELLED_ON_TEAM_RATES,CFBD/team roster,,1.8023939974814898,week1-v1.0,2026-08-30T16:15:00+00:00,0.0,0.0,0.0,0.0,0.0,0.0,0.0,0.0,1.2681277105119548,50.5,0.16530260849939385,7.309943361508319,76,271,receiving_yards,true,market_component_anchor_and_team_reconciliation
2026,1,CFP_D926DF4C,Hayden Eligon II,CFF_NW,Northwestern,WR,South Dakota State,True,2026-09-06T00:00Z,401858431,29.5,46.5,0.0,,MODELLED_ON_TEAM_RATES,CFBD/team roster,,5.00165380332242,week1-v1.0,2026-08-30T16:15:00+00:00,0.0,0.0,0.0,0.0,0.0,0.0,0.0,0.0,2.6076018991165983,30.00723499568925,0.2826824280135562,7.304419966766861,77,272,,false,team_reconciliation_and_current_weekly_role
2026,1,CFP_D413E21F,Chas Nimrod,CFF_AUB,Auburn,WR,Baylor,True,2026-09-05T19:30Z,401856636,32.75,58.5,0.0,,MODELLED_ON_TEAM_RATES,CFBD/team roster,,1.8373179607936196,week1-v1.0,2026-08-30T16:15:00+00:00,0.0,0.0,0.0,0.0,0.0,0.0,0.0,0.0,2.5,37.5,0.16850558312242242,7.261033498734534,78,273,receiving_yards|receptions,true,market_component_anchor_and_team_reconciliation
2026,1,CFP_FDB66306,Mekhi Nelson,CFF_NEB,Nebraska,RB,Ohio,True,2026-09-05T16:00Z,401858430,35.5,47.5,0.0,,MEDIUM,CFBD/team roster,,5.98225729739552,week1-v1.0,2026-08-30T16:15:00+00:00,0.0,0.0,0.0,0.0,0.0,5.120115392686963,25.95933830504997,0.3143417097392938,0.9179807988876246,11.012203445598681,0.11637475089804095,7.1994337377764985,108,274,,true,team_reconciliation_and_current_weekly_role
2026,1,CFP_C81CC7DA,Dramekco Green,CFF_SMU,SMU,RB,Florida State,False,2026-09-07T23:30Z,401858212,28.25,53.5,0.0,,MEDIUM,CFBD/team roster,,6.932521745096068,week1-v1.0,2026-08-30T16:15:00+00:00,0.0,0.0,0.0,0.0,0.0,7.807810286062038,38.09598490400334,0.37935182804687145,0.4358200706477649,4.867997563280827,0.030238191431717288,7.189758434247714,109,275,,false,team_reconciliation_and_current_weekly_role
2026,1,CFP_68ADAA8C,Ethan Davis,CFF_TENN,Tennessee,TE,Furman,True,2026-09-05T19:30Z,401856666,56.5,66.5,0.0,,MODELLED_ON_TEAM_RATES,CFBD/team roster,,4.573606415906969,week1-v1.0,2026-08-30T16:15:00+00:00,0.0,0.0,0.0,0.0,0.0,0.0,0.0,0.0,2.3359784633673883,30.518892781713692,0.2989746947475222,7.1817159100238905,17,276,,false,team_reconciliation_and_current_weekly_role
2026,1,CFP_F54BE602,Dilin Jones,CFF_LSU,LSU,RB,Clemson,True,2026-09-05T23:30Z,401856660,31.0,51.5,0.0,,MEDIUM,CFBD/team roster,,2.327146233251748,week1-v1.0,2026-08-30T16:15:00+00:00,0.0,0.0,0.0,0.0,0.0,11.868630699780535,54.5,0.08659550403488282,0.4725376938213122,4.531736227434922,0.04643814061055149,7.173913184437411,110,277,rushing_yards,true,market_component_anchor_and_team_reconciliation
2026,1,CFP_55AFD402,Nolan Ray,CFF_BC,Boston College,RB,Cincinnati,False,2026-09-05T19:30Z,401856777,22.0,51.5,0.0,,MEDIUM,CFBD/team roster,,7.305958228774823,week1-v1.0,2026-08-30T16:15:00+00:00,0.0,0.0,0.0,0.0,0.0,7.707963648804911,32.48101698686587,0.2815046859791412,0.868262047750373,9.905620501674308,0.059962859423974356,7.1557310690230835,111,278,,true,team_reconciliation_and_current_weekly_role
2026,1,CFP_B12340E1,Jaleel Skinner,CFF_LOU,Louisville,TE,Ole Miss,False,2026-09-06T23:30Z,401856661,24.5,55.5,0.0,,MODELLED_ON_TEAM_RATES,CFBD/team roster,,4.473558227423234,week1-v1.0,2026-08-30T16:15:00+00:00,0.0,0.0,0.0,0.0,0.0,0.0,0.0,0.0,2.696233356796206,31.16897804139131,0.2189857942018124,7.127045926146211,18,279,,false,team_reconciliation_and_current_weekly_role
2026,1,CFP_5003AF98,Brady Marchese,CFF_AUB,Auburn,WR,Baylor,True,2026-09-05T19:30Z,401856636,32.75,58.5,0.0,,MODELLED_ON_TEAM_RATES,CFBD/team roster,,3.4736643872547077,week1-v1.0,2026-08-30T16:15:00+00:00,0.0,0.0,0.0,0.0,0.0,0.0,0.0,0.0,2.4439995209989953,26.84912615694611,0.31857950318687117,7.040389155814833,79,280,,false,team_reconciliation_and_current_weekly_role
2026,1,CFP_7DFBED16,Jasper Parker,CFF_ARK,Arkansas,RB,North Alabama,True,2026-09-05T20:15Z,401856635,52.0,63.5,0.0,,MEDIUM,CFBD/team roster,,5.213151876286841,week1-v1.0,2026-08-30T16:15:00+00:00,0.0,0.0,0.0,0.0,0.0,7.064699804337824,44.05138077842031,0.43389859951843507,0.0,0.0,0.0,7.0085296749526425,112,281,,false,team_reconciliation_and_current_weekly_role
2026,1,CFP_890A7755,Kam Powell,CFF_OKST,Oklahoma State,WR,Tulsa,False,2026-09-05T19:45Z,401856772,37.25,60.5,0.0,,MODELLED_ON_TEAM_RATES,CFBD/team roster,,2.8321915449617747,week1-v1.0,2026-08-30T16:15:00+00:00,0.0,0.0,0.0,0.0,0.0,0.0,0.0,0.0,2.28477626985852,30.57256488250355,0.27663531147212084,7.0018446269416,80,282,,false,team_reconciliation_and_current_weekly_role
2026,1,CFP_111411EC,Luke Lindenmeyer,CFF_NEB,Nebraska,TE,Ohio,True,2026-09-05T16:00Z,401858430,35.5,47.5,0.0,,MODELLED_ON_TEAM_RATES,CFBD/team roster,,4.927044334638842,week1-v1.0,2026-08-30T16:15:00+00:00,0.0,0.0,0.0,0.0,0.0,0.0,0.0,0.0,2.3241715066572155,27.881029216283206,0.2946411084625185,6.880121079060647,19,283,,true,team_reconciliation_and_current_weekly_role
2026,1,CFP_6E040973,Ashton Bethel-Roman,CFF_TAMU,Texas A&M,WR,Missouri State,True,2026-09-05T23:00Z,401856668,47.5,53.5,0.0,,MODELLED_ON_TEAM_RATES,CFBD/team roster,,4.172608084058495,week1-v1.0,2026-08-30T16:15:00+00:00,0.0,0.0,0.0,0.0,0.0,0.0,0.0,0.0,2.0754127513794667,29.158354638314552,0.3142035747077282,6.876469663457291,81,284,,false,team_reconciliation_and_current_weekly_role
2026,1,CFP_CC4D853D,Hunter Andrews,CFF_UTAH,Utah,TE,Idaho,True,2026-09-04T01:00Z,401856768,45.0,56.5,0.0,,MODELLED_ON_TEAM_RATES,CFBD/team roster,,3.566669081252432,week1-v1.0,2026-08-30T16:15:00+00:00,0.0,0.0,0.0,0.0,0.0,1.471529480670328,9.41191852835008,0.0831861757792049,1.2907872085357852,28.5,0.20847214180261756,6.831928966861728,20,285,receiving_yards,false,market_component_anchor_and_team_reconciliation
2026,1,CFP_4BA62075,Chris Barnes,CFF_OKST,Oklahoma State,WR,Tulsa,False,2026-09-05T19:45Z,401856772,37.25,60.5,0.0,,MODELLED_ON_TEAM_RATES,CFBD/team roster,,2.9397885671932076,week1-v1.0,2026-08-30T16:15:00+00:00,0.0,0.0,0.0,0.0,0.0,0.6137402046319665,2.937659937412655,0.03194580340540999,2.066442680636739,27.65104564643143,0.25019999644544055,6.818188038126251,82,286,,true,team_reconciliation_and_current_weekly_role
2026,1,CFP_E948EA4B,Jalen Moss,CFF_ASU,Arizona State,WR,Morgan State,True,2026-09-06T02:00Z,401856774,47.0,52.5,0.0,,MODELLED_ON_TEAM_RATES,CFBD/team roster,,4.061371389272673,week1-v1.0,2026-08-30T16:15:00+00:00,0.0,0.0,0.0,0.0,0.0,0.0,0.0,0.0,2.1956511837478296,27.88838039400215,0.3019070304448629,6.795931405817222,83,287,,false,team_reconciliation_and_current_weekly_role
2026,1,CFP_B5A283B6,Isaiah Mozee,CFF_NEB,Nebraska,RB,Ohio,True,2026-09-05T16:00Z,401858430,35.5,47.5,0.0,,MEDIUM,CFBD/team roster,,5.815030479582467,week1-v1.0,2026-08-30T16:15:00+00:00,0.0,0.0,0.0,0.0,0.0,2.9814576415776717,14.904727254777695,0.1635482465083287,1.4601601609095738,17.51624954964088,0.18510820183058818,6.794196531384933,113,288,,true,team_reconciliation_and_current_weekly_role
2026,1,CFP_0131DC00,Tyler Morris,CFF_IND,Indiana,WR,North Texas,True,2026-09-05T16:00Z,401858425,48.0,55.5,0.0,,MODELLED_ON_TEAM_RATES,CFBD/team roster,,2.198547155916174,week1-v1.0,2026-08-30T16:15:00+00:00,0.0,0.0,0.0,0.0,0.0,0.0,0.0,0.0,1.321976249317259,41.5,0.21967919731887942,6.790051433230536,84,289,receiving_yards,true,market_component_anchor_and_team_reconciliation
2026,1,CFP_D3D7D347,KJ Edwards,CFF_TAMU,Texas A&M,RB,Missouri State,True,2026-09-05T23:00Z,401856668,47.5,53.5,0.0,,MEDIUM,CFBD/team roster,,5.199146826141074,week1-v1.0,2026-08-30T16:15:00+00:00,0.0,0.0,0.0,0.0,0.0,6.514854812112103,36.96967706001906,0.39357864591283215,0.21520990097993964,3.023575243179323,0.03258133600434342,6.7714950228028306,114,290,,false,team_reconciliation_and_current_weekly_role
2026,1,CFP_F06708FE,DJ Vonnahme,CFF_IOWA,Iowa,TE,Northern Illinois,True,2026-09-05T20:15Z,401858426,38.5,45.5,0.0,,MODELLED_ON_TEAM_RATES,CFBD/team roster,,4.290999542488204,week1-v1.0,2026-08-30T16:15:00+00:00,0.0,0.0,0.0,0.0,0.0,0.0,0.0,0.0,2.268661009161603,27.353093037748195,0.29424369719336835,6.769432496096632,21,291,,true,team_reconciliation_and_current_weekly_role
2026,1,CFP_8D9EAA9B,Rodney Harris II,CFF_OKST,Oklahoma State,WR,Tulsa,False,2026-09-05T19:45Z,401856772,37.25,60.5,0.0,,MODELLED_ON_TEAM_RATES,CFBD/team roster,,2.7367244142327265,week1-v1.0,2026-08-30T16:15:00+00:00,0.0,0.0,0.0,0.0,0.0,0.0,0.0,0.0,2.207761339413851,29.542028987587706,0.2673105256921617,6.765827392325592,85,292,,true,team_reconciliation_and_current_weekly_role
2026,1,CFP_E3EDD5E1,KD Daniels,CFF_WAKE,Wake Forest,RB,Akron,True,2026-09-03T23:00Z,401858204,36.5,48.5,0.0,,MEDIUM,CFBD/team roster,,5.183532531918844,week1-v1.0,2026-08-30T16:15:00+00:00,0.0,0.0,0.0,0.0,0.0,6.503205829106591,34.515333040400144,0.3796583774780806,0.3641373126778866,4.9360293259926875,0.029165134403854723,6.762214620608782,115,293,,true,team_reconciliation_and_current_weekly_role
2026,1,CFP_D303052F,Caleb Odom,CFF_MISS,Ole Miss,TE,Louisville,True,2026-09-06T23:30Z,401856661,31.0,55.5,0.0,,MODELLED_ON_TEAM_RATES,CFBD/team roster,,4.022159063819629,week1-v1.0,2026-08-30T16:15:00+00:00,0.0,0.0,0.0,0.0,0.0,0.0,0.0,0.0,2.2165303335413546,32.69818972017286,0.20074024486901426,6.690790774772727,22,294,,false,team_reconciliation_and_current_weekly_role
2026,1,CFP_74AF4E6C,Larry Simmons,CFF_UTAH,Utah,WR,Idaho,True,2026-09-04T01:00Z,401856768,45.0,56.5,0.0,,MODELLED_ON_TEAM_RATES,CFBD/team roster,,4.669194461055221,week1-v1.0,2026-08-30T16:15:00+00:00,0.0,0.0,0.0,0.0,0.0,0.1108206334632706,0.7088099743277411,0.006264736667755398,2.4027389108451205,18.145680798069055,0.38806096281708236,6.654142184993827,86,295,,false,team_reconciliation_and_current_weekly_role
2026,1,CFP_290B16A8,Jabarie Thornton,CFF_OKST,Oklahoma State,WR,Tulsa,False,2026-09-05T19:45Z,401856772,37.25,60.5,0.0,,MODELLED_ON_TEAM_RATES,CFBD/team roster,,2.676787121800896,week1-v1.0,2026-08-30T16:15:00+00:00,0.0,0.0,0.0,0.0,0.0,0.0,0.0,0.0,2.1594089235359677,28.89502586909684,0.26145612944196084,6.617648287097417,87,296,,false,team_reconciliation_and_current_weekly_role
2026,1,CFP_4486489E,Matrail Lopez,CFF_OKST,Oklahoma State,WR,Tulsa,False,2026-09-05T19:45Z,401856772,37.25,60.5,0.0,,MODELLED_ON_TEAM_RATES,CFBD/team roster,,2.6656647376382883,week1-v1.0,2026-08-30T16:15:00+00:00,0.0,0.0,0.0,0.0,0.0,0.0,0.0,0.0,2.150436310280278,28.774963434737714,0.26036974663264517,6.590151133549921,88,297,,false,team_reconciliation_and_current_weekly_role
2026,1,CFP_396B642B,Keaton Kubecka,CFF_KU,Kansas,WR,Long Island University,True,2026-09-05T00:00Z,401856769,46.0,53.5,0.0,,MODELLED_ON_TEAM_RATES,CFBD/team roster,,3.533579406844338,week1-v1.0,2026-08-30T16:15:00+00:00,0.0,0.0,0.0,0.0,0.0,0.0,0.0,0.0,2.175317244934418,25.828192451535266,0.2965747007965387,6.537584694867176,89,298,,false,team_reconciliation_and_current_weekly_role
2026,1,CFP_1D30DEA9,Ayden Williams,CFF_MSST,Mississippi State,WR,UL Monroe,True,2026-09-05T23:30Z,401856662,42.5,56.5,0.0,,MODELLED_ON_TEAM_RATES,CFBD/team roster,,3.7338041846479157,week1-v1.0,2026-08-30T16:15:00+00:00,0.0,0.0,0.0,0.0,0.0,0.0,0.0,0.0,2.0975643563485473,27.36159966335367,0.2763236290468202,6.491666096964836,90,299,,false,team_reconciliation_and_current_weekly_role
2026,1,CFP_2DD387E9,Israel Polk,CFF_OKST,Oklahoma State,WR,Tulsa,False,2026-09-05T19:45Z,401856772,37.25,60.5,0.0,,MODELLED_ON_TEAM_RATES,CFBD/team roster,,2.634205050630707,week1-v1.0,2026-08-30T16:15:00+00:00,0.0,0.0,0.0,0.0,0.0,0.04721078497168975,0.22597384133943507,0.002457369492723846,2.1015854158881906,28.12129018100469,0.2544549957819268,6.477786009770507,91,300,,true,team_reconciliation_and_current_weekly_role
2026,1,CFP_B408ADA4,Isaiah West,CFF_OSU,Ohio State,RB,Ball State,True,2026-09-05T16:30Z,401858432,53.5,56.5,0.0,,MEDIUM,CFBD/team roster,,4.901879686781348,week1-v1.0,2026-08-30T16:15:00+00:00,0.0,0.0,0.0,0.0,0.0,6.326656929660862,33.4324472083499,0.39671980962321735,0.2701908904041864,2.9346195271103306,0.029819628639016417,6.4661341935236125,116,301,,true,team_reconciliation_and_current_weekly_role
2026,1,CFP_896BD9AA,Jaedn Skeete,CFF_BC,Boston College,WR,Cincinnati,False,2026-09-05T19:30Z,401856777,22.0,51.5,0.0,,MODELLED_ON_TEAM_RATES,CFBD/team roster,,3.6141613382794637,week1-v1.0,2026-08-30T16:15:00+00:00,0.0,0.0,0.0,0.0,0.0,0.0,0.0,0.0,2.5155244671035053,28.698514231233272,0.17372409676238865,6.427720470801164,92,302,,true,team_reconciliation_and_current_weekly_role
2026,1,CFP_910AB3FE,Dawson Pendergrass,CFF_BAY,Baylor,RB,Auburn,False,2026-09-05T19:30Z,401856636,25.75,58.5,0.0,,MEDIUM,CFBD/team roster,,0.7909059998400982,week1-v1.0,2026-08-30T16:15:00+00:00,0.0,0.0,0.0,0.0,0.0,11.843368406986357,54.5,0.004173184860029501,0.30939721492412364,3.8386367143056006,0.03616333730825927,6.385280019364417,117,303,rushing_yards,true,market_component_anchor_and_team_reconciliation
2026,1,CFP_43C09B4F,Bill Davis,CFF_VT,Virginia Tech,RB,VMI,True,2026-09-05T23:30Z,401858211,54.5,57.5,0.0,,MEDIUM,CFBD/team roster,,4.875197509721732,week1-v1.0,2026-08-30T16:15:00+00:00,0.0,0.0,0.0,0.0,0.0,5.883980367460152,32.39780520890904,0.3364410530215166,0.3697274307600112,4.579783516782006,0.04564999420067321,6.360032586662255,118,304,,false,team_reconciliation_and_current_weekly_role
2026,1,CFP_F4C16FAA,DeKalon Taylor,CFF_COLO,Colorado,RB,Georgia Tech,False,2026-09-04T00:00Z,401856776,22.0,50.5,0.0,,MEDIUM,CFBD/team roster,,4.56803563628851,week1-v1.0,2026-08-30T16:15:00+00:00,0.0,0.0,0.0,0.0,0.0,7.901458067663499,32.5,0.08868508178791289,1.2151004394754628,7.834730059414393,0.09501534026911775,6.350775977759085,119,305,rushing_yards,true,market_component_anchor_and_team_reconciliation
2026,1,CFP_AD9E9FB9,Jordan King,CFF_CAL,California,WR,UCLA,True,2026-09-06T02:30Z,401858210,26.0,53.5,0.0,,MODELLED_ON_TEAM_RATES,CFBD/team roster,,3.939246454500299,week1-v1.0,2026-08-30T16:15:00+00:00,0.0,0.0,0.0,0.0,0.0,0.0,0.0,0.0,2.467145624553492,28.085981263267342,0.17587133063162658,6.330971734669985,93,306,,true,team_reconciliation_and_current_weekly_role
2026,1,CFP_CF3D17E5,Christian Neptune,CFF_AUB,Auburn,WR,Baylor,True,2026-09-05T19:30Z,401856636,32.75,58.5,0.0,,MODELLED_ON_TEAM_RATES,CFBD/team roster,,2.0748149000126364,week1-v1.0,2026-08-30T16:15:00+00:00,0.0,0.0,0.0,0.0,0.0,0.25952097794949724,1.477418691933227,0.012879532409002956,2.5,25.5,0.17258209627900428,6.310511641321366,94,307,receiving_yards|receptions,true,market_component_anchor_and_team_reconciliation
2026,1,CFP_0176326E,Shazz Preston,CFF_IND,Indiana,WR,North Texas,True,2026-09-05T16:00Z,401858425,48.0,55.5,0.0,,MODELLED_ON_TEAM_RATES,CFBD/team roster,,2.5460195559182917,week1-v1.0,2026-08-30T16:15:00+00:00,0.0,0.0,0.0,0.0,0.0,0.0,0.0,0.0,1.5309097983930557,32.5,0.25439869729299786,6.307301982151043,95,308,receiving_yards,true,market_component_anchor_and_team_reconciliation
2026,1,CFP_261B59E6,George MacIntyre,CFF_TENN,Tennessee,QB,Furman,True,2026-09-05T19:30Z,401856666,56.5,66.5,0.2436854018536587,LOW,HIGH,CFBD/team roster,,5.127622802412008,week1-v1.0,2026-08-30T16:15:00+00:00,7.511416206213288,4.90617704202294,63.06862425768673,0.6184652392209096,0.17323571441401334,1.9003759727063498,6.364866848474117,0.134621549692063,0.0,0.0,0.0,6.267586195776884,73,309,,false,team_reconciliation_and_current_weekly_role
2026,1,CFP_03C24538,Tiger Bachmeier,CFF_BYU,BYU,WR,Utah Tech,True,2026-09-06T00:00Z,401856775,52.5,54.5,0.0,,MODELLED_ON_TEAM_RATES,CFBD/team roster,,3.532482461084962,week1-v1.0,2026-08-30T16:15:00+00:00,0.0,0.0,0.0,0.0,0.0,0.525577785003554,3.1097478847443,0.03279469840906648,1.8851112296090664,25.081974743999425,0.2262615996871507,6.2586212810607424,96,310,,false,team_reconciliation_and_current_weekly_role
2026,1,CFP_E0883687,Christian Clark,CFF_SC,South Carolina,RB,Kent State,True,2026-09-05T16:45Z,401856665,45.0,53.5,0.0,,MEDIUM,CFBD/team roster,,4.8684528242962735,week1-v1.0,2026-08-30T16:15:00+00:00,0.0,0.0,0.0,0.0,0.0,6.673716595857303,32.67668445900699,0.3391749939411718,0.30424013707307385,4.17423056206103,0.03822326626929082,6.2537212004426515,120,311,,true,team_reconciliation_and_current_weekly_role
2026,1,CFP_117D2F7D,Isiah Canion,CFF_UGA,Georgia,WR,Tennessee State,True,2026-09-05T19:00Z,401856658,51.5,56.5,0.0,,MODELLED_ON_TEAM_RATES,CFBD/team roster,,1.7759492359931366,week1-v1.0,2026-08-30T16:15:00+00:00,0.0,0.0,0.0,0.0,0.0,0.0,0.0,0.0,1.0457221971619461,43.5,0.1398703569105648,6.234944338625335,97,312,receiving_yards,false,market_component_anchor_and_team_reconciliation
2026,1,CFP_928FB78D,Quentin Gibson,CFF_COLO,Colorado,WR,Georgia Tech,False,2026-09-04T00:00Z,401856776,22.0,50.5,0.0,,MODELLED_ON_TEAM_RATES,CFBD/team roster,,5.992421458981034,week1-v1.0,2026-08-30T16:15:00+00:00,0.0,0.0,0.0,0.0,0.0,2.4729112310492756,10.215600931631414,0.09583834818227524,2.193991014758073,14.146425097854866,0.1715601410732885,6.234584553240084,98,313,,false,team_reconciliation_and_current_weekly_role
2026,1,CFP_0A1FCD2B,Jase Mathews,CFF_MISS,Ole Miss,WR,Louisville,True,2026-09-06T23:30Z,401856661,31.0,55.5,0.0,,MODELLED_ON_TEAM_RATES,CFBD/team roster,,3.746845371603414,week1-v1.0,2026-08-30T16:15:00+00:00,0.0,0.0,0.0,0.0,0.0,0.0,0.0,0.0,2.0648105381892043,30.460023800375026,0.18699972960983108,6.232811295885694,99,314,,false,team_reconciliation_and_current_weekly_role
2026,1,CFP_C9336F47,Femi Babalola,CFF_BC,Boston College,QB,Cincinnati,False,2026-09-05T19:30Z,401856777,22.0,51.5,0.33160561353858997,LOW,HIGH,CFBD/team roster,,7.055474859598479,week1-v1.0,2026-08-30T16:15:00+00:00,10.975786339451783,6.952337010512679,79.31616060418077,0.480133858101466,0.26608587491035557,2.5509081834095895,6.584318532395305,0.1212465626770639,0.0,0.0,0.0,6.213007210964654,74,315,,false,team_reconciliation_and_current_weekly_role
2026,1,CFP_23A4C70D,QuaRon Adams,CFF_CAL,California,WR,UCLA,True,2026-09-06T02:30Z,401858210,26.0,53.5,0.0,,MODELLED_ON_TEAM_RATES,CFBD/team roster,,3.966757209342704,week1-v1.0,2026-08-30T16:15:00+00:00,0.0,0.0,0.0,0.0,0.0,0.3908597478054892,1.6503582732511657,0.01962257020774121,2.3081488011251405,26.2759617170819,0.1645371869863333,6.205739343322893,100,316,,false,team_reconciliation_and_current_weekly_role
2026,1,CFP_12674316,Danny Scudero,CFF_COLO,Colorado,WR,Georgia Tech,False,2026-09-04T00:00Z,401856776,22.0,50.5,0.0,,MODELLED_ON_TEAM_RATES,CFBD/team roster,,2.3655688484325497,week1-v1.0,2026-08-30T16:15:00+00:00,0.0,0.0,0.0,0.0,0.0,0.0,0.0,0.0,1.2463817028895636,43.5,0.09746139311444611,6.181150061576241,101,317,receiving_yards,true,market_component_anchor_and_team_reconciliation
2026,1,CFP_C005AFEB,Johntay Cook II,CFF_MISS,Ole Miss,WR,Louisville,True,2026-09-06T23:30Z,401856661,31.0,55.5,0.0,,MODELLED_ON_TEAM_RATES,CFBD/team roster,,3.732041665852106,week1-v1.0,2026-08-30T16:15:00+00:00,0.0,0.0,0.0,0.0,0.0,0.06425761254676754,0.33594879651488385,0.0031132398801635036,2.0290545787717207,29.93255294785945,0.18376148831875683,6.177153122402677,102,318,,false,team_reconciliation_and_current_weekly_role
2026,1,CFP_D40DE195,Terry Bussey,CFF_TAMU,Texas A&M,WR,Missouri State,True,2026-09-05T23:00Z,401856668,47.5,53.5,0.0,,MODELLED_ON_TEAM_RATES,CFBD/team roster,,3.8638922166409215,week1-v1.0,2026-08-30T16:15:00+00:00,0.0,0.0,0.0,0.0,0.0,0.8165768520753259,4.648106431481748,0.04937858954036586,1.629718686716074,22.896609552182056,0.2467284817411963,6.160832712771828,103,319,,false,team_reconciliation_and_current_weekly_role
2026,1,CFP_2C1592FA,Lawson Luckie,CFF_UGA,Georgia,TE,Tennessee State,True,2026-09-05T19:00Z,401856658,51.5,56.5,0.0,,MODELLED_ON_TEAM_RATES,CFBD/team roster,,2.833755057888022,week1-v1.0,2026-08-30T16:15:00+00:00,0.0,0.0,0.0,0.0,0.0,0.0,0.0,0.0,1.6685840480661651,31.5,0.22318111537814678,6.157670740335046,23,320,receiving_yards,false,market_component_anchor_and_team_reconciliation
2026,1,CFP_A6375FF5,Ja'shon Benjamin,CFF_RUTG,Rutgers,RB,Massachusetts,True,2026-09-03T22:00Z,401858423,41.0,52.5,0.0,,MEDIUM,CFBD/team roster,,4.57358888270642,week1-v1.0,2026-08-30T16:15:00+00:00,0.0,0.0,0.0,0.0,0.0,6.251196409430205,29.078971601880433,0.3336332207736136,0.3945684636110569,5.0062783080364515,0.050919090906896024,6.110407324685803,121,321,,false,team_reconciliation_and_current_weekly_role
2026,1,CFP_A22EAB43,Dominic Overby,CFF_ISU,Iowa State,WR,Southeast Missouri State,True,2026-09-05T17:00Z,401856779,41.5,53.5,0.0,,MODELLED_ON_TEAM_RATES,CFBD/team roster,,2.8905894376558634,week1-v1.0,2026-08-30T16:15:00+00:00,0.0,0.0,0.0,0.0,0.0,0.0,0.0,0.0,2.122934014737464,25.73523958603739,0.23437939003977049,6.102734313579827,104,322,,false,team_reconciliation_and_current_weekly_role
2026,1,CFP_582E1E1F,Dawson Pough,CFF_BC,Boston College,WR,Cincinnati,False,2026-09-05T19:30Z,401856777,22.0,51.5,0.0,,MODELLED_ON_TEAM_RATES,CFBD/team roster,,3.3880795062071862,week1-v1.0,2026-08-30T16:15:00+00:00,0.0,0.0,0.0,0.0,0.0,0.0,0.0,0.0,2.358167247291028,26.90329479638694,0.1628568834879974,6.025638027857706,105,323,,false,team_reconciliation_and_current_weekly_role
2026,1,CFP_E9BE22D5,Jalen Cooper,CFF_SMU,SMU,WR,Florida State,False,2026-09-07T23:30Z,401858212,28.25,53.5,0.0,,MODELLED_ON_TEAM_RATES,CFBD/team roster,,3.7824332095397195,week1-v1.0,2026-08-30T16:15:00+00:00,0.0,0.0,0.0,0.0,0.0,0.0,0.0,0.0,2.358957031727574,26.34894043605216,0.16366982410551767,5.975870019965896,106,324,,false,team_reconciliation_and_current_weekly_role
2026,1,CFP_34FEE65C,Chase Hendricks,CFF_CAL,California,WR,UCLA,True,2026-09-06T02:30Z,401858210,26.0,53.5,0.0,,MODELLED_ON_TEAM_RATES,CFBD/team roster,,3.7247330976770208,week1-v1.0,2026-08-30T16:15:00+00:00,0.0,0.0,0.0,0.0,0.0,0.05466624777564806,0.23082165608170072,0.002744442964501053,2.3081488011251405,26.2759617170819,0.1645371869863333,5.962516918146506,107,325,,true,team_reconciliation_and_current_weekly_role
2026,1,CFP_9A0D0FC3,Corey Smith,CFF_PUR,Purdue,WR,Indiana State,True,2026-09-04T23:00Z,401858435,46.0,56.5,0.0,,MODELLED_ON_TEAM_RATES,CFBD/team roster,,3.057757070507037,week1-v1.0,2026-08-30T16:15:00+00:00,0.0,0.0,0.0,0.0,0.0,0.0,0.0,0.0,2.0449759487604933,24.581984855548818,0.23999908007517518,5.943168914766426,108,326,,false,team_reconciliation_and_current_weekly_role
2026,1,CFP_3EC6231C,Brinston Williams,CFF_MSST,Mississippi State,RB,UL Monroe,True,2026-09-05T23:30Z,401856662,42.5,56.5,0.0,,MEDIUM,CFBD/team roster,,4.462080099406971,week1-v1.0,2026-08-30T16:15:00+00:00,0.0,0.0,0.0,0.0,0.0,6.347579204845799,30.17472411153726,0.365467210076406,0.23038767545690025,3.0052834012664116,0.03035022900595723,5.923293061231447,122,327,,false,team_reconciliation_and_current_weekly_role
2026,1,CFP_C01F94FD,Darien Williams,CFF_SYR,Syracuse,WR,New Hampshire,True,2026-09-05T16:00Z,401858208,44.5,55.5,0.0,,MODELLED_ON_TEAM_RATES,CFBD/team roster,,2.936820542035502,week1-v1.0,2026-08-30T16:15:00+00:00,0.0,0.0,0.0,0.0,0.0,0.6172929285691072,2.8754030292597057,0.03347685586153387,1.7614193129741815,22.512518517382166,0.23160874915052845,5.890725097710742,109,328,,false,team_reconciliation_and_current_weekly_role
2026,1,CFP_27AF833D,Dallas Wilson,CFF_FLA,Florida,WR,Florida Atlantic,True,2026-09-05T23:45Z,401856637,43.5,59.5,0.0,,MODELLED_ON_TEAM_RATES,CFBD/team roster,,4.182189824534427,week1-v1.0,2026-08-30T16:15:00+00:00,0.0,0.0,0.0,0.0,0.0,0.0,0.0,0.0,1.9485024032651796,24.420848546430854,0.24737627804286963,5.874844926165483,110,329,,false,team_reconciliation_and_current_weekly_role
2026,1,CFP_5D1FA69F,Zack Marshall,CFF_MICH,Michigan,TE,Western Michigan,True,2026-09-05T23:30Z,401858428,38.0,48.5,0.0,,MODELLED_ON_TEAM_RATES,CFBD/team roster,,3.639591530505422,week1-v1.0,2026-08-30T16:15:00+00:00,0.0,0.0,0.0,0.0,0.0,0.0,0.0,0.0,2.350998191664107,22.641358699417786,0.2058134399512748,5.850014701313535,24,330,,false,team_reconciliation_and_current_weekly_role
2026,1,CFP_93E298B7,TJ Abrams,CFF_FLA,Florida,WR,Florida Atlantic,True,2026-09-05T23:45Z,401856637,43.5,59.5,0.0,,MODELLED_ON_TEAM_RATES,CFBD/team roster,,4.126629016661551,week1-v1.0,2026-08-30T16:15:00+00:00,0.0,0.0,0.0,0.0,0.0,0.0,0.0,0.0,1.9226163549962672,24.09641514404891,0.24408985957950466,5.796797026878186,111,331,,false,team_reconciliation_and_current_weekly_role
2026,1,CFP_DAB9FBFE,Tyshawn Russell,CFF_SYR,Syracuse,WR,New Hampshire,True,2026-09-05T16:00Z,401858208,44.5,55.5,0.0,,MODELLED_ON_TEAM_RATES,CFBD/team roster,,3.0276238926788417,week1-v1.0,2026-08-30T16:15:00+00:00,0.0,0.0,0.0,0.0,0.0,1.2345858571382144,5.750806058519411,0.06695371172306774,1.5675896599115082,20.035201718565414,0.20612211847522097,5.784645418809724,112,332,,false,team_reconciliation_and_current_weekly_role
2026,1,CFP_28402930,DeAndre Moore Jr.,CFF_COLO,Colorado,WR,Georgia Tech,False,2026-09-04T00:00Z,401856776,22.0,50.5,0.0,,MODELLED_ON_TEAM_RATES,CFBD/team roster,,1.4586090308334276,week1-v1.0,2026-08-30T16:15:00+00:00,0.0,0.0,0.0,0.0,0.0,0.0,0.0,0.0,0.7685185780599361,46.5,0.06009466528464532,5.779086569767808,113,333,receiving_yards,true,market_component_anchor_and_team_reconciliation
2026,1,CFP_6E27A94A,DJ Miller,CFF_UK,Kentucky,WR,Youngstown State,True,2026-09-05T17:00Z,401856659,43.0,62.5,0.0,,MODELLED_ON_TEAM_RATES,CFBD/team roster,,3.056912878170628,week1-v1.0,2026-08-30T16:15:00+00:00,0.0,0.0,0.0,0.0,0.0,0.0,0.0,0.0,1.9012125754048343,24.166628551438766,0.2357618696882287,5.732446648678083,114,334,,false,team_reconciliation_and_current_weekly_role
2026,1,CFP_B873058F,Reece Vander Zee,CFF_IOWA,Iowa,WR,Northern Illinois,True,2026-09-05T20:15Z,401858426,38.5,45.5,0.0,,MODELLED_ON_TEAM_RATES,CFBD/team roster,,3.5974232219814577,week1-v1.0,2026-08-30T16:15:00+00:00,0.0,0.0,0.0,0.0,0.0,0.0,0.0,0.0,1.9019656647246719,22.93187195959371,0.24668357540567454,5.67525431311809,115,335,,true,team_reconciliation_and_current_weekly_role
2026,1,CFP_5DA5D19F,Kayden Dixon-Wyatt,CFF_USC,USC,WR,Fresno State,True,2026-09-05T01:00Z,401858436,37.5,51.5,0.0,,MODELLED_ON_TEAM_RATES,CFBD/team roster,,2.57327113867381,week1-v1.0,2026-08-30T16:15:00+00:00,0.0,0.0,0.0,0.0,0.0,0.0,0.0,0.0,1.5756143638085274,32.5,0.12296453783220765,5.563401590801773,116,336,receiving_yards,false,market_component_anchor_and_team_reconciliation
2026,1,CFP_7BF52075,Steve Chavez-Soto,CFF_UTAH,Utah,RB,Idaho,True,2026-09-04T01:00Z,401856768,45.0,56.5,0.0,,MEDIUM,CFBD/team roster,,4.269302857770434,week1-v1.0,2026-08-30T16:15:00+00:00,0.0,0.0,0.0,0.0,0.0,5.065970147223938,32.31744802549607,0.31972307334166017,0.14454964922407376,1.0916507750608313,0.023345889060012556,5.543873303689801,123,337,,false,team_reconciliation_and_current_weekly_role
2026,1,CFP_21BBEC51,Matt Zollers,CFF_MIZ,Missouri,QB,Arkansas-Pine Bluff,True,2026-09-04T00:00Z,401856663,57.5,60.5,0.7968197556048755,MEDIUM,HIGH,CFBD/team roster,,13.521852270261277,week1-v1.0,2026-08-30T16:15:00+00:00,0.0,0.0,0.0,0.0,0.0,7.441562081056225,24.629537331622533,0.5101996755531953,0.0,0.0,0.0,5.524151786481426,75,338,,false,team_reconciliation_and_current_weekly_role
2026,1,CFP_D9D23B2A,Zylan Perry,CFF_CIN,Cincinnati,RB,Boston College,True,2026-09-05T19:30Z,401856777,29.5,51.5,0.0,,MEDIUM,CFBD/team roster,,3.8497024971701865,week1-v1.0,2026-08-30T16:15:00+00:00,0.0,0.0,0.0,0.0,0.0,2.1281128357206804,13.030779177125067,0.11888935965745935,1.2183926238708929,14.897737872293394,0.1304781995809013,5.507449684242903,124,339,,true,team_reconciliation_and_current_weekly_role
2026,1,CFP_BA9C8E4B,Mark Hamper,CFF_CAL,California,WR,UCLA,True,2026-09-06T02:30Z,401858210,26.0,53.5,0.0,,MODELLED_ON_TEAM_RATES,CFBD/team roster,,3.4201400129265296,week1-v1.0,2026-08-30T16:15:00+00:00,0.0,0.0,0.0,0.0,0.0,0.0,0.0,0.0,2.142029843959683,24.38486381350074,0.15269533957000395,5.496688262729782,117,340,,false,team_reconciliation_and_current_weekly_role
2026,1,CFP_29DC9AC4,Rodney Dunbar,CFF_PITT,Pitt,WR,Miami (OH),True,2026-09-05T16:30Z,401858207,33.0,49.5,0.0,,MODELLED_ON_TEAM_RATES,CFBD/team roster,,2.7027282695825554,week1-v1.0,2026-08-30T16:15:00+00:00,0.0,0.0,0.0,0.0,0.0,0.0,0.0,0.0,1.8314450825577007,22.640861833039548,0.2278115454753025,5.462400538713471,118,341,,false,team_reconciliation_and_current_weekly_role
2026,1,CFP_24AD4D96,Aaron Philo,CFF_FLA,Florida,QB,Florida Atlantic,True,2026-09-05T23:45Z,401856637,43.5,59.5,0.2384582790897778,LOW,HIGH,CFBD/team roster,,4.566418534010195,week1-v1.0,2026-08-30T16:15:00+00:00,6.7420296675613045,4.287953258560579,58.51911296498859,0.5352375838106143,0.2183894582941652,1.7125287160749674,5.287507824129675,0.10819440581486915,0.0,0.0,0.0,5.441242612850017,76,342,,false,team_reconciliation_and_current_weekly_role
2026,1,CFP_54C1C0FB,Blaze Berlowitz,CFF_VAN,Vanderbilt,QB,Austin Peay,True,2026-09-05T23:00Z,401856669,46.0,61.5,0.15916793988002065,LOW,HIGH,CFBD/team roster,,4.352503233127702,week1-v1.0,2026-08-30T16:15:00+00:00,4.4175635153457975,2.8119129991308642,37.63060209815778,0.41206869382327865,0.09437236377021688,3.024774304178705,11.114781633592179,0.20884997358620172,0.0,0.0,0.0,5.423704500325638,77,343,,false,team_reconciliation_and_current_weekly_role
2026,1,CFP_3C8F1BCE,Cam Edwards,CFF_MSU,Michigan State,RB,Toledo,True,2026-09-05T00:00Z,401858429,29.75,49.5,0.0,,MEDIUM,CFBD/team roster,,4.401858736923697,week1-v1.0,2026-08-30T16:15:00+00:00,0.0,0.0,0.0,0.0,0.0,4.57354646310635,23.401617319919136,0.24983572419524744,0.5364339037370074,6.538254418678563,0.05715177846223376,5.372346093541665,125,344,,true,team_reconciliation_and_current_weekly_role
2026,1,CFP_4ADA5167,Xavier Williams,CFF_IOWA,Iowa,RB,Northern Illinois,True,2026-09-05T20:15Z,401858426,38.5,45.5,0.0,,MEDIUM,CFBD/team roster,,4.1629859741249176,week1-v1.0,2026-08-30T16:15:00+00:00,0.0,0.0,0.0,0.0,0.0,3.403369208376558,20.20551458319523,0.24854038606666806,0.5834862111436011,7.035053961434404,0.0756777408942606,5.252851827372137,126,345,,true,team_reconciliation_and_current_weekly_role
2026,1,CFP_08187969,DJ Epps,CFF_WVU,West Virginia,WR,Coastal Carolina,True,2026-09-05T16:00Z,401856780,39.0,56.5,0.0,,MODELLED_ON_TEAM_RATES,CFBD/team roster,,3.0348037323530956,week1-v1.0,2026-08-30T16:15:00+00:00,0.0,0.0,0.0,0.0,0.0,2.763031709244553,15.01002849082575,0.15140527861376316,0.9381986463661257,12.02899979171603,0.11306888464339031,5.228946454163224,119,346,,true,team_reconciliation_and_current_weekly_role
2026,1,CFP_4A246DE1,Sacovie White-Helton,CFF_UGA,Georgia,WR,Tennessee State,True,2026-09-05T19:00Z,401856658,51.5,56.5,0.0,,MODELLED_ON_TEAM_RATES,CFBD/team roster,,1.9855209271412761,week1-v1.0,2026-08-30T16:15:00+00:00,0.0,0.0,0.0,0.0,0.0,0.0,0.0,0.0,1.1691231170130272,30.5,0.15637582150671292,5.157378046053305,120,347,receiving_yards,false,market_component_anchor_and_team_reconciliation
2026,1,CFP_1CEA1A86,Jayreon Campbell,CFF_IND,Indiana,RB,North Texas,True,2026-09-05T16:00Z,401858425,48.0,55.5,0.0,,MEDIUM,CFBD/team roster,,3.7725980547859606,week1-v1.0,2026-08-30T16:15:00+00:00,0.0,0.0,0.0,0.0,0.0,4.480721758547807,24.838916051427365,0.2553783848200526,0.4359015220424877,2.5669547987051904,0.07243586752925893,5.143374121151613,127,348,,false,team_reconciliation_and_current_weekly_role
2026,1,CFP_C3017D8F,Cole Spence,CFF_VAN,Vanderbilt,TE,Austin Peay,True,2026-09-05T23:00Z,401856669,46.0,61.5,0.0,,MODELLED_ON_TEAM_RATES,CFBD/team roster,,3.091452365147642,week1-v1.0,2026-08-30T16:15:00+00:00,0.0,0.0,0.0,0.0,0.0,0.0,0.0,0.0,1.6018885491159593,21.265254603590577,0.23279551035945137,5.125187071631725,25,349,,false,team_reconciliation_and_current_weekly_role
2026,1,CFP_D0520B57,Demarius Robinson,CFF_ASU,Arizona State,RB,Morgan State,True,2026-09-06T02:00Z,401856774,47.0,52.5,0.0,,MEDIUM,CFBD/team roster,,3.841182467851727,week1-v1.0,2026-08-30T16:15:00+00:00,0.0,0.0,0.0,0.0,0.0,2.0093378421617256,11.50700137906883,0.10611670397162759,1.0783296240627496,13.696559348125108,0.14827277531661884,5.1250225725116225,128,350,,false,team_reconciliation_and_current_weekly_role
2026,1,CFP_1EB8B8A2,Jaden Bray,CFF_WVU,West Virginia,WR,Coastal Carolina,True,2026-09-05T16:00Z,401856780,39.0,56.5,0.0,,MODELLED_ON_TEAM_RATES,CFBD/team roster,,2.1414752347595623,week1-v1.0,2026-08-30T16:15:00+00:00,0.0,0.0,0.0,0.0,0.0,0.0,0.0,0.0,1.705264271618054,21.86383837534279,0.2055133312767891,5.124728096813067,121,351,,true,team_reconciliation_and_current_weekly_role
2026,1,CFP_3580E29C,Agyeman Addae,CFF_UCF,UCF,RB,Bethune-Cookman,True,2026-09-03T23:00Z,401856767,50.5,58.5,0.0,,MEDIUM,CFBD/team roster,,3.929821291717778,week1-v1.0,2026-08-30T16:15:00+00:00,0.0,0.0,0.0,0.0,0.0,2.691162672037826,16.125562223766895,0.1553839775226603,0.8312897251180751,10.964353714689864,0.10858535832212567,5.1240973340324665,129,352,,false,team_reconciliation_and_current_weekly_role
2026,1,CFP_776E62E4,TaRon Francis,CFF_WVU,West Virginia,WR,Coastal Carolina,True,2026-09-05T16:00Z,401856780,39.0,56.5,0.0,,MODELLED_ON_TEAM_RATES,CFBD/team roster,,2.126932501139873,week1-v1.0,2026-08-30T16:15:00+00:00,0.0,0.0,0.0,0.0,0.0,0.0,0.0,0.0,1.693683841617845,21.71536130111118,0.2041176926144589,5.089926127415716,122,353,,false,team_reconciliation_and_current_weekly_role
2026,1,CFP_2BA54FF0,Jadon Porter,CFF_BAY,Baylor,WR,Auburn,False,2026-09-05T19:30Z,401856636,25.75,58.5,0.0,,MODELLED_ON_TEAM_RATES,CFBD/team roster,,3.2756132185924067,week1-v1.0,2026-08-30T16:15:00+00:00,0.0,0.0,0.0,0.0,0.0,0.0,0.0,0.0,1.7263271646944818,21.418236867207963,0.20177864747931756,5.078822736291183,123,354,,true,team_reconciliation_and_current_weekly_role
2026,1,CFP_AA193AF2,Creed Whittemore,CFF_UTAH,Utah,WR,Idaho,True,2026-09-04T01:00Z,401856768,45.0,56.5,0.0,,MODELLED_ON_TEAM_RATES,CFBD/team roster,,3.5401338106923084,week1-v1.0,2026-08-30T16:15:00+00:00,0.0,0.0,0.0,0.0,0.0,0.0,0.0,0.0,1.8547253796838945,14.007037783386854,0.2995525287215883,5.05274433035211,124,355,,false,team_reconciliation_and_current_weekly_role
2026,1,CFP_A87407B6,Jeffrey Roberts,CFF_ISU,Iowa State,WR,Southeast Missouri State,True,2026-09-05T17:00Z,401856779,41.5,53.5,0.0,,MODELLED_ON_TEAM_RATES,CFBD/team roster,,2.3864774622967677,week1-v1.0,2026-08-30T16:15:00+00:00,0.0,0.0,0.0,0.0,0.0,0.0,0.0,0.0,1.7526993332621872,21.24707454431574,0.19350417761519811,5.03843185338495,125,356,,false,team_reconciliation_and_current_weekly_role
2026,1,CFP_01EBF19C,Eugene Hilton Jr.,CFF_WISC,Wisconsin,WR,Notre Dame,False,2026-09-06T23:30Z,401858438,13.5,47.5,0.0,,MODELLED_ON_TEAM_RATES,CFBD/team roster,,2.4097816927541165,week1-v1.0,2026-08-30T16:15:00+00:00,0.0,0.0,0.0,0.0,0.0,0.0,0.0,0.0,1.7190831334818653,29.5,0.057966986232987634,5.016885050879791,126,357,receiving_yards,false,market_component_anchor_and_team_reconciliation
2026,1,CFP_7811026C,Calvin Russell III,CFF_SYR,Syracuse,WR,New Hampshire,True,2026-09-05T16:00Z,401858208,44.5,55.5,0.0,,MODELLED_ON_TEAM_RATES,CFBD/team roster,,2.3658837155644865,week1-v1.0,2026-08-30T16:15:00+00:00,0.0,0.0,0.0,0.0,0.0,0.0,0.0,0.0,1.6253913372737177,20.7739589936604,0.21372245196427475,4.985121948425406,127,358,,false,team_reconciliation_and_current_weekly_role
2026,1,CFP_2003FE16,Abu Sama III,CFF_WISC,Wisconsin,RB,Notre Dame,False,2026-09-06T23:30Z,401858438,13.5,47.5,0.0,,MEDIUM,CFBD/team roster,,3.7625540296401874,week1-v1.0,2026-08-30T16:15:00+00:00,0.0,0.0,0.0,0.0,0.0,9.083230233821247,36.5,0.12369259060918794,0.2749363834531235,2.5587106813656164,0.009270775359359747,4.978587647400971,130,359,rushing_yards,false,market_component_anchor_and_team_reconciliation
2026,1,CFP_422AA8A4,Dylan Wester,CFF_PITT,Pitt,WR,Miami (OH),True,2026-09-05T16:30Z,401858207,33.0,49.5,0.0,,MODELLED_ON_TEAM_RATES,CFBD/team roster,,2.4587402833497483,week1-v1.0,2026-08-30T16:15:00+00:00,0.0,0.0,0.0,0.0,0.0,0.0,0.0,0.0,1.6661119254592816,20.596964802254515,0.20724592633901853,4.969283963718844,128,360,,false,team_reconciliation_and_current_weekly_role
2026,1,CFP_4316B054,George Burhenn,CFF_PUR,Purdue,TE,Indiana State,True,2026-09-04T23:00Z,401858435,46.0,56.5,0.0,,MODELLED_ON_TEAM_RATES,CFBD/team roster,,2.549750607511885,week1-v1.0,2026-08-30T16:15:00+00:00,0.0,0.0,0.0,0.0,0.0,0.0,0.0,0.0,1.7052298621076023,20.49800862986487,0.20012636259639163,4.955788900672439,26,361,,false,team_reconciliation_and_current_weekly_role
2026,1,CFP_DA6D0E82,Chris Durr Jr.,CFF_MD,Maryland,WR,Hampton,True,2026-09-06T00:00Z,401858427,51.0,56.5,0.0,,MODELLED_ON_TEAM_RATES,CFBD/team roster,,3.032424214645875,week1-v1.0,2026-08-30T16:15:00+00:00,0.0,0.0,0.0,0.0,0.0,0.684641429100485,3.459989167575514,0.03470437265414609,1.5095494338413988,17.870438439710167,0.17638974536533958,4.909156902686881,129,362,,false,team_reconciliation_and_current_weekly_role
2026,1,CFP_6E12D4B8,Elija Lofton,CFF_MIA,Miami,TE,Stanford,False,2026-09-05T01:00Z,401858206,36.0,47.5,0.0,,MODELLED_ON_TEAM_RATES,CFBD/team roster,,4.178157244257201,week1-v1.0,2026-08-30T16:15:00+00:00,0.0,0.0,0.0,0.0,0.0,0.26062110923582155,1.3648344848245326,0.014348996700896358,1.5,16.5,0.2558246402445586,4.907525270155183,27,363,receiving_yards|receptions,true,market_component_anchor_and_team_reconciliation
2026,1,CFP_98342F8D,Jerrick Gibson,CFF_PUR,Purdue,RB,Indiana State,True,2026-09-04T23:00Z,401858435,46.0,56.5,0.0,,MEDIUM,CFBD/team roster,,3.6338260209814153,week1-v1.0,2026-08-30T16:15:00+00:00,0.0,0.0,0.0,0.0,0.0,5.000954876572006,26.18599035923168,0.23033822273062304,0.3068241548834879,3.688232486662767,0.03600898825314476,4.8923297053755395,131,364,,false,team_reconciliation_and_current_weekly_role
2026,1,CFP_A9D93947,Trent Walker,CFF_HOU,Houston,WR,Oregon State,True,2026-09-05T16:00Z,401856778,36.0,51.5,0.0,,MODELLED_ON_TEAM_RATES,CFBD/team roster,,0.7777371631206748,week1-v1.0,2026-08-30T16:15:00+00:00,0.0,0.0,0.0,0.0,0.0,0.0,0.0,0.0,0.4917060260446741,41.5,0.039691061026304625,4.879852392202502,130,365,receiving_yards,true,market_component_anchor_and_team_reconciliation
2026,1,CFP_000E36E3,Aneyas Williams,CFF_ND,Notre Dame,RB,Wisconsin,True,2026-09-06T23:30Z,401858438,34.0,47.5,0.0,,MEDIUM,CFBD/team roster,,4.176228487811927,week1-v1.0,2026-08-30T16:15:00+00:00,0.0,0.0,0.0,0.0,0.0,3.430116005385986,20.97963047112283,0.2702669267864784,0.39030975237612736,4.601230690938339,0.049439102161462384,4.86663204226989,132,366,,false,team_reconciliation_and_current_weekly_role
2026,1,CFP_9E6FC6C2,Devin McCuin,CFF_OSU,Ohio State,WR,Ball State,True,2026-09-05T16:30Z,401858432,53.5,56.5,0.0,,MODELLED_ON_TEAM_RATES,CFBD/team roster,,1.0996666591063546,week1-v1.0,2026-08-30T16:15:00+00:00,0.0,0.0,0.0,0.0,0.0,0.09783032932568202,0.5161298074522682,0.006331230222880341,0.6157014315241328,37.5,0.06795191360114025,4.863013275213484,131,367,receiving_yards,true,market_component_anchor_and_team_reconciliation
2026,1,CFP_E5E2228B,DeShawn Spencer,CFF_AUB,Auburn,WR,Baylor,True,2026-09-05T19:30Z,401856636,32.75,58.5,0.0,,MODELLED_ON_TEAM_RATES,CFBD/team roster,,2.3729245617714736,week1-v1.0,2026-08-30T16:15:00+00:00,0.0,0.0,0.0,0.0,0.0,0.0,0.0,0.0,1.6695413965767745,18.341135992780853,0.21762756665923372,4.809420395810262,132,368,,true,team_reconciliation_and_current_weekly_role
2026,1,CFP_BF82D8D4,Ashton Rowden,CFF_TTU,Texas Tech,RB,Abilene Christian,True,2026-09-05T23:00Z,401856770,51.0,59.5,0.0,,MEDIUM,CFBD/team roster,,3.637151591696544,week1-v1.0,2026-08-30T16:15:00+00:00,0.0,0.0,0.0,0.0,0.0,4.499499049647829,26.90532826056395,0.2819560057995046,0.13374540423740675,1.710987111974622,0.018922848698896592,4.800650068481671,133,369,,false,team_reconciliation_and_current_weekly_role
2026,1,CFP_4EFCD35B,JJ Buchanan,CFF_MICH,Michigan,WR,Western Michigan,True,2026-09-05T23:30Z,401858428,38.0,48.5,0.0,,MODELLED_ON_TEAM_RATES,CFBD/team roster,,0.7541655975228654,week1-v1.0,2026-08-30T16:15:00+00:00,0.0,0.0,0.0,0.0,0.0,0.0,0.0,0.0,0.4871541053798746,40.5,0.04264693293687681,4.793035703001135,133,370,receiving_yards,false,market_component_anchor_and_team_reconciliation
2026,1,CFP_D6E0DC99,Kyri Shoels,CFF_UTAH,Utah,WR,Idaho,True,2026-09-04T01:00Z,401856768,45.0,56.5,0.0,,MODELLED_ON_TEAM_RATES,CFBD/team roster,,1.58951340756561,week1-v1.0,2026-08-30T16:15:00+00:00,0.0,0.0,0.0,0.0,0.0,0.0,0.0,0.0,0.8327681991724586,31.5,0.13449852071552984,4.789759323465638,134,371,receiving_yards,false,market_component_anchor_and_team_reconciliation
2026,1,CFP_0A4D0C3A,Javen Nicholas,CFF_DUKE,Duke,WR,Tulane,True,2026-09-05T19:30Z,401858209,30.0,50.5,0.0,,MODELLED_ON_TEAM_RATES,CFBD/team roster,,2.594144801646929,week1-v1.0,2026-08-30T16:15:00+00:00,0.0,0.0,0.0,0.0,0.0,0.3038759837699924,1.339451570662956,0.015183225055344342,1.582397283562771,19.69990831215549,0.16548430797830602,4.770338470046518,135,372,,true,team_reconciliation_and_current_weekly_role
2026,1,CFP_43F7FBB2,Mark Bowman,CFF_USC,USC,TE,Fresno State,True,2026-09-05T01:00Z,401858436,37.5,51.5,0.0,,MODELLED_ON_TEAM_RATES,CFBD/team roster,,1.7991534484511973,week1-v1.0,2026-08-30T16:15:00+00:00,0.0,0.0,0.0,0.0,0.0,0.0,0.0,0.0,1.1016219680357164,31.5,0.08597309041908453,4.767460510550224,28,373,receiving_yards,true,market_component_anchor_and_team_reconciliation
2026,1,CFP_EDA8E39A,Giyahni Kontosis,CFF_CIN,Cincinnati,WR,Boston College,True,2026-09-05T19:30Z,401856777,29.5,51.5,0.0,,MODELLED_ON_TEAM_RATES,CFBD/team roster,,2.2143846570187535,week1-v1.0,2026-08-30T16:15:00+00:00,0.0,0.0,0.0,0.0,0.0,0.0,0.0,0.0,1.6610855995831155,20.310708848031258,0.17788638418934924,4.759474789522337,136,374,,false,team_reconciliation_and_current_weekly_role
2026,1,CFP_EA483489,TreyShun Hurry,CFF_LOU,Louisville,WR,Ole Miss,False,2026-09-06T23:30Z,401856661,24.5,55.5,0.0,,MODELLED_ON_TEAM_RATES,CFBD/team roster,,2.9849890952532108,week1-v1.0,2026-08-30T16:15:00+00:00,0.0,0.0,0.0,0.0,0.0,0.0,0.0,0.0,1.7990661480515495,20.797551933806005,0.14611863185343796,4.755533132552777,137,375,,false,team_reconciliation_and_current_weekly_role
2026,1,CFP_DFA67E12,Bryan Hamilton,CFF_PITT,Pitt,WR,Miami (OH),True,2026-09-05T16:30Z,401858207,33.0,49.5,0.0,,MODELLED_ON_TEAM_RATES,CFBD/team roster,,2.335698489065474,week1-v1.0,2026-08-30T16:15:00+00:00,0.0,0.0,0.0,0.0,0.0,0.0,0.0,0.0,1.5827353272170115,19.56623881495066,0.19687479816108883,4.72060799767861,138,376,,false,team_reconciliation_and_current_weekly_role
2026,1,CFP_9899AB34,Chris Brooks Jr.,CFF_WISC,Wisconsin,WR,Notre Dame,False,2026-09-06T23:30Z,401858438,13.5,47.5,0.0,,MODELLED_ON_TEAM_RATES,CFBD/team roster,,3.0854758099679,week1-v1.0,2026-08-30T16:15:00+00:00,0.0,0.0,0.0,0.0,0.0,0.0,0.0,0.0,2.2011078595339506,20.484732214379992,0.07422072063059502,4.69490540475552,139,377,,false,team_reconciliation_and_current_weekly_role
2026,1,CFP_B6A0ECCD,R.J. Mosley,CFF_ARIZ,Arizona,WR,Northern Arizona,True,2026-09-06T01:30Z,401856773,44.0,56.5,0.0,,MODELLED_ON_TEAM_RATES,CFBD/team roster,,2.8575800472385797,week1-v1.0,2026-08-30T16:15:00+00:00,0.0,0.0,0.0,0.0,0.0,0.0,0.0,0.0,1.511100560017325,18.998850705214622,0.21224577722202792,4.684460293870956,140,378,,false,team_reconciliation_and_current_weekly_role
2026,1,CFP_0B542DFD,Jaivon Solomon,CFF_DUKE,Duke,WR,Tulane,True,2026-09-05T19:30Z,401858209,30.0,50.5,0.0,,MODELLED_ON_TEAM_RATES,CFBD/team roster,,2.4389066239962527,week1-v1.0,2026-08-30T16:15:00+00:00,0.0,0.0,0.0,0.0,0.0,0.0,0.0,0.0,1.618586539524882,20.150443099938716,0.16926891633257213,4.649244347514186,141,379,,false,team_reconciliation_and_current_weekly_role
2026,1,CFP_85A8EFBA,Benji Blackburn,CFF_STAN,Stanford,TE,Miami,True,2026-09-05T01:00Z,401858206,11.5,47.5,0.0,,MODELLED_ON_TEAM_RATES,CFBD/team roster,,2.0292082112194088,week1-v1.0,2026-08-30T16:15:00+00:00,0.0,0.0,0.0,0.0,0.0,0.0,0.0,0.0,1.1602985553465008,32.5,0.037506035592877456,4.635334768903765,29,380,receiving_yards,true,market_component_anchor_and_team_reconciliation
2026,1,CFP_2A0F7133,Kamrean Johnson,CFF_WAKE,Wake Forest,TE,Akron,True,2026-09-03T23:00Z,401858204,36.5,48.5,0.0,,MODELLED_ON_TEAM_RATES,CFBD/team roster,,2.418073570299461,week1-v1.0,2026-08-30T16:15:00+00:00,0.0,0.0,0.0,0.0,0.0,0.0,0.0,0.0,1.6314698511255983,22.11523716261533,0.13067058998704065,4.627017107309375,30,381,,true,team_reconciliation_and_current_weekly_role
2026,1,CFP_26CA5371,Malcolm Watkins,CFF_ISU,Iowa State,WR,Southeast Missouri State,True,2026-09-05T17:00Z,401856779,41.5,53.5,0.0,,MODELLED_ON_TEAM_RATES,CFBD/team roster,,2.1903286297792253,week1-v1.0,2026-08-30T16:15:00+00:00,0.0,0.0,0.0,0.0,0.0,0.0,0.0,0.0,1.60864185381598,19.500739650262393,0.1775997246605243,4.624314166805365,142,382,,false,team_reconciliation_and_current_weekly_role
2026,1,CFP_A26D6348,Jamarion Morrow,CFF_TAMU,Texas A&M,RB,Missouri State,True,2026-09-05T23:00Z,401856668,47.5,53.5,0.0,,MEDIUM,CFBD/team roster,,3.49650164553003,week1-v1.0,2026-08-30T16:15:00+00:00,0.0,0.0,0.0,0.0,0.0,2.917304567993492,16.250772570447488,0.16721901883072682,0.602239658485119,8.461120578398058,0.09117504621719841,4.623793363657225,134,383,,false,team_reconciliation_and_current_weekly_role
2026,1,CFP_E1642BFD,Quinton Martin Jr.,CFF_PSU,Penn State,RB,Marshall,True,2026-09-05T19:30Z,401858434,39.5,54.5,0.0,,MEDIUM,CFBD/team roster,,3.421635099154566,week1-v1.0,2026-08-30T16:15:00+00:00,0.0,0.0,0.0,0.0,0.0,3.4613774882640578,20.24986211114215,0.21585430731114766,0.4160671640368321,5.395367495719309,0.055822531417915155,4.610651157097355,135,384,,true,team_reconciliation_and_current_weekly_role
2026,1,CFP_5A81616E,Brian Williams Jr.,CFF_AUB,Auburn,WR,Baylor,True,2026-09-05T19:30Z,401856636,32.75,58.5,0.0,,MODELLED_ON_TEAM_RATES,CFBD/team roster,,2.2745024833463785,week1-v1.0,2026-08-30T16:15:00+00:00,0.0,0.0,0.0,0.0,0.0,0.0,0.0,0.0,1.600293626582287,17.580398481707523,0.20860100181251673,4.60993948562814,143,385,,false,team_reconciliation_and_current_weekly_role
2026,1,CFP_399CC314,Demetrice McCray,CFF_PITT,Pitt,WR,Miami (OH),True,2026-09-05T16:30Z,401858207,33.0,49.5,0.0,,MODELLED_ON_TEAM_RATES,CFBD/team roster,,2.275225393091208,week1-v1.0,2026-08-30T16:15:00+00:00,0.0,0.0,0.0,0.0,0.0,0.0,0.0,0.0,1.541757047788937,19.059653293210076,0.1917775526819117,4.598387693201415,144,386,,false,team_reconciliation_and_current_weekly_role
2026,1,CFP_6A1B3DEA,Elijah Lagg,CFF_PITT,Pitt,TE,Miami (OH),True,2026-09-05T16:30Z,401858207,33.0,49.5,0.0,,MODELLED_ON_TEAM_RATES,CFBD/team roster,,2.2508944664627326,week1-v1.0,2026-08-30T16:15:00+00:00,0.0,0.0,0.0,0.0,0.0,0.0,0.0,0.0,1.525269724061541,18.855832156522062,0.18972671166305666,4.549213209692087,31,387,,false,team_reconciliation_and_current_weekly_role
2026,1,CFP_972BAA71,Kyler Kasper,CFF_BYU,BYU,WR,Utah Tech,True,2026-09-06T00:00Z,401856775,52.5,54.5,0.0,,MODELLED_ON_TEAM_RATES,CFBD/team roster,,2.47717989166965,week1-v1.0,2026-08-30T16:15:00+00:00,0.0,0.0,0.0,0.0,0.0,0.0,0.0,0.0,1.4861514934550448,19.773694856364877,0.17837621940023124,4.533778295492921,145,388,,false,team_reconciliation_and_current_weekly_role
2026,1,CFP_4CCE6396,Rico Scott,CFF_ALA,Alabama,WR,East Carolina,True,2026-09-05T16:00Z,401856634,41.0,53.5,0.0,,MODELLED_ON_TEAM_RATES,CFBD/team roster,,1.9615493138136653,week1-v1.0,2026-08-30T16:15:00+00:00,0.0,0.0,0.0,0.0,0.0,0.0,0.0,0.0,1.029544821577909,26.5,0.140473423278465,4.522385361248699,146,389,receiving_yards,true,market_component_anchor_and_team_reconciliation
2026,1,CFP_876F91F6,Anthony Coellner,CFF_BC,Boston College,QB,Cincinnati,False,2026-09-05T19:30Z,401856777,22.0,51.5,0.2392988091300819,LOW,HIGH,CFBD/team roster,,5.129571792842705,week1-v1.0,2026-08-30T16:15:00+00:00,7.979772464857764,5.0545870452568975,57.66556443728033,0.34907375397354645,0.19345354148022686,1.8545975889841264,4.78702501121073,0.0881504023845103,0.0,0.0,0.0,4.517068967333308,78,390,,false,team_reconciliation_and_current_weekly_role
2026,1,CFP_F40226AC,Donovan Murph,CFF_SC,South Carolina,WR,Kent State,True,2026-09-05T16:45Z,401856665,45.0,53.5,0.0,,MODELLED_ON_TEAM_RATES,CFBD/team roster,,2.9969943260391596,week1-v1.0,2026-08-30T16:15:00+00:00,0.0,0.0,0.0,0.0,0.0,0.0,0.0,0.0,1.4416445248687673,19.77962767578489,0.181121278309472,4.506334962304089,147,391,,false,team_reconciliation_and_current_weekly_role
2026,1,CFP_050DB9A8,Drew Wagner,CFF_NW,Northwestern,WR,South Dakota State,True,2026-09-06T00:00Z,401858431,29.5,46.5,0.0,,MODELLED_ON_TEAM_RATES,CFBD/team roster,,3.083018881188716,week1-v1.0,2026-08-30T16:15:00+00:00,0.0,0.0,0.0,0.0,0.0,0.20634408574562996,1.0254313068279495,0.010580854825506428,1.5324894165365546,17.635272495390545,0.16613265595426707,4.458840861437045,148,392,,false,team_reconciliation_and_current_weekly_role
2026,1,CFP_14CC9628,Tradon Bessinger,CFF_IOWA,Iowa,QB,Northern Illinois,True,2026-09-05T20:15Z,401858426,38.5,45.5,0.21333607638698704,LOW,HIGH,CFBD/team roster,,3.760484650122945,week1-v1.0,2026-08-30T16:15:00+00:00,4.011860975803047,2.552920894748801,31.695814346660246,0.3290920059642217,0.10624607280265895,2.287659223097728,7.9216059277453015,0.19642520334253238,0.0,0.0,0.0,4.448666337750362,79,393,,false,team_reconciliation_and_current_weekly_role
2026,1,CFP_EBE3B214,Samari Reed,CFF_MISS,Ole Miss,WR,Louisville,True,2026-09-06T23:30Z,401856661,31.0,55.5,0.0,,MODELLED_ON_TEAM_RATES,CFBD/team roster,,2.669291572806007,week1-v1.0,2026-08-30T16:15:00+00:00,0.0,0.0,0.0,0.0,0.0,0.0,0.0,0.0,1.4709924809816395,21.700037437898676,0.13322055031881833,4.4403195266844175,149,394,,false,team_reconciliation_and_current_weekly_role
2026,1,CFP_ED40D0CE,Jamal Polite Jr.,CFF_ISU,Iowa State,WR,Southeast Missouri State,True,2026-09-05T17:00Z,401856779,41.5,53.5,0.0,,MODELLED_ON_TEAM_RATES,CFBD/team roster,,2.100308634179387,week1-v1.0,2026-08-30T16:15:00+00:00,0.0,0.0,0.0,0.0,0.0,0.0,0.0,0.0,1.5425285178382524,18.699281607097817,0.17030057958470785,4.434260156056281,150,395,,false,team_reconciliation_and_current_weekly_role
2026,1,CFP_9B90B1C9,Patrick Overmyer,CFF_HOU,Houston,TE,Oregon State,True,2026-09-05T16:00Z,401856778,36.0,51.5,0.0,,MODELLED_ON_TEAM_RATES,CFBD/team roster,,1.5973830971867204,week1-v1.0,2026-08-30T16:15:00+00:00,0.0,0.0,0.0,0.0,0.0,0.6903380654456467,3.725127288678559,0.03314999587848324,0.7231951028174108,27.5,0.058377118520899635,4.3948705180815635,32,396,receiving_yards,true,market_component_anchor_and_team_reconciliation
2026,1,CFP_84F1A90E,Corey Barber Jr.,CFF_LSU,LSU,WR,Clemson,True,2026-09-05T23:30Z,401856660,31.0,51.5,0.0,,MODELLED_ON_TEAM_RATES,CFBD/team roster,,3.550284430883776,week1-v1.0,2026-08-30T16:15:00+00:00,0.0,0.0,0.0,0.0,0.0,0.0,0.0,0.0,1.7238726087279015,16.53230219430727,0.1694117520052407,4.3935733401900725,151,397,,false,team_reconciliation_and_current_weekly_role
2026,1,CFP_FD794ED7,Chase Campbell,CFF_TTU,Texas Tech,WR,Abilene Christian,True,2026-09-05T23:00Z,401856770,51.0,59.5,0.0,,MODELLED_ON_TEAM_RATES,CFBD/team roster,,2.8568343238167055,week1-v1.0,2026-08-30T16:15:00+00:00,0.0,0.0,0.0,0.0,0.0,0.0,0.0,0.0,1.402607462603334,17.943370131910136,0.1984466602805549,4.387624437477677,152,398,,false,team_reconciliation_and_current_weekly_role
2026,1,CFP_AB598A49,Iverson Howard,CFF_MD,Maryland,RB,Hampton,True,2026-09-06T00:00Z,401858427,51.0,56.5,0.0,,MEDIUM,CFBD/team roster,,3.3321436180794493,week1-v1.0,2026-08-30T16:15:00+00:00,0.0,0.0,0.0,0.0,0.0,4.555269506680235,22.341030178231986,0.20923831115793143,0.30848155072247424,3.6518847534154335,0.0360458431913527,4.379477969982921,136,399,,false,team_reconciliation_and_current_weekly_role
2026,1,CFP_63FFFFA3,Ian Strong,CFF_CAL,California,WR,UCLA,True,2026-09-06T02:30Z,401858210,26.0,53.5,0.0,,MODELLED_ON_TEAM_RATES,CFBD/team roster,,2.7018737287596264,week1-v1.0,2026-08-30T16:15:00+00:00,0.0,0.0,0.0,0.0,0.0,0.0,0.0,0.0,1.6921804779160294,19.263779455830786,0.12062767165347812,4.342324453419977,153,400,,true,team_reconciliation_and_current_weekly_role
2026,1,CFP_995B15BF,Sawyer Seidl,CFF_WAKE,Wake Forest,RB,Akron,True,2026-09-03T23:00Z,401858204,36.5,48.5,0.0,,MEDIUM,CFBD/team roster,,3.196232544192398,week1-v1.0,2026-08-30T16:15:00+00:00,0.0,0.0,0.0,0.0,0.0,3.2025884648259333,17.19800288492233,0.19020031878458515,0.5129723900322603,6.953549313589915,0.04108589858790926,4.315844914118451,137,401,,false,team_reconciliation_and_current_weekly_role
2026,1,CFP_0AA3C60D,Jamien Little,CFF_DUKE,Duke,WR,Tulane,True,2026-09-05T19:30Z,401858209,30.0,50.5,0.0,,MODELLED_ON_TEAM_RATES,CFBD/team roster,,2.255697687415211,week1-v1.0,2026-08-30T16:15:00+00:00,0.0,0.0,0.0,0.0,0.0,0.0,0.0,0.0,1.4969994661399861,18.636756099520685,0.1565535553374464,4.2999964081167334,154,402,,false,team_reconciliation_and_current_weekly_role
2026,1,CFP_8B287331,Tre Richardson,CFF_LOU,Louisville,WR,Ole Miss,False,2026-09-06T23:30Z,401856661,24.5,55.5,0.0,,MODELLED_ON_TEAM_RATES,CFBD/team roster,,3.396121317579633,week1-v1.0,2026-08-30T16:15:00+00:00,0.0,0.0,0.0,0.0,0.0,1.8488989864834293,9.841437784443853,0.09022414284570063,1.0462755358539635,12.09514715040373,0.08497761463983886,4.291144574251959,155,403,,false,team_reconciliation_and_current_weekly_role
2026,1,CFP_9980EAB6,Craig Dandridge,CFF_UGA,Georgia,WR,Tennessee State,True,2026-09-05T19:00Z,401856658,51.5,56.5,0.0,,MODELLED_ON_TEAM_RATES,CFBD/team roster,,3.0143015251280008,week1-v1.0,2026-08-30T16:15:00+00:00,0.0,0.0,0.0,0.0,0.0,0.0,0.0,0.0,1.7748942086189454,10.808893453800025,0.2374006089875323,4.280187207924142,156,404,,false,team_reconciliation_and_current_weekly_role
2026,1,CFP_C8F777B8,Sutton Smith,CFF_ARK,Arkansas,RB,North Alabama,True,2026-09-05T20:15Z,401856635,52.0,63.5,0.0,,MEDIUM,CFBD/team roster,,3.0590871878441184,week1-v1.0,2026-08-30T16:15:00+00:00,0.0,0.0,0.0,0.0,0.0,2.607638983579408,17.63801101368501,0.16588038086359713,0.4854381210718683,6.6053220197984315,0.06031681864095388,4.266954621447519,138,405,,false,team_reconciliation_and_current_weekly_role
2026,1,CFP_E6F8FF74,Bryce Yates,CFF_PITT,Pitt,WR,Miami (OH),True,2026-09-05T16:30Z,401858207,33.0,49.5,0.0,,MODELLED_ON_TEAM_RATES,CFBD/team roster,,2.0848249523009432,week1-v1.0,2026-08-30T16:15:00+00:00,0.0,0.0,0.0,0.0,0.0,0.0,0.0,0.0,1.4127363264213366,17.46466125446249,0.175728799589057,4.213575249401927,157,406,,true,team_reconciliation_and_current_weekly_role
2026,1,CFP_180C2566,Hollywood Smothers,CFF_TEX,Texas,RB,Texas State,True,2026-09-05T19:30Z,401856667,45.0,59.5,0.0,,MEDIUM,CFBD/team roster,,3.190289751066246,week1-v1.0,2026-08-30T16:15:00+00:00,0.0,0.0,0.0,0.0,0.0,2.6494119348031977,14.23825289379816,0.14436761963685454,0.6230439871359249,7.018374529900861,0.09661428256877906,4.194598142739629,139,407,,true,team_reconciliation_and_current_weekly_role
2026,1,CFP_BDEC75F1,Tobias Merriweather,CFF_UTAH,Utah,WR,Idaho,True,2026-09-04T01:00Z,401856768,45.0,56.5,0.0,,MODELLED_ON_TEAM_RATES,CFBD/team roster,,2.933345532730316,week1-v1.0,2026-08-30T16:15:00+00:00,0.0,0.0,0.0,0.0,0.0,0.0,0.0,0.0,1.536820554778221,11.606194541174,0.24820843474605941,4.186690617371978,158,408,,false,team_reconciliation_and_current_weekly_role
2026,1,CFP_3FB6485B,Joshua Smith,CFF_CIN,Cincinnati,WR,Boston College,True,2026-09-05T19:30Z,401856777,29.5,51.5,0.0,,MODELLED_ON_TEAM_RATES,CFBD/team roster,,1.946867905087424,week1-v1.0,2026-08-30T16:15:00+00:00,0.0,0.0,0.0,0.0,0.0,0.0,0.0,0.0,1.4604121425701693,17.857000165022523,0.1563961758101009,4.184489213933027,159,409,,false,team_reconciliation_and_current_weekly_role
2026,1,CFP_FAD02CB7,Rodney Fields Jr.,CFF_KSU,Kansas State,RB,Nicholls,True,2026-09-05T23:00Z,401856771,48.0,55.5,0.0,,MEDIUM,CFBD/team roster,,3.268423020646509,week1-v1.0,2026-08-30T16:15:00+00:00,0.0,0.0,0.0,0.0,0.0,3.4249628345587464,22.72018792963332,0.17206510717034407,0.27337794027962176,3.4910994975445777,0.040062741661553526,4.167273775988797,140,410,,false,team_reconciliation_and_current_weekly_role
2026,1,CFP_8132B0CE,Kyson Brown,CFF_ASU,Arizona State,RB,Morgan State,True,2026-09-06T02:00Z,401856774,47.0,52.5,0.0,,MEDIUM,CFBD/team roster,,3.1181823134631705,week1-v1.0,2026-08-30T16:15:00+00:00,0.0,0.0,0.0,0.0,0.0,1.5365524675354372,9.042799553595543,0.08236938302017843,0.8931644026540975,11.344656564746927,0.12281213632671811,4.162999130569724,141,411,,false,team_reconciliation_and_current_weekly_role
2026,1,CFP_74479BCF,Samson Gash,CFF_MSU,Michigan State,WR,Toledo,True,2026-09-05T00:00Z,401858429,29.75,49.5,0.0,,MODELLED_ON_TEAM_RATES,CFBD/team roster,,2.183350367451832,week1-v1.0,2026-08-30T16:15:00+00:00,0.0,0.0,0.0,0.0,0.0,0.0,0.0,0.0,1.4563418116943545,17.75043154260657,0.1551589562244551,4.162338703301742,160,412,,false,team_reconciliation_and_current_weekly_role
2026,1,CFP_969B2DC5,Kavon Conciauro,CFF_DUKE,Duke,WR,Tulane,True,2026-09-05T19:30Z,401858209,30.0,50.5,0.0,,MODELLED_ON_TEAM_RATES,CFBD/team roster,,2.179222087753434,week1-v1.0,2026-08-30T16:15:00+00:00,0.0,0.0,0.0,0.0,0.0,0.0,0.0,0.0,1.4462462413150752,18.004908531288113,0.15124587288939031,4.154212331780228,161,413,,false,team_reconciliation_and_current_weekly_role
2026,1,CFP_E2FBC5E1,Josiah Teasley,CFF_MD,Maryland,WR,Hampton,True,2026-09-06T00:00Z,401858427,51.0,56.5,0.0,,MODELLED_ON_TEAM_RATES,CFBD/team roster,,2.4785809765749245,week1-v1.0,2026-08-30T16:15:00+00:00,0.0,0.0,0.0,0.0,0.0,0.0,0.0,0.0,1.4339279211728175,16.975211323217053,0.1675534270144996,4.136769615581521,162,414,,false,team_reconciliation_and_current_weekly_role
2026,1,CFP_30318701,Ryan Ward,CFF_WVU,West Virginia,TE,Coastal Carolina,True,2026-09-05T16:00Z,401856780,39.0,56.5,0.0,,MODELLED_ON_TEAM_RATES,CFBD/team roster,,1.7279564851833566,week1-v1.0,2026-08-30T16:15:00+00:00,0.0,0.0,0.0,0.0,0.0,0.0,0.0,0.0,1.3759778349361704,17.641932392422042,0.1658287183560331,4.135143384314574,33,415,,false,team_reconciliation_and_current_weekly_role
2026,1,CFP_FB3054AF,Shahn Alston,CFF_USC,USC,RB,Fresno State,True,2026-09-05T01:00Z,401858436,37.5,51.5,0.0,,MEDIUM,CFBD/team roster,,2.56414250620329,week1-v1.0,2026-08-30T16:15:00+00:00,0.0,0.0,0.0,0.0,0.0,4.424095813629291,25.5,0.15664922114101182,0.32966020723016987,1.5736533767496304,0.0257274342979103,4.1312854775386665,142,416,rushing_yards,false,market_component_anchor_and_team_reconciliation
2026,1,CFP_901EE1CE,Ethan Shine,CFF_PITT,Pitt,RB,Miami (OH),True,2026-09-05T16:30Z,401858207,33.0,49.5,0.0,,MEDIUM,CFBD/team roster,,2.8662252862027153,week1-v1.0,2026-08-30T16:15:00+00:00,0.0,0.0,0.0,0.0,0.0,1.8052875887900088,8.583714937320629,0.08045323354139562,0.9349871009323518,11.558585059138204,0.11630207123950764,4.129748929263655,143,417,,false,team_reconciliation_and_current_weekly_role
2026,1,CFP_F759667E,Tyrell Henry,CFF_WISC,Wisconsin,WR,Notre Dame,False,2026-09-06T23:30Z,401858438,13.5,47.5,0.0,,MODELLED_ON_TEAM_RATES,CFBD/team roster,,3.8081625157843457,week1-v1.0,2026-08-30T16:15:00+00:00,0.0,0.0,0.0,0.0,0.0,2.4631270901203464,9.83708757330132,0.08005441388414951,1.2487976493472945,11.62200449470157,0.042109095678743436,4.127687913524941,163,418,,false,team_reconciliation_and_current_weekly_role
2026,1,CFP_89809AD2,Savion Hiter,CFF_MICH,Michigan,RB,Western Michigan,True,2026-09-05T23:30Z,401858428,38.0,48.5,0.0,,MEDIUM,CFBD/team roster,,3.2421287547614495,week1-v1.0,2026-08-30T16:15:00+00:00,0.0,0.0,0.0,0.0,0.0,3.538153477624121,20.684985982415505,0.21663514069538675,0.3024585488833604,2.912836139668096,0.026478129421398135,4.12092038179243,144,419,,false,team_reconciliation_and_current_weekly_role
2026,1,CFP_3086C863,Kaleb Edwards,CFF_ALA,Alabama,TE,East Carolina,True,2026-09-05T16:00Z,401856634,41.0,53.5,0.0,,MODELLED_ON_TEAM_RATES,CFBD/team roster,,2.2491020646653714,week1-v1.0,2026-08-30T16:15:00+00:00,0.0,0.0,0.0,0.0,0.0,0.0,0.0,0.0,1.1804706451017013,19.5,0.16106608388649488,4.096867148420671,34,420,receiving_yards,true,market_component_anchor_and_team_reconciliation
2026,1,CFP_2341B097,Micah Hudson,CFF_TTU,Texas Tech,WR,Abilene Christian,True,2026-09-05T23:00Z,401856770,51.0,59.5,0.0,,MODELLED_ON_TEAM_RATES,CFBD/team roster,,2.666683118109988,week1-v1.0,2026-08-30T16:15:00+00:00,0.0,0.0,0.0,0.0,0.0,0.0,0.0,0.0,1.3092497561645002,16.749057449308967,0.1852380288222191,4.0955836740287115,164,421,,false,team_reconciliation_and_current_weekly_role
2026,1,CFP_BB04AD74,Clay Thevenin,CFF_RUTG,Rutgers,RB,Massachusetts,True,2026-09-03T22:00Z,401858423,41.0,52.5,0.0,,MEDIUM,CFBD/team roster,,3.0785717397800205,week1-v1.0,2026-08-30T16:15:00+00:00,0.0,0.0,0.0,0.0,0.0,4.254019982201387,19.69289878462092,0.2547887954180195,0.194960044864123,2.473649907558708,0.025159608947952987,4.091305340277921,145,422,,false,team_reconciliation_and_current_weekly_role
2026,1,CFP_1BA10DB3,Zach Atkins,CFF_COLO,Colorado,TE,Georgia Tech,False,2026-09-04T00:00Z,401856776,22.0,50.5,0.0,,MODELLED_ON_TEAM_RATES,CFBD/team roster,,3.672757490886433,week1-v1.0,2026-08-30T16:15:00+00:00,0.0,0.0,0.0,0.0,0.0,0.0,0.0,0.0,1.9351192161769615,12.477270354767427,0.15131754117851703,4.090751498724806,35,423,,true,team_reconciliation_and_current_weekly_role
2026,1,CFP_44EC9D2E,Koby Howard,CFF_PSU,Penn State,WR,Marshall,True,2026-09-05T19:30Z,401858434,39.5,54.5,0.0,,MODELLED_ON_TEAM_RATES,CFBD/team roster,,2.2380731890641195,week1-v1.0,2026-08-30T16:15:00+00:00,0.0,0.0,0.0,0.0,0.0,0.0,0.0,0.0,1.3122895347014234,17.01716672809561,0.17606610209160023,4.070402820060586,165,424,,true,team_reconciliation_and_current_weekly_role
2026,1,CFP_4F23C91D,Jayden Kitchens,CFF_MD,Maryland,WR,Hampton,True,2026-09-06T00:00Z,401858427,51.0,56.5,0.0,,MODELLED_ON_TEAM_RATES,CFBD/team roster,,2.415091458842468,week1-v1.0,2026-08-30T16:15:00+00:00,0.0,0.0,0.0,0.0,0.0,0.0,0.0,0.0,1.3971974721623637,16.540386723777537,0.16326150095837727,4.030805150290381,166,425,,false,team_reconciliation_and_current_weekly_role
2026,1,CFP_9E85CAED,Joshua Moore,CFF_MIA,Miami,WR,Stanford,False,2026-09-05T01:00Z,401858206,36.0,47.5,0.0,,MODELLED_ON_TEAM_RATES,CFBD/team roster,,2.630777892079879,week1-v1.0,2026-08-30T16:15:00+00:00,0.0,0.0,0.0,0.0,0.0,0.0,0.0,0.0,1.2853053335747695,17.200346473328942,0.16878678471374395,4.018060689190127,167,426,,true,team_reconciliation_and_current_weekly_role
2026,1,CFP_FDED4671,Cody Jackson,CFF_ISU,Iowa State,WR,Southeast Missouri State,True,2026-09-05T17:00Z,401856779,41.5,53.5,0.0,,MODELLED_ON_TEAM_RATES,CFBD/team roster,,1.9027384333102682,week1-v1.0,2026-08-30T16:15:00+00:00,0.0,0.0,0.0,0.0,0.0,0.0,0.0,0.0,1.3974271436134493,16.940292112362922,0.1542808769709422,4.017141616675395,168,427,,false,team_reconciliation_and_current_weekly_role
2026,1,CFP_ED8279FF,Brody Keefe,CFF_DUKE,Duke,WR,Tulane,True,2026-09-05T19:30Z,401858209,30.0,50.5,0.0,,MODELLED_ON_TEAM_RATES,CFBD/team roster,,2.104741503735007,week1-v1.0,2026-08-30T16:15:00+00:00,0.0,0.0,0.0,0.0,0.0,0.0,0.0,0.0,1.3968170136595093,17.389543943096392,0.1460766517225878,4.012231318304675,169,428,,false,team_reconciliation_and_current_weekly_role
2026,1,CFP_EB23F72B,Jaren Hamilton,CFF_ASU,Arizona State,WR,Morgan State,True,2026-09-06T02:00Z,401856774,47.0,52.5,0.0,,MODELLED_ON_TEAM_RATES,CFBD/team roster,,2.4244992644833707,week1-v1.0,2026-08-30T16:15:00+00:00,0.0,0.0,0.0,0.0,0.0,0.2070667253486014,1.20968160615773,0.011807592763435142,1.2301568364894653,15.625014598967683,0.16914936226438224,3.999368187168911,170,429,,false,team_reconciliation_and_current_weekly_role
2026,1,CFP_1805C5AB,Jaden Greathouse,CFF_ND,Notre Dame,WR,Wisconsin,True,2026-09-06T23:30Z,401858438,34.0,47.5,0.0,,MODELLED_ON_TEAM_RATES,CFBD/team roster,,1.2420191539768697,week1-v1.0,2026-08-30T16:15:00+00:00,0.0,0.0,0.0,0.0,0.0,0.0,0.0,0.0,0.70165741980709,27.5,0.0888763671648204,3.9849156227960125,171,430,receiving_yards,false,market_component_anchor_and_team_reconciliation
2026,1,CFP_6E347B33,Kam Perry,CFF_COLO,Colorado,WR,Georgia Tech,False,2026-09-04T00:00Z,401856776,22.0,50.5,0.0,,MODELLED_ON_TEAM_RATES,CFBD/team roster,,1.9705971895214753,week1-v1.0,2026-08-30T16:15:00+00:00,0.0,0.0,0.0,0.0,0.0,0.0,0.0,0.0,1.0382772339991764,24.5,0.08118856802051407,3.975408642122261,172,431,receiving_yards,true,market_component_anchor_and_team_reconciliation
2026,1,CFP_C5CB0AF2,Dadrien Waller,CFF_CIN,Cincinnati,WR,Boston College,True,2026-09-05T19:30Z,401856777,29.5,51.5,0.0,,MODELLED_ON_TEAM_RATES,CFBD/team roster,,1.8425953434628874,week1-v1.0,2026-08-30T16:15:00+00:00,0.0,0.0,0.0,0.0,0.0,0.0,0.0,0.0,1.3821937309689303,16.900594676354782,0.1480197318626784,3.960371589780479,173,432,,false,team_reconciliation_and_current_weekly_role
2026,1,CFP_EC839050,H'eij Jackson,CFF_CIN,Cincinnati,WR,Boston College,True,2026-09-05T19:30Z,401856777,29.5,51.5,0.0,,MODELLED_ON_TEAM_RATES,CFBD/team roster,,1.8425953434628874,week1-v1.0,2026-08-30T16:15:00+00:00,0.0,0.0,0.0,0.0,0.0,0.0,0.0,0.0,1.3821937309689303,16.900594676354782,0.1480197318626784,3.960371589780479,174,433,,false,team_reconciliation_and_current_weekly_role
2026,1,CFP_DE4CD347,KD Jones,CFF_OKST,Oklahoma State,RB,Tulsa,False,2026-09-05T19:45Z,401856772,37.25,60.5,0.0,,MEDIUM,CFBD/team roster,,2.4054180317175438,week1-v1.0,2026-08-30T16:15:00+00:00,0.0,0.0,0.0,0.0,0.0,2.0224214572694916,9.584147824266502,0.10107070330968031,0.7812909321764889,10.454444941147996,0.09459685975571262,3.959155587110296,146,434,,false,team_reconciliation_and_current_weekly_role
2026,1,CFP_136C0695,Brian Bonner Jr.,CFF_WASH,Washington,RB,Washington State,True,2026-09-06T20:00Z,401858437,37.0,50.5,0.0,,MEDIUM,CFBD/team roster,,2.9313938003409574,week1-v1.0,2026-08-30T16:15:00+00:00,0.0,0.0,0.0,0.0,0.0,2.027752801617932,11.147209093550044,0.11454422039111024,0.6819549414188805,8.775559502387539,0.09402446371855391,3.925643905670624,147,435,,false,team_reconciliation_and_current_weekly_role
2026,1,CFP_A202A848,Jovantae Barnes,CFF_UK,Kentucky,RB,Youngstown State,True,2026-09-05T17:00Z,401856659,43.0,62.5,0.0,,MEDIUM,CFBD/team roster,,2.8360350547290296,week1-v1.0,2026-08-30T16:15:00+00:00,0.0,0.0,0.0,0.0,0.0,3.637996375978827,18.782231583040872,0.18861191169948432,0.29604992949142794,3.763139783133154,0.03671198360504482,3.9025304379360057,148,436,,false,team_reconciliation_and_current_weekly_role
2026,1,CFP_99336AE8,Whit Muschamp,CFF_VAN,Vanderbilt,QB,Austin Peay,True,2026-09-05T23:00Z,401856669,46.0,61.5,0.12824759130205363,LOW,HIGH,CFBD/team roster,,3.168420481203899,week1-v1.0,2026-08-30T16:15:00+00:00,3.6194462548318236,2.327989470302321,31.488651416123442,0.3376206104136477,0.07732219297383439,1.7450949792966028,6.41249484233051,0.12049263967496866,0.0,0.0,0.0,3.8969116276085574,80,437,,false,team_reconciliation_and_current_weekly_role
2026,1,CFP_DE766D94,Tyler Brown,CFF_CLEM,Clemson,WR,LSU,False,2026-09-05T23:30Z,401856660,20.5,51.5,0.0,,MODELLED_ON_TEAM_RATES,CFBD/team roster,,4.330190830418059,week1-v1.0,2026-08-30T16:15:00+00:00,0.0,0.0,0.0,0.0,0.0,0.8991547630504436,4.1836159671208835,0.03461638309546313,1.5552156932657895,14.580964733802622,0.04248607922512565,3.894288537281673,175,438,,true,team_reconciliation_and_current_weekly_role
2026,1,CFP_7ED79892,Qeanu Johnson,CFF_DUKE,Duke,WR,Tulane,True,2026-09-05T19:30Z,401858209,30.0,50.5,0.0,,MODELLED_ON_TEAM_RATES,CFBD/team roster,,2.0385734848972086,week1-v1.0,2026-08-30T16:15:00+00:00,0.0,0.0,0.0,0.0,0.0,0.0,0.0,0.0,1.352904440876217,16.84285843840821,0.14148435256100883,3.8860964000830913,176,439,,false,team_reconciliation_and_current_weekly_role
2026,1,CFP_CFC538D9,Na'eem Abdul-Rahim Gladding,CFF_MD,Maryland,WR,Hampton,True,2026-09-06T00:00Z,401858427,51.0,56.5,0.0,,MODELLED_ON_TEAM_RATES,CFBD/team roster,,2.311765380964156,week1-v1.0,2026-08-30T16:15:00+00:00,0.0,0.0,0.0,0.0,0.0,0.0,0.0,0.0,1.3374204669100564,15.832731003121074,0.1562766016905704,3.8583531773655864,177,440,,false,team_reconciliation_and_current_weekly_role
2026,1,CFP_94907372,DJ Biggins,CFF_BC,Boston College,WR,Cincinnati,False,2026-09-05T19:30Z,401856777,22.0,51.5,0.0,,MODELLED_ON_TEAM_RATES,CFBD/team roster,,2.159224586057372,week1-v1.0,2026-08-30T16:15:00+00:00,0.0,0.0,0.0,0.0,0.0,0.0,0.0,0.0,1.5028610423862496,17.145481817614616,0.10378876475352143,3.84014181266884,178,441,,false,team_reconciliation_and_current_weekly_role
2026,1,CFP_F4D81F78,Randy Pittman,CFF_SMU,SMU,TE,Florida State,False,2026-09-07T23:30Z,401858212,28.25,53.5,0.0,,MODELLED_ON_TEAM_RATES,CFBD/team roster,,2.5325748069300986,week1-v1.0,2026-08-30T16:15:00+00:00,0.0,0.0,0.0,0.0,0.0,0.35470996935633486,1.7491223743947464,0.017470047595453682,1.405217370192478,15.695914884804667,0.0974971891035198,3.8395245163062603,36,442,,false,team_reconciliation_and_current_weekly_role
2026,1,CFP_F8DCAE24,Daune Morris,CFF_TENN,Tennessee,RB,Furman,True,2026-09-05T19:30Z,401856666,56.5,66.5,0.0,,MEDIUM,CFBD/team roster,,2.846412790832399,week1-v1.0,2026-08-30T16:15:00+00:00,0.0,0.0,0.0,0.0,0.0,3.634027758364,20.013357940595064,0.20286983996031602,0.19932427446626225,2.604114830947398,0.02551090048510849,3.8313559942930557,149,443,,false,team_reconciliation_and_current_weekly_role
2026,1,CFP_CF3140AB,Meyer Swinney,CFF_CAL,California,WR,UCLA,True,2026-09-06T02:30Z,401858210,26.0,53.5,0.0,,MODELLED_ON_TEAM_RATES,CFBD/team roster,,2.383156511523392,week1-v1.0,2026-08-30T16:15:00+00:00,0.0,0.0,0.0,0.0,0.0,0.0,0.0,0.0,1.492568243176077,16.991394141794096,0.10639824434092474,3.830097123401035,179,444,,false,team_reconciliation_and_current_weekly_role
2026,1,CFP_CBE99F1B,JonAnthony Hall,CFF_STAN,Stanford,WR,Miami,True,2026-09-05T01:00Z,401858206,11.5,47.5,0.0,,MODELLED_ON_TEAM_RATES,CFBD/team roster,,1.5602316797274243,week1-v1.0,2026-08-30T16:15:00+00:00,0.0,0.0,0.0,0.0,0.0,0.0,0.0,0.0,0.8921383986050864,27.5,0.02883790070897977,3.815165802858965,180,445,receiving_yards,true,market_component_anchor_and_team_reconciliation
2026,1,CFP_B46033C3,Christian Bentancur,CFF_CLEM,Clemson,TE,LSU,False,2026-09-05T23:30Z,401856660,20.5,51.5,0.0,,MODELLED_ON_TEAM_RATES,CFBD/team roster,,4.138761993848061,week1-v1.0,2026-08-30T16:15:00+00:00,0.0,0.0,0.0,0.0,0.0,0.0,0.0,0.0,1.8118414538264527,16.986966152591553,0.04949669675014126,3.8075182495864555,37,446,,true,team_reconciliation_and_current_weekly_role
2026,1,CFP_66B8FED9,Xavier Gayten,CFF_MSST,Mississippi State,RB,UL Monroe,True,2026-09-05T23:30Z,401856662,42.5,56.5,0.0,,MEDIUM,CFBD/team roster,,2.826549961123582,week1-v1.0,2026-08-30T16:15:00+00:00,0.0,0.0,0.0,0.0,0.0,3.1591593140110925,15.091847635529678,0.18850539061265412,0.37658153403229067,4.912303712454464,0.049609145865238964,3.8056838876980628,150,447,,false,team_reconciliation_and_current_weekly_role
2026,1,CFP_1E33F362,Chris Lawson,CFF_WASH,Washington,WR,Washington State,True,2026-09-06T20:00Z,401858437,37.0,50.5,0.0,,MODELLED_ON_TEAM_RATES,CFBD/team roster,,2.176218973983347,week1-v1.0,2026-08-30T16:15:00+00:00,0.0,0.0,0.0,0.0,0.0,0.0,0.0,0.0,1.2199389703629087,15.698466824548325,0.16819895346616756,3.798979373614747,181,448,,false,team_reconciliation_and_current_weekly_role
2026,1,CFP_2393E759,Lee Beebe Jr.,CFF_IND,Indiana,RB,North Texas,True,2026-09-05T16:00Z,401858425,48.0,55.5,0.0,,MEDIUM,CFBD/team roster,,2.7741687362945235,week1-v1.0,2026-08-30T16:15:00+00:00,0.0,0.0,0.0,0.0,0.0,3.479324255587098,19.841533877009738,0.19543319420229305,0.24727966898702575,1.4561906780096228,0.04109166047756378,3.7962012525681024,151,449,,true,team_reconciliation_and_current_weekly_role
2026,1,CFP_6D4E6F0E,Nathan McNeil,CFF_IOWA,Iowa,RB,Northern Illinois,True,2026-09-05T20:15Z,401858426,38.5,45.5,0.0,,MEDIUM,CFBD/team roster,,3.009885126161418,week1-v1.0,2026-08-30T16:15:00+00:00,0.0,0.0,0.0,0.0,0.0,2.5865605983661837,14.943039204659382,0.1657279852271249,0.43519498805082574,5.247116669103028,0.056444476176465704,3.7872453438486104,152,450,,false,team_reconciliation_and_current_weekly_role
2026,1,CFP_4503FEB5,Jabari Brady,CFF_MIZ,Missouri,WR,Arkansas-Pine Bluff,True,2026-09-04T00:00Z,401856663,57.5,60.5,0.0,,MODELLED_ON_TEAM_RATES,CFBD/team roster,,2.18708884613216,week1-v1.0,2026-08-30T16:15:00+00:00,0.0,0.0,0.0,0.0,0.0,0.0,0.0,0.0,1.323891618956801,12.999690729971501,0.1927108191505134,3.780125606857032,182,451,,false,team_reconciliation_and_current_weekly_role
2026,1,CFP_342D7DD4,Kai Meza,CFF_CAL,California,WR,UCLA,True,2026-09-06T02:30Z,401858210,26.0,53.5,0.0,,MODELLED_ON_TEAM_RATES,CFBD/team roster,,2.347197095499632,week1-v1.0,2026-08-30T16:15:00+00:00,0.0,0.0,0.0,0.0,0.0,0.0,0.0,0.0,1.4700469013587434,16.7350112278671,0.10479280268656722,3.772304840264857,183,452,,false,team_reconciliation_and_current_weekly_role
2026,1,CFP_68B180E1,Jeffrey Overton Jr.,CFF_VT,Virginia Tech,RB,VMI,True,2026-09-05T23:30Z,401858211,54.5,57.5,0.0,,MEDIUM,CFBD/team roster,,2.880381337158584,week1-v1.0,2026-08-30T16:15:00+00:00,0.0,0.0,0.0,0.0,0.0,3.2407056884824734,18.30770794170998,0.19141840806479718,0.25931567746455575,3.2121221377977895,0.0320175301791023,3.7519143148787295,153,453,,false,team_reconciliation_and_current_weekly_role
2026,1,CFP_CBFDECE2,Dequane Prevo,CFF_ARK,Arkansas,WR,North Alabama,True,2026-09-05T20:15Z,401856635,52.0,63.5,0.0,,MODELLED_ON_TEAM_RATES,CFBD/team roster,,2.045996447753359,week1-v1.0,2026-08-30T16:15:00+00:00,0.0,0.0,0.0,0.0,0.0,0.0,0.0,0.0,1.2067662698625907,16.420382885202546,0.14994352334876918,3.74846569847546,184,454,,false,team_reconciliation_and_current_weekly_role
2026,1,CFP_E228167B,Tyler Fortenberry,CFF_ISU,Iowa State,TE,Southeast Missouri State,True,2026-09-05T17:00Z,401856779,41.5,53.5,0.0,,MODELLED_ON_TEAM_RATES,CFBD/team roster,,1.773104861235387,week1-v1.0,2026-08-30T16:15:00+00:00,0.0,0.0,0.0,0.0,0.0,0.0,0.0,0.0,1.3022204303996685,15.786149987479774,0.14376972061100377,3.743453752813669,38,455,,false,team_reconciliation_and_current_weekly_role
2026,1,CFP_6E42A1E9,Jabree Coleman,CFF_SC,South Carolina,RB,Kent State,True,2026-09-05T16:45Z,401856665,45.0,53.5,0.0,,MEDIUM,CFBD/team roster,,2.9584344396448365,week1-v1.0,2026-08-30T16:15:00+00:00,0.0,0.0,0.0,0.0,0.0,2.4943854740005142,12.478266149958726,0.1302446031320483,0.5473862304481856,7.510239623115196,0.06877097098315801,3.7403302524468156,154,456,,false,team_reconciliation_and_current_weekly_role
2026,1,CFP_4DE6367C,Ryne Shackelford,CFF_BAY,Baylor,WR,Auburn,False,2026-09-05T19:30Z,401856636,25.75,58.5,0.0,,MODELLED_ON_TEAM_RATES,CFBD/team roster,,2.4116593328545246,week1-v1.0,2026-08-30T16:15:00+00:00,0.0,0.0,0.0,0.0,0.0,0.0,0.0,0.0,1.2710026307943616,15.769105626056609,0.14855885780475928,3.739266340228578,185,457,,false,team_reconciliation_and_current_weekly_role
2026,1,CFP_A3256C30,Matthew Klopfenstein,CFF_BAY,Baylor,TE,Auburn,False,2026-09-05T19:30Z,401856636,25.75,58.5,0.0,,MODELLED_ON_TEAM_RATES,CFBD/team roster,,2.4109745286542013,week1-v1.0,2026-08-30T16:15:00+00:00,0.0,0.0,0.0,0.0,0.0,0.0,0.0,0.0,1.270641722465257,15.764627900027502,0.14851667368346402,3.7382045545687914,39,458,,true,team_reconciliation_and_current_weekly_role
2026,1,CFP_A63FDF51,Rodney Gallagher III,CFF_ARIZ,Arizona,WR,Northern Arizona,True,2026-09-06T01:30Z,401856773,44.0,56.5,0.0,,MODELLED_ON_TEAM_RATES,CFBD/team roster,,2.3069642897109457,week1-v1.0,2026-08-30T16:15:00+00:00,0.0,0.0,0.0,0.0,0.0,0.27750220267672626,1.4615045377338087,0.013989423635389707,1.1269369855718812,14.168817158547872,0.15828702782044557,3.723627863935061,186,459,,false,team_reconciliation_and_current_weekly_role
2026,1,CFP_DE2CE2D8,Christian Rhodes,CFF_SMU,SMU,RB,Florida State,False,2026-09-07T23:30Z,401858212,28.25,53.5,0.0,,MEDIUM,CFBD/team roster,,3.271358250828706,week1-v1.0,2026-08-30T16:15:00+00:00,0.0,0.0,0.0,0.0,0.0,2.3653514016739274,11.770336997502424,0.11600638102339929,0.7146814568572142,7.9828071830926195,0.04958623101737106,3.6835515471613407,155,460,,false,team_reconciliation_and_current_weekly_role
2026,1,CFP_7A1EEBFD,Jesse Watson,CFF_PUR,Purdue,WR,Indiana State,True,2026-09-04T23:00Z,401858435,46.0,56.5,0.0,,MODELLED_ON_TEAM_RATES,CFBD/team roster,,1.8928272809744504,week1-v1.0,2026-08-30T16:15:00+00:00,0.0,0.0,0.0,0.0,0.0,0.0,0.0,0.0,1.2658907086129696,15.21685682746801,0.1485653685692353,3.678968602775183,187,461,,false,team_reconciliation_and_current_weekly_role
2026,1,CFP_A8ED1666,Ryan Niblett,CFF_TEX,Texas,RB,Texas State,True,2026-09-05T19:30Z,401856667,45.0,59.5,0.0,,MEDIUM,CFBD/team roster,,2.805342694964606,week1-v1.0,2026-08-30T16:15:00+00:00,0.0,0.0,0.0,0.0,0.0,0.7096318664011028,3.622531393475038,0.039805376392828815,1.0021350035275902,11.28870341340078,0.1553992276660177,3.6644861085682514,156,462,,false,team_reconciliation_and_current_weekly_role
2026,1,CFP_8568BE9C,Donovan Faupel,CFF_ARK,Arkansas,WR,North Alabama,True,2026-09-05T20:15Z,401856635,52.0,63.5,0.0,,MODELLED_ON_TEAM_RATES,CFBD/team roster,,1.997714208926227,week1-v1.0,2026-08-30T16:15:00+00:00,0.0,0.0,0.0,0.0,0.0,0.0,0.0,0.0,1.1782885189290486,16.03288815178458,0.14640509638187169,3.6600079123987364,188,463,,false,team_reconciliation_and_current_weekly_role
2026,1,CFP_0B97EC7E,Noah Meyers,CFF_SYR,Syracuse,TE,New Hampshire,True,2026-09-05T16:00Z,401858208,44.5,55.5,0.0,,MODELLED_ON_TEAM_RATES,CFBD/team roster,,1.7325362068782058,week1-v1.0,2026-08-30T16:15:00+00:00,0.0,0.0,0.0,0.0,0.0,0.0,0.0,0.0,1.190273775353751,15.21276632487932,0.15650891200396422,3.6506038798654683,40,464,,false,team_reconciliation_and_current_weekly_role
2026,1,CFP_1077C205,Yannick Smith,CFF_SMU,SMU,WR,Florida State,False,2026-09-07T23:30Z,401858212,28.25,53.5,0.0,,MODELLED_ON_TEAM_RATES,CFBD/team roster,,0.0,week1-v1.0,2026-08-30T16:15:00+00:00,0.0,0.0,0.0,0.0,0.0,0.0,0.0,0.0,0.0,36.5,0.0,3.6500000000000004,189,465,receiving_yards,false,market_component_anchor_and_team_reconciliation
2026,1,CFP_C0E89802,Matthew Outten,CFF_SYR,Syracuse,WR,New Hampshire,True,2026-09-05T16:00Z,401858208,44.5,55.5,0.0,,MODELLED_ON_TEAM_RATES,CFBD/team roster,,1.7296696980590829,week1-v1.0,2026-08-30T16:15:00+00:00,0.0,0.0,0.0,0.0,0.0,0.0,0.0,0.0,1.1883044483863394,15.187596560079946,0.15624996550994605,3.6445638974540104,190,466,,false,team_reconciliation_and_current_weekly_role
2026,1,CFP_F9340EC6,Channing Goodwin,CFF_MICH,Michigan,WR,Western Michigan,True,2026-09-05T23:30Z,401858428,38.0,48.5,0.0,,MODELLED_ON_TEAM_RATES,CFBD/team roster,,2.2662225196494425,week1-v1.0,2026-08-30T16:15:00+00:00,0.0,0.0,0.0,0.0,0.0,0.0,0.0,0.0,1.4638689536857021,14.097833927247338,0.1281514830867096,3.6425612449306937,191,467,,false,team_reconciliation_and_current_weekly_role
2026,1,CFP_D28E36C6,Kelvin Brown,CFF_BC,Boston College,WR,Cincinnati,False,2026-09-05T19:30Z,401856777,22.0,51.5,0.0,,MODELLED_ON_TEAM_RATES,CFBD/team roster,,2.0456113109526965,week1-v1.0,2026-08-30T16:15:00+00:00,0.0,0.0,0.0,0.0,0.0,0.0,0.0,0.0,1.4237840597716251,16.243327240862726,0.09832764618398558,3.6380826609618113,192,468,,false,team_reconciliation_and_current_weekly_role
2026,1,CFP_A7A9AEE2,Legend Bey,CFF_OSU,Ohio State,RB,Ball State,True,2026-09-05T16:30Z,401858432,53.5,56.5,0.0,,MEDIUM,CFBD/team roster,,2.7415437570012826,week1-v1.0,2026-08-30T16:15:00+00:00,0.0,0.0,0.0,0.0,0.0,2.840035337836319,14.936596151657987,0.18450583796172038,0.3762385095048058,4.086432652085376,0.041523578446138916,3.634717888326298,157,469,,true,team_reconciliation_and_current_weekly_role
2026,1,CFP_C8DBEFEF,Ben Black,CFF_RUTG,Rutgers,WR,Massachusetts,True,2026-09-03T22:00Z,401858423,41.0,52.5,0.0,,MODELLED_ON_TEAM_RATES,CFBD/team roster,,1.909025030379406,week1-v1.0,2026-08-30T16:15:00+00:00,0.0,0.0,0.0,0.0,0.0,0.0,0.0,0.0,1.1932469052681929,15.139897505504484,0.15398860590038504,3.6311682912209515,193,470,,false,team_reconciliation_and_current_weekly_role
2026,1,CFP_CD1EBA7C,Amari Latimer,CFF_WVU,West Virginia,RB,Coastal Carolina,True,2026-09-05T16:00Z,401856780,39.0,56.5,0.0,,MEDIUM,CFBD/team roster,,2.3665269476652107,week1-v1.0,2026-08-30T16:15:00+00:00,0.0,0.0,0.0,0.0,0.0,2.260352355927616,12.208200989509455,0.12319005001173801,0.5531933515844378,7.09270124910314,0.0666692021972732,3.622439088699765,158,471,,true,team_reconciliation_and_current_weekly_role
2026,1,CFP_1334A87C,Jayden Moore,CFF_DUKE,Duke,WR,Tulane,True,2026-09-05T19:30Z,401858209,30.0,50.5,0.0,,MODELLED_ON_TEAM_RATES,CFBD/team roster,,1.8936023481470563,week1-v1.0,2026-08-30T16:15:00+00:00,0.0,0.0,0.0,0.0,0.0,0.0,0.0,0.0,1.2566939799037768,15.645095222106468,0.13142283278991115,3.60974049885389,194,472,,true,team_reconciliation_and_current_weekly_role
2026,1,CFP_7AF0859E,Lyrick Samuel,CFF_PSU,Penn State,WR,Marshall,True,2026-09-05T19:30Z,401858434,39.5,54.5,0.0,,MODELLED_ON_TEAM_RATES,CFBD/team roster,,1.984714697777088,week1-v1.0,2026-08-30T16:15:00+00:00,0.0,0.0,0.0,0.0,0.0,0.0,0.0,0.0,1.1637333130960237,15.090758016674934,0.15613474229037339,3.609617568505757,195,473,,false,team_reconciliation_and_current_weekly_role
2026,1,CFP_277E50D4,Jabari Mack,CFF_LSU,LSU,WR,Clemson,True,2026-09-05T23:30Z,401856660,31.0,51.5,0.0,,MODELLED_ON_TEAM_RATES,CFBD/team roster,,2.9038395559171377,week1-v1.0,2026-08-30T16:15:00+00:00,0.0,0.0,0.0,0.0,0.0,0.0,0.0,0.0,1.4099854724428473,13.522058301749828,0.13856482664618003,3.59358026249491,196,474,,false,team_reconciliation_and_current_weekly_role
2026,1,CFP_69B254F5,Jamari Hawkins,CFF_ARK,Arkansas,WR,North Alabama,True,2026-09-05T20:15Z,401856635,52.0,63.5,0.0,,MODELLED_ON_TEAM_RATES,CFBD/team roster,,1.994931650976343,week1-v1.0,2026-08-30T16:15:00+00:00,0.0,0.0,0.0,0.0,0.0,0.18349397022763536,1.158587802195218,0.010860865492869442,1.097170076875928,14.929115274775832,0.13632594077919413,3.5890612222054146,197,475,,false,team_reconciliation_and_current_weekly_role
2026,1,CFP_135CC56B,Tristen Brown,CFF_VAN,Vanderbilt,WR,Austin Peay,True,2026-09-05T23:00Z,401856669,46.0,61.5,0.0,,MODELLED_ON_TEAM_RATES,CFBD/team roster,,2.1908854911442464,week1-v1.0,2026-08-30T16:15:00+00:00,0.0,0.0,0.0,0.0,0.0,0.19570750525101024,1.211458252199917,0.011062938059056327,1.0623495713017637,14.102812660852567,0.15438665240963392,3.586474205419154,198,476,,false,team_reconciliation_and_current_weekly_role
2026,1,CFP_06D1280B,Damon Ferguson Jr.,CFF_PITT,Pitt,RB,Miami (OH),True,2026-09-05T16:30Z,401858207,33.0,49.5,0.0,,MEDIUM,CFBD/team roster,,2.4293967043341436,week1-v1.0,2026-08-30T16:15:00+00:00,0.0,0.0,0.0,0.0,0.0,1.2804558364539151,6.088264251190912,0.05706393435004823,0.8827771580209605,10.913150415737997,0.10980773084290087,3.584148615871546,159,477,,false,team_reconciliation_and_current_weekly_role
2026,1,CFP_5511FBCB,TJ Hodges,CFF_ARK,Arkansas,RB,North Alabama,True,2026-09-05T20:15Z,401856635,52.0,63.5,0.0,,MEDIUM,CFBD/team roster,,2.5088487897141096,week1-v1.0,2026-08-30T16:15:00+00:00,0.0,0.0,0.0,0.0,0.0,1.7279910208699178,10.971207985224538,0.10126857252072821,0.5985192586281666,8.144009023355553,0.07436741370059942,3.563856876814141,160,478,,false,team_reconciliation_and_current_weekly_role
2026,1,CFP_48F8AD3C,Tylik Hill,CFF_SYR,Syracuse,RB,New Hampshire,True,2026-09-05T16:00Z,401858208,44.5,55.5,0.0,,MEDIUM,CFBD/team roster,,2.46059413952579,week1-v1.0,2026-08-30T16:15:00+00:00,0.0,0.0,0.0,0.0,0.0,2.726205757370806,12.790834457384648,0.136890450078159,0.47696581469197386,6.096050870068278,0.06271616015259962,3.563294008821818,161,479,,false,team_reconciliation_and_current_weekly_role
2026,1,CFP_EC26EBD3,Amare' Gough,CFF_SYR,Syracuse,WR,New Hampshire,True,2026-09-05T16:00Z,401858208,44.5,55.5,0.0,,MODELLED_ON_TEAM_RATES,CFBD/team roster,,1.6853725538495945,week1-v1.0,2026-08-30T16:15:00+00:00,0.0,0.0,0.0,0.0,0.0,0.0,0.0,0.0,1.1578717631320312,14.798639549517569,0.15224837649980819,3.5512259770826375,199,480,,false,team_reconciliation_and_current_weekly_role
2026,1,CFP_19DC9CAE,Koby Young,CFF_HOU,Houston,WR,Oregon State,True,2026-09-05T16:00Z,401856778,36.0,51.5,0.0,,MODELLED_ON_TEAM_RATES,CFBD/team roster,,2.3768641802255064,week1-v1.0,2026-08-30T16:15:00+00:00,0.0,0.0,0.0,0.0,0.0,0.08440841698456947,0.45547553183293943,0.0040532875343349895,1.4676597683070898,12.777987852445934,0.1184711399579964,3.5261526716889655,200,481,,true,team_reconciliation_and_current_weekly_role
2026,1,CFP_77145DEB,Kwinten Ives,CFF_NEB,Nebraska,RB,Ohio,True,2026-09-05T16:00Z,401858430,35.5,47.5,0.0,,MEDIUM,CFBD/team roster,,2.9343452664301517,week1-v1.0,2026-08-30T16:15:00+00:00,0.0,0.0,0.0,0.0,0.0,2.3309577925061795,11.954224340238836,0.14603666725918213,0.48887155904137347,5.864559556642365,0.06197548573294426,3.5188228666822523,162,482,,true,team_reconciliation_and_current_weekly_role
2026,1,CFP_2AA2DC7E,Benji Gosnell,CFF_VT,Virginia Tech,TE,VMI,True,2026-09-05T23:30Z,401858211,54.5,57.5,0.0,,MODELLED_ON_TEAM_RATES,CFBD/team roster,,2.271481676595393,week1-v1.0,2026-08-30T16:15:00+00:00,0.0,0.0,0.0,0.0,0.0,0.0,0.0,0.0,1.1794781058919617,14.610099057744856,0.14562935885798117,3.5142641648143345,41,483,,false,team_reconciliation_and_current_weekly_role
2026,1,CFP_6890D8A1,Tei Nacua,CFF_BYU,BYU,WR,Utah Tech,True,2026-09-06T00:00Z,401856775,52.5,54.5,0.0,,MODELLED_ON_TEAM_RATES,CFBD/team roster,,1.9178410949962015,week1-v1.0,2026-08-30T16:15:00+00:00,0.0,0.0,0.0,0.0,0.0,0.0,0.0,0.0,1.150583539420301,15.308861791983592,0.13809947557149121,3.5100665720476076,201,484,,false,team_reconciliation_and_current_weekly_role
2026,1,CFP_BD5E0DCE,Ja'Ricous Hairston,CFF_VT,Virginia Tech,TE,VMI,True,2026-09-05T23:30Z,401858211,54.5,57.5,0.0,,MODELLED_ON_TEAM_RATES,CFBD/team roster,,2.266912604257414,week1-v1.0,2026-08-30T16:15:00+00:00,0.0,0.0,0.0,0.0,0.0,0.0,0.0,0.0,1.1771055924605698,14.58071092745629,0.1453364262395887,3.507195242643731,42,485,,false,team_reconciliation_and_current_weekly_role
2026,1,CFP_389447A5,Nedrick Boldin Jr.,CFF_BC,Boston College,WR,Cincinnati,False,2026-09-05T19:30Z,401856777,22.0,51.5,0.0,,MODELLED_ON_TEAM_RATES,CFBD/team roster,,1.9657672208917278,week1-v1.0,2026-08-30T16:15:00+00:00,0.0,0.0,0.0,0.0,0.0,0.0,0.0,0.0,1.368211066951776,15.609319364505607,0.09448973162252336,3.496081393137477,202,486,,false,team_reconciliation_and_current_weekly_role
2026,1,CFP_8BAED004,Shavane Anderson Jr.,CFF_SYR,Syracuse,RB,New Hampshire,True,2026-09-05T16:00Z,401858208,44.5,55.5,0.0,,MEDIUM,CFBD/team roster,,2.213411223923755,week1-v1.0,2026-08-30T16:15:00+00:00,0.0,0.0,0.0,0.0,0.0,1.2298063638161212,5.749060866656539,0.06600494927049923,0.822773183400264,10.515779173346335,0.10818631681752579,3.494404783928702,163,487,,false,team_reconciliation_and_current_weekly_role
2026,1,CFP_F5F49B59,Kavon Simmons,CFF_DUKE,Duke,WR,Tulane,True,2026-09-05T19:30Z,401858209,30.0,50.5,0.0,,MODELLED_ON_TEAM_RATES,CFBD/team roster,,1.8314243605959588,week1-v1.0,2026-08-30T16:15:00+00:00,0.0,0.0,0.0,0.0,0.0,0.0,0.0,0.0,1.215429401459175,15.131375677499987,0.12710745619083944,3.4912117063542105,203,488,,false,team_reconciliation_and_current_weekly_role
2026,1,CFP_03C457D9,Marvis Parrish,CFF_MSU,Michigan State,RB,Toledo,True,2026-09-05T00:00Z,401858429,29.75,49.5,0.0,,MEDIUM,CFBD/team roster,,2.605705876860802,week1-v1.0,2026-08-30T16:15:00+00:00,0.0,0.0,0.0,0.0,0.0,1.9050634959758965,9.33897816284766,0.07831819968838945,0.7303101186020674,8.901289285952004,0.07780739027922401,3.4910904032877146,164,489,,true,team_reconciliation_and_current_weekly_role
2026,1,CFP_E3EBFE21,Robert Oliver,CFF_WVU,West Virginia,WR,Coastal Carolina,True,2026-09-05T16:00Z,401856780,39.0,56.5,0.0,,MODELLED_ON_TEAM_RATES,CFBD/team roster,,1.4568125694262797,week1-v1.0,2026-08-30T16:15:00+00:00,0.0,0.0,0.0,0.0,0.0,0.0,0.0,0.0,1.16006497986219,14.873631991677087,0.13980754917406665,3.4862734740742987,204,490,,false,team_reconciliation_and_current_weekly_role
2026,1,CFP_45774A53,Antonio Jordan,CFF_ARK,Arkansas,WR,North Alabama,True,2026-09-05T20:15Z,401856635,52.0,63.5,0.0,,MODELLED_ON_TEAM_RATES,CFBD/team roster,,1.900271872384198,week1-v1.0,2026-08-30T16:15:00+00:00,0.0,0.0,0.0,0.0,0.0,0.0,0.0,0.0,1.1208152397722633,15.250853326159234,0.13926390741231504,3.481484016862077,205,491,,false,team_reconciliation_and_current_weekly_role
2026,1,CFP_42957E5D,Chase Sowell,CFF_PSU,Penn State,WR,Marshall,True,2026-09-05T19:30Z,401858434,39.5,54.5,0.0,,MODELLED_ON_TEAM_RATES,CFBD/team roster,,1.901725521254993,week1-v1.0,2026-08-30T16:15:00+00:00,0.0,0.0,0.0,0.0,0.0,0.0,0.0,0.0,1.1150727829687785,14.459750657128133,0.1496060993052228,3.4586844445129286,206,492,,true,team_reconciliation_and_current_weekly_role
2026,1,CFP_54E1E9FC,Isaiah Fuhrmann,CFF_GT,Georgia Tech,WR,Colorado,True,2026-09-04T00:00Z,401856776,28.5,50.5,0.0,,MODELLED_ON_TEAM_RATES,CFBD/team roster,,0.0,week1-v1.0,2026-08-30T16:15:00+00:00,0.0,0.0,0.0,0.0,0.0,0.0,0.0,0.0,0.0,34.5,0.0,3.45,207,493,receiving_yards,true,market_component_anchor_and_team_reconciliation
2026,1,CFP_470072C7,Landon Ellis,CFF_UCLA,UCLA,WR,California,False,2026-09-06T02:30Z,401858210,27.5,53.5,0.0,,MODELLED_ON_TEAM_RATES,CFBD/team roster,,0.0,week1-v1.0,2026-08-30T16:15:00+00:00,0.0,0.0,0.0,0.0,0.0,0.0,0.0,0.0,0.0,34.5,0.0,3.45,208,494,receiving_yards,true,market_component_anchor_and_team_reconciliation
2026,1,CFP_DD3EF612,Messiah Mickens,CFF_VT,Virginia Tech,RB,VMI,True,2026-09-05T23:30Z,401858211,54.5,57.5,0.0,,MEDIUM,CFBD/team roster,,2.650311627684459,week1-v1.0,2026-08-30T16:15:00+00:00,0.0,0.0,0.0,0.0,0.0,2.4772646143054287,13.857863865952378,0.14770316036752296,0.3887709258238145,4.815673736276532,0.04800128157320104,3.4303513376910497,165,495,,false,team_reconciliation_and_current_weekly_role
2026,1,CFP_CF0983DB,Landon Drumm,CFF_WVU,West Virginia,WR,Coastal Carolina,True,2026-09-05T16:00Z,401856780,39.0,56.5,0.0,,MODELLED_ON_TEAM_RATES,CFBD/team roster,,1.432113005976967,week1-v1.0,2026-08-30T16:15:00+00:00,0.0,0.0,0.0,0.0,0.0,0.0,0.0,0.0,1.1403966304967559,14.621456643378966,0.13743717874756922,3.4271653673200677,209,496,,false,team_reconciliation_and_current_weekly_role
2026,1,CFP_0C6EDB1A,Devyon Hill-Lomax,CFF_MIZ,Missouri,WR,Arkansas-Pine Bluff,True,2026-09-04T00:00Z,401856663,57.5,60.5,0.0,,MODELLED_ON_TEAM_RATES,CFBD/team roster,,1.9821794506671584,week1-v1.0,2026-08-30T16:15:00+00:00,0.0,0.0,0.0,0.0,0.0,0.0,0.0,0.0,1.199855582752158,11.781743515151552,0.17465565073724507,3.4259638386907834,210,497,,false,team_reconciliation_and_current_weekly_role
2026,1,CFP_BA94EB79,Micah Gilbert,CFF_ND,Notre Dame,WR,Wisconsin,True,2026-09-06T23:30Z,401858438,34.0,47.5,0.0,,MODELLED_ON_TEAM_RATES,CFBD/team roster,,2.05870789745619,week1-v1.0,2026-08-30T16:15:00+00:00,0.0,0.0,0.0,0.0,0.0,0.0,0.0,0.0,1.1630317188268506,13.710590644027635,0.14731695432680844,3.417992509190465,211,498,,false,team_reconciliation_and_current_weekly_role
2026,1,CFP_43B54215,Jawarn Howell,CFF_SC,South Carolina,RB,Kent State,True,2026-09-05T16:45Z,401856665,45.0,53.5,0.0,,MEDIUM,CFBD/team roster,,2.715008639677411,week1-v1.0,2026-08-30T16:15:00+00:00,0.0,0.0,0.0,0.0,0.0,1.8107814939712419,9.1015397436335,0.09074071100245161,0.6255989071957445,8.583331913833716,0.07859723518917855,3.4101137500922474,166,499,,true,team_reconciliation_and_current_weekly_role
2026,1,CFP_940BFB5D,Wayne Knight,CFF_UCLA,UCLA,RB,California,False,2026-09-06T02:30Z,401858210,27.5,53.5,0.0,,MEDIUM,CFBD/team roster,,2.7255207571139177,week1-v1.0,2026-08-30T16:15:00+00:00,0.0,0.0,0.0,0.0,0.0,1.861344766097447,10.610449722887763,0.08301603766470227,0.770095926321916,7.089658827646405,0.06182842000854423,3.409173527414812,167,500,,true,team_reconciliation_and_current_weekly_role
2026,1,CFP_8D992A57,Walker Bryson,CFF_WAKE,Wake Forest,WR,Akron,True,2026-09-03T23:00Z,401858204,36.5,48.5,0.0,,MODELLED_ON_TEAM_RATES,CFBD/team roster,,1.7767873910349288,week1-v1.0,2026-08-30T16:15:00+00:00,0.0,0.0,0.0,0.0,0.0,0.0,0.0,0.0,1.1987952293670716,16.250156745816344,0.09601604331638089,3.3999071638469913,212,501,,false,team_reconciliation_and_current_weekly_role
2026,1,CFP_38E7A9D5,Sam Turner,CFF_AUB,Auburn,WR,Baylor,True,2026-09-05T19:30Z,401856636,32.75,58.5,0.0,,MODELLED_ON_TEAM_RATES,CFBD/team roster,,1.6753977672555613,week1-v1.0,2026-08-30T16:15:00+00:00,0.0,0.0,0.0,0.0,0.0,0.0,0.0,0.0,1.1787757492287452,12.949715632045033,0.15365542805201712,3.395679880745351,213,502,,false,team_reconciliation_and_current_weekly_role
2026,1,CFP_69D7F339,Tristan Smith,CFF_CLEM,Clemson,WR,LSU,False,2026-09-05T23:30Z,401856660,20.5,51.5,0.0,,MODELLED_ON_TEAM_RATES,CFBD/team roster,,3.6901873392376157,week1-v1.0,2026-08-30T16:15:00+00:00,0.0,0.0,0.0,0.0,0.0,0.0,0.0,0.0,1.6154672347804737,15.145854610999043,0.04413205783588247,3.394845042895673,214,503,,true,team_reconciliation_and_current_weekly_role
2026,1,CFP_740F0FFE,Sedric Addison,CFF_BC,Boston College,RB,Cincinnati,False,2026-09-05T19:30Z,401856777,22.0,51.5,0.0,,MEDIUM,CFBD/team roster,,2.707563557892067,week1-v1.0,2026-08-30T16:15:00+00:00,0.0,0.0,0.0,0.0,0.0,1.1598631485021589,5.009899372109661,0.04458937820740392,1.027145461510522,11.718251613210603,0.07093547285189658,3.3931096663983515,168,504,,false,team_reconciliation_and_current_weekly_role
2026,1,CFP_3448AE8B,Jalil Hall,CFF_PUR,Purdue,WR,Indiana State,True,2026-09-04T23:00Z,401858435,46.0,56.5,0.0,,MODELLED_ON_TEAM_RATES,CFBD/team roster,,1.7402944396800402,week1-v1.0,2026-08-30T16:15:00+00:00,0.0,0.0,0.0,0.0,0.0,0.0,0.0,0.0,1.1638793373200085,13.99061160647298,0.13659327897944953,3.382500171844004,215,505,,false,team_reconciliation_and_current_weekly_role
2026,1,CFP_531E7FAC,Darnell Collins,CFF_GT,Georgia Tech,WR,Colorado,True,2026-09-04T00:00Z,401856776,28.5,50.5,0.0,,MODELLED_ON_TEAM_RATES,CFBD/team roster,,1.8941921917266686,week1-v1.0,2026-08-30T16:15:00+00:00,0.0,0.0,0.0,0.0,0.0,0.0,0.0,0.0,1.386342239070808,12.664025346961255,0.12111103577394623,3.3794109884106107,216,506,,false,team_reconciliation_and_current_weekly_role
2026,1,CFP_57192332,Omar Mabson II,CFF_AUB,Auburn,RB,Baylor,True,2026-09-05T19:30Z,401856636,32.75,58.5,0.0,,MEDIUM,CFBD/team roster,,2.4233095436048315,week1-v1.0,2026-08-30T16:15:00+00:00,0.0,0.0,0.0,0.0,0.0,1.787079952362331,10.116893309350116,0.09007313786904483,0.6332375867041374,6.956579044577676,0.08254359873564816,3.376285241725075,169,507,,true,team_reconciliation_and_current_weekly_role
2026,1,CFP_00866E47,Ryan Mosley,CFF_UGA,Georgia,WR,Tennessee State,True,2026-09-05T19:00Z,401856658,51.5,56.5,0.0,,MODELLED_ON_TEAM_RATES,CFBD/team roster,,2.370495011967751,week1-v1.0,2026-08-30T16:15:00+00:00,0.0,0.0,0.0,0.0,0.0,0.0,0.0,0.0,1.3958052415220783,8.500286983080032,0.1866956423409415,3.3660077938757302,217,508,,false,team_reconciliation_and_current_weekly_role
2026,1,CFP_ABDB5A9F,Jude Hall,CFF_ARK,Arkansas,WR,North Alabama,True,2026-09-05T20:15Z,401856635,52.0,63.5,0.0,,MODELLED_ON_TEAM_RATES,CFBD/team roster,,1.8364807932065335,week1-v1.0,2026-08-30T16:15:00+00:00,0.0,0.0,0.0,0.0,0.0,0.0,0.0,0.0,1.0831900900540075,14.738890587461553,0.13458889481362632,3.3646125176819206,218,509,,false,team_reconciliation_and_current_weekly_role
2026,1,CFP_A88509C2,Coi Jean-Noel,CFF_GT,Georgia Tech,WR,Colorado,True,2026-09-04T00:00Z,401856776,28.5,50.5,0.0,,MODELLED_ON_TEAM_RATES,CFBD/team roster,,1.8789743372228769,week1-v1.0,2026-08-30T16:15:00+00:00,0.0,0.0,0.0,0.0,0.0,0.0,0.0,0.0,1.375204428146031,12.562283139383727,0.12013803518337182,3.3522609531846346,219,510,,false,team_reconciliation_and_current_weekly_role
2026,1,CFP_E0123698,Austin Mack,CFF_ALA,Alabama,QB,East Carolina,True,2026-09-05T16:00Z,401856634,41.0,53.5,0.44487334040690873,MEDIUM,HIGH,CFBD/team roster,,9.450711488168077,week1-v1.0,2026-08-30T16:15:00+00:00,0.0,0.0,0.0,0.0,0.0,4.48223624676779,12.996788432593474,0.34176634791938254,0.0,0.0,0.0,3.3502769307756433,81,511,,false,team_reconciliation_and_current_weekly_role
2026,1,CFP_EC4DF443,Brett Eskildsen,CFF_PSU,Penn State,WR,Marshall,True,2026-09-05T19:30Z,401858434,39.5,54.5,0.0,,MODELLED_ON_TEAM_RATES,CFBD/team roster,,1.8398129609924776,week1-v1.0,2026-08-30T16:15:00+00:00,0.0,0.0,0.0,0.0,0.0,0.0,0.0,0.0,1.0787704827151192,13.988999134926539,0.14473552437979298,3.346083542486531,220,512,,true,team_reconciliation_and_current_weekly_role
2026,1,CFP_19CF2EC6,Omarion Miller,CFF_ASU,Arizona State,WR,Morgan State,True,2026-09-06T02:00Z,401856774,47.0,52.5,0.0,,MODELLED_ON_TEAM_RATES,CFBD/team roster,,1.9992973208817009,week1-v1.0,2026-08-30T16:15:00+00:00,0.0,0.0,0.0,0.0,0.0,0.0,0.0,0.0,1.0808564665749285,13.728654402975804,0.14862022190781718,3.3454432383194126,221,513,,false,team_reconciliation_and_current_weekly_role
2026,1,CFP_728E760F,Nicco Marchiol,CFF_NW,Northwestern,QB,South Dakota State,True,2026-09-06T00:00Z,401858431,29.5,46.5,0.17587170463175758,LOW,HIGH,CFBD/team roster,,2.991791860876305,week1-v1.0,2026-08-30T16:15:00+00:00,5.098245626594159,3.0506738829007336,35.06972641477853,0.3251070331487049,0.14633108105916662,1.1578078499216529,3.415529374093759,0.07251764126134451,0.0,0.0,0.0,3.333544893104237,82,514,,false,team_reconciliation_and_current_weekly_role
2026,1,CFP_9BBF52D1,Kenny Darby,CFF_UK,Kentucky,WR,Youngstown State,True,2026-09-05T17:00Z,401856659,43.0,62.5,0.0,,MODELLED_ON_TEAM_RATES,CFBD/team roster,,1.7631157264137653,week1-v1.0,2026-08-30T16:15:00+00:00,0.0,0.0,0.0,0.0,0.0,0.0,0.0,0.0,1.0965499916235357,13.938428915560117,0.13597883770399916,3.306265909403542,222,515,,false,team_reconciliation_and_current_weekly_role
2026,1,CFP_49152E41,Bryce Cain,CFF_AUB,Auburn,WR,Baylor,True,2026-09-05T19:30Z,401856636,32.75,58.5,0.0,,MODELLED_ON_TEAM_RATES,CFBD/team roster,,1.6214243694095412,week1-v1.0,2026-08-30T16:15:00+00:00,0.0,0.0,0.0,0.0,0.0,0.0,0.0,0.0,1.1408011656833805,12.532536996940298,0.148705376361882,3.2862871235487026,223,516,,false,team_reconciliation_and_current_weekly_role
2026,1,CFP_AF6E91C0,Mazeo Bennett Jr.,CFF_SC,South Carolina,WR,Kent State,True,2026-09-05T16:45Z,401856665,45.0,53.5,0.0,,MODELLED_ON_TEAM_RATES,CFBD/team roster,,2.1840784497517722,week1-v1.0,2026-08-30T16:15:00+00:00,0.0,0.0,0.0,0.0,0.0,0.0,0.0,0.0,1.05060750753232,14.41452797406165,0.13199326982711215,3.284019923901158,224,517,,true,team_reconciliation_and_current_weekly_role
2026,1,CFP_8F2BD823,Zach Washington,CFF_MSU,Michigan State,WR,Toledo,True,2026-09-05T00:00Z,401858429,29.75,49.5,0.0,,MODELLED_ON_TEAM_RATES,CFBD/team roster,,1.7202779465799034,week1-v1.0,2026-08-30T16:15:00+00:00,0.0,0.0,0.0,0.0,0.0,0.0,0.0,0.0,1.1474625138904972,13.985696652370224,0.12225089229210728,3.2795375328801635,225,518,,false,team_reconciliation_and_current_weekly_role
2026,1,CFP_2C40348B,Evan Pryor,CFF_FLA,Florida,RB,Florida Atlantic,True,2026-09-05T23:45Z,401856637,43.5,59.5,0.0,,MEDIUM,CFBD/team roster,,2.5545353477828314,week1-v1.0,2026-08-30T16:15:00+00:00,0.0,0.0,0.0,0.0,0.0,3.040873174363771,16.80508065267324,0.15368457853606254,0.2220275302093049,2.782701565722226,0.028187978600483034,3.2720410948681256,170,519,,false,team_reconciliation_and_current_weekly_role
2026,1,CFP_72C8690A,Lawayne McCoy,CFF_LOU,Louisville,WR,Ole Miss,False,2026-09-06T23:30Z,401856661,24.5,55.5,0.0,,MODELLED_ON_TEAM_RATES,CFBD/team roster,,2.0430460546896607,week1-v1.0,2026-08-30T16:15:00+00:00,0.0,0.0,0.0,0.0,0.0,0.0,0.0,0.0,1.2313529056931614,14.234677270055927,0.10000944217837884,3.2548772857690276,226,520,,false,team_reconciliation_and_current_weekly_role
2026,1,CFP_03013DA1,Tron Baker,CFF_USC,USC,WR,Fresno State,True,2026-09-05T01:00Z,401858436,37.5,51.5,0.0,,MODELLED_ON_TEAM_RATES,CFBD/team roster,,0.0,week1-v1.0,2026-08-30T16:15:00+00:00,0.0,0.0,0.0,0.0,0.0,0.0,0.0,0.0,0.0,32.5,0.0,3.25,227,521,receiving_yards,false,market_component_anchor_and_team_reconciliation
2026,1,CFP_1C73A6E5,Dayton Howard,CFF_IOWA,Iowa,WR,Northern Illinois,True,2026-09-05T20:15Z,401858426,38.5,45.5,0.0,,MODELLED_ON_TEAM_RATES,CFBD/team roster,,2.0509312754556617,week1-v1.0,2026-08-30T16:15:00+00:00,0.0,0.0,0.0,0.0,0.0,0.0,0.0,0.0,1.084331930363781,13.073717075960401,0.14063706956949495,3.2355260553767913,228,522,,true,team_reconciliation_and_current_weekly_role
2026,1,CFP_4F36C631,Braylon Collier,CFF_MSU,Michigan State,WR,Toledo,True,2026-09-05T00:00Z,401858429,29.75,49.5,0.0,,MODELLED_ON_TEAM_RATES,CFBD/team roster,,1.6839231518455262,week1-v1.0,2026-08-30T16:15:00+00:00,0.0,0.0,0.0,0.0,0.0,0.0,0.0,0.0,1.1232130812678116,13.690135617000893,0.1196673527517615,3.2102307594784696,229,523,,false,team_reconciliation_and_current_weekly_role
2026,1,CFP_6743CB13,Deshonne Redeaux,CFF_USC,USC,RB,Fresno State,True,2026-09-05T01:00Z,401858436,37.5,51.5,0.0,,MEDIUM,CFBD/team roster,,2.7387870218396224,week1-v1.0,2026-08-30T16:15:00+00:00,0.0,0.0,0.0,0.0,0.0,2.6378600493228523,15.204334194234324,0.16811135927328097,0.34726004080394574,1.6576672702259097,0.027100965442988206,3.2047341355475845,171,524,,false,team_reconciliation_and_current_weekly_role
2026,1,CFP_7F25B62D,Daunte Bacheyie,CFF_SYR,Syracuse,TE,New Hampshire,True,2026-09-05T16:00Z,401858208,44.5,55.5,0.0,,MODELLED_ON_TEAM_RATES,CFBD/team roster,,1.5150374530527895,week1-v1.0,2026-08-30T16:15:00+00:00,0.0,0.0,0.0,0.0,0.0,0.0,0.0,0.0,1.040849444812927,13.302989372015263,0.13686113022122717,3.1923151633418168,43,525,,false,team_reconciliation_and_current_weekly_role
2026,1,CFP_138D32DC,Ethan Feaster,CFF_USC,USC,WR,Fresno State,True,2026-09-05T01:00Z,401858436,37.5,51.5,0.0,,MODELLED_ON_TEAM_RATES,CFBD/team roster,,2.677547041468538,week1-v1.0,2026-08-30T16:15:00+00:00,0.0,0.0,0.0,0.0,0.0,0.0,0.0,0.0,1.6394625171465977,7.826075666939276,0.12794739331194468,3.1897544437121934,230,526,,true,team_reconciliation_and_current_weekly_role
2026,1,CFP_F2380BD3,Xai'Shaun Edwards,CFF_MIZ,Missouri,RB,Arkansas-Pine Bluff,True,2026-09-04T00:00Z,401856663,57.5,60.5,0.0,,MEDIUM,CFBD/team roster,,2.375502875430886,week1-v1.0,2026-08-30T16:15:00+00:00,0.0,0.0,0.0,0.0,0.0,3.0181087877578956,16.827517321580327,0.1694074514433573,0.1689785163848312,1.659250970062909,0.024597170829602354,3.1816830791869126,172,527,,false,team_reconciliation_and_current_weekly_role
2026,1,CFP_76FE8FA6,Eric Singleton Jr.,CFF_FLA,Florida,WR,Florida Atlantic,True,2026-09-05T23:45Z,401856637,43.5,59.5,0.0,,MODELLED_ON_TEAM_RATES,CFBD/team roster,,2.2780592631135064,week1-v1.0,2026-08-30T16:15:00+00:00,0.0,0.0,0.0,0.0,0.0,0.39132223574746094,2.035357484484076,0.020240583112121742,0.9470890805616883,11.869997674941411,0.12023971401410113,3.1805063792615744,231,528,,false,team_reconciliation_and_current_weekly_role
2026,1,CFP_635E17BD,Payton Cook,CFF_LOU,Louisville,WR,Ole Miss,False,2026-09-06T23:30Z,401856661,24.5,55.5,0.0,,MODELLED_ON_TEAM_RATES,CFBD/team roster,,1.9945288880274676,week1-v1.0,2026-08-30T16:15:00+00:00,0.0,0.0,0.0,0.0,0.0,0.0,0.0,0.0,1.202111394466159,13.896639755968295,0.0976344713534072,3.1775821981834316,232,529,,false,team_reconciliation_and_current_weekly_role
2026,1,CFP_2D2B807B,Ben Whitver,CFF_PSU,Penn State,WR,Marshall,True,2026-09-05T19:30Z,401858434,39.5,54.5,0.0,,MODELLED_ON_TEAM_RATES,CFBD/team roster,,1.746944120598705,week1-v1.0,2026-08-30T16:15:00+00:00,0.0,0.0,0.0,0.0,0.0,0.0,0.0,0.0,1.0243170323346307,13.282871851624165,0.1374296619916483,3.1771821894469374,233,530,,false,team_reconciliation_and_current_weekly_role
2026,1,CFP_EB5CEDD4,Javen Hall,CFF_OKST,Oklahoma State,RB,Tulsa,False,2026-09-05T19:45Z,401856772,37.25,60.5,0.0,,MEDIUM,CFBD/team roster,,1.9009680272170628,week1-v1.0,2026-08-30T16:15:00+00:00,0.0,0.0,0.0,0.0,0.0,1.4972368419421063,7.095325838010505,0.07482455256411409,0.6576546847703356,8.800069742350983,0.0796272750914937,3.173905208740131,173,531,,false,team_reconciliation_and_current_weekly_role
2026,1,CFP_F2F6D78D,Corey Simms,CFF_USC,USC,WR,Fresno State,True,2026-09-05T01:00Z,401858436,37.5,51.5,0.0,,MODELLED_ON_TEAM_RATES,CFBD/team roster,,0.13212809832947622,week1-v1.0,2026-08-30T16:15:00+00:00,0.0,0.0,0.0,0.0,0.0,0.0,0.0,0.0,0.08090205748700069,30.5,0.006313781047614674,3.168784743772689,234,532,receiving_yards,true,market_component_anchor_and_team_reconciliation
2026,1,CFP_46A3C302,D'Antae Sheffey,CFF_PSU,Penn State,RB,Marshall,True,2026-09-05T19:30Z,401858434,39.5,54.5,0.0,,MEDIUM,CFBD/team roster,,2.2643047716979896,week1-v1.0,2026-08-30T16:15:00+00:00,0.0,0.0,0.0,0.0,0.0,1.4152427661612885,8.27388096021955,0.09340962257003706,0.5734855260999114,7.436696365952689,0.0769428990450156,3.1666583884074515,174,533,,false,team_reconciliation_and_current_weekly_role
2026,1,CFP_A3059EBB,Amari Odom,CFF_SYR,Syracuse,QB,New Hampshire,True,2026-09-05T16:00Z,401858208,44.5,55.5,0.08091092318254885,LOW,HIGH,CFBD/team roster,,2.608610463347358,week1-v1.0,2026-08-30T16:15:00+00:00,3.0465345781771553,1.946117878237994,25.435664172736622,0.24486763202623815,0.08325922503173032,1.8491917059058298,5.113242016196449,0.12249369834192383,0.0,0.0,0.0,3.1599242616538747,83,534,,false,team_reconciliation_and_current_weekly_role
2026,1,CFP_305F0388,Cal Faulkner,CFF_GT,Georgia Tech,WR,Colorado,True,2026-09-04T00:00Z,401856776,28.5,50.5,0.0,,MODELLED_ON_TEAM_RATES,CFBD/team roster,,1.761251311816187,week1-v1.0,2026-08-30T16:15:00+00:00,0.0,0.0,0.0,0.0,0.0,0.0,0.0,0.0,1.289044004010965,11.77522077887833,0.11261104948270217,3.1422323787950113,235,535,,false,team_reconciliation_and_current_weekly_role
2026,1,CFP_7FFF01F3,Kayleb Barnett,CFF_VAN,Vanderbilt,WR,Austin Peay,True,2026-09-05T23:00Z,401856669,46.0,61.5,0.0,,MODELLED_ON_TEAM_RATES,CFBD/team roster,,2.0254142018074783,week1-v1.0,2026-08-30T16:15:00+00:00,0.0,0.0,0.0,0.0,0.0,0.9498729570497866,5.879853360164179,0.05369434184108897,0.6957046462424942,9.235559140123799,0.10110373675549576,3.1360343678508,236,536,,false,team_reconciliation_and_current_weekly_role
2026,1,CFP_F352B43A,Kentrell Davis,CFF_GT,Georgia Tech,WR,Colorado,True,2026-09-04T00:00Z,401856776,28.5,50.5,0.0,,MODELLED_ON_TEAM_RATES,CFBD/team roster,,1.7572315011925437,week1-v1.0,2026-08-30T16:15:00+00:00,0.0,0.0,0.0,0.0,0.0,0.0,0.0,0.0,1.2861019407478163,11.74834547876351,0.11235403045877683,3.135060671376828,237,537,,false,team_reconciliation_and_current_weekly_role
2026,1,CFP_C1B4AE1C,Rodney Bullard Jr.,CFF_MSU,Michigan State,WR,Toledo,True,2026-09-05T00:00Z,401858429,29.75,49.5,0.0,,MODELLED_ON_TEAM_RATES,CFBD/team roster,,1.7665265948464233,week1-v1.0,2026-08-30T16:15:00+00:00,0.0,0.0,0.0,0.0,0.0,0.45191058839371556,2.178365532565908,0.022377339261849538,0.9694613595324841,11.816152882105959,0.10328661268744137,3.1228969126954165,238,538,,true,team_reconciliation_and_current_weekly_role
2026,1,CFP_060C6582,Amarion Jackson,CFF_PSU,Penn State,WR,Marshall,True,2026-09-05T19:30Z,401858434,39.5,54.5,0.0,,MODELLED_ON_TEAM_RATES,CFBD/team roster,,1.716646484725559,week1-v1.0,2026-08-30T16:15:00+00:00,0.0,0.0,0.0,0.0,0.0,0.0,0.0,0.0,1.0065520768913505,13.052504085440411,0.1350461891557997,3.1220796203701897,239,539,,false,team_reconciliation_and_current_weekly_role
2026,1,CFP_692E3D92,Dyzier Carter,CFF_RUTG,Rutgers,WR,Massachusetts,True,2026-09-03T22:00Z,401858423,41.0,52.5,0.0,,MODELLED_ON_TEAM_RATES,CFBD/team roster,,1.6377566619856463,week1-v1.0,2026-08-30T16:15:00+00:00,0.0,0.0,0.0,0.0,0.0,0.0,0.0,0.0,1.023689075521626,12.988550494014167,0.13210715478838722,3.115187053653366,240,540,,false,team_reconciliation_and_current_weekly_role
2026,1,CFP_B4B225A8,Gi'Bran Payne,CFF_CIN,Cincinnati,RB,Boston College,True,2026-09-05T19:30Z,401856777,29.5,51.5,0.0,,MEDIUM,CFBD/team roster,,2.3369535819695337,week1-v1.0,2026-08-30T16:15:00+00:00,0.0,0.0,0.0,0.0,0.0,1.7314866415175414,10.69966382754304,0.08950441058299002,0.522226682807774,6.38545906956503,0.05592548412627716,3.103318340774184,175,541,,true,team_reconciliation_and_current_weekly_role
2026,1,CFP_22D8AD23,Greg Wilfred,CFF_WVU,West Virginia,WR,Coastal Carolina,True,2026-09-05T16:00Z,401856780,39.0,56.5,0.0,,MODELLED_ON_TEAM_RATES,CFBD/team roster,,1.2947649662354623,week1-v1.0,2026-08-30T16:15:00+00:00,0.0,0.0,0.0,0.0,0.0,0.0,0.0,0.0,1.031025902717006,13.219173164524923,0.12425614693667245,3.098480100789533,241,542,,false,team_reconciliation_and_current_weekly_role
2026,1,CFP_AFBA6C48,Gavin Sawchuk,CFF_NW,Northwestern,RB,South Dakota State,True,2026-09-06T00:00Z,401858431,29.5,46.5,0.0,,MEDIUM,CFBD/team roster,,2.6492125312488914,week1-v1.0,2026-08-30T16:15:00+00:00,0.0,0.0,0.0,0.0,0.0,3.116902292298901,15.035770291288019,0.17703976245794303,0.18541499014965895,2.133681212239154,0.020100292005222047,3.085200467281367,176,543,,false,team_reconciliation_and_current_weekly_role
2026,1,CFP_4A57A297,Deakon Tonielli,CFF_MICH,Michigan,TE,Western Michigan,True,2026-09-05T23:30Z,401858428,38.0,48.5,0.0,,MODELLED_ON_TEAM_RATES,CFBD/team roster,,1.9048119863200357,week1-v1.0,2026-08-30T16:15:00+00:00,0.0,0.0,0.0,0.0,0.0,0.0,0.0,0.0,1.2304154182589386,11.84955264230802,0.10771425971268425,3.061656240765846,44,544,,false,team_reconciliation_and_current_weekly_role
2026,1,CFP_E58B770C,Darrell Gill Jr.,CFF_MISS,Ole Miss,WR,Louisville,True,2026-09-06T23:30Z,401856661,31.0,55.5,0.0,,MODELLED_ON_TEAM_RATES,CFBD/team roster,,1.8587933979524383,week1-v1.0,2026-08-30T16:15:00+00:00,0.0,0.0,0.0,0.0,0.0,0.06425761254676754,0.33594879651488385,0.0031132398801635036,0.9967454278475956,14.703958980071176,0.09027032846354849,3.0610376155684738,242,545,,false,team_reconciliation_and_current_weekly_role
2026,1,CFP_EC5E157E,Quintrevion Wisner,CFF_FSU,Florida State,RB,SMU,True,2026-09-07T23:30Z,401858212,25.25,53.5,0.0,,MEDIUM,CFBD/team roster,,2.6296181590213084,week1-v1.0,2026-08-30T16:15:00+00:00,0.0,0.0,0.0,0.0,0.0,2.059358886293414,9.456045119291783,0.08845823213532267,0.5862721510492477,6.817732226752474,0.05027334461154387,3.046039346134873,177,546,,false,team_reconciliation_and_current_weekly_role
2026,1,CFP_8B6083A0,Jayvontay Conner,CFF_VAN,Vanderbilt,TE,Austin Peay,True,2026-09-05T23:00Z,401856669,46.0,61.5,0.0,,MODELLED_ON_TEAM_RATES,CFBD/team roster,,1.8752301125221524,week1-v1.0,2026-08-30T16:15:00+00:00,0.0,0.0,0.0,0.0,0.0,0.28046509307034345,1.7361201912941537,0.015854108141561227,0.8672178113285969,11.512416119616207,0.12602900063956504,3.0433700951063907,45,547,,false,team_reconciliation_and_current_weekly_role
2026,1,CFP_129F31CC,Chris Talley,CFF_WVU,West Virginia,RB,Coastal Carolina,True,2026-09-05T16:00Z,401856780,39.0,56.5,0.0,,MEDIUM,CFBD/team roster,,1.9645437974403814,week1-v1.0,2026-08-30T16:15:00+00:00,0.0,0.0,0.0,0.0,0.0,1.8223961143291525,9.842791982359325,0.09932127080836181,0.48253956550257093,6.18682232745411,0.058154219982097605,3.030353941226671,178,548,,false,team_reconciliation_and_current_weekly_role
2026,1,CFP_DEB86452,Cardae Mack,CFF_ASU,Arizona State,RB,Morgan State,True,2026-09-06T02:00Z,401856774,47.0,52.5,0.0,,MEDIUM,CFBD/team roster,,2.281932567645506,week1-v1.0,2026-08-30T16:15:00+00:00,0.0,0.0,0.0,0.0,0.0,1.6238564153416561,9.48337937257679,0.0916650245130662,0.49180040687488497,6.2466738461800455,0.06762367424762336,3.020537921314706,179,549,,false,team_reconciliation_and_current_weekly_role
2026,1,CFP_20410B7B,Karsten Fiene,CFF_MIZ,Missouri,WR,Arkansas-Pine Bluff,True,2026-09-04T00:00Z,401856663,57.5,60.5,0.0,,MODELLED_ON_TEAM_RATES,CFBD/team roster,,1.7449844579497302,week1-v1.0,2026-08-30T16:15:00+00:00,0.0,0.0,0.0,0.0,0.0,0.0,0.0,0.0,1.0562763845533907,10.371896103841546,0.1537557035650882,3.0160002163280746,243,550,,false,team_reconciliation_and_current_weekly_role
2026,1,CFP_7A880379,Somourian Wingo,CFF_MIA,Miami,WR,Stanford,False,2026-09-05T01:00Z,401858206,36.0,47.5,0.0,,MODELLED_ON_TEAM_RATES,CFBD/team roster,,1.974038486941523,week1-v1.0,2026-08-30T16:15:00+00:00,0.0,0.0,0.0,0.0,0.0,0.0,0.0,0.0,0.9644456126784144,12.90650420520155,0.12665136426573212,3.0150042187929618,244,551,,false,team_reconciliation_and_current_weekly_role
2026,1,CFP_C92230FC,Malachi Thompson,CFF_WVU,West Virginia,WR,Coastal Carolina,True,2026-09-05T16:00Z,401856780,39.0,56.5,0.0,,MODELLED_ON_TEAM_RATES,CFBD/team roster,,1.2578310395822845,week1-v1.0,2026-08-30T16:15:00+00:00,0.0,0.0,0.0,0.0,0.0,0.0,0.0,0.0,1.00161528684346,12.842088531555767,0.1207116677942464,3.0100941467645157,245,552,,false,team_reconciliation_and_current_weekly_role
2026,1,CFP_5A6E276E,Omari Hayes,CFF_ISU,Iowa State,WR,Southeast Missouri State,True,2026-09-05T17:00Z,401856779,41.5,53.5,0.0,,MODELLED_ON_TEAM_RATES,CFBD/team roster,,1.425395561905862,week1-v1.0,2026-08-30T16:15:00+00:00,0.0,0.0,0.0,0.0,0.0,0.0,0.0,0.0,1.046852480468392,12.690455383477053,0.11557619979259949,3.009355217571694,246,553,,false,team_reconciliation_and_current_weekly_role
2026,1,CFP_2D716A77,Robby Preckel,CFF_NW,Northwestern,TE,South Dakota State,True,2026-09-06T00:00Z,401858431,29.5,46.5,0.0,,MODELLED_ON_TEAM_RATES,CFBD/team roster,,2.475475680138076,week1-v1.0,2026-08-30T16:15:00+00:00,0.0,0.0,0.0,0.0,0.0,2.8888172004388184,14.356038295591288,0.14813196755708993,0.24287844399336073,2.7949475519116573,0.02632973548740606,3.0047472470106316,46,554,,false,team_reconciliation_and_current_weekly_role
2026,1,CFP_17A38D8E,Derrek Cooper,CFF_TEX,Texas,RB,Texas State,True,2026-09-05T19:30Z,401856667,45.0,59.5,0.0,,MEDIUM,CFBD/team roster,,2.2844716099765656,week1-v1.0,2026-08-30T16:15:00+00:00,0.0,0.0,0.0,0.0,0.0,1.6784232675978374,8.604652057395036,0.09561893375201873,0.5130866481272928,5.7797432239133135,0.07956340070355791,3.002620182991588,180,555,,false,team_reconciliation_and_current_weekly_role
2026,1,CFP_25C87C35,Brayden Allen,CFF_LSU,LSU,WR,Clemson,True,2026-09-05T23:30Z,401856660,31.0,51.5,0.0,,MODELLED_ON_TEAM_RATES,CFBD/team roster,,2.42574567545157,week1-v1.0,2026-08-30T16:15:00+00:00,0.0,0.0,0.0,0.0,0.0,0.0,0.0,0.0,1.1778426791033683,11.295759912711116,0.11575123987885336,3.0019261096475995,247,556,,false,team_reconciliation_and_current_weekly_role
2026,1,CFP_9EA79788,Kortez Rupert,CFF_IND,Indiana,WR,North Texas,True,2026-09-05T16:00Z,401858425,48.0,55.5,0.0,,MODELLED_ON_TEAM_RATES,CFBD/team roster,,1.9276875941089677,week1-v1.0,2026-08-30T16:15:00+00:00,0.0,0.0,0.0,0.0,0.0,0.0,0.0,0.0,1.1591096459578272,6.825812522918665,0.19261486487377674,2.997380087492354,248,557,,false,team_reconciliation_and_current_weekly_role
2026,1,CFP_8C475F30,Chase Collier,CFF_BAY,Baylor,WR,Auburn,False,2026-09-05T19:30Z,401856636,25.75,58.5,0.0,,MODELLED_ON_TEAM_RATES,CFBD/team roster,,1.920825985658613,week1-v1.0,2026-08-30T16:15:00+00:00,0.0,0.0,0.0,0.0,0.0,0.0,0.0,0.0,1.012321619314521,12.559695909153557,0.11832339277097959,2.9782315668557544,249,558,,false,team_reconciliation_and_current_weekly_role
2026,1,CFP_326274F3,Kobe Adeleke-Hokes,CFF_WAKE,Wake Forest,WR,Akron,True,2026-09-03T23:00Z,401858204,36.5,48.5,0.0,,MODELLED_ON_TEAM_RATES,CFBD/team roster,,1.5481689009954565,week1-v1.0,2026-08-30T16:15:00+00:00,0.0,0.0,0.0,0.0,0.0,0.0,0.0,0.0,1.0445467488863616,14.159255877834978,0.0836616992044668,2.9624425318966603,250,559,,false,team_reconciliation_and_current_weekly_role
2026,1,CFP_D61C4CF5,Terrell Wilfong,CFF_SYR,Syracuse,WR,New Hampshire,True,2026-09-05T16:00Z,401858208,44.5,55.5,0.0,,MODELLED_ON_TEAM_RATES,CFBD/team roster,,1.4038329862899603,week1-v1.0,2026-08-30T16:15:00+00:00,0.0,0.0,0.0,0.0,0.0,0.0,0.0,0.0,0.9644506024888784,12.32654365017145,0.12681545842866368,2.9579977180780053,251,560,,false,team_reconciliation_and_current_weekly_role
2026,1,CFP_5391031A,Caleb Goodie,CFF_MIZ,Missouri,WR,Arkansas-Pine Bluff,True,2026-09-04T00:00Z,401856663,57.5,60.5,0.0,,MODELLED_ON_TEAM_RATES,CFBD/team roster,,1.7087933449006385,week1-v1.0,2026-08-30T16:15:00+00:00,0.0,0.0,0.0,0.0,0.0,0.0,0.0,0.0,1.0343691303825575,10.15678217390511,0.15056679834343087,2.9534481378336537,252,561,,false,team_reconciliation_and_current_weekly_role
2026,1,CFP_DCD4A912,Isaiah Spencer,CFF_MISS,Ole Miss,WR,Louisville,True,2026-09-06T23:30Z,401856661,31.0,55.5,0.0,,MODELLED_ON_TEAM_RATES,CFBD/team roster,,1.791119251961277,week1-v1.0,2026-08-30T16:15:00+00:00,0.0,0.0,0.0,0.0,0.0,0.06425761254676753,0.33594879651488385,0.0031132398801635027,0.9594515777024785,14.153801209167836,0.08689280797715922,2.948462865414687,253,562,,false,team_reconciliation_and_current_weekly_role
2026,1,CFP_2AD15549,Charlie Hanafin,CFF_WVU,West Virginia,WR,Coastal Carolina,True,2026-09-05T16:00Z,401856780,39.0,56.5,0.0,,MODELLED_ON_TEAM_RATES,CFBD/team roster,,1.2319772909250604,week1-v1.0,2026-08-30T16:15:00+00:00,0.0,0.0,0.0,0.0,0.0,0.0,0.0,0.0,0.9810278557319774,12.578129288477362,0.11823053239454821,2.948223978947003,254,563,,false,team_reconciliation_and_current_weekly_role
2026,1,CFP_98B217F8,Olsen Patt-Henry,CFF_CLEM,Clemson,TE,LSU,False,2026-09-05T23:30Z,401856660,20.5,51.5,0.0,,MODELLED_ON_TEAM_RATES,CFBD/team roster,,3.1983706987778384,week1-v1.0,2026-08-30T16:15:00+00:00,0.0,0.0,0.0,0.0,0.0,0.0,0.0,0.0,1.4001628084348126,13.127262423965876,0.0382502750356888,2.942390701045533,47,564,,true,team_reconciliation_and_current_weekly_role
2026,1,CFP_DDE2EB82,Asaad Waseem,CFF_PUR,Purdue,WR,Indiana State,True,2026-09-04T23:00Z,401858435,46.0,56.5,0.0,,MODELLED_ON_TEAM_RATES,CFBD/team roster,,1.5204993390461183,week1-v1.0,2026-08-30T16:15:00+00:00,0.0,0.0,0.0,0.0,0.0,0.036785091007730614,0.19594475766108618,0.0017599672888896122,1.001447105662517,12.03806704912616,0.11753017645446164,2.940589148801349,255,565,,false,team_reconciliation_and_current_weekly_role
2026,1,CFP_C93BF79E,Censere Lee,CFF_PITT,Pitt,WR,Miami (OH),True,2026-09-05T16:30Z,401858207,33.0,49.5,0.0,,MODELLED_ON_TEAM_RATES,CFBD/team roster,,1.4510549316201427,week1-v1.0,2026-08-30T16:15:00+00:00,0.0,0.0,0.0,0.0,0.0,0.0,0.0,0.0,0.9832758435043394,12.155544672656475,0.12230865761174027,2.9326822564404282,256,566,,true,team_reconciliation_and_current_weekly_role
2026,1,CFP_F82A1AE8,Eugene Wilson III,CFF_LSU,LSU,WR,Clemson,True,2026-09-05T23:30Z,401856660,31.0,51.5,0.0,,MODELLED_ON_TEAM_RATES,CFBD/team roster,,0.06567318751262058,week1-v1.0,2026-08-30T16:15:00+00:00,0.0,0.0,0.0,0.0,0.0,0.09587029466047456,0.45854621294860864,0.005147359739915179,0.0,28.5,0.0,2.926738779734352,257,567,receiving_yards,true,market_component_anchor_and_team_reconciliation
2026,1,CFP_D07367B6,Nas Rankin,CFF_ILL,Illinois,WR,UAB,True,2026-09-04T01:00Z,401858424,42.0,55.5,0.0,,MODELLED_ON_TEAM_RATES,CFBD/team roster,,1.7211805662214539,week1-v1.0,2026-08-30T16:15:00+00:00,0.0,0.0,0.0,0.0,0.0,0.0,0.0,0.0,0.9411373548013304,12.320890733888454,0.12542888602362368,2.925799744331918,258,568,,true,team_reconciliation_and_current_weekly_role
2026,1,CFP_65F28375,Max Hunt,CFF_PITT,Pitt,TE,Miami (OH),True,2026-09-05T16:30Z,401858207,33.0,49.5,0.0,,MODELLED_ON_TEAM_RATES,CFBD/team roster,,1.447235136667139,week1-v1.0,2026-08-30T16:15:00+00:00,0.0,0.0,0.0,0.0,0.0,0.0,0.0,0.0,0.9806874424572235,12.123546098943088,0.12198668910257272,2.9249621869669684,48,569,,false,team_reconciliation_and_current_weekly_role
2026,1,CFP_9F44576C,Julian McFadden,CFF_SYR,Syracuse,WR,New Hampshire,True,2026-09-05T16:00Z,401858208,44.5,55.5,0.0,,MODELLED_ON_TEAM_RATES,CFBD/team roster,,1.3854006175584956,week1-v1.0,2026-08-30T16:15:00+00:00,0.0,0.0,0.0,0.0,0.0,0.0,0.0,0.0,0.9517873374837302,12.164695766581739,0.12515036769961302,2.919159120339582,259,570,,false,team_reconciliation_and_current_weekly_role
2026,1,CFP_CE18D728,J.J. Winston,CFF_GT,Georgia Tech,WR,Colorado,True,2026-09-04T00:00Z,401856776,28.5,50.5,0.0,,MODELLED_ON_TEAM_RATES,CFBD/team roster,,1.6354886651622105,week1-v1.0,2026-08-30T16:15:00+00:00,0.0,0.0,0.0,0.0,0.0,0.0,0.0,0.0,1.1969994533496013,10.934407818143292,0.10457002573418184,2.9178603895690216,260,571,,false,team_reconciliation_and_current_weekly_role
2026,1,CFP_94A0924F,Ashton Jones,CFF_BAY,Baylor,WR,Auburn,False,2026-09-05T19:30Z,401856636,25.75,58.5,0.0,,MODELLED_ON_TEAM_RATES,CFBD/team roster,,1.8695991152258788,week1-v1.0,2026-08-30T16:15:00+00:00,0.0,0.0,0.0,0.0,0.0,0.0,0.0,0.0,0.9853238231497116,12.224739010498237,0.11516780389624756,2.8988045475770203,261,572,,false,team_reconciliation_and_current_weekly_role
2026,1,CFP_A80B3A25,Jordyn Bailey,CFF_ISU,Iowa State,WR,Southeast Missouri State,True,2026-09-05T17:00Z,401856779,41.5,53.5,0.0,,MODELLED_ON_TEAM_RATES,CFBD/team roster,,1.5097908824735962,week1-v1.0,2026-08-30T16:15:00+00:00,0.0,0.0,0.0,0.0,0.0,0.5126721502242639,2.731864366113999,0.031842778365429446,0.8464246829780167,10.260772052620219,0.09344826524696634,2.8974345865258133,262,573,,false,team_reconciliation_and_current_weekly_role
2026,1,CFP_AA37C4CC,Rhys Dorsey,CFF_LOU,Louisville,WR,Ole Miss,False,2026-09-06T23:30Z,401856661,24.5,55.5,0.0,,MODELLED_ON_TEAM_RATES,CFBD/team roster,,1.818506240685975,week1-v1.0,2026-08-30T16:15:00+00:00,0.0,0.0,0.0,0.0,0.0,0.0,0.0,0.0,1.0960217653194124,12.670223165223538,0.08901796134817475,2.897151849930815,263,574,,false,team_reconciliation_and_current_weekly_role
2026,1,CFP_E99A90DB,Fame Ijeboi,CFF_PUR,Purdue,RB,Indiana State,True,2026-09-04T23:00Z,401858435,46.0,56.5,0.0,,MEDIUM,CFBD/team roster,,2.0767860446583755,week1-v1.0,2026-08-30T16:15:00+00:00,0.0,0.0,0.0,0.0,0.0,2.2588483886452106,11.771829195656093,0.09765408641114662,0.3901182995096731,4.68948406763996,0.045784417689393016,2.8968806504425166,181,575,,false,team_reconciliation_and_current_weekly_role
2026,1,CFP_0995C022,EJ Crowell,CFF_ALA,Alabama,RB,East Carolina,True,2026-09-05T16:00Z,401856634,41.0,53.5,0.0,,MEDIUM,CFBD/team roster,,2.313211328311805,week1-v1.0,2026-08-30T16:15:00+00:00,0.0,0.0,0.0,0.0,0.0,2.1928462689964814,10.819479018571764,0.136341134601334,0.3660890995818933,3.2692802310238838,0.04995002448206463,2.89271197904185,182,576,,true,team_reconciliation_and_current_weekly_role
2026,1,CFP_3682D023,Xavier Townsend,CFF_PUR,Purdue,WR,Indiana State,True,2026-09-04T23:00Z,401858435,46.0,56.5,0.0,,MODELLED_ON_TEAM_RATES,CFBD/team roster,,1.522238941289383,week1-v1.0,2026-08-30T16:15:00+00:00,0.0,0.0,0.0,0.0,0.0,0.18392545503865312,0.979723788305431,0.008799836444448064,0.940862503128977,11.309799421889947,0.11041994668203672,2.8851335229074238,264,577,,false,team_reconciliation_and_current_weekly_role
2026,1,CFP_5CC7916E,Taizaun Burns,CFF_CIN,Cincinnati,WR,Boston College,True,2026-09-05T19:30Z,401856777,29.5,51.5,0.0,,MODELLED_ON_TEAM_RATES,CFBD/team roster,,1.3416045525213487,week1-v1.0,2026-08-30T16:15:00+00:00,0.0,0.0,0.0,0.0,0.0,0.0,0.0,0.0,1.0063834191881724,12.305422804066875,0.10777404102017828,2.8835699457159296,265,578,,false,team_reconciliation_and_current_weekly_role
2026,1,CFP_4F7BC148,Walker Lyons,CFF_BYU,BYU,TE,Utah Tech,True,2026-09-06T00:00Z,401856775,52.5,54.5,0.0,,MODELLED_ON_TEAM_RATES,CFBD/team roster,,1.5743679669515458,week1-v1.0,2026-08-30T16:15:00+00:00,0.0,0.0,0.0,0.0,0.0,0.0,0.0,0.0,0.9445213539803935,12.567142125940908,0.11336673886060092,2.88143599973809,49,579,,false,team_reconciliation_and_current_weekly_role
2026,1,CFP_D73BF3AC,Jordan Clay,CFF_WASH,Washington,WR,Washington State,True,2026-09-06T20:00Z,401858437,37.0,50.5,0.0,,MODELLED_ON_TEAM_RATES,CFBD/team roster,,1.649363716699025,week1-v1.0,2026-08-30T16:15:00+00:00,0.0,0.0,0.0,0.0,0.0,0.0,0.0,0.0,0.9245958694224427,11.897921072170336,0.1274785553983353,2.879259309029488,266,580,,false,team_reconciliation_and_current_weekly_role
2026,1,CFP_8338CA06,DJ Williams,CFF_LOU,Louisville,WR,Ole Miss,False,2026-09-06T23:30Z,401856661,24.5,55.5,0.0,,MODELLED_ON_TEAM_RATES,CFBD/team roster,,1.8028269124353884,week1-v1.0,2026-08-30T16:15:00+00:00,0.0,0.0,0.0,0.0,0.0,0.0,0.0,0.0,1.0865717647399544,12.560979334451316,0.08825044028888514,2.872172339918397,267,581,,false,team_reconciliation_and_current_weekly_role
2026,1,CFP_C205C38F,BJ Garrett,CFF_SYR,Syracuse,WR,New Hampshire,True,2026-09-05T16:00Z,401858208,44.5,55.5,0.0,,MODELLED_ON_TEAM_RATES,CFBD/team roster,,1.3616169159695086,week1-v1.0,2026-08-30T16:15:00+00:00,0.0,0.0,0.0,0.0,0.0,0.0,0.0,0.0,0.9354476407028935,11.9558597877563,0.12300186353309607,2.8690448006771,268,582,,false,team_reconciliation_and_current_weekly_role
2026,1,CFP_87C9A7E4,Rai'Shawn Elmore,CFF_MSU,Michigan State,WR,Toledo,True,2026-09-05T00:00Z,401858429,29.75,49.5,0.0,,MODELLED_ON_TEAM_RATES,CFBD/team roster,,1.5042118615628233,week1-v1.0,2026-08-30T16:15:00+00:00,0.0,0.0,0.0,0.0,0.0,0.0,0.0,0.0,1.0033417724875842,12.229099860600702,0.10689623885374011,2.867629191670095,269,583,,false,team_reconciliation_and_current_weekly_role
2026,1,CFP_F2ED67DE,Bo MacCormack III,CFF_BC,Boston College,RB,Cincinnati,False,2026-09-05T19:30Z,401856777,22.0,51.5,0.0,,MEDIUM,CFBD/team roster,,2.5375115948661144,week1-v1.0,2026-08-30T16:15:00+00:00,0.0,0.0,0.0,0.0,0.0,1.7930562704813908,7.648704175265264,0.07021177014067376,0.6520851158396518,7.439352795660814,0.04503351060301171,2.852362497394372,183,584,,true,team_reconciliation_and_current_weekly_role
2026,1,CFP_C4479662,Dallas Dickerson,CFF_UGA,Georgia,WR,Tennessee State,True,2026-09-05T19:00Z,401856658,51.5,56.5,0.0,,MODELLED_ON_TEAM_RATES,CFBD/team roster,,2.005737761477578,week1-v1.0,2026-08-30T16:15:00+00:00,0.0,0.0,0.0,0.0,0.0,0.0,0.0,0.0,1.181027281835618,7.192314895953844,0.15796806061856958,2.84806713514242,270,585,,false,team_reconciliation_and_current_weekly_role
2026,1,CFP_9C185BF8,Gavin Waddell,CFF_LOU,Louisville,WR,Ole Miss,False,2026-09-06T23:30Z,401856661,24.5,55.5,0.0,,MODELLED_ON_TEAM_RATES,CFBD/team roster,,1.7868517478027153,week1-v1.0,2026-08-30T16:15:00+00:00,0.0,0.0,0.0,0.0,0.0,0.0,0.0,0.0,1.076943462262771,12.449674299324903,0.08746843770017496,2.8467215183963113,271,586,,false,team_reconciliation_and_current_weekly_role
2026,1,CFP_04A96EF1,Benjamin Brahmer,CFF_PSU,Penn State,TE,Marshall,True,2026-09-05T19:30Z,401858434,39.5,54.5,0.0,,MODELLED_ON_TEAM_RATES,CFBD/team roster,,1.6140837263271848,week1-v1.0,2026-08-30T16:15:00+00:00,0.0,0.0,0.0,0.0,0.0,0.2354194740017964,1.3787578191394685,0.015546364604732597,0.8424208473188279,10.92412583882242,0.11302517545556423,2.844138453476798,50,587,,true,team_reconciliation_and_current_weekly_role
2026,1,CFP_D9A5B292,London Montgomery,CFF_FLA,Florida,RB,Florida Atlantic,True,2026-09-05T23:45Z,401856637,43.5,59.5,0.0,,MEDIUM,CFBD/team roster,,2.229461930736738,week1-v1.0,2026-08-30T16:15:00+00:00,0.0,0.0,0.0,0.0,0.0,2.62421931693715,13.376389144145477,0.13467055987040333,0.23089639849590246,2.8938563114604414,0.029313944687830152,2.8418279714058956,184,588,,false,team_reconciliation_and_current_weekly_role
2026,1,CFP_B0570D49,Trez Davis,CFF_WASH,Washington,WR,Washington State,True,2026-09-06T20:00Z,401858437,37.0,50.5,0.0,,MODELLED_ON_TEAM_RATES,CFBD/team roster,,1.6273245482202008,week1-v1.0,2026-08-30T16:15:00+00:00,0.0,0.0,0.0,0.0,0.0,0.0,0.0,0.0,0.9122412117234064,11.738938378176002,0.12577515830561647,2.840785999374705,272,589,,false,team_reconciliation_and_current_weekly_role
2026,1,CFP_49E381CE,Kenneth Moore III,CFF_UCLA,UCLA,WR,California,False,2026-09-06T02:30Z,401858210,27.5,53.5,0.0,,MODELLED_ON_TEAM_RATES,CFBD/team roster,,1.6210317153445113,week1-v1.0,2026-08-30T16:15:00+00:00,0.0,0.0,0.0,0.0,0.0,0.0,0.0,0.0,1.1813341018741008,10.875600632966373,0.09484535435726488,2.837966291314327,273,590,,false,team_reconciliation_and_current_weekly_role
2026,1,CFP_12CD987D,Cole Ballard,CFF_KU,Kansas,QB,Long Island University,True,2026-09-05T00:00Z,401856769,46.0,53.5,0.1281530688047027,LOW,HIGH,CFBD/team roster,,2.3873687595135737,week1-v1.0,2026-08-30T16:15:00+00:00,3.4888092472212895,2.147540413358495,26.24310567547458,0.30571414259677665,0.08132141879613942,0.7993485417069816,2.8877529443476173,0.05955818434850695,0.0,0.0,0.0,2.837383779135754,84,591,,false,team_reconciliation_and_current_weekly_role
2026,1,CFP_32B78687,Dante Dowdell,CFF_UGA,Georgia,RB,Tennessee State,True,2026-09-05T19:00Z,401856658,51.5,56.5,0.0,,MEDIUM,CFBD/team roster,,2.231689215793535,week1-v1.0,2026-08-30T16:15:00+00:00,0.0,0.0,0.0,0.0,0.0,2.569933204997565,13.11085482934386,0.14232414338838717,0.27746295726702774,1.6897162252893725,0.03711200065153615,2.8341369269698906,185,592,,false,team_reconciliation_and_current_weekly_role
2026,1,CFP_DFB81FB0,Jonah Smith,CFF_UCLA,UCLA,WR,California,False,2026-09-06T02:30Z,401858210,27.5,53.5,0.0,,MODELLED_ON_TEAM_RATES,CFBD/team roster,,1.617753118982936,week1-v1.0,2026-08-30T16:15:00+00:00,0.0,0.0,0.0,0.0,0.0,0.0,0.0,0.0,1.178944810133818,10.85360433003925,0.09465352613406322,2.8322263999421224,274,593,,false,team_reconciliation_and_current_weekly_role
2026,1,CFP_BEB7755F,Blair Irvin III,CFF_ARK,Arkansas,WR,North Alabama,True,2026-09-05T20:15Z,401856635,52.0,63.5,0.0,,MODELLED_ON_TEAM_RATES,CFBD/team roster,,1.5456168817267224,week1-v1.0,2026-08-30T16:15:00+00:00,0.0,0.0,0.0,0.0,0.0,0.0,0.0,0.0,0.9116332147331528,12.404528375234536,0.1132725529645593,2.831721370043962,275,594,,false,team_reconciliation_and_current_weekly_role
2026,1,CFP_6422FAE2,Jayvan Boggs,CFF_FSU,Florida State,WR,SMU,True,2026-09-07T23:30Z,401858212,25.25,53.5,0.0,,MODELLED_ON_TEAM_RATES,CFBD/team roster,,1.6699254243914619,week1-v1.0,2026-08-30T16:15:00+00:00,0.0,0.0,0.0,0.0,0.0,0.0,0.0,0.0,1.0562184309339957,12.282716179134594,0.09057164504296653,2.8279199191052538,276,595,,false,team_reconciliation_and_current_weekly_role
2026,1,CFP_FB39CAA9,Jalen Dupree,CFF_KU,Kansas,RB,Long Island University,True,2026-09-05T00:00Z,401856769,46.0,53.5,0.0,,MEDIUM,CFBD/team roster,,2.1146215794600924,week1-v1.0,2026-08-30T16:15:00+00:00,0.0,0.0,0.0,0.0,0.0,2.24595780564537,13.667778566339711,0.12203701396314284,0.2422995448776564,2.8768949865095146,0.033034223027728946,2.82719432210781,186,596,,false,team_reconciliation_and_current_weekly_role
2026,1,CFP_DD03AF98,Marlon Harbin,CFF_LOU,Louisville,WR,Ole Miss,False,2026-09-06T23:30Z,401856661,24.5,55.5,0.0,,MODELLED_ON_TEAM_RATES,CFBD/team roster,,1.7711724195521283,week1-v1.0,2026-08-30T16:15:00+00:00,0.0,0.0,0.0,0.0,0.0,0.0,0.0,0.0,1.0674934616833127,12.34043046855268,0.08670091664088535,2.8217420083838927,277,597,,false,team_reconciliation_and_current_weekly_role
2026,1,CFP_3F712BCA,De'Nylon Morrissette,CFF_PUR,Purdue,WR,Indiana State,True,2026-09-04T23:00Z,401858435,46.0,56.5,0.0,,MODELLED_ON_TEAM_RATES,CFBD/team roster,,1.451387934499617,week1-v1.0,2026-08-30T16:15:00+00:00,0.0,0.0,0.0,0.0,0.0,0.0,0.0,0.0,0.9706635778887184,11.668028362854788,0.11391741105658088,2.8209708805136824,278,598,,false,team_reconciliation_and_current_weekly_role
2026,1,CFP_D4BC9DE9,Kris Hughes,CFF_LOU,Louisville,WR,Ole Miss,False,2026-09-06T23:30Z,401856661,24.5,55.5,0.0,,MODELLED_ON_TEAM_RATES,CFBD/team roster,,1.7667348738208302,week1-v1.0,2026-08-30T16:15:00+00:00,0.0,0.0,0.0,0.0,0.0,0.0,0.0,0.0,1.0648189332174285,12.309512403239786,0.08648369369957698,2.814672335738869,279,599,,false,team_reconciliation_and_current_weekly_role
2026,1,CFP_264AA8AE,Will Rajecki,CFF_TENN,Tennessee,RB,Furman,True,2026-09-05T19:30Z,401856666,56.5,66.5,0.0,,MEDIUM,CFBD/team roster,,2.1009660395006304,week1-v1.0,2026-08-30T16:15:00+00:00,0.0,0.0,0.0,0.0,0.0,2.285904034204481,12.885160109451968,0.1320684829561406,0.23768490919457766,3.105285589441594,0.030420560072331983,2.8116637372547695,187,600,,false,team_reconciliation_and_current_weekly_role
2026,1,CFP_AD7613BE,Gemari Sands,CFF_FSU,Florida State,RB,SMU,True,2026-09-07T23:30Z,401858212,25.25,53.5,0.0,,MEDIUM,CFBD/team roster,,2.37107841178211,week1-v1.0,2026-08-30T16:15:00+00:00,0.0,0.0,0.0,0.0,0.0,1.7055210977149307,7.819102941868269,0.06682489676691535,0.60520636614479,7.0379173544514675,0.05189696995131775,2.8032395960861622,188,601,,false,team_reconciliation_and_current_weekly_role
2026,1,CFP_078CB9AA,Reed Harris,CFF_ASU,Arizona State,WR,Morgan State,True,2026-09-06T02:00Z,401856774,47.0,52.5,0.0,,MODELLED_ON_TEAM_RATES,CFBD/team roster,,1.6795827815170654,week1-v1.0,2026-08-30T16:15:00+00:00,0.0,0.0,0.0,0.0,0.0,0.054711890593770934,0.3196262826776086,0.0031198432406813934,0.8867240866112188,11.262853961040625,0.12192657822622192,2.795250639784462,280,602,,false,team_reconciliation_and_current_weekly_role
2026,1,CFP_7DF66AEA,Deuce Lawrence,CFF_WAKE,Wake Forest,RB,Akron,True,2026-09-03T23:00Z,401858204,36.5,48.5,0.0,,MEDIUM,CFBD/team roster,,1.9946281799210148,week1-v1.0,2026-08-30T16:15:00+00:00,0.0,0.0,0.0,0.0,0.0,1.4724081064131107,7.906878807562314,0.08744566911940163,0.5217128706864488,7.072030082602757,0.0417859567367406,2.7949935148398093,189,603,,false,team_reconciliation_and_current_weekly_role
2026,1,CFP_D89FF25A,Jermaine Bishop Jr.,CFF_TEX,Texas,WR,Texas State,True,2026-09-05T19:30Z,401856667,45.0,59.5,0.0,,MODELLED_ON_TEAM_RATES,CFBD/team roster,,1.7513336180749401,week1-v1.0,2026-08-30T16:15:00+00:00,0.0,0.0,0.0,0.0,0.0,0.0,0.0,0.0,0.9048125528735803,10.192399744702314,0.14030761464685343,2.7658982152249325,281,604,,false,team_reconciliation_and_current_weekly_role
2026,1,CFP_7896C5D8,Milan Parris,CFF_MIA,Miami,WR,Stanford,False,2026-09-05T01:00Z,401858206,36.0,47.5,0.0,,MODELLED_ON_TEAM_RATES,CFBD/team roster,,1.8108087035385472,week1-v1.0,2026-08-30T16:15:00+00:00,0.0,0.0,0.0,0.0,0.0,0.0,0.0,0.0,0.8846972949516633,11.839287988374537,0.11617878488415329,2.7656988030940366,282,605,,false,team_reconciliation_and_current_weekly_role
2026,1,CFP_1853BAF4,Jayden McGowan,CFF_BAY,Baylor,WR,Auburn,False,2026-09-05T19:30Z,401856636,25.75,58.5,0.0,,MODELLED_ON_TEAM_RATES,CFBD/team roster,,1.7827677532867057,week1-v1.0,2026-08-30T16:15:00+00:00,0.0,0.0,0.0,0.0,0.0,0.0,0.0,0.0,0.9395616012817013,11.656975189373274,0.10981896885326212,2.7641729333386014,283,606,,false,team_reconciliation_and_current_weekly_role
2026,1,CFP_78242B5C,Brandon Phelps,CFF_ARIZ,Arizona,WR,Northern Arizona,True,2026-09-06T01:30Z,401856773,44.0,56.5,0.0,,MODELLED_ON_TEAM_RATES,CFBD/team roster,,1.6845160328404472,week1-v1.0,2026-08-30T16:15:00+00:00,0.0,0.0,0.0,0.0,0.0,0.0,0.0,0.0,0.8907792882453736,11.19964028633353,0.1251168501749192,2.761444417928242,284,607,,false,team_reconciliation_and_current_weekly_role
2026,1,CFP_C4A369F1,Landon Kelsey,CFF_ARIZ,Arizona,WR,Northern Arizona,True,2026-09-06T01:30Z,401856773,44.0,56.5,0.0,,MODELLED_ON_TEAM_RATES,CFBD/team roster,,1.6841917132345865,week1-v1.0,2026-08-30T16:15:00+00:00,0.0,0.0,0.0,0.0,0.0,0.0,0.0,0.0,0.8906077866496392,11.197484021357342,0.12509276144750778,2.76091275747042,285,608,,false,team_reconciliation_and_current_weekly_role
2026,1,CFP_F6C2E187,Caleb Francois,CFF_ISU,Iowa State,RB,Southeast Missouri State,True,2026-09-05T17:00Z,401856779,41.5,53.5,0.0,,MEDIUM,CFBD/team roster,,1.842803753922471,week1-v1.0,2026-08-30T16:15:00+00:00,0.0,0.0,0.0,0.0,0.0,1.3164395621298777,7.03758921770463,0.08651921231006343,0.532618883667028,6.456665390475574,0.05880300009841777,2.7539776189359353,190,609,,false,team_reconciliation_and_current_weekly_role
2026,1,CFP_E8A09E3E,Myles Kendrick,CFF_IND,Indiana,WR,North Texas,True,2026-09-05T16:00Z,401858425,48.0,55.5,0.0,,MODELLED_ON_TEAM_RATES,CFBD/team roster,,1.7645082812607515,week1-v1.0,2026-08-30T16:15:00+00:00,0.0,0.0,0.0,0.0,0.0,0.0,0.0,0.0,1.0609906789005303,6.248005516988608,0.17630996080607006,2.7436509954358117,286,610,,false,team_reconciliation_and_current_weekly_role
2026,1,CFP_E2DD1335,Cederian Morgan,CFF_ALA,Alabama,WR,East Carolina,True,2026-09-05T16:00Z,401856634,41.0,53.5,0.0,,MODELLED_ON_TEAM_RATES,CFBD/team roster,,1.9217252024748994,week1-v1.0,2026-08-30T16:15:00+00:00,0.0,0.0,0.0,0.0,0.0,0.0,0.0,0.0,1.0086426156970616,9.007466672546945,0.13762147904775748,2.7351181572383014,287,611,,false,team_reconciliation_and_current_weekly_role
2026,1,CFP_EE2B89D8,Harvey Broussard III,CFF_HOU,Houston,WR,Oregon State,True,2026-09-05T16:00Z,401856778,36.0,51.5,0.0,,MODELLED_ON_TEAM_RATES,CFBD/team roster,,1.8368839120147429,week1-v1.0,2026-08-30T16:15:00+00:00,0.0,0.0,0.0,0.0,0.0,0.0,0.0,0.0,1.1613266428699913,10.110938553852623,0.09374358704613146,2.7348820205320425,288,612,,false,team_reconciliation_and_current_weekly_role
2026,1,CFP_92BB7399,Harry Dalton III,CFF_MD,Maryland,RB,Hampton,True,2026-09-06T00:00Z,401858427,51.0,56.5,0.0,,MEDIUM,CFBD/team roster,,2.0800818986495533,week1-v1.0,2026-08-30T16:15:00+00:00,0.0,0.0,0.0,0.0,0.0,2.8219653539205947,14.29860830365118,0.13980215004281202,0.16128324590695947,1.909312972946187,0.018845829119242336,2.7339632485390224,191,613,,false,team_reconciliation_and_current_weekly_role
2026,1,CFP_12D786D2,Sean Williams,CFF_MD,Maryland,WR,Hampton,True,2026-09-06T00:00Z,401858427,51.0,56.5,0.0,,MODELLED_ON_TEAM_RATES,CFBD/team roster,,1.637344866619874,week1-v1.0,2026-08-30T16:15:00+00:00,0.0,0.0,0.0,0.0,0.0,0.0,0.0,0.0,0.9472494717843035,11.21378538064351,0.11068540677087924,2.73274045047393,289,614,,false,team_reconciliation_and_current_weekly_role
2026,1,CFP_89DB709C,Marcus Brown,CFF_STAN,Stanford,WR,Miami,True,2026-09-05T01:00Z,401858206,11.5,47.5,0.0,,MODELLED_ON_TEAM_RATES,CFBD/team roster,,2.447438541472623,week1-v1.0,2026-08-30T16:15:00+00:00,0.0,0.0,0.0,0.0,0.0,0.0,0.0,0.0,1.3994421017365883,10.587830111186731,0.045236223932235545,2.729642456448675,290,615,,false,team_reconciliation_and_current_weekly_role
2026,1,CFP_FEE33D19,Jeremy Hecklinski,CFF_IOWA,Iowa,QB,Northern Illinois,True,2026-09-05T20:15Z,401858426,38.5,45.5,0.1230440940188721,LOW,HIGH,CFBD/team roster,,2.2973179004307522,week1-v1.0,2026-08-30T16:15:00+00:00,2.4226647923831917,1.547968430734578,18.84205434255887,0.1987306193093317,0.06415940668444031,1.4415433190308935,4.9917129202809285,0.12377518325666112,0.0,0.0,0.0,2.7262676358233007,85,616,,true,team_reconciliation_and_current_weekly_role
2026,1,CFP_3B486E65,Hykeem Williams,CFF_COLO,Colorado,WR,Georgia Tech,False,2026-09-04T00:00Z,401856776,22.0,50.5,0.0,,MODELLED_ON_TEAM_RATES,CFBD/team roster,,2.4416131844220677,week1-v1.0,2026-08-30T16:15:00+00:00,0.0,0.0,0.0,0.0,0.0,0.0,0.0,0.0,1.286448289431115,8.29476704612098,0.10059441836074672,2.7194915042076935,291,617,,false,team_reconciliation_and_current_weekly_role
2026,1,CFP_E53DA81C,Elias Coke,CFF_RUTG,Rutgers,WR,Massachusetts,True,2026-09-03T22:00Z,401858423,41.0,52.5,0.0,,MODELLED_ON_TEAM_RATES,CFBD/team roster,,1.42736700333042,week1-v1.0,2026-08-30T16:15:00+00:00,0.0,0.0,0.0,0.0,0.0,0.0,0.0,0.0,0.8921838280284141,11.320014032957317,0.11513639237479158,2.7150035855728953,292,618,,false,team_reconciliation_and_current_weekly_role
2026,1,CFP_7AFE4E45,Braxton Winston III,CFF_WAKE,Wake Forest,WR,Akron,True,2026-09-03T23:00Z,401858204,36.5,48.5,0.0,,MODELLED_ON_TEAM_RATES,CFBD/team roster,,1.417490128169496,week1-v1.0,2026-08-30T16:15:00+00:00,0.0,0.0,0.0,0.0,0.0,0.0,0.0,0.0,0.9563780179319752,12.964092881695144,0.07659993212107903,2.7123868988279636,293,619,,false,team_reconciliation_and_current_weekly_role
2026,1,CFP_4084F522,Gavin Grover,CFF_CIN,Cincinnati,TE,Boston College,True,2026-09-05T19:30Z,401856777,29.5,51.5,0.0,,MODELLED_ON_TEAM_RATES,CFBD/team roster,,1.2614638631287696,week1-v1.0,2026-08-30T16:15:00+00:00,0.0,0.0,0.0,0.0,0.0,0.0,0.0,0.0,0.9462671495650354,11.570358909917344,0.10133616338347151,2.711320020857599,51,620,,true,team_reconciliation_and_current_weekly_role
2026,1,CFP_D19F15F3,Favour Akih,CFF_OSU,Ohio State,RB,Ball State,True,2026-09-05T16:30Z,401858432,53.5,56.5,0.0,,MEDIUM,CFBD/team roster,,2.0425064568191096,week1-v1.0,2026-08-30T16:15:00+00:00,0.0,0.0,0.0,0.0,0.0,2.055314100565861,10.809512218375698,0.13352560982158435,0.3009908076038446,3.2691461216683,0.03321886275691112,2.7093234770792174,192,621,,false,team_reconciliation_and_current_weekly_role
2026,1,CFP_3E299E81,Matt Ponatoski,CFF_UK,Kentucky,QB,Youngstown State,True,2026-09-05T17:00Z,401856659,43.0,62.5,0.10964210091875859,LOW,HIGH,CFBD/team roster,,2.2117718558958974,week1-v1.0,2026-08-30T16:15:00+00:00,3.1967902289344035,1.9443076363307639,25.136840593948566,0.24292351500037845,0.10627086457594313,1.2272915834904705,3.807892314889532,0.07611436989795295,0.0,0.0,0.0,2.708372270060184,86,622,,false,team_reconciliation_and_current_weekly_role
2026,1,CFP_7A04F5EF,Alex Perry,CFF_ILL,Illinois,WR,UAB,True,2026-09-04T01:00Z,401858424,42.0,55.5,0.0,,MODELLED_ON_TEAM_RATES,CFBD/team roster,,1.5914146743190907,week1-v1.0,2026-08-30T16:15:00+00:00,0.0,0.0,0.0,0.0,0.0,0.0,0.0,0.0,0.8701816801642791,11.391975193885266,0.11597235857693788,2.705213351014433,294,623,,false,team_reconciliation_and_current_weekly_role
2026,1,CFP_F4AF018E,Cole Turner,CFF_CLEM,Clemson,WR,LSU,False,2026-09-05T23:30Z,401856660,20.5,51.5,0.0,,MODELLED_ON_TEAM_RATES,CFBD/team roster,,2.978261356089947,week1-v1.0,2026-08-30T16:15:00+00:00,0.0,0.0,0.0,0.0,0.0,0.40353610752644214,1.8775856750510491,0.015535657558657287,1.1510222195865552,10.791438425092155,0.031444140785735264,2.699803419667231,295,624,,true,team_reconciliation_and_current_weekly_role
2026,1,CFP_C0B9C732,EJ Kelly,CFF_SMU,SMU,RB,Florida State,False,2026-09-07T23:30Z,401858212,28.25,53.5,0.0,,MEDIUM,CFBD/team roster,,2.3689641378243693,week1-v1.0,2026-08-30T16:15:00+00:00,0.0,0.0,0.0,0.0,0.0,1.6169814968954546,8.046338114377608,0.07930329992570771,0.5562386505249596,6.213041981599262,0.03859310740621597,2.6895551041141887,193,625,,false,team_reconciliation_and_current_weekly_role
2026,1,CFP_E4AA1ADE,Javian Mallory,CFF_MIA,Miami,RB,Stanford,False,2026-09-05T01:00Z,401858206,36.0,47.5,0.0,,MEDIUM,CFBD/team roster,,2.269199928642293,week1-v1.0,2026-08-30T16:15:00+00:00,0.0,0.0,0.0,0.0,0.0,2.6754401243992256,14.028301281797212,0.14616673966423557,0.12609899465333696,1.6874950576478538,0.016559367884965055,2.6740352738930473,194,626,,false,team_reconciliation_and_current_weekly_role
2026,1,CFP_56925611,Phoenix Henriquez,CFF_SYR,Syracuse,WR,New Hampshire,True,2026-09-05T16:00Z,401858208,44.5,55.5,0.0,,MODELLED_ON_TEAM_RATES,CFBD/team roster,,1.2658875170738355,week1-v1.0,2026-08-30T16:15:00+00:00,0.0,0.0,0.0,0.0,0.0,0.0,0.0,0.0,0.8696803611600263,11.115294972983913,0.11435413426286527,2.667334664035609,296,627,,false,team_reconciliation_and_current_weekly_role
2026,1,CFP_CC716EE0,Wyatt Villarreal,CFF_PITT,Pitt,TE,Miami (OH),True,2026-09-05T16:30Z,401858207,33.0,49.5,0.0,,MODELLED_ON_TEAM_RATES,CFBD/team roster,,1.3128946460179527,week1-v1.0,2026-08-30T16:15:00+00:00,0.0,0.0,0.0,0.0,0.0,0.0,0.0,0.0,0.889654528139928,10.998170484382788,0.11066319974586115,2.653450775053374,52,628,,false,team_reconciliation_and_current_weekly_role
2026,1,CFP_FE46FE2A,JacQai Long,CFF_UK,Kentucky,QB,Youngstown State,True,2026-09-05T17:00Z,401856659,43.0,62.5,0.08674143903794215,LOW,HIGH,CFBD/team roster,,2.115865433370335,week1-v1.0,2026-08-30T16:15:00+00:00,2.5786348684513563,1.5199851353663922,19.051642125470288,0.1959500002461987,0.08572153230940761,1.7463410077264752,5.418336271471481,0.10830486187481375,0.0,0.0,0.0,2.6518069520902294,87,629,,false,team_reconciliation_and_current_weekly_role
2026,1,CFP_1683B6C8,Khamari Anderson,CFF_ASU,Arizona State,TE,Morgan State,True,2026-09-06T02:00Z,401856774,47.0,52.5,0.0,,MODELLED_ON_TEAM_RATES,CFBD/team roster,,1.5844728241976798,week1-v1.0,2026-08-30T16:15:00+00:00,0.0,0.0,0.0,0.0,0.0,0.0,0.0,0.0,0.8565948047142093,10.880162538668305,0.11778373345456943,2.651313459308456,53,630,,false,team_reconciliation_and_current_weekly_role
2026,1,CFP_26A69C2A,Evan Stewart,CFF_ORE,Oregon,WR,Boise State,True,2026-09-05T19:30Z,401858433,38.0,51.5,0.0,,MODELLED_ON_TEAM_RATES,CFBD/team roster,,1.5030790534667322,week1-v1.0,2026-08-30T16:15:00+00:00,0.0,0.0,0.0,0.0,0.0,0.0,0.0,0.0,0.8904072005244558,11.261659066816675,0.10578234522369605,2.6512671785482995,297,631,,true,team_reconciliation_and_current_weekly_role
2026,1,CFP_D7901B48,Bryce Kania,CFF_WAKE,Wake Forest,WR,Akron,True,2026-09-03T23:00Z,401858204,36.5,48.5,0.0,,MODELLED_ON_TEAM_RATES,CFBD/team roster,,1.3853059718047158,week1-v1.0,2026-08-30T16:15:00+00:00,0.0,0.0,0.0,0.0,0.0,0.0,0.0,0.0,0.9346634260196421,12.66974275950359,0.07486072833833382,2.650802072000004,298,632,,false,team_reconciliation_and_current_weekly_role
2026,1,CFP_BD39A2D7,Malcolm Simmons,CFF_TTU,Texas Tech,WR,Abilene Christian,True,2026-09-05T23:00Z,401856770,51.0,59.5,0.0,,MODELLED_ON_TEAM_RATES,CFBD/team roster,,1.7404207229575894,week1-v1.0,2026-08-30T16:15:00+00:00,0.0,0.0,0.0,0.0,0.0,0.1524028300228825,0.911312153721984,0.00955015052823626,0.7995455030001651,10.228478943786655,0.11312297919634785,2.649563391098534,299,633,,false,team_reconciliation_and_current_weekly_role
2026,1,CFP_4FD89EDA,Rocky Beers,CFF_OU,Oklahoma,TE,UTEP,True,2026-09-05T00:00Z,401856664,46.0,50.5,0.0,,MODELLED_ON_TEAM_RATES,CFBD/team roster,,1.6107393311549816,week1-v1.0,2026-08-30T16:15:00+00:00,0.0,0.0,0.0,0.0,0.0,0.0,0.0,0.0,0.900307753121785,10.857145574131803,0.10886896681472312,2.6392361114233043,54,634,,true,team_reconciliation_and_current_weekly_role
2026,1,CFP_006940D7,Elijah Otieno,CFF_WAKE,Wake Forest,WR,Akron,True,2026-09-03T23:00Z,401858204,36.5,48.5,0.0,,MODELLED_ON_TEAM_RATES,CFBD/team roster,,1.3775373823373551,week1-v1.0,2026-08-30T16:15:00+00:00,0.0,0.0,0.0,0.0,0.0,0.0,0.0,0.0,0.9294219727994238,12.598692730009079,0.07444092052870567,2.635936768972566,300,635,,false,team_reconciliation_and_current_weekly_role
2026,1,CFP_4382F3F8,Daylan McCutcheon,CFF_TEX,Texas,WR,Texas State,True,2026-09-05T19:30Z,401856667,45.0,59.5,0.0,,MODELLED_ON_TEAM_RATES,CFBD/team roster,,1.6658810744950552,week1-v1.0,2026-08-30T16:15:00+00:00,0.0,0.0,0.0,0.0,0.0,0.0,0.0,0.0,0.8606641774252494,9.695083599806322,0.13346160744899074,2.630942182099826,301,636,,false,team_reconciliation_and_current_weekly_role
2026,1,CFP_B490D84F,Javarius Green,CFF_BC,Boston College,WR,Cincinnati,False,2026-09-05T19:30Z,401856777,22.0,51.5,0.0,,MODELLED_ON_TEAM_RATES,CFBD/team roster,,1.4769725763607815,week1-v1.0,2026-08-30T16:15:00+00:00,0.0,0.0,0.0,0.0,0.0,0.0,0.0,0.0,1.0280007739901174,11.72800949777456,0.07099454140396609,2.62676897219137,302,637,,true,team_reconciliation_and_current_weekly_role
2026,1,CFP_32D3C3EA,Cameron Miller,CFF_MISS,Ole Miss,WR,Louisville,True,2026-09-06T23:30Z,401856661,31.0,55.5,0.0,,MODELLED_ON_TEAM_RATES,CFBD/team roster,,1.5788308492577088,week1-v1.0,2026-08-30T16:15:00+00:00,0.0,0.0,0.0,0.0,0.0,0.0,0.0,0.0,0.8700616791587693,12.835124077878907,0.07879720474947358,2.6263573154435016,303,638,,false,team_reconciliation_and_current_weekly_role
2026,1,CFP_5E7912BB,Karon Brookins,CFF_PSU,Penn State,WR,Marshall,True,2026-09-05T19:30Z,401858434,39.5,54.5,0.0,,MODELLED_ON_TEAM_RATES,CFBD/team roster,,1.443309117609135,week1-v1.0,2026-08-30T16:15:00+00:00,0.0,0.0,0.0,0.0,0.0,0.0,0.0,0.0,0.8462812832182811,10.974186194869585,0.11354311900629588,2.6249586167430152,304,639,,false,team_reconciliation_and_current_weekly_role
2026,1,CFP_6F5F6939,Davion Kerr,CFF_SYR,Syracuse,RB,New Hampshire,True,2026-09-05T16:00Z,401858208,44.5,55.5,0.0,,MEDIUM,CFBD/team roster,,1.6327157653133746,week1-v1.0,2026-08-30T16:15:00+00:00,0.0,0.0,0.0,0.0,0.0,0.7339784731382942,3.416573117375239,0.03878727849976622,0.6674087938515287,8.530082939124936,0.0877574776076508,2.621342936146048,195,640,,false,team_reconciliation_and_current_weekly_role
2026,1,CFP_8B4135C6,Synkwan Smith,CFF_PITT,Pitt,RB,Miami (OH),True,2026-09-05T16:30Z,401858207,33.0,49.5,0.0,,MEDIUM,CFBD/team roster,,1.7521896393466525,week1-v1.0,2026-08-30T16:15:00+00:00,0.0,0.0,0.0,0.0,0.0,0.8306224952160195,3.9494132479130553,0.03701696394929597,0.6702898424185726,8.286319832803736,0.08337665506438198,2.6162248645723194,196,641,,false,team_reconciliation_and_current_weekly_role
2026,1,CFP_B0667701,Girard Pringle Jr.,CFF_MIA,Miami,RB,Stanford,False,2026-09-05T01:00Z,401858206,36.0,47.5,0.0,,MEDIUM,CFBD/team roster,,2.1843028267114386,week1-v1.0,2026-08-30T16:15:00+00:00,0.0,0.0,0.0,0.0,0.0,1.838109640130292,9.912278147229225,0.10557621729053712,0.3170797501778642,4.243257551547835,0.0416390332571864,2.6159248233419112,197,642,,true,team_reconciliation_and_current_weekly_role
2026,1,CFP_00BD2608,Mason James,CFF_WASH,Washington,WR,Washington State,True,2026-09-06T20:00Z,401858437,37.0,50.5,0.0,,MODELLED_ON_TEAM_RATES,CFBD/team roster,,1.4980678033579082,week1-v1.0,2026-08-30T16:15:00+00:00,0.0,0.0,0.0,0.0,0.0,0.0,0.0,0.0,0.8397828138668989,10.806526362047087,0.11578496454561696,2.6151452373453097,305,643,,false,team_reconciliation_and_current_weekly_role
2026,1,CFP_EBA04B9D,Malachi Henry,CFF_CIN,Cincinnati,WR,Boston College,True,2026-09-05T19:30Z,401856777,29.5,51.5,0.0,,MODELLED_ON_TEAM_RATES,CFBD/team roster,,1.2161558151427292,week1-v1.0,2026-08-30T16:15:00+00:00,0.0,0.0,0.0,0.0,0.0,0.0,0.0,0.0,0.9122800345368107,11.15478586654374,0.09769646835335642,2.6139374313113235,306,644,,true,team_reconciliation_and_current_weekly_role
2026,1,CFP_3DC11DE2,Theo Melin Ohrstrom,CFF_SMU,SMU,TE,Florida State,False,2026-09-07T23:30Z,401858212,28.25,53.5,0.0,,MODELLED_ON_TEAM_RATES,CFBD/team roster,,1.652340221676469,week1-v1.0,2026-08-30T16:15:00+00:00,0.0,0.0,0.0,0.0,0.0,0.0,0.0,0.0,1.0305005716688713,11.51042508067037,0.07149848218395088,2.6105339728396135,55,645,,false,team_reconciliation_and_current_weekly_role
2026,1,CFP_1ABEFB75,Bryce Dopson,CFF_BC,Boston College,WR,Cincinnati,False,2026-09-05T19:30Z,401856777,22.0,51.5,0.0,,MODELLED_ON_TEAM_RATES,CFBD/team roster,,1.4660977540585707,week1-v1.0,2026-08-30T16:15:00+00:00,0.0,0.0,0.0,0.0,0.0,0.0,0.0,0.0,1.0204316925307826,11.641657170528784,0.0704718146895017,2.6074282977206718,307,646,,false,team_reconciliation_and_current_weekly_role
2026,1,CFP_07AE9724,Bodpegn Miller,CFF_WASH,Washington,WR,Washington State,True,2026-09-06T20:00Z,401858437,37.0,50.5,0.0,,MODELLED_ON_TEAM_RATES,CFBD/team roster,,1.4933025777408648,week1-v1.0,2026-08-30T16:15:00+00:00,0.0,0.0,0.0,0.0,0.0,0.0,0.0,0.0,0.8371115365265668,10.772151725507772,0.11541666247151554,2.606826683906437,308,647,,false,team_reconciliation_and_current_weekly_role
2026,1,CFP_DEC01BED,Cory Butler Jr.,CFF_ASU,Arizona State,WR,Morgan State,True,2026-09-06T02:00Z,401856774,47.0,52.5,0.0,,MODELLED_ON_TEAM_RATES,CFBD/team roster,,1.5546932778222091,week1-v1.0,2026-08-30T16:15:00+00:00,0.0,0.0,0.0,0.0,0.0,0.0,0.0,0.0,0.8404954407349683,10.675674143572603,0.11557003429916576,2.6014830608872233,309,648,,false,team_reconciliation_and_current_weekly_role
2026,1,CFP_51934FD1,Brayden Trimble,CFF_ILL,Illinois,WR,UAB,True,2026-09-04T01:00Z,401858424,42.0,55.5,0.0,,MODELLED_ON_TEAM_RATES,CFBD/team roster,,1.5289559263485024,week1-v1.0,2026-08-30T16:15:00+00:00,0.0,0.0,0.0,0.0,0.0,0.0,0.0,0.0,0.8360293884158958,10.944870791114496,0.11142075525644511,2.599040999066016,310,649,,true,team_reconciliation_and_current_weekly_role
2026,1,CFP_FB4BEB84,Joe Caudill,CFF_MSU,Michigan State,TE,Toledo,True,2026-09-05T00:00Z,401858429,29.75,49.5,0.0,,MODELLED_ON_TEAM_RATES,CFBD/team roster,,1.3627896143064648,week1-v1.0,2026-08-30T16:15:00+00:00,0.0,0.0,0.0,0.0,0.0,0.0,0.0,0.0,0.9090100816817771,11.07935039484944,0.09684612110886219,2.5980218478198944,56,650,,false,team_reconciliation_and_current_weekly_role
2026,1,CFP_30EFC2B0,Chris Henry Jr.,CFF_OSU,Ohio State,WR,Ball State,True,2026-09-05T16:30Z,401858432,53.5,56.5,0.0,,MODELLED_ON_TEAM_RATES,CFBD/team roster,,1.579608732534102,week1-v1.0,2026-08-30T16:15:00+00:00,0.0,0.0,0.0,0.0,0.0,0.0,0.0,0.0,0.9427748853626747,10.239744145762073,0.10404938867350738,2.5910456319799264,311,651,,true,team_reconciliation_and_current_weekly_role
2026,1,CFP_5590D282,Chance Ables,CFF_ASU,Arizona State,WR,Morgan State,True,2026-09-06T02:00Z,401856774,47.0,52.5,0.0,,MODELLED_ON_TEAM_RATES,CFBD/team roster,,1.544617997357758,week1-v1.0,2026-08-30T16:15:00+00:00,0.0,0.0,0.0,0.0,0.0,0.0,0.0,0.0,0.835048561009368,10.606489814626222,0.11482107595126488,2.5846239981795796,312,652,,false,team_reconciliation_and_current_weekly_role
2026,1,CFP_455CD37D,Kenyon Alston,CFF_ILL,Illinois,WR,UAB,True,2026-09-04T01:00Z,401858424,42.0,55.5,0.0,,MODELLED_ON_TEAM_RATES,CFBD/team roster,,1.5172627360891688,week1-v1.0,2026-08-30T16:15:00+00:00,0.0,0.0,0.0,0.0,0.0,0.0,0.0,0.0,0.8296355803716782,10.86116631388344,0.11056862860740313,2.579163983404441,313,653,,false,team_reconciliation_and_current_weekly_role
2026,1,CFP_795AAA58,Gabriel Wilson,CFF_ISU,Iowa State,RB,Southeast Missouri State,True,2026-09-05T17:00Z,401856779,41.5,53.5,0.0,,MEDIUM,CFBD/team roster,,1.7138229416113038,week1-v1.0,2026-08-30T16:15:00+00:00,0.0,0.0,0.0,0.0,0.0,1.1996586332312609,6.413286948392129,0.07884412089546111,0.505713095410084,6.130500327295655,0.055832506340051186,2.568151586391936,198,654,,false,team_reconciliation_and_current_weekly_role
2026,1,CFP_22FF67B1,Harry Hassmann,CFF_ASU,Arizona State,WR,Morgan State,True,2026-09-06T02:00Z,401856774,47.0,52.5,0.0,,MODELLED_ON_TEAM_RATES,CFBD/team roster,,1.5335093547943892,week1-v1.0,2026-08-30T16:15:00+00:00,0.0,0.0,0.0,0.0,0.0,0.0,0.0,0.0,0.8290430269529367,10.530209657069959,0.11399530136255369,2.566035800835255,314,655,,false,team_reconciliation_and_current_weekly_role
2026,1,CFP_2D700E74,Jace Brown,CFF_UCLA,UCLA,WR,California,False,2026-09-06T02:30Z,401858210,27.5,53.5,0.0,,MODELLED_ON_TEAM_RATES,CFBD/team roster,,1.4617856063537182,week1-v1.0,2026-08-30T16:15:00+00:00,0.0,0.0,0.0,0.0,0.0,0.0,0.0,0.0,1.0652827887746514,9.807208776506226,0.08552798351604267,2.55917156752153,315,656,,false,team_reconciliation_and_current_weekly_role
2026,1,CFP_4F44A373,Iverson Hooks,CFF_ORE,Oregon,WR,Boise State,True,2026-09-05T19:30Z,401858433,38.0,51.5,0.0,,MODELLED_ON_TEAM_RATES,CFBD/team roster,,1.4589201051118987,week1-v1.0,2026-08-30T16:15:00+00:00,0.0,0.0,0.0,0.0,0.0,0.04399233192795808,0.24772743609287487,0.002423198713791473,0.8452096937358771,10.690011721845405,0.1004127814291269,2.555999490387215,316,657,,true,team_reconciliation_and_current_weekly_role
2026,1,CFP_474EDA18,Adonis Moise,CFF_KSU,Kansas State,WR,Nicholls,True,2026-09-05T23:00Z,401856771,48.0,55.5,0.0,,MODELLED_ON_TEAM_RATES,CFBD/team roster,,1.7554765641590298,week1-v1.0,2026-08-30T16:15:00+00:00,0.0,0.0,0.0,0.0,0.0,0.19458382341303157,1.2998033743599204,0.011702674419024417,0.7460409060995336,9.527114842433136,0.10933012392823592,2.554929517862401,317,658,,false,team_reconciliation_and_current_weekly_role
2026,1,CFP_7151FB14,Jojo Johnson,CFF_PUR,Purdue,WR,Indiana State,True,2026-09-04T23:00Z,401858435,46.0,56.5,0.0,,MODELLED_ON_TEAM_RATES,CFBD/team roster,,1.313545254485568,week1-v1.0,2026-08-30T16:15:00+00:00,0.0,0.0,0.0,0.0,0.0,0.0,0.0,0.0,0.8784767367363318,10.559880594925092,0.10309833170016136,2.553054786429809,318,659,,false,team_reconciliation_and_current_weekly_role
2026,1,CFP_0DC092ED,Sedrick Irvin,CFF_STAN,Stanford,RB,Miami,True,2026-09-05T01:00Z,401858206,11.5,47.5,0.0,,MEDIUM,CFBD/team roster,,3.4034631349874314,week1-v1.0,2026-08-30T16:15:00+00:00,0.0,0.0,0.0,0.0,0.0,3.6411808344296,12.881421009096439,0.1042036471180098,0.3277751691881274,2.4798652275237942,0.01059515855241249,2.552696626872685,199,660,,true,team_reconciliation_and_current_weekly_role
2026,1,CFP_277EA24C,Bryson Jones,CFF_TTU,Texas Tech,WR,Abilene Christian,True,2026-09-05T23:00Z,401856770,51.0,59.5,0.0,,MODELLED_ON_TEAM_RATES,CFBD/team roster,,1.661458390857666,week1-v1.0,2026-08-30T16:15:00+00:00,0.0,0.0,0.0,0.0,0.0,0.0,0.0,0.0,0.8157189650075787,10.435383885369358,0.1154112669790098,2.5517249554185732,319,661,,false,team_reconciliation_and_current_weekly_role
2026,1,CFP_50606542,Jayzon Thompson,CFF_CIN,Cincinnati,RB,Boston College,True,2026-09-05T19:30Z,401856777,29.5,51.5,0.0,,MEDIUM,CFBD/team roster,,1.6797315176081125,week1-v1.0,2026-08-30T16:15:00+00:00,0.0,0.0,0.0,0.0,0.0,0.6822503184174483,4.1993266110281136,0.03624073084421221,0.6680535131934624,8.168537735070467,0.07154214324463566,2.551537192336408,200,662,,false,team_reconciliation_and_current_weekly_role
2026,1,CFP_FD66D957,Jerome Myles,CFF_TAMU,Texas A&M,WR,Missouri State,True,2026-09-05T23:00Z,401856668,47.5,53.5,0.0,,MODELLED_ON_TEAM_RATES,CFBD/team roster,,1.5479418502052764,week1-v1.0,2026-08-30T16:15:00+00:00,0.0,0.0,0.0,0.0,0.0,0.0,0.0,0.0,0.7699305061943887,10.817080473053478,0.1165623161763913,2.5510124505580842,320,663,,false,team_reconciliation_and_current_weekly_role
2026,1,CFP_127EAD50,Hayden Hansen,CFF_OU,Oklahoma,TE,UTEP,True,2026-09-05T00:00Z,401856664,46.0,50.5,0.0,,MODELLED_ON_TEAM_RATES,CFBD/team roster,,1.5560667167815747,week1-v1.0,2026-08-30T16:15:00+00:00,0.0,0.0,0.0,0.0,0.0,0.0,0.0,0.0,0.8697490043213066,10.48862627265996,0.10517367551291788,2.54965368466481,57,664,,true,team_reconciliation_and_current_weekly_role
2026,1,CFP_42358FE9,Cortez Mills Jr.,CFF_NEB,Nebraska,WR,Ohio,True,2026-09-05T16:00Z,401858430,35.5,47.5,0.0,,MODELLED_ON_TEAM_RATES,CFBD/team roster,,1.8229610032862673,week1-v1.0,2026-08-30T16:15:00+00:00,0.0,0.0,0.0,0.0,0.0,0.0,0.0,0.0,0.8599220412527016,10.315723898696149,0.10901449514388872,2.5455814019856486,321,665,,true,team_reconciliation_and_current_weekly_role
2026,1,CFP_7495BB85,Courtney Crutchfield,CFF_ARK,Arkansas,WR,North Alabama,True,2026-09-05T20:15Z,401856635,52.0,63.5,0.0,,MODELLED_ON_TEAM_RATES,CFBD/team roster,,1.3878949015580924,week1-v1.0,2026-08-30T16:15:00+00:00,0.0,0.0,0.0,0.0,0.0,0.0,0.0,0.0,0.8186058950169149,11.138712246069176,0.10171369153936098,2.5427592688599985,322,666,,false,team_reconciliation_and_current_weekly_role
2026,1,CFP_CB7B8D26,Nik McMillan,CFF_KU,Kansas,WR,Long Island University,True,2026-09-05T00:00Z,401856769,46.0,53.5,0.0,,MODELLED_ON_TEAM_RATES,CFBD/team roster,,1.3717873333901485,week1-v1.0,2026-08-30T16:15:00+00:00,0.0,0.0,0.0,0.0,0.0,0.0,0.0,0.0,0.844490047945778,10.026882990304886,0.1151346470857976,2.537986229491052,323,667,,false,team_reconciliation_and_current_weekly_role
2026,1,CFP_AFF5B701,Victor Santino,CFF_CAL,California,RB,UCLA,True,2026-09-06T02:30Z,401858210,26.0,53.5,0.0,,MEDIUM,CFBD/team roster,,2.1375221045013024,week1-v1.0,2026-08-30T16:15:00+00:00,0.0,0.0,0.0,0.0,0.0,1.0774667667071298,4.562864749599714,0.05480073465612215,0.6826043982384775,7.770767217123417,0.04865969102854587,2.5367301490187986,201,668,,false,team_reconciliation_and_current_weekly_role
2026,1,CFP_E0A46E87,Wilhelm Daal II,CFF_DUKE,Duke,RB,Tulane,True,2026-09-05T19:30Z,401858209,30.0,50.5,0.0,,MEDIUM,CFBD/team roster,,2.1529381005189454,week1-v1.0,2026-08-30T16:15:00+00:00,0.0,0.0,0.0,0.0,0.0,2.4644332057807565,10.859775548168408,0.12309664234353278,0.2454065371545215,3.055165938014501,0.025664181426634416,2.5294656283938157,202,669,,false,team_reconciliation_and_current_weekly_role
2026,1,CFP_83276C65,Cole Boscia,CFF_CAL,California,WR,UCLA,True,2026-09-06T02:30Z,401858210,26.0,53.5,0.0,,MODELLED_ON_TEAM_RATES,CFBD/team roster,,1.5699204876014299,week1-v1.0,2026-08-30T16:15:00+00:00,0.0,0.0,0.0,0.0,0.0,0.0,0.0,0.0,0.9832394359225433,11.193195934522086,0.0700905638500701,2.5231024124751724,324,670,,false,team_reconciliation_and_current_weekly_role
2026,1,CFP_4E7A931E,Tyren Hornes,CFF_UCF,UCF,WR,Bethune-Cookman,True,2026-09-03T23:00Z,401856767,50.5,58.5,0.0,,MODELLED_ON_TEAM_RATES,CFBD/team roster,,1.593882552447395,week1-v1.0,2026-08-30T16:15:00+00:00,0.0,0.0,0.0,0.0,0.0,0.0,0.0,0.0,0.8109366389967197,10.695905268044635,0.1059267820367824,2.5160878580218777,325,671,,false,team_reconciliation_and_current_weekly_role
2026,1,CFP_F3566ACF,Jovesa Damuni,CFF_BYU,BYU,RB,Utah Tech,True,2026-09-06T00:00Z,401856775,52.5,54.5,0.0,,MEDIUM,CFBD/team roster,,1.7763738159323237,week1-v1.0,2026-08-30T16:15:00+00:00,0.0,0.0,0.0,0.0,0.0,1.0073461195281215,5.988482668890559,0.06316188979025657,0.5003685053911783,6.657554216319072,0.060057028298725355,2.504285702446033,203,672,,false,team_reconciliation_and_current_weekly_role
2026,1,CFP_E99E0A32,Davon Grant,CFF_ILL,Illinois,WR,UAB,True,2026-09-04T01:00Z,401858424,42.0,55.5,0.0,,MODELLED_ON_TEAM_RATES,CFBD/team roster,,1.4696343757645651,week1-v1.0,2026-08-30T16:15:00+00:00,0.0,0.0,0.0,0.0,0.0,0.0,0.0,0.0,0.8035925085818152,10.520223687113038,0.10709777128081735,2.4982015049780233,326,673,,false,team_reconciliation_and_current_weekly_role
2026,1,CFP_D3677476,Imari Jehiel,CFF_TTU,Texas Tech,WR,Abilene Christian,True,2026-09-05T23:00Z,401856770,51.0,59.5,0.0,,MODELLED_ON_TEAM_RATES,CFBD/team roster,,1.6239500055124296,week1-v1.0,2026-08-30T16:15:00+00:00,0.0,0.0,0.0,0.0,0.0,0.0,0.0,0.0,0.7973036369793354,10.199799050894,0.11280579079083035,2.4941182868137175,327,674,,false,team_reconciliation_and_current_weekly_role
2026,1,CFP_99E96CE6,Prince Jean,CFF_UK,Kentucky,WR,Youngstown State,True,2026-09-05T17:00Z,401856659,43.0,62.5,0.0,,MODELLED_ON_TEAM_RATES,CFBD/team roster,,1.326776294840862,week1-v1.0,2026-08-30T16:15:00+00:00,0.0,0.0,0.0,0.0,0.0,0.0,0.0,0.0,0.8251735908188619,10.488918450126535,0.10232652103480798,2.4880245620403634,328,675,,false,team_reconciliation_and_current_weekly_role
2026,1,CFP_9F4BCF70,Jalen Hale,CFF_SMU,SMU,WR,Florida State,False,2026-09-07T23:30Z,401858212,28.25,53.5,0.0,,MODELLED_ON_TEAM_RATES,CFBD/team roster,,1.5659305582812293,week1-v1.0,2026-08-30T16:15:00+00:00,0.0,0.0,0.0,0.0,0.0,0.0,0.0,0.0,0.9766102127958278,10.90848369855736,0.06775944605946718,2.474015259008367,329,676,,false,team_reconciliation_and_current_weekly_role
2026,1,CFP_66F8A490,Kenny Johnson,CFF_TTU,Texas Tech,WR,Abilene Christian,True,2026-09-05T23:00Z,401856770,51.0,59.5,0.0,,MODELLED_ON_TEAM_RATES,CFBD/team roster,,1.615974910103854,week1-v1.0,2026-08-30T16:15:00+00:00,0.0,0.0,0.0,0.0,0.0,0.07620141501144125,0.455656076860992,0.00477507526411813,0.7659175126877206,9.798280550396868,0.10836515311358538,2.4701525456797278,330,677,,false,team_reconciliation_and_current_weekly_role
2026,1,CFP_B0EBEC9A,Mason Williams,CFF_OSU,Ohio State,TE,Ball State,True,2026-09-05T16:30Z,401858432,53.5,56.5,0.0,,MODELLED_ON_TEAM_RATES,CFBD/team roster,,1.5057292720349043,week1-v1.0,2026-08-30T16:15:00+00:00,0.0,0.0,0.0,0.0,0.0,0.0,0.0,0.0,0.898680611592076,9.760823791906413,0.0991829223504592,2.4698605248854726,58,678,,true,team_reconciliation_and_current_weekly_role
2026,1,CFP_73C273B3,Hogan Hansen,CFF_MICH,Michigan,TE,Western Michigan,True,2026-09-05T23:30Z,401858428,38.0,48.5,0.0,,MODELLED_ON_TEAM_RATES,CFBD/team roster,,1.5351372308610625,week1-v1.0,2026-08-30T16:15:00+00:00,0.0,0.0,0.0,0.0,0.0,0.0,0.0,0.0,0.9916235993684197,9.549860858130288,0.08680970697745138,2.467467927046157,59,679,,false,team_reconciliation_and_current_weekly_role
2026,1,CFP_1719A403,Salahadin Allah,CFF_ISU,Iowa State,RB,Southeast Missouri State,True,2026-09-05T17:00Z,401856779,41.5,53.5,0.0,,MEDIUM,CFBD/team roster,,1.722800099269435,week1-v1.0,2026-08-30T16:15:00+00:00,0.0,0.0,0.0,0.0,0.0,1.6809600105044498,8.863538750220044,0.10464523931642278,0.32898628959335313,3.9881319553181944,0.036321244725956804,2.4599522644014544,204,680,,false,team_reconciliation_and_current_weekly_role
2026,1,CFP_315D1D7B,Jerquaden Guilford,CFF_OSU,Ohio State,WR,Ball State,True,2026-09-05T16:30Z,401858432,53.5,56.5,0.0,,MODELLED_ON_TEAM_RATES,CFBD/team roster,,1.4972473115032103,week1-v1.0,2026-08-30T16:15:00+00:00,0.0,0.0,0.0,0.0,0.0,0.0,0.0,0.0,0.893618231774075,9.705839855751751,0.09862421259537968,2.4559474929215286,331,681,,false,team_reconciliation_and_current_weekly_role
2026,1,CFP_EFD4DA20,Aidan Mizell,CFF_UCLA,UCLA,WR,California,False,2026-09-06T02:30Z,401858210,27.5,53.5,0.0,,MODELLED_ON_TEAM_RATES,CFBD/team roster,,1.4025366863909676,week1-v1.0,2026-08-30T16:15:00+00:00,0.0,0.0,0.0,0.0,0.0,0.0,0.0,0.0,1.0221048737538267,9.40970415932326,0.08206137348247028,2.4554435305809745,332,682,,false,team_reconciliation_and_current_weekly_role
2026,1,CFP_65951A9F,DaSaahn Brame,CFF_TENN,Tennessee,TE,Furman,True,2026-09-05T19:30Z,401856666,56.5,66.5,0.0,,MODELLED_ON_TEAM_RATES,CFBD/team roster,,1.5620974271170844,week1-v1.0,2026-08-30T16:15:00+00:00,0.0,0.0,0.0,0.0,0.0,0.0,0.0,0.0,0.7978443301845636,10.423608758062148,0.10211364052094682,2.452887049116459,60,683,,false,team_reconciliation_and_current_weekly_role
2026,1,CFP_83120B38,Ryan Manning,CFF_MD,Maryland,WR,Hampton,True,2026-09-06T00:00Z,401858427,51.0,56.5,0.0,,MODELLED_ON_TEAM_RATES,CFBD/team roster,,1.4655497009908738,week1-v1.0,2026-08-30T16:15:00+00:00,0.0,0.0,0.0,0.0,0.0,0.0,0.0,0.0,0.8478611979913108,10.037201170395416,0.09907195979548952,2.4460130738037895,333,684,,false,team_reconciliation_and_current_weekly_role
2026,1,CFP_46CA25BE,Tony Livingston,CFF_BAY,Baylor,TE,Auburn,False,2026-09-05T19:30Z,401856636,25.75,58.5,0.0,,MODELLED_ON_TEAM_RATES,CFBD/team roster,,1.575205856841723,week1-v1.0,2026-08-30T16:15:00+00:00,0.0,0.0,0.0,0.0,0.0,0.0,0.0,0.0,0.8301714760512098,10.299791185647738,0.09703310070033407,2.442349198817988,61,685,,true,team_reconciliation_and_current_weekly_role
2026,1,CFP_EE1D4778,Sione Moa,CFF_BYU,BYU,RB,Utah Tech,True,2026-09-06T00:00Z,401856775,52.5,54.5,0.0,,MEDIUM,CFBD/team roster,,1.7277642178566734,week1-v1.0,2026-08-30T16:15:00+00:00,0.0,0.0,0.0,0.0,0.0,0.9566164588324605,5.645067092195536,0.06015059957756565,0.4964018241479865,6.604776323324469,0.059580925016629004,2.439775313265155,205,686,,false,team_reconciliation_and_current_weekly_role
2026,1,CFP_2645ED65,Travis Terrell Jr.,CFF_PUR,Purdue,RB,Indiana State,True,2026-09-04T23:00Z,401858435,46.0,56.5,0.0,,MEDIUM,CFBD/team roster,,1.731904100578953,week1-v1.0,2026-08-30T16:15:00+00:00,0.0,0.0,0.0,0.0,0.0,1.6872079052436408,9.000013510950247,0.08080361922836596,0.36167071853337396,4.347525031319634,0.04244579981038369,2.4359210869928596,206,687,,false,team_reconciliation_and_current_weekly_role
2026,1,CFP_DB39CDF5,Donte Lee Jr.,CFF_TTU,Texas Tech,WR,Abilene Christian,True,2026-09-05T23:00Z,401856770,51.0,59.5,0.0,,MODELLED_ON_TEAM_RATES,CFBD/team roster,,1.5854631405494926,week1-v1.0,2026-08-30T16:15:00+00:00,0.0,0.0,0.0,0.0,0.0,0.0,0.0,0.0,0.7784079090894859,9.958068525084503,0.11013234565861144,2.435008835549605,334,688,,false,team_reconciliation_and_current_weekly_role
2026,1,CFP_747C155D,Semaj Morgan,CFF_UCLA,UCLA,WR,California,False,2026-09-06T02:30Z,401858210,27.5,53.5,0.0,,MODELLED_ON_TEAM_RATES,CFBD/team roster,,1.4182518676042726,week1-v1.0,2026-08-30T16:15:00+00:00,0.0,0.0,0.0,0.0,0.0,0.128626967520051,0.6534691621727206,0.005757762294650594,0.9683458095974643,8.914787343463042,0.07774523846043353,2.4261894646915456,335,689,,true,team_reconciliation_and_current_weekly_role
2026,1,CFP_E6C1793D,Jaziun Patterson,CFF_MSU,Michigan State,RB,Toledo,True,2026-09-05T00:00Z,401858429,29.75,49.5,0.0,,MEDIUM,CFBD/team roster,,1.93686608652419,week1-v1.0,2026-08-30T16:15:00+00:00,0.0,0.0,0.0,0.0,0.0,2.039087498525741,9.796304046967222,0.08545733245965158,0.32646282707653673,3.9790494351638195,0.03478141675843817,2.425430670598179,207,690,,false,team_reconciliation_and_current_weekly_role
2026,1,CFP_5B0C5282,Denairius Gray,CFF_UK,Kentucky,WR,Youngstown State,True,2026-09-05T17:00Z,401856659,43.0,62.5,0.0,,MODELLED_ON_TEAM_RATES,CFBD/team roster,,1.2930360946087711,week1-v1.0,2026-08-30T16:15:00+00:00,0.0,0.0,0.0,0.0,0.0,0.0,0.0,0.0,0.8041892528496634,10.222183047857541,0.09972433608306239,2.424753574133792,336,691,,false,team_reconciliation_and_current_weekly_role
2026,1,CFP_0FE2238E,Isaiah Mizell,CFF_ARIZ,Arizona,WR,Northern Arizona,True,2026-09-06T01:30Z,401856773,44.0,56.5,0.0,,MODELLED_ON_TEAM_RATES,CFBD/team roster,,1.4769514850896028,week1-v1.0,2026-08-30T16:15:00+00:00,0.0,0.0,0.0,0.0,0.0,0.0,0.0,0.0,0.7810182669752467,9.819630701571601,0.10970006463160994,2.421181724922066,337,692,,false,team_reconciliation_and_current_weekly_role
2026,1,CFP_7FFBB696,Radarious Jackson,CFF_TENN,Tennessee,WR,Furman,True,2026-09-05T19:30Z,401856666,56.5,66.5,0.0,,MODELLED_ON_TEAM_RATES,CFBD/team roster,,1.541535950892893,week1-v1.0,2026-08-30T16:15:00+00:00,0.0,0.0,0.0,0.0,0.0,0.0,0.0,0.0,0.7873425158028756,10.286405546579548,0.10076954561669234,2.4206003441609845,338,693,,false,team_reconciliation_and_current_weekly_role
2026,1,CFP_3872E990,Kaydon Finley,CFF_ND,Notre Dame,WR,Wisconsin,True,2026-09-06T23:30Z,401858438,34.0,47.5,0.0,,MODELLED_ON_TEAM_RATES,CFBD/team roster,,1.4556355773960867,week1-v1.0,2026-08-30T16:15:00+00:00,0.0,0.0,0.0,0.0,0.0,0.0,0.0,0.0,0.8223363545922919,9.69424732533492,0.10416232440585955,2.4167350335609417,339,694,,false,team_reconciliation_and_current_weekly_role
2026,1,CFP_C1A2F8DA,Carsyn Baker,CFF_TAMU,Texas A&M,RB,Missouri State,True,2026-09-05T23:00Z,401856668,47.5,53.5,0.0,,MEDIUM,CFBD/team roster,,1.842504014124417,week1-v1.0,2026-08-30T16:15:00+00:00,0.0,0.0,0.0,0.0,0.0,2.0154202157650345,11.436852649201475,0.12175656746661837,0.16273478943343295,2.2863301283744955,0.02463695596710014,2.413414207793341,208,695,,false,team_reconciliation_and_current_weekly_role
2026,1,CFP_A25900C1,Fisher Ingersoll,CFF_BYU,BYU,WR,Utah Tech,True,2026-09-06T00:00Z,401856775,52.5,54.5,0.0,,MODELLED_ON_TEAM_RATES,CFBD/team roster,,1.3138661544944392,week1-v1.0,2026-08-30T16:15:00+00:00,0.0,0.0,0.0,0.0,0.0,0.0,0.0,0.0,0.7882367179986546,10.487727802266209,0.09460858221268499,2.4046609915013852,340,696,,false,team_reconciliation_and_current_weekly_role
2026,1,CFP_8E4CF0F1,Cam Wallace,CFF_PSU,Penn State,RB,Marshall,True,2026-09-05T19:30Z,401858434,39.5,54.5,0.0,,MEDIUM,CFBD/team roster,,1.740313061124055,week1-v1.0,2026-08-30T16:15:00+00:00,0.0,0.0,0.0,0.0,0.0,1.354452060625066,7.885610031643642,0.08775937274071,0.34944613777111583,4.531456688247637,0.04688418046580185,2.399014128999315,209,697,,false,team_reconciliation_and_current_weekly_role
2026,1,CFP_563CFF9D,Micah Mays Jr.,CFF_FLA,Florida,WR,Florida Atlantic,True,2026-09-05T23:45Z,401856637,43.5,59.5,0.0,,MODELLED_ON_TEAM_RATES,CFBD/team roster,,1.7046473213579791,week1-v1.0,2026-08-30T16:15:00+00:00,0.0,0.0,0.0,0.0,0.0,0.0,0.0,0.0,0.7942034058091407,9.953860490920329,0.10082978712718477,2.3945681776642824,341,698,,false,team_reconciliation_and_current_weekly_role
2026,1,CFP_F1A569D5,Jer'Michael Carter,CFF_OU,Oklahoma,WR,UTEP,True,2026-09-05T00:00Z,401856664,46.0,50.5,0.0,,MODELLED_ON_TEAM_RATES,CFBD/team roster,,1.4602514468182577,week1-v1.0,2026-08-30T16:15:00+00:00,0.0,0.0,0.0,0.0,0.0,0.0,0.0,0.0,0.8161939512180985,9.842785996647994,0.0986975752251697,2.392658002233916,342,699,,false,team_reconciliation_and_current_weekly_role
2026,1,CFP_E47B7AAC,TK Keys,CFF_TENN,Tennessee,WR,Furman,True,2026-09-05T19:30Z,401856666,56.5,66.5,0.0,,MODELLED_ON_TEAM_RATES,CFBD/team roster,,1.5211059563629874,week1-v1.0,2026-08-30T16:15:00+00:00,0.0,0.0,0.0,0.0,0.0,0.0,0.0,0.0,0.7769078559548859,10.150079689938131,0.0994340456145434,2.3885200986359596,343,700,,false,team_reconciliation_and_current_weekly_role
2026,1,CFP_9C21A760,Alex Ward,CFF_COLO,Colorado,WR,Georgia Tech,False,2026-09-04T00:00Z,401856776,22.0,50.5,0.0,,MODELLED_ON_TEAM_RATES,CFBD/team roster,,2.135141399291898,week1-v1.0,2026-08-30T16:15:00+00:00,0.0,0.0,0.0,0.0,0.0,0.0,0.0,0.0,1.1249730376364997,7.2536061939095235,0.08796778644138865,2.378140375675784,344,701,,false,team_reconciliation_and_current_weekly_role
2026,1,CFP_D1E4B501,Brandon Kinsey,CFF_PUR,Purdue,WR,Indiana State,True,2026-09-04T23:00Z,401858435,46.0,56.5,0.0,,MODELLED_ON_TEAM_RATES,CFBD/team roster,,1.2229559265900114,week1-v1.0,2026-08-30T16:15:00+00:00,0.0,0.0,0.0,0.0,0.0,0.0,0.0,0.0,0.8178921342027916,9.831612967688878,0.09598810192773642,2.376982042538098,345,702,,false,team_reconciliation_and_current_weekly_role
2026,1,CFP_76A955D5,Carter Vargas,CFF_CAL,California,RB,UCLA,True,2026-09-06T02:30Z,401858210,26.0,53.5,0.0,,MEDIUM,CFBD/team roster,,2.079149068186408,week1-v1.0,2026-08-30T16:15:00+00:00,0.0,0.0,0.0,0.0,0.0,1.488718049965926,6.3044349228905086,0.07571727068973966,0.5031837897993344,5.728243339848117,0.03586963079258433,2.375973024967141,210,703,,true,team_reconciliation_and_current_weekly_role
2026,1,CFP_B2EDCECD,Jack Elliott,CFF_VAN,Vanderbilt,QB,Austin Peay,True,2026-09-05T23:00Z,401856669,46.0,61.5,0.07673343137691611,LOW,HIGH,CFBD/team roster,,1.9245721755146625,week1-v1.0,2026-08-30T16:15:00+00:00,2.232252976848707,1.4350850422637702,18.943440866401364,0.2082237335711899,0.047687597298038044,1.0587149620842753,3.8903350902997875,0.07310052573547451,0.0,0.0,0.0,2.3705816350856024,88,704,,false,team_reconciliation_and_current_weekly_role
2026,1,CFP_F693C81A,Grant Washington,CFF_MINN,Minnesota,RB,Eastern Illinois,True,2026-09-04T00:00Z,401858422,47.5,51.5,0.0,,MEDIUM,CFBD/team roster,,1.830922138689348,week1-v1.0,2026-08-30T16:15:00+00:00,0.0,0.0,0.0,0.0,0.0,2.999011803338737,13.616881352314198,0.1669340301869048,0.0,0.0,0.0,2.3632923163528488,211,705,,false,team_reconciliation_and_current_weekly_role
2026,1,CFP_C3FD74C2,Anthony League,CFF_CAL,California,RB,UCLA,True,2026-09-06T02:30Z,401858210,26.0,53.5,0.0,,MEDIUM,CFBD/team roster,,2.084841892239355,week1-v1.0,2026-08-30T16:15:00+00:00,0.0,0.0,0.0,0.0,0.0,1.5839275178591992,6.645851999779792,0.08304759135135162,0.46717565485462376,5.318326797704245,0.033302778417408634,2.361695753215589,212,706,,false,team_reconciliation_and_current_weekly_role
2026,1,CFP_A90C3064,Ny Carr,CFF_WAKE,Wake Forest,WR,Akron,True,2026-09-03T23:00Z,401858204,36.5,48.5,0.0,,MODELLED_ON_TEAM_RATES,CFBD/team roster,,1.2216106937424722,week1-v1.0,2026-08-30T16:15:00+00:00,0.0,0.0,0.0,0.0,0.0,0.0,0.0,0.0,0.8242185188793278,11.17261713801208,0.06601477806402639,2.3375689010646945,346,707,,false,team_reconciliation_and_current_weekly_role
2026,1,CFP_64F64059,Aljour Miles II,CFF_SMU,SMU,WR,Florida State,False,2026-09-07T23:30Z,401858212,28.25,53.5,0.0,,MODELLED_ON_TEAM_RATES,CFBD/team roster,,1.4792732000652158,week1-v1.0,2026-08-30T16:15:00+00:00,0.0,0.0,0.0,0.0,0.0,0.0,0.0,0.0,0.9225653762607032,10.304816840879456,0.06400969192213246,2.3371052118814437,347,708,,false,team_reconciliation_and_current_weekly_role
2026,1,CFP_97527F2B,Jayden Petit,CFF_OU,Oklahoma,WR,UTEP,True,2026-09-05T00:00Z,401856664,46.0,50.5,0.0,,MODELLED_ON_TEAM_RATES,CFBD/team roster,,1.4262317172196106,week1-v1.0,2026-08-30T16:15:00+00:00,0.0,0.0,0.0,0.0,0.0,0.0,0.0,0.0,0.7971789400835491,9.61347691509706,0.0963982008067992,2.3369158364340503,348,709,,false,team_reconciliation_and_current_weekly_role
2026,1,CFP_711562E6,Ryelan Morris,CFF_BAY,Baylor,RB,Auburn,False,2026-09-05T19:30Z,401856636,25.75,58.5,0.0,,MEDIUM,CFBD/team roster,,2.4639238096626213,week1-v1.0,2026-08-30T16:15:00+00:00,0.0,0.0,0.0,0.0,0.0,2.8762845215555077,13.235888730127193,0.1196159629142789,0.09748365914206826,1.2094625774810734,0.011394202266696353,2.328079780988747,213,710,,false,team_reconciliation_and_current_weekly_role
2026,1,CFP_7F39D9B2,Aiden Flora,CFF_ISU,Iowa State,RB,Southeast Missouri State,True,2026-09-05T17:00Z,401856779,41.5,53.5,0.0,,MEDIUM,CFBD/team roster,,1.554838496904041,week1-v1.0,2026-08-30T16:15:00+00:00,0.0,0.0,0.0,0.0,0.0,1.0800438224568631,5.799994432682535,0.0748346736398518,0.4513228997938966,5.471155898501845,0.04982763723711662,2.3264117981741452,214,711,,false,team_reconciliation_and_current_weekly_role
2026,1,CFP_360061D2,Brody Foley,CFF_LOU,Louisville,TE,Ole Miss,False,2026-09-06T23:30Z,401856661,24.5,55.5,0.0,,MODELLED_ON_TEAM_RATES,CFBD/team roster,,1.7789721474581446,week1-v1.0,2026-08-30T16:15:00+00:00,0.0,0.0,0.0,0.0,0.0,0.840408630219741,4.473380811110843,0.041010974020773035,0.6173844724757486,7.137083671629339,0.050143444999737746,2.3253574348728314,62,712,,false,team_reconciliation_and_current_weekly_role
2026,1,CFP_150636DD,Kaj Baker,CFF_UCF,UCF,RB,Bethune-Cookman,True,2026-09-03T23:00Z,401856767,50.5,58.5,0.0,,MEDIUM,CFBD/team roster,,1.7774545215005706,week1-v1.0,2026-08-30T16:15:00+00:00,0.0,0.0,0.0,0.0,0.0,1.2906132087909439,7.780032185342977,0.07722402333491812,0.34778833429223704,4.587178452712448,0.04542907214932044,2.320427971003211,215,713,,false,team_reconciliation_and_current_weekly_role
2026,1,CFP_25B71624,Andrew Olesh,CFF_ORE,Oregon,TE,Boise State,True,2026-09-05T19:30Z,401858433,38.0,51.5,0.0,,MODELLED_ON_TEAM_RATES,CFBD/team roster,,1.3099682995230735,week1-v1.0,2026-08-30T16:15:00+00:00,0.0,0.0,0.0,0.0,0.0,0.0,0.0,0.0,0.7760105522486663,9.81479739441593,0.0921917703347962,2.3106409136990367,63,714,,false,team_reconciliation_and_current_weekly_role
2026,1,CFP_42BEE6CF,Cam Settles,CFF_ARK,Arkansas,RB,North Alabama,True,2026-09-05T20:15Z,401856635,52.0,63.5,0.0,,MEDIUM,CFBD/team roster,,1.5958500591279172,week1-v1.0,2026-08-30T16:15:00+00:00,0.0,0.0,0.0,0.0,0.0,0.9041153577956221,5.711087290569519,0.05201471843361372,0.45296463213588967,6.163457563305234,0.05628191190873114,2.290198899577434,216,715,,false,team_reconciliation_and_current_weekly_role
2026,1,CFP_600E4864,Cooper Crosby,CFF_MSST,Mississippi State,RB,UL Monroe,True,2026-09-05T23:30Z,401856662,42.5,56.5,0.0,,MEDIUM,CFBD/team roster,,1.6878003487837916,week1-v1.0,2026-08-30T16:15:00+00:00,0.0,0.0,0.0,0.0,0.0,1.8438081214025752,8.764979464212304,0.10615880295448607,0.24640520128038773,3.214223416791193,0.032460305319230436,2.2760401390230363,217,716,,false,team_reconciliation_and_current_weekly_role
2026,1,CFP_E691654D,VJ Wilkins,CFF_BC,Boston College,WR,Cincinnati,False,2026-09-05T19:30Z,401856777,22.0,51.5,0.0,,MODELLED_ON_TEAM_RATES,CFBD/team roster,,1.279222518181107,week1-v1.0,2026-08-30T16:15:00+00:00,0.0,0.0,0.0,0.0,0.0,0.0,0.0,0.0,0.890363003242748,10.157760599700111,0.06148916878041628,2.275074075895257,349,717,,false,team_reconciliation_and_current_weekly_role
2026,1,CFP_AEDDB65B,Jordan Ross,CFF_ARIZ,Arizona,WR,Northern Arizona,True,2026-09-06T01:30Z,401856773,44.0,56.5,0.0,,MODELLED_ON_TEAM_RATES,CFBD/team roster,,1.3876079002560082,week1-v1.0,2026-08-30T16:15:00+00:00,0.0,0.0,0.0,0.0,0.0,0.03250740088498793,0.17120481727738904,0.0016387610544313657,0.7228792260212265,9.08865687464302,0.10153398603913832,2.267901877774685,350,718,,false,team_reconciliation_and_current_weekly_role
2026,1,CFP_6CD8803D,David Clement,CFF_SYR,Syracuse,TE,New Hampshire,True,2026-09-05T16:00Z,401858208,44.5,55.5,0.0,,MODELLED_ON_TEAM_RATES,CFBD/team roster,,1.0755485387983568,week1-v1.0,2026-08-30T16:15:00+00:00,0.0,0.0,0.0,0.0,0.0,0.0,0.0,0.0,0.7389151319143115,9.44399806875437,0.09715983478238374,2.2662739474840508,64,719,,false,team_reconciliation_and_current_weekly_role
2026,1,CFP_F066D984,Bryson Washington,CFF_AUB,Auburn,RB,Baylor,True,2026-09-05T19:30Z,401856636,32.75,58.5,0.0,,MEDIUM,CFBD/team roster,,1.7426077344708153,week1-v1.0,2026-08-30T16:15:00+00:00,0.0,0.0,0.0,0.0,0.0,1.745534396475539,9.955466990666176,0.08352206269554101,0.26572868091981583,2.9192243354527028,0.03463818647367581,2.2621593085470044,218,720,,true,team_reconciliation_and_current_weekly_role
2026,1,CFP_051D851C,Gabe Burkle,CFF_PSU,Penn State,TE,Marshall,True,2026-09-05T19:30Z,401858434,39.5,54.5,0.0,,MODELLED_ON_TEAM_RATES,CFBD/team roster,,1.2932421323932124,week1-v1.0,2026-08-30T16:15:00+00:00,0.0,0.0,0.0,0.0,0.0,0.2354194740017964,1.3787578191394685,0.015546364604732597,0.6542960495804045,8.484610042841926,0.08778501391445204,2.2606211068936517,65,721,,false,team_reconciliation_and_current_weekly_role
2026,1,CFP_381FD5FE,Davis McCray,CFF_UK,Kentucky,WR,Youngstown State,True,2026-09-05T17:00Z,401856659,43.0,62.5,0.0,,MODELLED_ON_TEAM_RATES,CFBD/team roster,,1.2042460939980062,week1-v1.0,2026-08-30T16:15:00+00:00,0.0,0.0,0.0,0.0,0.0,0.0,0.0,0.0,0.7489673108254566,9.520247778728615,0.0928764809468898,2.2582509743796573,351,722,,false,team_reconciliation_and_current_weekly_role
2026,1,CFP_ADDDC292,Luc Weaver,CFF_USC,USC,WR,Fresno State,True,2026-09-05T01:00Z,401858436,37.5,51.5,0.0,,MODELLED_ON_TEAM_RATES,CFBD/team roster,,1.8854577733339912,week1-v1.0,2026-08-30T16:15:00+00:00,0.0,0.0,0.0,0.0,0.0,0.0,0.0,0.0,1.1544661211062746,5.5109153909907285,0.09009716862547312,2.2461406719581865,352,723,,false,team_reconciliation_and_current_weekly_role
2026,1,CFP_3D1C62FA,Shane Rosenthal,CFF_UCLA,UCLA,WR,California,False,2026-09-06T02:30Z,401858210,27.5,53.5,0.0,,MODELLED_ON_TEAM_RATES,CFBD/team roster,,1.2807602501038908,week1-v1.0,2026-08-30T16:15:00+00:00,0.0,0.0,0.0,0.0,0.0,0.0,0.0,0.0,0.933359751971895,8.592698622030207,0.0749363251921239,2.2422475653276592,353,724,,false,team_reconciliation_and_current_weekly_role
2026,1,CFP_6BCA5D1F,Jason Brown Jr.,CFF_ASU,Arizona State,RB,Morgan State,True,2026-09-06T02:00Z,401856774,47.0,52.5,0.0,,MEDIUM,CFBD/team roster,,1.6979085091768953,week1-v1.0,2026-08-30T16:15:00+00:00,0.0,0.0,0.0,0.0,0.0,1.3001597802222928,7.718097136384937,0.07475566308056548,0.32987334674613583,4.18993392210672,0.04535833527484049,2.2413604427277374,219,725,,false,team_reconciliation_and_current_weekly_role
2026,1,CFP_FE3F6B02,Debron Gatling,CFF_GT,Georgia Tech,WR,Colorado,True,2026-09-04T00:00Z,401856776,28.5,50.5,0.0,,MODELLED_ON_TEAM_RATES,CFBD/team roster,,1.2556165612279402,week1-v1.0,2026-08-30T16:15:00+00:00,0.0,0.0,0.0,0.0,0.0,0.0,0.0,0.0,0.9189744749820589,8.394691957292945,0.08028172797324037,2.2401340385507957,354,726,,true,team_reconciliation_and_current_weekly_role
2026,1,CFP_A3607CC2,Ashton Cozart,CFF_UK,Kentucky,WR,Youngstown State,True,2026-09-05T17:00Z,401856659,43.0,62.5,0.0,,MODELLED_ON_TEAM_RATES,CFBD/team roster,,1.192830236776622,week1-v1.0,2026-08-30T16:15:00+00:00,0.0,0.0,0.0,0.0,0.0,0.0,0.0,0.0,0.7418673468509156,9.429998958412037,0.09199604242938186,2.236843497268411,355,727,,false,team_reconciliation_and_current_weekly_role
2026,1,CFP_8841D5D9,Aaron Gregory,CFF_TAMU,Texas A&M,WR,Missouri State,True,2026-09-05T23:00Z,401856668,47.5,53.5,0.0,,MODELLED_ON_TEAM_RATES,CFBD/team roster,,1.3555405970869778,week1-v1.0,2026-08-30T16:15:00+00:00,0.0,0.0,0.0,0.0,0.0,0.0,0.0,0.0,0.6742320830358174,9.472572707583497,0.10207421657773073,2.2339346532605515,356,728,,false,team_reconciliation_and_current_weekly_role
2026,1,CFP_44AD5ECF,X'Zavier Barnett,CFF_SMU,SMU,WR,Florida State,False,2026-09-07T23:30Z,401858212,28.25,53.5,0.0,,MODELLED_ON_TEAM_RATES,CFBD/team roster,,1.412193985742449,week1-v1.0,2026-08-30T16:15:00+00:00,0.0,0.0,0.0,0.0,0.0,0.0,0.0,0.0,0.8807306694612919,9.837533976973226,0.061107104460269644,2.2311266939202326,357,729,,false,team_reconciliation_and_current_weekly_role
2026,1,CFP_115DE8FF,David Eziomume,CFF_CLEM,Clemson,RB,LSU,False,2026-09-05T23:30Z,401856660,20.5,51.5,0.0,,MEDIUM,CFBD/team roster,,2.8290922939150946,week1-v1.0,2026-08-30T16:15:00+00:00,0.0,0.0,0.0,0.0,0.0,2.1362101384983934,9.884015129149642,0.07850836810087194,0.3630622367768178,3.40389933919832,0.009918296878139225,2.222413673485681,220,730,,true,team_reconciliation_and_current_weekly_role
2026,1,CFP_ECAF7E8B,Nate Sims,CFF_KU,Kansas,WR,Long Island University,True,2026-09-05T00:00Z,401856769,46.0,53.5,0.0,,MODELLED_ON_TEAM_RATES,CFBD/team roster,,1.2009955963634382,week1-v1.0,2026-08-30T16:15:00+00:00,0.0,0.0,0.0,0.0,0.0,0.0,0.0,0.0,0.7393484427714664,8.7785052562391,0.10080002983930055,2.2219991474311795,358,731,,false,team_reconciliation_and_current_weekly_role
2026,1,CFP_0405DE43,Cooper Barkate,CFF_MIA,Miami,WR,Stanford,False,2026-09-05T01:00Z,401858206,36.0,47.5,0.0,,MODELLED_ON_TEAM_RATES,CFBD/team roster,,1.4541342619324693,week1-v1.0,2026-08-30T16:15:00+00:00,0.0,0.0,0.0,0.0,0.0,0.0,0.0,0.0,0.7104387368551235,9.507307020967431,0.093295084831214,2.2209399479391507,359,732,,false,team_reconciliation_and_current_weekly_role
2026,1,CFP_52062178,Eddie Whiting,CFF_MSU,Michigan State,TE,Toledo,True,2026-09-05T00:00Z,401858429,29.75,49.5,0.0,,MODELLED_ON_TEAM_RATES,CFBD/team roster,,1.1644187465774634,week1-v1.0,2026-08-30T16:15:00+00:00,0.0,0.0,0.0,0.0,0.0,0.0,0.0,0.0,0.7766924320720157,9.466614042423956,0.08274897149833348,2.219847665304412,66,733,,false,team_reconciliation_and_current_weekly_role
2026,1,CFP_85ACF835,Jakai Anderson,CFF_SMU,SMU,WR,Florida State,False,2026-09-07T23:30Z,401858212,28.25,53.5,0.0,,MODELLED_ON_TEAM_RATES,CFBD/team roster,,1.4009606244922252,week1-v1.0,2026-08-30T16:15:00+00:00,0.0,0.0,0.0,0.0,0.0,0.0,0.0,0.0,0.8737248573178498,9.75928086579276,0.060621025220244776,2.2133790952185945,360,734,,false,team_reconciliation_and_current_weekly_role
2026,1,CFP_10F8DE0A,Kaliq Lockett,CFF_TEX,Texas,WR,Texas State,True,2026-09-05T19:30Z,401856667,45.0,59.5,0.0,,MODELLED_ON_TEAM_RATES,CFBD/team roster,,1.3935565324982597,week1-v1.0,2026-08-30T16:15:00+00:00,0.0,0.0,0.0,0.0,0.0,0.0,0.0,0.0,0.7199698736608448,8.110211041158536,0.11164440111946988,2.2008573844935175,361,735,,true,team_reconciliation_and_current_weekly_role
2026,1,CFP_C282C29F,Zach Ortwerth,CFF_IOWA,Iowa,TE,Northern Illinois,True,2026-09-05T20:15Z,401858426,38.5,45.5,0.0,,MODELLED_ON_TEAM_RATES,CFBD/team roster,,1.3943795600537567,week1-v1.0,2026-08-30T16:15:00+00:00,0.0,0.0,0.0,0.0,0.0,0.0,0.0,0.0,0.7372115770563645,8.888510347863699,0.09561581001781422,2.19975747194962,67,736,,false,team_reconciliation_and_current_weekly_role
2026,1,CFP_1BAE7CA1,Izaiah Wright,CFF_PUR,Purdue,RB,Indiana State,True,2026-09-04T23:00Z,401858435,46.0,56.5,0.0,,MEDIUM,CFBD/team roster,,1.4979356986766585,week1-v1.0,2026-08-30T16:15:00+00:00,0.0,0.0,0.0,0.0,0.0,0.9249667703873763,4.934017559302673,0.0442984308460077,0.4935259547443054,5.932513559730705,0.05792037564238763,2.193491905578015,221,737,,false,team_reconciliation_and_current_weekly_role
2026,1,CFP_C8C7A8EB,Lawrence Autry,CFF_WVU,West Virginia,RB,Coastal Carolina,True,2026-09-05T16:00Z,401856780,39.0,56.5,0.0,,MEDIUM,CFBD/team roster,,1.3929455237044295,week1-v1.0,2026-08-30T16:15:00+00:00,0.0,0.0,0.0,0.0,0.0,1.199709514900056,6.4796512138994125,0.06538461791256615,0.3820463135736737,4.898360325080008,0.04604307491298242,2.188413624424907,222,738,,false,team_reconciliation_and_current_weekly_role
2026,1,CFP_56F847E2,Lebron Bond,CFF_IND,Indiana,WR,North Texas,True,2026-09-05T16:00Z,401858425,48.0,55.5,0.0,,MODELLED_ON_TEAM_RATES,CFBD/team roster,,1.4070822448002402,week1-v1.0,2026-08-30T16:15:00+00:00,0.0,0.0,0.0,0.0,0.0,0.0,0.0,0.0,0.8460720542001666,4.982383886624248,0.1405958918222764,2.1878857937962497,362,739,,false,team_reconciliation_and_current_weekly_role
2026,1,CFP_83611E97,Hunter Welcing,CFF_OSU,Ohio State,TE,Ball State,True,2026-09-05T16:30Z,401858432,53.5,56.5,0.0,,MODELLED_ON_TEAM_RATES,CFBD/team roster,,1.3335122029230717,week1-v1.0,2026-08-30T16:15:00+00:00,0.0,0.0,0.0,0.0,0.0,0.0,0.0,0.0,0.7958944442043245,8.64443421459055,0.08783892279464356,2.187371402431241,68,740,,false,team_reconciliation_and_current_weekly_role
2026,1,CFP_92BBD857,Evan Hampton,CFF_VAN,Vanderbilt,RB,Austin Peay,True,2026-09-05T23:00Z,401856669,46.0,61.5,0.0,,MEDIUM,CFBD/team roster,,1.6231318466901448,week1-v1.0,2026-08-30T16:15:00+00:00,0.0,0.0,0.0,0.0,0.0,1.7921570591683624,11.082552361773127,0.1004910240681977,0.1444276841795376,1.9172941073708307,0.02098904849976254,2.173292766501695,223,741,,false,team_reconciliation_and_current_weekly_role
2026,1,CFP_1488C79F,Ricky Ahumaraeze,CFF_NW,Northwestern,WR,South Dakota State,True,2026-09-06T00:00Z,401858431,29.5,46.5,0.0,,MODELLED_ON_TEAM_RATES,CFBD/team roster,,1.486236028197071,week1-v1.0,2026-08-30T16:15:00+00:00,0.0,0.0,0.0,0.0,0.0,0.0,0.0,0.0,0.7748460893250604,8.916617485109542,0.0839987783186619,2.170500507747986,363,742,,false,team_reconciliation_and_current_weekly_role
2026,1,CFP_F46AA068,Tristian Gentry,CFF_TTU,Texas Tech,WR,Abilene Christian,True,2026-09-05T23:00Z,401856770,51.0,59.5,0.0,,MODELLED_ON_TEAM_RATES,CFBD/team roster,,1.4119460883437058,week1-v1.0,2026-08-30T16:15:00+00:00,0.0,0.0,0.0,0.0,0.0,0.0,0.0,0.0,0.6932170002979601,8.868232595163715,0.0980791862489465,2.168515377308011,364,743,,false,team_reconciliation_and_current_weekly_role
2026,1,CFP_BFEAC9DF,Braxton Jennings,CFF_LOU,Louisville,RB,Ole Miss,False,2026-09-06T23:30Z,401856661,24.5,55.5,0.0,,MEDIUM,CFBD/team roster,,2.1535362843852526,week1-v1.0,2026-08-30T16:15:00+00:00,0.0,0.0,0.0,0.0,0.0,1.879268947701641,9.981964196667672,0.08746914231005415,0.24372789848195692,2.8175415517021087,0.01979537389954643,2.1672655705765385,224,744,,false,team_reconciliation_and_current_weekly_role
2026,1,CFP_1D7CD220,Tyren Parker,CFF_KU,Kansas,WR,Long Island University,True,2026-09-05T00:00Z,401856769,46.0,53.5,0.0,,MODELLED_ON_TEAM_RATES,CFBD/team roster,,1.1702580413687909,week1-v1.0,2026-08-30T16:15:00+00:00,0.0,0.0,0.0,0.0,0.0,0.0,0.0,0.0,0.720426005846046,8.553833501487057,0.09822021483412548,2.165130644999505,365,745,,false,team_reconciliation_and_current_weekly_role
2026,1,CFP_0A933F78,Jonathan Bibbs,CFF_UCF,UCF,WR,Bethune-Cookman,True,2026-09-03T23:00Z,401856767,50.5,58.5,0.0,,MODELLED_ON_TEAM_RATES,CFBD/team roster,,1.466647657632971,week1-v1.0,2026-08-30T16:15:00+00:00,0.0,0.0,0.0,0.0,0.0,0.8592034125770145,5.158575610705086,0.05121062408459653,0.428912459298739,5.657170748406548,0.056025729266847964,2.153905215318569,366,746,,false,team_reconciliation_and_current_weekly_role
2026,1,CFP_49F40DD3,Ansu Sanoe,CFF_WASH,Washington,RB,Washington State,True,2026-09-06T20:00Z,401858437,37.0,50.5,0.0,,MEDIUM,CFBD/team roster,,1.591090277262109,week1-v1.0,2026-08-30T16:15:00+00:00,0.0,0.0,0.0,0.0,0.0,0.9593123391884587,5.2736483571488355,0.05418988148665793,0.41618160886896327,5.355524611098374,0.05738099426629633,2.1485241602114096,225,747,,false,team_reconciliation_and_current_weekly_role
2026,1,CFP_19A787E8,DJ Johnson,CFF_BC,Boston College,TE,Cincinnati,False,2026-09-05T19:30Z,401856777,22.0,51.5,0.0,,MODELLED_ON_TEAM_RATES,CFBD/team roster,,1.2000639931314048,week1-v1.0,2026-08-30T16:15:00+00:00,0.0,0.0,0.0,0.0,0.0,0.0,0.0,0.0,0.8352671766028821,9.529196502795742,0.05768420769037013,2.1342920730246773,69,748,,false,team_reconciliation_and_current_weekly_role
2026,1,CFP_A511B3CE,Tilden Riley,CFF_VAN,Vanderbilt,TE,Austin Peay,True,2026-09-05T23:00Z,401856669,46.0,61.5,0.0,,MODELLED_ON_TEAM_RATES,CFBD/team roster,,1.281216607022224,week1-v1.0,2026-08-30T16:15:00+00:00,0.0,0.0,0.0,0.0,0.0,0.0,0.0,0.0,0.6638841454793322,8.813138335183393,0.09647940148626512,2.124074387915262,70,749,,false,team_reconciliation_and_current_weekly_role
2026,1,CFP_0CCF5FFF,KK Smith,CFF_MSU,Michigan State,WR,Toledo,True,2026-09-05T00:00Z,401858429,29.75,49.5,0.0,,MODELLED_ON_TEAM_RATES,CFBD/team roster,,1.1128176884650571,week1-v1.0,2026-08-30T16:15:00+00:00,0.0,0.0,0.0,0.0,0.0,0.0,0.0,0.0,0.742273412762498,9.04710233087978,0.07908196210023007,2.1214754184518565,367,750,,true,team_reconciliation_and_current_weekly_role
2026,1,CFP_363DD614,Drake DeBaun,CFF_ISU,Iowa State,TE,Southeast Missouri State,True,2026-09-05T17:00Z,401856779,41.5,53.5,0.0,,MODELLED_ON_TEAM_RATES,CFBD/team roster,,1.0027888322909082,week1-v1.0,2026-08-30T16:15:00+00:00,0.0,0.0,0.0,0.0,0.0,0.0,0.0,0.0,0.7364776519060539,8.927940618968535,0.08130972589508868,2.1171300691734394,71,751,,false,team_reconciliation_and_current_weekly_role
2026,1,CFP_C713108F,Jordan Vyborny,CFF_ISU,Iowa State,TE,Southeast Missouri State,True,2026-09-05T17:00Z,401856779,41.5,53.5,0.0,,MODELLED_ON_TEAM_RATES,CFBD/team roster,,1.0027888322909082,week1-v1.0,2026-08-30T16:15:00+00:00,0.0,0.0,0.0,0.0,0.0,0.0,0.0,0.0,0.7364776519060539,8.927940618968535,0.08130972589508868,2.1171300691734394,72,752,,false,team_reconciliation_and_current_weekly_role
2026,1,CFP_E0FB1B06,Terrez Worthy,CFF_MD,Maryland,RB,Hampton,True,2026-09-06T00:00Z,401858427,51.0,56.5,0.0,,MEDIUM,CFBD/team roster,,1.6044175398581153,week1-v1.0,2026-08-30T16:15:00+00:00,0.0,0.0,0.0,0.0,0.0,1.8535093375760905,9.199776219529419,0.09370647371324672,0.2199705004546457,2.60406794160011,0.025703391815625594,2.1168141097408326,226,753,,false,team_reconciliation_and_current_weekly_role
2026,1,CFP_C714B87E,Elijah Jones,CFF_CIN,Cincinnati,WR,Boston College,True,2026-09-05T19:30Z,401856777,29.5,51.5,0.0,,MODELLED_ON_TEAM_RATES,CFBD/team roster,,0.9837539875631071,week1-v1.0,2026-08-30T16:15:00+00:00,0.0,0.0,0.0,0.0,0.0,0.0,0.0,0.0,0.7379474822019167,9.023157181004082,0.07902711898982105,2.1144259142412514,368,754,,false,team_reconciliation_and_current_weekly_role
2026,1,CFP_4DFE631A,CJ Givers,CFF_DUKE,Duke,RB,Tulane,True,2026-09-05T19:30Z,401858209,30.0,50.5,0.0,,MEDIUM,CFBD/team roster,,1.6756754421364504,week1-v1.0,2026-08-30T16:15:00+00:00,0.0,0.0,0.0,0.0,0.0,1.495480938424286,6.589988841960449,0.07469818284259971,0.3492780375992122,4.348304555138052,0.03652687915008895,2.110457749265194,227,755,,false,team_reconciliation_and_current_weekly_role
2026,1,CFP_1A4FC2FA,Keeyshawn Tabuteau,CFF_WISC,Wisconsin,WR,Notre Dame,False,2026-09-06T23:30Z,401858438,13.5,47.5,0.0,,MODELLED_ON_TEAM_RATES,CFBD/team roster,,1.3808883933911622,week1-v1.0,2026-08-30T16:15:00+00:00,0.0,0.0,0.0,0.0,0.0,0.0,0.0,0.0,0.9850941906636173,9.16783364989585,0.03321709129490239,2.1011801034226165,369,756,,false,team_reconciliation_and_current_weekly_role
2026,1,CFP_A7AE3741,Deji Ajose,CFF_WASH,Washington,WR,Washington State,True,2026-09-06T20:00Z,401858437,37.0,50.5,0.0,,MODELLED_ON_TEAM_RATES,CFBD/team roster,,1.2017303352980435,week1-v1.0,2026-08-30T16:15:00+00:00,0.0,0.0,0.0,0.0,0.0,0.0,0.0,0.0,0.6736627542649973,8.668853652258449,0.09288117931243822,2.0978351953654717,370,757,,false,team_reconciliation_and_current_weekly_role
2026,1,CFP_8FB68C46,Travis Johnson,CFF_MICH,Michigan,WR,Western Michigan,True,2026-09-05T23:30Z,401858428,38.0,48.5,0.0,,MODELLED_ON_TEAM_RATES,CFBD/team roster,,1.3014552966092714,week1-v1.0,2026-08-30T16:15:00+00:00,0.0,0.0,0.0,0.0,0.0,0.0,0.0,0.0,0.8406764943853946,8.096160229743063,0.07359534422830245,2.0918645827295155,371,758,,false,team_reconciliation_and_current_weekly_role
2026,1,CFP_08303AEB,Bryson Hayes,CFF_KU,Kansas,WR,Long Island University,True,2026-09-05T00:00Z,401856769,46.0,53.5,0.0,,MODELLED_ON_TEAM_RATES,CFBD/team roster,,1.1296051460532899,week1-v1.0,2026-08-30T16:15:00+00:00,0.0,0.0,0.0,0.0,0.0,0.0,0.0,0.0,0.6953995570091998,8.256686987137579,0.09480820144018422,2.089917464364063,372,759,,false,team_reconciliation_and_current_weekly_role
2026,1,CFP_7B976A13,Marshall Pritchett,CFF_ALA,Alabama,TE,East Carolina,True,2026-09-05T16:00Z,401856634,41.0,53.5,0.0,,MODELLED_ON_TEAM_RATES,CFBD/team roster,,1.468086061327882,week1-v1.0,2026-08-30T16:15:00+00:00,0.0,0.0,0.0,0.0,0.0,0.0,0.0,0.0,0.7705441772107334,6.881179605081611,0.10513478975513352,2.0894708762496954,73,760,,false,team_reconciliation_and_current_weekly_role
2026,1,CFP_26DEDBD0,Richie Anderson,CFF_TAMU,Texas A&M,TE,Missouri State,True,2026-09-05T23:00Z,401856668,47.5,53.5,0.0,,MODELLED_ON_TEAM_RATES,CFBD/team roster,,1.2675572393753602,week1-v1.0,2026-08-30T16:15:00+00:00,0.0,0.0,0.0,0.0,0.0,0.0,0.0,0.0,0.6304700572655312,8.857741433056091,0.09544893930489123,2.088937836400488,74,761,,false,team_reconciliation_and_current_weekly_role
2026,1,CFP_EB4E80B6,J.J. Hill,CFF_MSST,Mississippi State,RB,UL Monroe,True,2026-09-05T23:30Z,401856662,42.5,56.5,0.0,,MEDIUM,CFBD/team roster,,1.546677475998439,week1-v1.0,2026-08-30T16:15:00+00:00,0.0,0.0,0.0,0.0,0.0,1.6664751578151509,7.9219851384310935,0.0959487084656452,0.23242380162090287,3.031843572731425,0.030618459045780092,2.0872096778057063,228,762,,false,team_reconciliation_and_current_weekly_role
2026,1,CFP_0BDA7E07,LaMarcus Bell,CFF_UTAH,Utah,RB,Idaho,True,2026-09-04T01:00Z,401856768,45.0,56.5,0.0,,MEDIUM,CFBD/team roster,,1.6431689647857546,week1-v1.0,2026-08-30T16:15:00+00:00,0.0,0.0,0.0,0.0,0.0,1.6160452877323819,10.283785155358489,0.09107934462659685,0.1880558405340701,1.4202130906281285,0.030372476265162963,2.0871665904832906,229,763,,false,team_reconciliation_and_current_weekly_role
2026,1,CFP_9230516D,Vance Spafford,CFF_MIA,Miami,WR,Stanford,False,2026-09-05T01:00Z,401858206,36.0,47.5,0.0,,MODELLED_ON_TEAM_RATES,CFBD/team roster,,1.3645315297665805,week1-v1.0,2026-08-30T16:15:00+00:00,0.0,0.0,0.0,0.0,0.0,0.0,0.0,0.0,0.6666620007412897,8.921473438113456,0.08754630721324093,2.084087187832081,373,764,,false,team_reconciliation_and_current_weekly_role
2026,1,CFP_6B243B54,Zymear Smith,CFF_MD,Maryland,WR,Hampton,True,2026-09-06T00:00Z,401858427,51.0,56.5,0.0,,MODELLED_ON_TEAM_RATES,CFBD/team roster,,1.2483159589455075,week1-v1.0,2026-08-30T16:15:00+00:00,0.0,0.0,0.0,0.0,0.0,0.0,0.0,0.0,0.7221854459849538,8.54941896250924,0.08438684025052207,2.08344838373901,374,765,,false,team_reconciliation_and_current_weekly_role
2026,1,CFP_D5D88109,Davion Brown,CFF_VT,Virginia Tech,WR,VMI,True,2026-09-05T23:30Z,401858211,54.5,57.5,0.0,,MODELLED_ON_TEAM_RATES,CFBD/team roster,,1.344691584479702,week1-v1.0,2026-08-30T16:15:00+00:00,0.0,0.0,0.0,0.0,0.0,0.0,0.0,0.0,0.6982377623438305,8.649014189192506,0.08621094122274243,2.080404828599536,375,766,,false,team_reconciliation_and_current_weekly_role
2026,1,CFP_1BD216E0,Romero Ison,CFF_USC,USC,WR,Fresno State,True,2026-09-05T01:00Z,401858436,37.5,51.5,0.0,,MODELLED_ON_TEAM_RATES,CFBD/team roster,,1.7461967956602502,week1-v1.0,2026-08-30T16:15:00+00:00,0.0,0.0,0.0,0.0,0.0,0.0,0.0,0.0,1.069196600361621,5.1038760628865685,0.08344254078608494,2.0802394513667877,376,767,,false,team_reconciliation_and_current_weekly_role
2026,1,CFP_F2D5D31E,Terrell Anderson,CFF_USC,USC,WR,Fresno State,True,2026-09-05T01:00Z,401858436,37.5,51.5,0.0,,MODELLED_ON_TEAM_RATES,CFBD/team roster,,1.7461967956602502,week1-v1.0,2026-08-30T16:15:00+00:00,0.0,0.0,0.0,0.0,0.0,0.0,0.0,0.0,1.069196600361621,5.1038760628865685,0.08344254078608494,2.0802394513667877,377,768,,false,team_reconciliation_and_current_weekly_role
2026,1,CFP_3BB71587,Byrd Ficklin,CFF_UTAH,Utah,QB,Idaho,True,2026-09-04T01:00Z,401856768,45.0,56.5,0.03713735816249128,LOW,HIGH,CFBD/team roster,,2.771619278432254,week1-v1.0,2026-08-30T16:15:00+00:00,0.0,0.0,0.0,0.0,0.0,2.6106295521272105,9.912003116316106,0.18026270838386585,0.0,0.0,0.0,2.0727765619348055,89,769,,false,team_reconciliation_and_current_weekly_role
2026,1,CFP_2C510BF1,Tae Meadows,CFF_AUB,Auburn,RB,Baylor,True,2026-09-05T19:30Z,401856636,32.75,58.5,0.0,,MEDIUM,CFBD/team roster,,1.581707614331793,week1-v1.0,2026-08-30T16:15:00+00:00,0.0,0.0,0.0,0.0,0.0,1.587286315059596,8.639373918271426,0.07544498985876934,0.26223225090771296,2.8808134889335877,0.03418242086218007,2.0720154559539106,230,770,,false,team_reconciliation_and_current_weekly_role
2026,1,CFP_1499C05C,Christian Ward,CFF_COLO,Colorado,WR,Georgia Tech,False,2026-09-04T00:00Z,401856776,22.0,50.5,0.0,,MODELLED_ON_TEAM_RATES,CFBD/team roster,,1.8591529040195958,week1-v1.0,2026-08-30T16:15:00+00:00,0.0,0.0,0.0,0.0,0.0,0.0,0.0,0.0,0.9795589606193161,6.316004656410013,0.07659706550438387,2.0707418192866207,378,771,,false,team_reconciliation_and_current_weekly_role
2026,1,CFP_E10EA63E,Corbin Glasco,CFF_KU,Kansas,WR,Long Island University,True,2026-09-05T00:00Z,401856769,46.0,53.5,0.0,,MODELLED_ON_TEAM_RATES,CFBD/team roster,,1.118450388192329,week1-v1.0,2026-08-30T16:15:00+00:00,0.0,0.0,0.0,0.0,0.0,0.0,0.0,0.0,0.6885325436088454,8.175152882590464,0.09387197825282233,2.0692797013848256,379,772,,false,team_reconciliation_and_current_weekly_role
2026,1,CFP_25023997,Christian Moss,CFF_WASH,Washington,WR,Washington State,True,2026-09-06T20:00Z,401858437,37.0,50.5,0.0,,MODELLED_ON_TEAM_RATES,CFBD/team roster,,1.1793933402181545,week1-v1.0,2026-08-30T16:15:00+00:00,0.0,0.0,0.0,0.0,0.0,0.0,0.0,0.0,0.6611411417321907,8.507722543480412,0.0911547633400881,2.0588419761207604,380,773,,false,team_reconciliation_and_current_weekly_role
2026,1,CFP_43AD3311,Landen Miree,CFF_ASU,Arizona State,TE,Morgan State,True,2026-09-06T02:00Z,401856774,47.0,52.5,0.0,,MODELLED_ON_TEAM_RATES,CFBD/team roster,,1.2289964745843458,week1-v1.0,2026-08-30T16:15:00+00:00,0.0,0.0,0.0,0.0,0.0,0.0,0.0,0.0,0.6644178297435334,8.439198955462649,0.0913589624059013,2.056491499725206,75,774,,false,team_reconciliation_and_current_weekly_role
2026,1,CFP_7B098BDF,Ty Washington,CFF_ND,Notre Dame,TE,Wisconsin,True,2026-09-06T23:30Z,401858438,34.0,47.5,0.0,,MODELLED_ON_TEAM_RATES,CFBD/team roster,,1.2371192225927887,week1-v1.0,2026-08-30T16:15:00+00:00,0.0,0.0,0.0,0.0,0.0,0.0,0.0,0.0,0.6988892876078584,8.23897127892005,0.08852573803049539,2.0539408436828355,76,775,,false,team_reconciliation_and_current_weekly_role
2026,1,CFP_7A2AAD0E,Elyiss Williams,CFF_UGA,Georgia,TE,Tennessee State,True,2026-09-05T19:00Z,401856658,51.5,56.5,0.0,,MODELLED_ON_TEAM_RATES,CFBD/team roster,,1.445752155346419,week1-v1.0,2026-08-30T16:15:00+00:00,0.0,0.0,0.0,0.0,0.0,0.0,0.0,0.0,0.8512941078493301,5.184279302342719,0.11386466790501405,2.0529100455136864,77,776,,false,team_reconciliation_and_current_weekly_role
2026,1,CFP_79F2ECD7,Jahsiear Rogers,CFF_OU,Oklahoma,WR,UTEP,True,2026-09-05T00:00Z,401856664,46.0,50.5,0.0,,MODELLED_ON_TEAM_RATES,CFBD/team roster,,1.2480825988633375,week1-v1.0,2026-08-30T16:15:00+00:00,0.0,0.0,0.0,0.0,0.0,0.0,0.0,0.0,0.6976041489514816,8.412667526212031,0.08435720194418737,2.045014113237809,381,777,,false,team_reconciliation_and_current_weekly_role
2026,1,CFP_DDEEE76B,Roger Saleapaga II,CFF_BYU,BYU,TE,Utah Tech,True,2026-09-06T00:00Z,401856775,52.5,54.5,0.0,,MODELLED_ON_TEAM_RATES,CFBD/team roster,,1.2882037718589772,week1-v1.0,2026-08-30T16:15:00+00:00,0.0,0.0,0.0,0.0,0.0,0.803195479296503,4.752361142436024,0.050117326604426964,0.41500164866652123,5.521722382785038,0.04981082040424994,2.041978883240689,78,778,,false,team_reconciliation_and_current_weekly_role
2026,1,CFP_79E9CF26,HD Davis,CFF_BAY,Baylor,RB,Auburn,False,2026-09-05T19:30Z,401856636,25.75,58.5,0.0,,MEDIUM,CFBD/team roster,,2.23934409833815,week1-v1.0,2026-08-30T16:15:00+00:00,0.0,0.0,0.0,0.0,0.0,2.8762845215555077,13.235888730127193,0.1196159629142789,0.0,0.0,0.0,2.041284650498393,231,779,,false,team_reconciliation_and_current_weekly_role
2026,1,CFP_7CBD13EA,Winston Watkins Jr.,CFF_LSU,LSU,WR,Clemson,True,2026-09-05T23:30Z,401856660,31.0,51.5,0.0,,MODELLED_ON_TEAM_RATES,CFBD/team roster,,1.6545444165972734,week1-v1.0,2026-08-30T16:15:00+00:00,0.0,0.0,0.0,0.0,0.0,0.1377446762363141,0.6588307657307597,0.007395631810222959,0.7575625649470705,7.265184904841389,0.0744486574770587,2.0410298677279757,382,780,,true,team_reconciliation_and_current_weekly_role
2026,1,CFP_368E0C36,Nate Johnson,CFF_UTAH,Utah,RB,Idaho,True,2026-09-04T01:00Z,401856768,45.0,56.5,0.0,,MEDIUM,CFBD/team roster,,1.6024259325515295,week1-v1.0,2026-08-30T16:15:00+00:00,0.0,0.0,0.0,0.0,0.0,1.6177997815505487,10.559843804256339,0.09056613287515117,0.16206384859584722,1.2239194413730443,0.02617456804818866,2.0408843786988244,232,781,,false,team_reconciliation_and_current_weekly_role
2026,1,CFP_1FE0F75D,Grant Stec,CFF_WISC,Wisconsin,TE,Notre Dame,False,2026-09-06T23:30Z,401858438,13.5,47.5,0.0,,MODELLED_ON_TEAM_RATES,CFBD/team roster,,1.333625278183835,week1-v1.0,2026-08-30T16:15:00+00:00,0.0,0.0,0.0,0.0,0.0,0.0,0.0,0.0,0.9513777654650061,8.854049871228158,0.032080183185429594,2.0292638517003994,79,782,,false,team_reconciliation_and_current_weekly_role
2026,1,CFP_0A1958B7,Nolan James Jr.,CFF_ND,Notre Dame,RB,Wisconsin,True,2026-09-06T23:30Z,401858438,34.0,47.5,0.0,,MEDIUM,CFBD/team roster,,1.819325470485942,week1-v1.0,2026-08-30T16:15:00+00:00,0.0,0.0,0.0,0.0,0.0,2.110840618699068,12.440359152513834,0.13038831977745938,0.0,0.0,0.0,2.02636583391614,233,783,,false,team_reconciliation_and_current_weekly_role
2026,1,CFP_E5D4273E,Sam West,CFF_MSST,Mississippi State,TE,UL Monroe,True,2026-09-05T23:30Z,401856662,42.5,56.5,0.0,,MODELLED_ON_TEAM_RATES,CFBD/team roster,,1.18136616905551,week1-v1.0,2026-08-30T16:15:00+00:00,0.0,0.0,0.0,0.0,0.0,0.13624947509329566,0.6469376777484418,0.0078282338544183,0.6159942767160873,8.035314265047507,0.08114829635576452,2.0180786522567793,80,784,,false,team_reconciliation_and_current_weekly_role
2026,1,CFP_C3BD2937,Owen Cabell,CFF_VAN,Vanderbilt,WR,Austin Peay,True,2026-09-05T23:00Z,401856669,46.0,61.5,0.0,,MODELLED_ON_TEAM_RATES,CFBD/team roster,,1.2170289602215443,week1-v1.0,2026-08-30T16:15:00+00:00,0.0,0.0,0.0,0.0,0.0,0.0,0.0,0.0,0.6306242261081345,8.371609082780822,0.09164588175806358,2.017660424934598,383,785,,false,team_reconciliation_and_current_weekly_role
2026,1,CFP_E52AEC87,Lacota Dippre,CFF_FLA,Florida,TE,Florida Atlantic,True,2026-09-05T23:45Z,401856637,43.5,59.5,0.0,,MODELLED_ON_TEAM_RATES,CFBD/team roster,,1.4396998855481487,week1-v1.0,2026-08-30T16:15:00+00:00,0.0,0.0,0.0,0.0,0.0,0.11180635307070311,0.581530709852593,0.005783023746320498,0.6381146284588225,7.997578381602903,0.08101320351893303,2.0168029011958932,81,786,,false,team_reconciliation_and_current_weekly_role
2026,1,CFP_CF9F3428,Devin Fitzgerald,CFF_ND,Notre Dame,WR,Wisconsin,True,2026-09-06T23:30Z,401858438,34.0,47.5,0.0,,MODELLED_ON_TEAM_RATES,CFBD/team roster,,1.2115801725227322,week1-v1.0,2026-08-30T16:15:00+00:00,0.0,0.0,0.0,0.0,0.0,0.0,0.0,0.0,0.684461439277901,8.06888621664359,0.08669821549688608,2.0115393539235766,384,787,,false,team_reconciliation_and_current_weekly_role
2026,1,CFP_948327E4,Kohen Brown,CFF_TEX,Texas,WR,Texas State,True,2026-09-05T19:30Z,401856667,45.0,59.5,0.0,,MODELLED_ON_TEAM_RATES,CFBD/team roster,,1.2726219639025058,week1-v1.0,2026-08-30T16:15:00+00:00,0.0,0.0,0.0,0.0,0.0,0.0,0.0,0.0,0.6574899928360444,7.406396843018531,0.10195576117508985,2.009864244188437,385,788,,false,team_reconciliation_and_current_weekly_role
2026,1,CFP_0A3E1E24,Bubba Frazier,CFF_ND,Notre Dame,WR,Wisconsin,True,2026-09-06T23:30Z,401858438,34.0,47.5,0.0,,MODELLED_ON_TEAM_RATES,CFBD/team roster,,1.2064164167403337,week1-v1.0,2026-08-30T16:15:00+00:00,0.0,0.0,0.0,0.0,0.0,0.0,0.0,0.0,0.6815442640095565,8.03449661634834,0.08632870762464723,2.002966171392274,386,789,,false,team_reconciliation_and_current_weekly_role
2026,1,CFP_A1A469C8,Trelain Maddox,CFF_GT,Georgia Tech,RB,Colorado,True,2026-09-04T00:00Z,401856776,28.5,50.5,0.0,,MEDIUM,CFBD/team roster,,1.7313855656308406,week1-v1.0,2026-08-30T16:15:00+00:00,0.0,0.0,0.0,0.0,0.0,1.4573279274690976,7.98130601478642,0.0755745727066704,0.3063845166026064,2.7987759261901144,0.026765790657660438,1.9984348908862453,234,790,,true,team_reconciliation_and_current_weekly_role
2026,1,CFP_AF25CE5B,Jeff Exinor Jr.,CFF_VT,Virginia Tech,WR,VMI,True,2026-09-05T23:30Z,401858211,54.5,57.5,0.0,,MODELLED_ON_TEAM_RATES,CFBD/team roster,,1.2879287665031207,week1-v1.0,2026-08-30T16:15:00+00:00,0.0,0.0,0.0,0.0,0.0,0.0,0.0,0.0,0.6687633880964198,8.283917520361962,0.08257176029776496,1.9925857019192057,387,791,,false,team_reconciliation_and_current_weekly_role
2026,1,CFP_3233E4E7,Naeshaun Montgomery,CFF_MIZ,Missouri,WR,Arkansas-Pine Bluff,True,2026-09-04T00:00Z,401856663,57.5,60.5,0.0,,MODELLED_ON_TEAM_RATES,CFBD/team roster,,1.1503045859776049,week1-v1.0,2026-08-30T16:15:00+00:00,0.0,0.0,0.0,0.0,0.0,0.0,0.0,0.0,0.6963039491132318,6.837218291073107,0.10135671416749618,1.9881660632255196,388,792,,false,team_reconciliation_and_current_weekly_role
2026,1,CFP_842F5A7B,Jayden Warren,CFF_TAMU,Texas A&M,WR,Missouri State,True,2026-09-05T23:00Z,401856668,47.5,53.5,0.0,,MODELLED_ON_TEAM_RATES,CFBD/team roster,,1.2061962754176887,week1-v1.0,2026-08-30T16:15:00+00:00,0.0,0.0,0.0,0.0,0.0,0.0,0.0,0.0,0.599949738925252,8.428948526561415,0.0908283677499754,1.9878147980812462,389,793,,false,team_reconciliation_and_current_weekly_role
2026,1,CFP_D0EF752B,Kory Amachree,CFF_KU,Kansas,RB,Long Island University,True,2026-09-05T00:00Z,401856769,46.0,53.5,0.0,,MEDIUM,CFBD/team roster,,1.4276681175990493,week1-v1.0,2026-08-30T16:15:00+00:00,0.0,0.0,0.0,0.0,0.0,1.0263074222799597,6.275028880881577,0.06223664461183412,0.3253877549109572,3.863426162222404,0.04436216201581391,1.9788260989872435,235,794,,false,team_reconciliation_and_current_weekly_role
2026,1,CFP_85CAB0E3,Dwight Phillips Jr.,CFF_UGA,Georgia,RB,Tennessee State,True,2026-09-05T19:00Z,401856658,51.5,56.5,0.0,,MEDIUM,CFBD/team roster,,1.5573315667183636,week1-v1.0,2026-08-30T16:15:00+00:00,0.0,0.0,0.0,0.0,0.0,1.7320972267227723,9.017880352555123,0.10076560954944963,0.1956236113489639,1.1913243966037954,0.026165595809071053,1.9781313184159797,236,795,,false,team_reconciliation_and_current_weekly_role
2026,1,CFP_5B4F5DA2,Adam Gehm,CFF_VAN,Vanderbilt,TE,Austin Peay,True,2026-09-05T23:00Z,401856669,46.0,61.5,0.0,,MODELLED_ON_TEAM_RATES,CFBD/team roster,,1.1923253427578278,week1-v1.0,2026-08-30T16:15:00+00:00,0.0,0.0,0.0,0.0,0.0,0.0,0.0,0.0,0.6178236271459769,8.201679660313218,0.08978562626778826,1.9767053507840282,82,796,,false,team_reconciliation_and_current_weekly_role
2026,1,CFP_C7F4D73F,Jay Harris,CFF_KSU,Kansas State,RB,Nicholls,True,2026-09-05T23:00Z,401856771,48.0,55.5,0.0,,MEDIUM,CFBD/team roster,,1.5333089605267405,week1-v1.0,2026-08-30T16:15:00+00:00,0.0,0.0,0.0,0.0,0.0,1.718553467762673,11.119251044619,0.10360469400089027,0.07690331979192142,0.9820731724384117,0.011269957739048942,1.9762836519372977,237,797,,false,team_reconciliation_and_current_weekly_role
2026,1,CFP_3661D928,Bailey Stockton,CFF_FLA,Florida,WR,Florida Atlantic,True,2026-09-05T23:45Z,401856637,43.5,59.5,0.0,,MODELLED_ON_TEAM_RATES,CFBD/team roster,,1.3945400113825208,week1-v1.0,2026-08-30T16:15:00+00:00,0.0,0.0,0.0,0.0,0.0,0.027951588267675777,0.14538267746314826,0.0014457559365801244,0.6415607925426859,8.040769629926306,0.08145071862959576,1.957554870678687,390,798,,false,team_reconciliation_and_current_weekly_role
2026,1,CFP_EB397594,Jamezell Lassiter,CFF_VAN,Vanderbilt,RB,Austin Peay,True,2026-09-05T23:00Z,401856669,46.0,61.5,0.0,,MEDIUM,CFBD/team roster,,1.4496920709982597,week1-v1.0,2026-08-30T16:15:00+00:00,0.0,0.0,0.0,0.0,0.0,0.9212502109529608,5.754201863284881,0.05689990164805545,0.32476164693378995,4.311248189731897,0.04719620062510025,1.955883265874402,238,799,,false,team_reconciliation_and_current_weekly_role
2026,1,CFP_B52188C3,Quayd Hendryx,CFF_MINN,Minnesota,WR,Eastern Illinois,True,2026-09-04T00:00Z,401858422,47.5,51.5,0.0,,MODELLED_ON_TEAM_RATES,CFBD/team roster,,1.135813145593448,week1-v1.0,2026-08-30T16:15:00+00:00,0.0,0.0,0.0,0.0,0.0,0.0,0.0,0.0,0.675279415689608,7.602302260296897,0.08659302697295251,1.955067803557013,391,800,,false,team_reconciliation_and_current_weekly_role
2026,1,CFP_144BFFA0,CJ Wiley,CFF_UGA,Georgia,WR,Tennessee State,True,2026-09-05T19:00Z,401856658,51.5,56.5,0.0,,MODELLED_ON_TEAM_RATES,CFBD/team roster,,1.3764531997419949,week1-v1.0,2026-08-30T16:15:00+00:00,0.0,0.0,0.0,0.0,0.0,0.0,0.0,0.0,0.8104891936958231,4.935782255400465,0.10840681502415749,1.9545083093808144,392,801,,false,team_reconciliation_and_current_weekly_role
2026,1,CFP_225DBEDD,Amari Thomas,CFF_FSU,Florida State,RB,SMU,True,2026-09-07T23:30Z,401858212,25.25,53.5,0.0,,MEDIUM,CFBD/team roster,,1.6119969789878237,week1-v1.0,2026-08-30T16:15:00+00:00,0.0,0.0,0.0,0.0,0.0,0.9227342871289713,4.360442547470133,0.0442316889872973,0.465566529815165,5.414052037671389,0.03992273307048541,1.9479425206760135,239,802,,false,team_reconciliation_and_current_weekly_role
2026,1,CFP_92AEE5B9,Carson Bruhn,CFF_KU,Kansas,TE,Long Island University,True,2026-09-05T00:00Z,401856769,46.0,53.5,0.0,,MODELLED_ON_TEAM_RATES,CFBD/team roster,,1.0509150390761046,week1-v1.0,2026-08-30T16:15:00+00:00,0.0,0.0,0.0,0.0,0.0,0.0,0.0,0.0,0.6469569080675494,7.68151292338173,0.08820371000376627,1.9443304604283198,83,803,,false,team_reconciliation_and_current_weekly_role
2026,1,CFP_55C703DD,Gavin Harris,CFF_GT,Georgia Tech,TE,Colorado,True,2026-09-04T00:00Z,401856776,28.5,50.5,0.0,,MODELLED_ON_TEAM_RATES,CFBD/team roster,,1.0870016788283774,week1-v1.0,2026-08-30T16:15:00+00:00,0.0,0.0,0.0,0.0,0.0,0.0,0.0,0.0,0.795566758158252,7.267381247265965,0.0695008140071142,1.9393097669275337,84,804,,true,team_reconciliation_and_current_weekly_role
2026,1,CFP_8CFCAEF2,Daylyn Upshaw,CFF_MIA,Miami,WR,Stanford,False,2026-09-05T01:00Z,401858206,36.0,47.5,0.0,,MODELLED_ON_TEAM_RATES,CFBD/team roster,,1.2697193364282562,week1-v1.0,2026-08-30T16:15:00+00:00,0.0,0.0,0.0,0.0,0.0,0.0,0.0,0.0,0.6203401055510703,8.301579763233086,0.08146329833840897,1.9392778719048327,393,805,,true,team_reconciliation_and_current_weekly_role
2026,1,CFP_98323DE5,Michael Masunas,CFF_TEX,Texas,TE,Texas State,True,2026-09-05T19:30Z,401856667,45.0,59.5,0.0,,MODELLED_ON_TEAM_RATES,CFBD/team roster,,1.2252098952499253,week1-v1.0,2026-08-30T16:15:00+00:00,0.0,0.0,0.0,0.0,0.0,0.0,0.0,0.0,0.6329949255160249,7.130468401148302,0.09815735623986763,1.934985903070061,85,806,,true,team_reconciliation_and_current_weekly_role
2026,1,CFP_424A6BB3,Tyreek King,CFF_TENN,Tennessee,WR,Furman,True,2026-09-05T19:30Z,401856666,56.5,66.5,0.0,,MODELLED_ON_TEAM_RATES,CFBD/team roster,,1.2298237616259968,week1-v1.0,2026-08-30T16:15:00+00:00,0.0,0.0,0.0,0.0,0.0,0.0,0.0,0.0,0.6281349026676355,8.206403461156736,0.08039305315966236,1.931133567741283,394,807,,false,team_reconciliation_and_current_weekly_role
2026,1,CFP_552964D1,Tre' Brown,CFF_LSU,LSU,WR,Clemson,True,2026-09-05T23:30Z,401856660,31.0,51.5,0.0,,MODELLED_ON_TEAM_RATES,CFBD/team roster,,1.5527296153812722,week1-v1.0,2026-08-30T16:15:00+00:00,0.0,0.0,0.0,0.0,0.0,0.0,0.0,0.0,0.7539418615116618,7.230461594634426,0.0740928366876463,1.921545041100982,395,808,,false,team_reconciliation_and_current_weekly_role
2026,1,CFP_D160EDD5,Daniel Odom,CFF_OU,Oklahoma,WR,UTEP,True,2026-09-05T00:00Z,401856664,46.0,50.5,0.0,,MODELLED_ON_TEAM_RATES,CFBD/team roster,,1.169136050787088,week1-v1.0,2026-08-30T16:15:00+00:00,0.0,0.0,0.0,0.0,0.0,0.0,0.0,0.0,0.6534777108987868,7.880530420933533,0.07902124909544975,1.9156582475648387,396,809,,false,team_reconciliation_and_current_weekly_role
2026,1,CFP_F983E0A0,Sanfrisco Magee,CFF_MSST,Mississippi State,WR,UL Monroe,True,2026-09-05T23:30Z,401856662,42.5,56.5,0.0,,MODELLED_ON_TEAM_RATES,CFBD/team roster,,1.099801361788204,week1-v1.0,2026-08-30T16:15:00+00:00,0.0,0.0,0.0,0.0,0.0,0.0,0.0,0.0,0.6178428277079192,8.059427619206446,0.081391816091879,1.9121364861798378,397,810,,false,team_reconciliation_and_current_weekly_role
2026,1,CFP_79F89D06,Cameron Kossmann,CFF_BC,Boston College,TE,Cincinnati,False,2026-09-05T19:30Z,401856777,22.0,51.5,0.0,,MODELLED_ON_TEAM_RATES,CFBD/team roster,,1.0721621357155173,week1-v1.0,2026-08-30T16:15:00+00:00,0.0,0.0,0.0,0.0,0.0,0.0,0.0,0.0,0.746245071167264,8.513582386078303,0.05153627112249554,1.9068209365100677,86,811,,false,team_reconciliation_and_current_weekly_role
2026,1,CFP_60AF3610,Chris Stewart,CFF_TEX,Texas,WR,Texas State,True,2026-09-05T19:30Z,401856667,45.0,59.5,0.0,,MODELLED_ON_TEAM_RATES,CFBD/team roster,,1.2010665467871695,week1-v1.0,2026-08-30T16:15:00+00:00,0.0,0.0,0.0,0.0,0.0,0.0,0.0,0.0,0.620521456993497,6.989959102309776,0.09622311846961314,1.8968560780421535,398,812,,false,team_reconciliation_and_current_weekly_role
2026,1,CFP_2C3DC8E3,Jameel Gardner Jr.,CFF_MSU,Michigan State,WR,Toledo,True,2026-09-05T00:00Z,401858429,29.75,49.5,0.0,,MODELLED_ON_TEAM_RATES,CFBD/team roster,,0.9944712290105945,week1-v1.0,2026-08-30T16:15:00+00:00,0.0,0.0,0.0,0.0,0.0,0.0,0.0,0.0,0.6633337703950313,8.084956832762582,0.07067171636250867,1.8958597518463414,399,813,,false,team_reconciliation_and_current_weekly_role
2026,1,CFP_C47CB6B8,Amir Jackson,CFF_FLA,Florida,TE,Florida Atlantic,True,2026-09-05T23:45Z,401856637,43.5,59.5,0.0,,MODELLED_ON_TEAM_RATES,CFBD/team roster,,1.349379445653079,week1-v1.0,2026-08-30T16:15:00+00:00,0.0,0.0,0.0,0.0,0.0,0.0,0.0,0.0,0.6286823896293035,7.879362835384711,0.07981571352284794,1.8955129543048623,87,814,,false,team_reconciliation_and_current_weekly_role
2026,1,CFP_E3F04E8E,Famah Toure,CFF_RUTG,Rutgers,WR,Massachusetts,True,2026-09-03T22:00Z,401858423,41.0,52.5,0.0,,MODELLED_ON_TEAM_RATES,CFBD/team roster,,0.9949491091581897,week1-v1.0,2026-08-30T16:15:00+00:00,0.0,0.0,0.0,0.0,0.0,0.0,0.0,0.0,0.6218985746700256,7.890639093848986,0.08025605941408219,1.8924988405394174,400,815,,false,team_reconciliation_and_current_weekly_role
2026,1,CFP_0A306B0B,Bradley Martino,CFF_MINN,Minnesota,WR,Eastern Illinois,True,2026-09-04T00:00Z,401858422,47.5,51.5,0.0,,MODELLED_ON_TEAM_RATES,CFBD/team roster,,1.0978094394672382,week1-v1.0,2026-08-30T16:15:00+00:00,0.0,0.0,0.0,0.0,0.0,0.0,0.0,0.0,0.6526849241867492,7.347933254176626,0.08369567016525364,1.8896522705959335,401,816,,false,team_reconciliation_and_current_weekly_role
2026,1,CFP_F87FD1D9,Wyatt Bowman,CFF_SYR,Syracuse,TE,New Hampshire,True,2026-09-05T16:00Z,401858208,44.5,55.5,0.0,,MODELLED_ON_TEAM_RATES,CFBD/team roster,,0.8965612075527484,week1-v1.0,2026-08-30T16:15:00+00:00,0.0,0.0,0.0,0.0,0.0,0.0,0.0,0.0,0.6159486243998287,7.8723758223948055,0.08099098799896262,1.889132134633085,88,817,,false,team_reconciliation_and_current_weekly_role
2026,1,CFP_05B802DD,Rod Gainey Jr.,CFF_LSU,LSU,RB,Clemson,True,2026-09-05T23:30Z,401856660,31.0,51.5,0.0,,MEDIUM,CFBD/team roster,,1.7538308908708469,week1-v1.0,2026-08-30T16:15:00+00:00,0.0,0.0,0.0,0.0,0.0,1.259363839569301,5.705768058716281,0.060480463747158916,0.37446957478481707,3.5912422655666854,0.03680060023911358,1.8878569911307486,240,818,,false,team_reconciliation_and_current_weekly_role
2026,1,CFP_8B158CA0,Vandrevius Jacobs,CFF_MIA,Miami,WR,Stanford,False,2026-09-05T01:00Z,401858206,36.0,47.5,0.0,,MODELLED_ON_TEAM_RATES,CFBD/team roster,,1.2336004056327041,week1-v1.0,2026-08-30T16:15:00+00:00,0.0,0.0,0.0,0.0,0.0,0.0,0.0,0.0,0.6026936692881296,8.065429791850088,0.07914596162418729,1.8841124182182623,402,819,,false,team_reconciliation_and_current_weekly_role
2026,1,CFP_772A1841,TJ Thomas,CFF_MINN,Minnesota,RB,Eastern Illinois,True,2026-09-04T00:00Z,401858422,47.5,51.5,0.0,,MEDIUM,CFBD/team roster,,1.4149571911858851,week1-v1.0,2026-08-30T16:15:00+00:00,0.0,0.0,0.0,0.0,0.0,1.3146783535707531,5.890596857310564,0.07764655448067859,0.2857128025477055,3.216557522912228,0.036637776663554326,1.8821342274353823,241,820,,false,team_reconciliation_and_current_weekly_role
2026,1,CFP_F0FEFF9F,Michael Dukes III,CFF_RUTG,Rutgers,RB,Massachusetts,True,2026-09-03T22:00Z,401858423,41.0,52.5,0.0,,MEDIUM,CFBD/team roster,,1.4035558670859156,week1-v1.0,2026-08-30T16:15:00+00:00,0.0,0.0,0.0,0.0,0.0,1.8946118308471853,8.887898170377085,0.10664363907610645,0.11331165945501126,1.4376965092081422,0.014622878462705604,1.8734702326464063,242,821,,false,team_reconciliation_and_current_weekly_role
2026,1,CFP_55605B99,Duke Clark,CFF_FLA,Florida,RB,Florida Atlantic,True,2026-09-05T23:45Z,401856637,43.5,59.5,0.0,,MEDIUM,CFBD/team roster,,1.4849222949720453,week1-v1.0,2026-08-30T16:15:00+00:00,0.0,0.0,0.0,0.0,0.0,1.5985532991817715,8.232521929763312,0.07913912419220753,0.19083357968403067,2.3917434945050537,0.024227684086365584,1.8734609717823059,243,822,,false,team_reconciliation_and_current_weekly_role
2026,1,CFP_22CF802C,Marquise Davis,CFF_LOU,Louisville,RB,Ole Miss,False,2026-09-06T23:30Z,401856661,24.5,55.5,0.0,,MEDIUM,CFBD/team roster,,1.9416879811508856,week1-v1.0,2026-08-30T16:15:00+00:00,0.0,0.0,0.0,0.0,0.0,1.8838850630170099,10.084659085333776,0.09323787535810205,0.11536876312608722,1.3336851706383237,0.009370153423688457,1.87285136141404,244,823,,false,team_reconciliation_and_current_weekly_role
2026,1,CFP_2E2ED440,Delvecchio Alston II,CFF_UK,Kentucky,RB,Youngstown State,True,2026-09-05T17:00Z,401856659,43.0,62.5,0.0,,MEDIUM,CFBD/team roster,,1.3128848275120106,week1-v1.0,2026-08-30T16:15:00+00:00,0.0,0.0,0.0,0.0,0.0,1.1042234516696547,5.791006274046032,0.05685370106550103,0.31571818015088166,4.0131461812038145,0.039150965762514596,1.8721614266439601,245,824,,false,team_reconciliation_and_current_weekly_role
2026,1,CFP_479DF492,Kahden Smith,CFF_VAN,Vanderbilt,WR,Austin Peay,True,2026-09-05T23:00Z,401856669,46.0,61.5,0.0,,MODELLED_ON_TEAM_RATES,CFBD/team roster,,1.1289160635015045,week1-v1.0,2026-08-30T16:15:00+00:00,0.0,0.0,0.0,0.0,0.0,0.0,0.0,0.0,0.5849670321379058,7.7655045851874895,0.08501071991877979,1.8715818101693338,403,825,,false,team_reconciliation_and_current_weekly_role
2026,1,CFP_C861FEA0,Luke Galer,CFF_ISU,Iowa State,TE,Southeast Missouri State,True,2026-09-05T17:00Z,401856779,41.5,53.5,0.0,,MODELLED_ON_TEAM_RATES,CFBD/team roster,,0.8834476895558036,week1-v1.0,2026-08-30T16:15:00+00:00,0.0,0.0,0.0,0.0,0.0,0.0,0.0,0.0,0.6488300019252078,7.865433138400814,0.0716331167313929,1.8651720161536467,89,826,,false,team_reconciliation_and_current_weekly_role
2026,1,CFP_C3DFBC97,Jackson McGohan,CFF_WISC,Wisconsin,WR,Notre Dame,False,2026-09-06T23:30Z,401858438,13.5,47.5,0.0,,MODELLED_ON_TEAM_RATES,CFBD/team roster,,1.2225508054845167,week1-v1.0,2026-08-30T16:15:00+00:00,0.0,0.0,0.0,0.0,0.0,0.0,0.0,0.0,0.8721397775792409,8.11661714796767,0.029408301143517713,1.860251299237114,404,827,,false,team_reconciliation_and_current_weekly_role
2026,1,CFP_8A78D05D,Xavier Okwufulueze,CFF_OU,Oklahoma,WR,UTEP,True,2026-09-05T00:00Z,401856664,46.0,50.5,0.0,,MODELLED_ON_TEAM_RATES,CFBD/team roster,,1.134596936003729,week1-v1.0,2026-08-30T16:15:00+00:00,0.0,0.0,0.0,0.0,0.0,0.0,0.0,0.0,0.6341723942507331,7.64772043737419,0.07668676972412705,1.8590650563329145,405,828,,false,team_reconciliation_and_current_weekly_role
2026,1,CFP_F4B5F14E,Jayden Cration,CFF_MSST,Mississippi State,WR,UL Monroe,True,2026-09-05T23:30Z,401856662,42.5,56.5,0.0,,MODELLED_ON_TEAM_RATES,CFBD/team roster,,1.069251323960754,week1-v1.0,2026-08-30T16:15:00+00:00,0.0,0.0,0.0,0.0,0.0,0.0,0.0,0.0,0.6006805269382548,7.835554629784045,0.07913093231154901,1.8590215837859532,406,829,,false,team_reconciliation_and_current_weekly_role
2026,1,CFP_739DC406,Noah Rogers,CFF_ALA,Alabama,WR,East Carolina,True,2026-09-05T16:00Z,401856634,41.0,53.5,0.0,,MODELLED_ON_TEAM_RATES,CFBD/team roster,,1.3031804944472645,week1-v1.0,2026-08-30T16:15:00+00:00,0.0,0.0,0.0,0.0,0.0,0.0,0.0,0.0,0.6839913328668787,6.108237981647798,0.0933253239750666,1.8547670748820582,407,830,,false,team_reconciliation_and_current_weekly_role
2026,1,CFP_B8EC829B,Madden Williams,CFF_TAMU,Texas A&M,WR,Missouri State,True,2026-09-05T23:00Z,401856668,47.5,53.5,0.0,,MODELLED_ON_TEAM_RATES,CFBD/team roster,,1.122190094478713,week1-v1.0,2026-08-30T16:15:00+00:00,0.0,0.0,0.0,0.0,0.0,0.0,0.0,0.0,0.558165920363059,7.841909924736491,0.08450257778436303,1.8493723795428862,408,831,,false,team_reconciliation_and_current_weekly_role
2026,1,CFP_C4345FDC,Bennett Christian,CFF_OSU,Ohio State,TE,Ball State,True,2026-09-05T16:30Z,401858432,53.5,56.5,0.0,,MODELLED_ON_TEAM_RATES,CFBD/team roster,,1.1258583436612164,week1-v1.0,2026-08-30T16:15:00+00:00,0.0,0.0,0.0,0.0,0.0,0.0,0.0,0.0,0.6719581558510402,7.298327203450956,0.07416068927587302,1.8467550118513738,90,832,,false,team_reconciliation_and_current_weekly_role
2026,1,CFP_D1C9977D,Brian Kortovich,CFF_PSU,Penn State,TE,Marshall,True,2026-09-05T19:30Z,401858434,39.5,54.5,0.0,,MODELLED_ON_TEAM_RATES,CFBD/team roster,,1.01441237020585,week1-v1.0,2026-08-30T16:15:00+00:00,0.0,0.0,0.0,0.0,0.0,0.0,0.0,0.0,0.5947985721813966,7.713074138587092,0.07980240896873034,1.8449204398524879,91,833,,false,team_reconciliation_and_current_weekly_role
2026,1,CFP_9B755EDD,Wesley Yarbrough,CFF_ARIZ,Arizona,RB,Northern Arizona,True,2026-09-06T01:30Z,401856773,44.0,56.5,0.0,,MEDIUM,CFBD/team roster,,1.3967514418840332,week1-v1.0,2026-08-30T16:15:00+00:00,0.0,0.0,0.0,0.0,0.0,1.2370370215714346,6.415903368416225,0.057189484713744174,0.27703783439297364,3.4831569748526414,0.038912109515709524,1.8435534340965825,246,834,,false,team_reconciliation_and_current_weekly_role
2026,1,CFP_C9EF3819,Trey Cooley,CFF_WASH,Washington,RB,Washington State,True,2026-09-06T20:00Z,401858437,37.0,50.5,0.0,,MEDIUM,CFBD/team roster,,1.3941707486378092,week1-v1.0,2026-08-30T16:15:00+00:00,0.0,0.0,0.0,0.0,0.0,1.1826443123328614,6.501376017014169,0.06680551527191161,0.25323930952333007,3.258744081305065,0.03491534238442103,1.8395764652932494,247,835,,false,team_reconciliation_and_current_weekly_role
2026,1,CFP_C4F23751,Chauncey Magwood,CFF_PUR,Purdue,WR,Indiana State,True,2026-09-04T23:00Z,401858435,46.0,56.5,0.0,,MODELLED_ON_TEAM_RATES,CFBD/team roster,,0.9460463864552161,week1-v1.0,2026-08-30T16:15:00+00:00,0.0,0.0,0.0,0.0,0.0,0.0,0.0,0.0,0.6326997410529703,7.605475977407371,0.07425385902878347,1.8387704929664084,409,836,,false,team_reconciliation_and_current_weekly_role
2026,1,CFP_4EDA5342,Jae Lamar,CFF_UGA,Georgia,RB,Tennessee State,True,2026-09-05T19:00Z,401856658,51.5,56.5,0.0,,MEDIUM,CFBD/team roster,,1.4898013078886343,week1-v1.0,2026-08-30T16:15:00+00:00,0.0,0.0,0.0,0.0,0.0,1.140589810427386,5.842851768456012,0.0686722862633945,0.34905287461175494,2.125690259791187,0.046687495288047255,1.8380657667451255,248,837,,false,team_reconciliation_and_current_weekly_role
2026,1,CFP_91292A66,Rashid Williams,CFF_WASH,Washington,WR,Washington State,True,2026-09-06T20:00Z,401858437,37.0,50.5,0.0,,MODELLED_ON_TEAM_RATES,CFBD/team roster,,1.0498387687547963,week1-v1.0,2026-08-30T16:15:00+00:00,0.0,0.0,0.0,0.0,0.0,0.0,0.0,0.0,0.5885157890419122,7.573162112567791,0.08114155070045717,1.8326813045014343,410,838,,false,team_reconciliation_and_current_weekly_role
2026,1,CFP_04233F2C,Leyton Stone,CFF_TTU,Texas Tech,WR,Abilene Christian,True,2026-09-05T23:00Z,401856770,51.0,59.5,0.0,,MODELLED_ON_TEAM_RATES,CFBD/team roster,,1.1927666539785011,week1-v1.0,2026-08-30T16:15:00+00:00,0.0,0.0,0.0,0.0,0.0,0.0,0.0,0.0,0.5856074312981382,7.491597736316401,0.08285414278410656,1.8318920616344176,411,839,,false,team_reconciliation_and_current_weekly_role
2026,1,CFP_5764DA60,Max Lovett,CFF_KSU,Kansas State,WR,Nicholls,True,2026-09-05T23:00Z,401856771,48.0,55.5,0.0,,MODELLED_ON_TEAM_RATES,CFBD/team roster,,1.2453966909662,week1-v1.0,2026-08-30T16:15:00+00:00,0.0,0.0,0.0,0.0,0.0,0.0,0.0,0.0,0.58012000488998,7.408266575991664,0.08501489865946907,1.8310360544459607,412,840,,false,team_reconciliation_and_current_weekly_role
2026,1,CFP_77EC8418,Talyn Taylor,CFF_UGA,Georgia,WR,Tennessee State,True,2026-09-05T19:00Z,401856658,51.5,56.5,0.0,,MODELLED_ON_TEAM_RATES,CFBD/team roster,,1.2881825146116643,week1-v1.0,2026-08-30T16:15:00+00:00,0.0,0.0,0.0,0.0,0.0,0.0,0.0,0.0,0.7585132627802862,4.619255052426914,0.10145478509914947,1.8291674786178744,413,841,,false,team_reconciliation_and_current_weekly_role
2026,1,CFP_A43AFEDF,Brayden Robinson,CFF_ND,Notre Dame,WR,Wisconsin,True,2026-09-06T23:30Z,401858438,34.0,47.5,0.0,,MODELLED_ON_TEAM_RATES,CFBD/team roster,,1.0998799816508518,week1-v1.0,2026-08-30T16:15:00+00:00,0.0,0.0,0.0,0.0,0.0,0.0,0.0,0.0,0.6213583321573946,7.324984862888427,0.07870517678687707,1.8260878791675,414,842,,false,team_reconciliation_and_current_weekly_role
2026,1,CFP_7B9A0263,Luke Harpring,CFF_FLA,Florida,TE,Florida Atlantic,True,2026-09-05T23:45Z,401856637,43.5,59.5,0.0,,MODELLED_ON_TEAM_RATES,CFBD/team roster,,1.2964610719806506,week1-v1.0,2026-08-30T16:15:00+00:00,0.0,0.0,0.0,0.0,0.0,0.0,0.0,0.0,0.6040274641946144,7.570359264768048,0.07668559488443237,1.8211769599780134,92,843,,false,team_reconciliation_and_current_weekly_role
2026,1,CFP_3676BA94,Bryson Baker,CFF_UTAH,Utah,WR,Idaho,True,2026-09-04T01:00Z,401856768,45.0,56.5,0.0,,MODELLED_ON_TEAM_RATES,CFBD/team roster,,1.2741318015861796,week1-v1.0,2026-08-30T16:15:00+00:00,0.0,0.0,0.0,0.0,0.0,0.0,0.0,0.0,0.6675353859017299,5.041281838536567,0.1078121403029943,1.8185364115733522,415,844,,false,team_reconciliation_and_current_weekly_role
2026,1,CFP_4BFDE940,Zion Crumpton,CFF_MSST,Mississippi State,WR,UL Monroe,True,2026-09-05T23:30Z,401856662,42.5,56.5,0.0,,MODELLED_ON_TEAM_RATES,CFBD/team roster,,1.0454008558323062,week1-v1.0,2026-08-30T16:15:00+00:00,0.0,0.0,0.0,0.0,0.0,0.0,0.0,0.0,0.5872818886180783,7.660776594182349,0.07736585637778264,1.817554686303009,416,845,,false,team_reconciliation_and_current_weekly_role
2026,1,CFP_8F1C6440,Que'Sean Brown,CFF_VT,Virginia Tech,WR,VMI,True,2026-09-05T23:30Z,401858211,54.5,57.5,0.0,,MODELLED_ON_TEAM_RATES,CFBD/team roster,,1.1759184301069083,week1-v1.0,2026-08-30T16:15:00+00:00,0.0,0.0,0.0,0.0,0.0,0.07710470124824592,0.43210850884577523,0.004566472894794504,0.5827541149692778,7.218527672093526,0.0719522538916884,1.8069300937821053,417,846,,false,team_reconciliation_and_current_weekly_role
2026,1,CFP_716B5491,Hank Hendrix,CFF_ARK,Arkansas,QB,North Alabama,True,2026-09-05T20:15Z,401856635,52.0,63.5,0.0456071737847724,LOW,HIGH,CFBD/team roster,,1.4486548393354617,week1-v1.0,2026-08-30T16:15:00+00:00,1.6749591646961524,1.0555225075759254,14.200728320746542,0.1302743139122128,0.041610993235817025,0.9264007595266226,3.47226645604515,0.06697612078484623,0.0,0.0,0.0,1.7965987655564883,90,847,,false,team_reconciliation_and_current_weekly_role
2026,1,CFP_D1B0EFE7,Jordon Gidron,CFF_SC,South Carolina,WR,Kent State,True,2026-09-05T16:45Z,401856665,45.0,53.5,0.0,,MODELLED_ON_TEAM_RATES,CFBD/team roster,,1.1933140681690582,week1-v1.0,2026-08-30T16:15:00+00:00,0.0,0.0,0.0,0.0,0.0,0.0,0.0,0.0,0.5740200032672065,7.875659878160125,0.07211710999036178,1.7942886510253895,418,848,,false,team_reconciliation_and_current_weekly_role
2026,1,CFP_4022506E,Zion Legree,CFF_WISC,Wisconsin,WR,Notre Dame,False,2026-09-06T23:30Z,401858438,13.5,47.5,0.0,,MODELLED_ON_TEAM_RATES,CFBD/team roster,,1.1786015890693642,week1-v1.0,2026-08-30T16:15:00+00:00,0.0,0.0,0.0,0.0,0.0,0.0,0.0,0.0,0.8407874119702694,7.8248346208165005,0.028351108439901435,1.7933775246913282,419,849,,false,team_reconciliation_and_current_weekly_role
2026,1,CFP_BFAB950D,Carter Bashir,CFF_SYR,Syracuse,TE,New Hampshire,True,2026-09-05T16:00Z,401858208,44.5,55.5,0.0,,MODELLED_ON_TEAM_RATES,CFBD/team roster,,0.84887584808048,week1-v1.0,2026-08-30T16:15:00+00:00,0.0,0.0,0.0,0.0,0.0,0.0,0.0,0.0,0.5831881934069151,7.4536681336956985,0.07668332406680718,1.788654951177328,93,850,,false,team_reconciliation_and_current_weekly_role
2026,1,CFP_0864B1BB,Brennen Ward,CFF_UK,Kentucky,QB,Youngstown State,True,2026-09-05T17:00Z,401856659,43.0,62.5,0.0751374571883326,LOW,HIGH,CFBD/team roster,,1.4614375502540466,week1-v1.0,2026-08-30T16:15:00+00:00,2.259084219543073,1.3673040541324073,17.137717134230293,0.17166740386222284,0.07509871338687651,0.7159012562544619,2.2212120807983147,0.044398881049919965,0.0,0.0,0.0,1.7855940818105778,91,851,,false,team_reconciliation_and_current_weekly_role
2026,1,CFP_82093B2B,Linkon Cure,CFF_KSU,Kansas State,TE,Nicholls,True,2026-09-05T23:00Z,401856771,48.0,55.5,0.0,,MODELLED_ON_TEAM_RATES,CFBD/team roster,,1.2136001549060909,week1-v1.0,2026-08-30T16:15:00+00:00,0.0,0.0,0.0,0.0,0.0,0.0,0.0,0.0,0.5653088151795236,7.219124259302457,0.08284436190561345,1.78428741254345,94,852,,false,team_reconciliation_and_current_weekly_role
2026,1,CFP_A2EDC954,Jonathan Hatton Jr.,CFF_OU,Oklahoma,RB,UTEP,True,2026-09-05T00:00Z,401856664,46.0,50.5,0.0,,MEDIUM,CFBD/team roster,,1.3804578942487804,week1-v1.0,2026-08-30T16:15:00+00:00,0.0,0.0,0.0,0.0,0.0,1.5689724739556536,7.90838271744838,0.08105259351282537,0.17130356998441693,2.0658133735272903,0.020714741832679007,1.7793271911550104,249,853,,false,team_reconciliation_and_current_weekly_role
2026,1,CFP_51A22028,Josh Manning,CFF_KSU,Kansas State,WR,Nicholls,True,2026-09-05T23:00Z,401856771,48.0,55.5,0.0,,MODELLED_ON_TEAM_RATES,CFBD/team roster,,1.2123603659736848,week1-v1.0,2026-08-30T16:15:00+00:00,0.0,0.0,0.0,0.0,0.0,0.056762361288680986,0.37916774090236777,0.0034138060490591722,0.5438213807654841,6.9447247543180834,0.07969544091726033,1.7748661120854463,420,854,,false,team_reconciliation_and_current_weekly_role
2026,1,CFP_430D4C20,Markeylin Batton,CFF_ARK,Arkansas,RB,North Alabama,True,2026-09-05T20:15Z,401856635,52.0,63.5,0.0,,MEDIUM,CFBD/team roster,,1.2005944092458563,week1-v1.0,2026-08-30T16:15:00+00:00,0.0,0.0,0.0,0.0,0.0,0.22602883944890564,1.435082346090239,0.01324637549793764,0.4995199231071808,6.796932099486677,0.06206651538423049,1.7745987129578813,250,855,,false,team_reconciliation_and_current_weekly_role
2026,1,CFP_1BBB04EC,Ryan Estrada,CFF_MINN,Minnesota,RB,Eastern Illinois,True,2026-09-04T00:00Z,401858422,47.5,51.5,0.0,,MEDIUM,CFBD/team roster,,1.3184878980161572,week1-v1.0,2026-08-30T16:15:00+00:00,0.0,0.0,0.0,0.0,0.0,0.9083857440098833,4.070147039659432,0.053650402754531416,0.359806640527518,4.050706674893656,0.04613904319359259,1.7706286876715709,251,856,,false,team_reconciliation_and_current_weekly_role
2026,1,CFP_0E38EC34,Zack Turner,CFF_SMU,SMU,TE,Florida State,False,2026-09-07T23:30Z,401858212,28.25,53.5,0.0,,MODELLED_ON_TEAM_RATES,CFBD/team roster,,1.1175434463938398,week1-v1.0,2026-08-30T16:15:00+00:00,0.0,0.0,0.0,0.0,0.0,0.0,0.0,0.0,0.6969685451372759,7.784958536601629,0.04835726876557636,1.765608011390897,95,857,,false,team_reconciliation_and_current_weekly_role
2026,1,CFP_46127B45,Tyler Ruxer,CFF_OU,Oklahoma,TE,UTEP,True,2026-09-05T00:00Z,401856664,46.0,50.5,0.0,,MODELLED_ON_TEAM_RATES,CFBD/team roster,,1.0760411625830641,week1-v1.0,2026-08-30T16:15:00+00:00,0.0,0.0,0.0,0.0,0.0,0.0,0.0,0.0,0.6014431898531067,7.253026805737239,0.07272901788306803,1.7631199777252389,96,858,,false,team_reconciliation_and_current_weekly_role
2026,1,CFP_B4D0691C,Jonathan Brown,CFF_MICH,Michigan,RB,Western Michigan,True,2026-09-05T23:30Z,401858428,38.0,48.5,0.0,,MEDIUM,CFBD/team roster,,1.3834194414461323,week1-v1.0,2026-08-30T16:15:00+00:00,0.0,0.0,0.0,0.0,0.0,1.424047286907174,8.325359076212761,0.08719200179048678,0.16245403039751496,1.5645184192135562,0.014221713546446864,1.7599240719617486,252,859,,false,team_reconciliation_and_current_weekly_role
2026,1,CFP_B6233B36,Henry Boyer,CFF_UK,Kentucky,TE,Youngstown State,True,2026-09-05T17:00Z,401856659,43.0,62.5,0.0,,MODELLED_ON_TEAM_RATES,CFBD/team roster,,0.938060825264872,week1-v1.0,2026-08-30T16:15:00+00:00,0.0,0.0,0.0,0.0,0.0,0.0,0.0,0.0,0.5834163774256783,7.415902391172726,0.0723471629253886,1.7590895940952826,97,860,,false,team_reconciliation_and_current_weekly_role
2026,1,CFP_325AC4E1,Izayah Lee,CFF_VAN,Vanderbilt,RB,Austin Peay,True,2026-09-05T23:00Z,401856669,46.0,61.5,0.0,,MEDIUM,CFBD/team roster,,1.3132490957613763,week1-v1.0,2026-08-30T16:15:00+00:00,0.0,0.0,0.0,0.0,0.0,1.4203484047415555,8.783318117673096,0.07964272159960341,0.1258987882386498,1.6713208841251406,0.0182963244714045,1.7589969648445207,253,861,,false,team_reconciliation_and_current_weekly_role
2026,1,CFP_F1662170,Dillon Gresham,CFF_ORE,Oregon,WR,Boise State,True,2026-09-05T19:30Z,401858433,38.0,51.5,0.0,,MODELLED_ON_TEAM_RATES,CFBD/team roster,,0.9959930103235667,week1-v1.0,2026-08-30T16:15:00+00:00,0.0,0.0,0.0,0.0,0.0,0.0,0.0,0.0,0.5900151066696779,7.462371117025673,0.07009509993199284,1.7568228179642023,421,862,,false,team_reconciliation_and_current_weekly_role
2026,1,CFP_C3C15BF2,Jayvian Tanelus,CFF_DUKE,Duke,RB,Tulane,True,2026-09-05T19:30Z,401858209,30.0,50.5,0.0,,MEDIUM,CFBD/team roster,,1.3802298385701424,week1-v1.0,2026-08-30T16:15:00+00:00,0.0,0.0,0.0,0.0,0.0,1.1845047619762448,5.219640694917269,0.059165149494489,0.3054091909178961,3.8021634145035335,0.03193915278688452,1.7542154155482175,254,863,,false,team_reconciliation_and_current_weekly_role
2026,1,CFP_B3999BE7,Jourdin Houston,CFF_RUTG,Rutgers,WR,Massachusetts,True,2026-09-03T22:00Z,401858423,41.0,52.5,0.0,,MODELLED_ON_TEAM_RATES,CFBD/team roster,,0.9212381223669261,week1-v1.0,2026-08-30T16:15:00+00:00,0.0,0.0,0.0,0.0,0.0,0.0,0.0,0.0,0.5758251049809147,7.306059652882968,0.07431027456846784,1.7522927176800187,422,864,,false,team_reconciliation_and_current_weekly_role
2026,1,CFP_126621F5,Brycen Coleman,CFF_VAN,Vanderbilt,WR,Austin Peay,True,2026-09-05T23:00Z,401856669,46.0,61.5,0.0,,MODELLED_ON_TEAM_RATES,CFBD/team roster,,1.078171723561397,week1-v1.0,2026-08-30T16:15:00+00:00,0.0,0.0,0.0,0.0,0.0,0.15831215950829777,0.9799755600273635,0.00894905697351483,0.4997066367680858,6.633663037195522,0.0726201967050896,1.7504860185620008,423,865,,false,team_reconciliation_and_current_weekly_role
2026,1,CFP_EF9BE5FC,Mekhi Dodd,CFF_BC,Boston College,RB,Cincinnati,False,2026-09-05T19:30Z,401856777,22.0,51.5,0.0,,MEDIUM,CFBD/team roster,,1.495877678947578,week1-v1.0,2026-08-30T16:15:00+00:00,0.0,0.0,0.0,0.0,0.0,0.9236956544904136,3.96615459310281,0.03475694512949259,0.4474729866667314,5.105022846680686,0.030902836148422045,1.748549418312569,255,866,,false,team_reconciliation_and_current_weekly_role
2026,1,CFP_9D61D217,Kiotti Armstrong,CFF_TAMU,Texas A&M,TE,Missouri State,True,2026-09-05T23:00Z,401856668,47.5,53.5,0.0,,MODELLED_ON_TEAM_RATES,CFBD/team roster,,1.0594437540644952,week1-v1.0,2026-08-30T16:15:00+00:00,0.0,0.0,0.0,0.0,0.0,0.0,0.0,0.0,0.5269565298872102,7.403435951337432,0.0797776853284199,1.7459662369914728,98,867,,false,team_reconciliation_and_current_weekly_role
2026,1,CFP_CF0943F4,Zion Robinson,CFF_STAN,Stanford,WR,Miami,True,2026-09-05T01:00Z,401858206,11.5,47.5,0.0,,MODELLED_ON_TEAM_RATES,CFBD/team roster,,1.5635566273666945,week1-v1.0,2026-08-30T16:15:00+00:00,0.0,0.0,0.0,0.0,0.0,0.0,0.0,0.0,0.894039599241432,6.7640807559636285,0.028899356011502904,1.7438438109068122,424,868,,true,team_reconciliation_and_current_weekly_role
2026,1,CFP_B42D8F03,Nick Townsend,CFF_TEX,Texas,TE,Texas State,True,2026-09-05T19:30Z,401856667,45.0,59.5,0.0,,MODELLED_ON_TEAM_RATES,CFBD/team roster,,1.1204386938451947,week1-v1.0,2026-08-30T16:15:00+00:00,0.0,0.0,0.0,0.0,0.0,0.17326534104960536,0.8902678838597031,0.009627916647229416,0.5217257402284085,5.877059601594224,0.08090304879041574,1.741644281399672,99,869,,false,team_reconciliation_and_current_weekly_role
2026,1,CFP_41F073BD,AK Dear,CFF_ALA,Alabama,RB,East Carolina,True,2026-09-05T16:00Z,401856634,41.0,53.5,0.0,,MEDIUM,CFBD/team roster,,1.4014891944717036,week1-v1.0,2026-08-30T16:15:00+00:00,0.0,0.0,0.0,0.0,0.0,1.0648775561275072,5.362569824696595,0.07457752668599932,0.2778501349965714,2.481281072200862,0.037910500643898816,1.737163388665706,256,870,,false,team_reconciliation_and_current_weekly_role
2026,1,CFP_D05DEDED,Jett Walker,CFF_TEX,Texas,RB,Texas State,True,2026-09-05T19:30Z,401856667,45.0,59.5,0.0,,MEDIUM,CFBD/team roster,,1.321571044284333,week1-v1.0,2026-08-30T16:15:00+00:00,0.0,0.0,0.0,0.0,0.0,0.8540309366848383,4.378299084796167,0.04865371514654712,0.32887240485309077,3.7046336333627505,0.0509976375787069,1.7350737930205067,257,871,,false,team_reconciliation_and_current_weekly_role
2026,1,CFP_1B7BB887,Junior Henderson,CFF_MSST,Mississippi State,WR,UL Monroe,True,2026-09-05T23:30Z,401856662,42.5,56.5,0.0,,MODELLED_ON_TEAM_RATES,CFBD/team roster,,0.9971639539994901,week1-v1.0,2026-08-30T16:15:00+00:00,0.0,0.0,0.0,0.0,0.0,0.0,0.0,0.0,0.560183518981766,7.307292926673291,0.07379603988252478,1.7336890509442437,425,872,,false,team_reconciliation_and_current_weekly_role
2026,1,CFP_6798663F,Luke Hasz,CFF_MISS,Ole Miss,TE,Louisville,True,2026-09-06T23:30Z,401856661,31.0,55.5,0.0,,MODELLED_ON_TEAM_RATES,CFBD/team roster,,1.0396414812072736,week1-v1.0,2026-08-30T16:15:00+00:00,0.0,0.0,0.0,0.0,0.0,0.0,0.0,0.0,0.5729253474414867,8.451777727854031,0.05188702937952524,1.7294252965040413,100,873,,false,team_reconciliation_and_current_weekly_role
2026,1,CFP_599A93F8,Lloyd Avant,CFF_OU,Oklahoma,RB,UTEP,True,2026-09-05T00:00Z,401856664,46.0,50.5,0.0,,MEDIUM,CFBD/team roster,,1.3411775717776842,week1-v1.0,2026-08-30T16:15:00+00:00,0.0,0.0,0.0,0.0,0.0,1.6628426219700945,8.228912775949556,0.08869845947959619,0.12699627869127764,1.5314952918523859,0.015356919456144895,1.7273693590859185,258,874,,true,team_reconciliation_and_current_weekly_role
2026,1,CFP_8A7A6B1F,Link Rhodes,CFF_SMU,SMU,RB,Florida State,False,2026-09-07T23:30Z,401858212,28.25,53.5,0.0,,MEDIUM,CFBD/team roster,,1.4262840873285931,week1-v1.0,2026-08-30T16:15:00+00:00,0.0,0.0,0.0,0.0,0.0,0.5093727448550557,2.5303608304906815,0.02482432138776277,0.5229226728368791,5.84091112043254,0.03628156881743627,1.7266852091603955,259,875,,false,team_reconciliation_and_current_weekly_role
2026,1,CFP_62E8EB5E,Nate Roberts,CFF_OSU,Ohio State,TE,Ball State,True,2026-09-05T16:30Z,401858432,53.5,56.5,0.0,,MODELLED_ON_TEAM_RATES,CFBD/team roster,,1.078983336110342,week1-v1.0,2026-08-30T16:15:00+00:00,0.0,0.0,0.0,0.0,0.0,0.19552887346546824,1.0315643472601335,0.012653931778243949,0.5627870462850147,6.112588966867553,0.062112015316146484,1.725798060264126,101,876,,true,team_reconciliation_and_current_weekly_role
2026,1,CFP_A09BCE8A,Phillip Bell,CFF_OSU,Ohio State,WR,Ball State,True,2026-09-05T16:30Z,401858432,53.5,56.5,0.0,,MODELLED_ON_TEAM_RATES,CFBD/team roster,,1.0495472913469637,week1-v1.0,2026-08-30T16:15:00+00:00,0.0,0.0,0.0,0.0,0.0,0.0,0.0,0.0,0.6264126089597809,6.803644162582834,0.0691340531356739,1.7215813440321077,426,877,,false,team_reconciliation_and_current_weekly_role
2026,1,CFP_6AB89286,Tyran Evans,CFF_MIA,Miami,WR,Stanford,False,2026-09-05T01:00Z,401858206,36.0,47.5,0.0,,MODELLED_ON_TEAM_RATES,CFBD/team roster,,1.1262855054805347,week1-v1.0,2026-08-30T16:15:00+00:00,0.0,0.0,0.0,0.0,0.0,0.0,0.0,0.0,0.5502633923145847,7.363791896106374,0.07226079773289396,1.7202073683225858,427,878,,false,team_reconciliation_and_current_weekly_role
2026,1,CFP_DCE77C7D,A.J. Brand,CFF_VT,Virginia Tech,WR,VMI,True,2026-09-05T23:30Z,401858211,54.5,57.5,0.0,,MODELLED_ON_TEAM_RATES,CFBD/team roster,,1.111278962282898,week1-v1.0,2026-08-30T16:15:00+00:00,0.0,0.0,0.0,0.0,0.0,0.0,0.0,0.0,0.5770371027230127,7.147711507880705,0.07124637828124018,1.7192865231985244,428,879,,false,team_reconciliation_and_current_weekly_role
2026,1,CFP_4CA94CFE,Daidren Zipperer,CFF_UTAH,Utah,WR,Idaho,True,2026-09-04T01:00Z,401856768,45.0,56.5,0.0,,MODELLED_ON_TEAM_RATES,CFBD/team roster,,1.2039371494716355,week1-v1.0,2026-08-30T16:15:00+00:00,0.0,0.0,0.0,0.0,0.0,0.0,0.0,0.0,0.6307594305969596,4.7635468158121475,0.10187253839299422,1.7183493425361398,429,880,,false,team_reconciliation_and_current_weekly_role
2026,1,CFP_67F03196,Jayytee Taylor,CFF_MSST,Mississippi State,WR,UL Monroe,True,2026-09-05T23:30Z,401856662,42.5,56.5,0.0,,MODELLED_ON_TEAM_RATES,CFBD/team roster,,0.9813529695098447,week1-v1.0,2026-08-30T16:15:00+00:00,0.0,0.0,0.0,0.0,0.0,0.0,0.0,0.0,0.5513012756009747,7.191428835656432,0.07262593336463471,1.7061997593544262,430,881,,false,team_reconciliation_and_current_weekly_role
2026,1,CFP_789CA502,Rico Blassingame,CFF_MINN,Minnesota,WR,Eastern Illinois,True,2026-09-04T00:00Z,401858422,47.5,51.5,0.0,,MODELLED_ON_TEAM_RATES,CFBD/team roster,,0.991037122255506,week1-v1.0,2026-08-30T16:15:00+00:00,0.0,0.0,0.0,0.0,0.0,0.0,0.0,0.0,0.5892051623453839,6.633277475076818,0.07555547722933778,1.7058657732290925,431,882,,false,team_reconciliation_and_current_weekly_role
2026,1,CFP_A36192E9,Mack Sutter,CFF_ALA,Alabama,TE,East Carolina,True,2026-09-05T16:00Z,401856634,41.0,53.5,0.0,,MODELLED_ON_TEAM_RATES,CFBD/team roster,,1.1944684955044662,week1-v1.0,2026-08-30T16:15:00+00:00,0.0,0.0,0.0,0.0,0.0,0.0,0.0,0.0,0.6269324178721097,5.59868557211384,0.0855400766017801,1.7000414346941746,102,883,,false,team_reconciliation_and_current_weekly_role
2026,1,CFP_06847F3E,Roman Voss,CFF_MINN,Minnesota,TE,Eastern Illinois,True,2026-09-04T00:00Z,401858422,47.5,51.5,0.0,,MODELLED_ON_TEAM_RATES,CFBD/team roster,,0.9856636858728084,week1-v1.0,2026-08-30T16:15:00+00:00,0.0,0.0,0.0,0.0,0.0,0.0,0.0,0.0,0.5860104722726102,6.597311623020757,0.07514581290785181,1.6966165120217966,103,884,,false,team_reconciliation_and_current_weekly_role
2026,1,CFP_21829F45,Trynae Washington,CFF_OU,Oklahoma,TE,UTEP,True,2026-09-05T00:00Z,401856664,46.0,50.5,0.0,,MODELLED_ON_TEAM_RATES,CFBD/team roster,,1.03247129451318,week1-v1.0,2026-08-30T16:15:00+00:00,0.0,0.0,0.0,0.0,0.0,0.0,0.0,0.0,0.5770902177321102,6.95934527010276,0.06978415496870632,1.6917296745546242,104,885,,false,team_reconciliation_and_current_weekly_role
2026,1,CFP_A0F574B3,Sequel Patterson,CFF_SC,South Carolina,WR,Kent State,True,2026-09-05T16:45Z,401856665,45.0,53.5,0.0,,MODELLED_ON_TEAM_RATES,CFBD/team roster,,1.1201985715476461,week1-v1.0,2026-08-30T16:15:00+00:00,0.0,0.0,0.0,0.0,0.0,0.0,0.0,0.0,0.5388492475298656,7.393110649442388,0.0676984255446679,1.684350865742112,432,886,,false,team_reconciliation_and_current_weekly_role
2026,1,CFP_76F45933,Graham Knowles,CFF_GT,Georgia Tech,QB,Colorado,True,2026-09-04T00:00Z,401856776,28.5,50.5,0.25619634076698306,LOW,HIGH,CFBD/team roster,,5.35230196368613,week1-v1.0,2026-08-30T16:15:00+00:00,0.0,0.0,0.0,0.0,0.0,2.4171226054923287,7.9312327273608965,0.14852046574693534,0.0,0.0,0.0,1.6842460672177018,92,887,,false,team_reconciliation_and_current_weekly_role
2026,1,CFP_710EA4F3,Larry Porter IV,CFF_KSU,Kansas State,WR,Nicholls,True,2026-09-05T23:00Z,401856771,48.0,55.5,0.0,,MODELLED_ON_TEAM_RATES,CFBD/team roster,,1.143457793577095,week1-v1.0,2026-08-30T16:15:00+00:00,0.0,0.0,0.0,0.0,0.0,0.0,0.0,0.0,0.5326357020322556,6.801881050962477,0.0780562122474558,1.6811610806132382,433,888,,false,team_reconciliation_and_current_weekly_role
2026,1,CFP_E5E54E83,Izaiah Hartrup,CFF_MISS,Ole Miss,WR,Louisville,True,2026-09-06T23:30Z,401856661,31.0,55.5,0.0,,MODELLED_ON_TEAM_RATES,CFBD/team roster,,1.0105773244144016,week1-v1.0,2026-08-30T16:15:00+00:00,0.0,0.0,0.0,0.0,0.0,0.0,0.0,0.0,0.5569086797443558,8.21550032116995,0.05043647860345226,1.6810775834820646,434,889,,false,team_reconciliation_and_current_weekly_role
2026,1,CFP_0E68C60B,Taevion Swint,CFF_UCF,UCF,RB,Bethune-Cookman,True,2026-09-03T23:00Z,401856767,50.5,58.5,0.0,,MEDIUM,CFBD/team roster,,1.296063857551049,week1-v1.0,2026-08-30T16:15:00+00:00,0.0,0.0,0.0,0.0,0.0,0.384451810291118,2.31753978450314,0.023003728279587046,0.42214699228710983,5.567937150156513,0.05514200529255015,1.6795690871858984,260,890,,false,team_reconciliation_and_current_weekly_role
2026,1,CFP_84B4A949,Maurice Mathis Jr.,CFF_ALA,Alabama,WR,East Carolina,True,2026-09-05T16:00Z,401856634,41.0,53.5,0.0,,MODELLED_ON_TEAM_RATES,CFBD/team roster,,1.1772120287941477,week1-v1.0,2026-08-30T16:15:00+00:00,0.0,0.0,0.0,0.0,0.0,0.0,0.0,0.0,0.6178751355416451,5.517801453729522,0.08430428052190671,1.6754809640460375,435,891,,false,team_reconciliation_and_current_weekly_role
2026,1,CFP_08E2DB69,Javari Barnett,CFF_ILL,Illinois,RB,UAB,True,2026-09-04T01:00Z,401858424,42.0,55.5,0.0,,MEDIUM,CFBD/team roster,,1.279412136607137,week1-v1.0,2026-08-30T16:15:00+00:00,0.0,0.0,0.0,0.0,0.0,1.994830037353431,9.88761070196842,0.11441568044916854,0.0,0.0,0.0,1.6752551528918533,261,892,,false,team_reconciliation_and_current_weekly_role
2026,1,CFP_AFFFE64A,Andre Nickerson Jr.,CFF_SMU,SMU,TE,Florida State,False,2026-09-07T23:30Z,401858212,28.25,53.5,0.0,,MODELLED_ON_TEAM_RATES,CFBD/team roster,,1.0540498711709243,week1-v1.0,2026-08-30T16:15:00+00:00,0.0,0.0,0.0,0.0,0.0,0.0,0.0,0.0,0.657370062508723,7.342653718792517,0.04560983564174609,1.6652944482384515,105,893,,false,team_reconciliation_and_current_weekly_role
2026,1,CFP_2DE9532A,Houston Thomas,CFF_TAMU,Texas A&M,TE,Missouri State,True,2026-09-05T23:00Z,401856668,47.5,53.5,0.0,,MODELLED_ON_TEAM_RATES,CFBD/team roster,,1.0094491293199876,week1-v1.0,2026-08-30T16:15:00+00:00,0.0,0.0,0.0,0.0,0.0,0.0,0.0,0.0,0.5020897128737464,7.054071484571621,0.07601301596708923,1.663574957133444,106,894,,false,team_reconciliation_and_current_weekly_role
2026,1,CFP_408E5771,Hawkins Polley,CFF_BAY,Baylor,TE,Auburn,False,2026-09-05T19:30Z,401856636,25.75,58.5,0.0,,MODELLED_ON_TEAM_RATES,CFBD/team roster,,1.072669710124895,week1-v1.0,2026-08-30T16:15:00+00:00,0.0,0.0,0.0,0.0,0.0,0.0,0.0,0.0,0.5653228069855285,7.013860428126787,0.06607674009632984,1.6631692903761863,107,895,,false,team_reconciliation_and_current_weekly_role
2026,1,CFP_213F3F3E,Shamar Rigby,CFF_WISC,Wisconsin,WR,Notre Dame,False,2026-09-06T23:30Z,401858438,13.5,47.5,0.0,,MODELLED_ON_TEAM_RATES,CFBD/team roster,,1.0878936172901454,week1-v1.0,2026-08-30T16:15:00+00:00,0.0,0.0,0.0,0.0,0.0,0.0,0.0,0.0,0.7760784199371413,7.222616802221394,0.026169139937460527,1.655354939784044,436,896,,false,team_reconciliation_and_current_weekly_role
2026,1,CFP_E971BAFC,Anthony Miller,CFF_ASU,Arizona State,TE,Morgan State,True,2026-09-06T02:00Z,401856774,47.0,52.5,0.0,,MODELLED_ON_TEAM_RATES,CFBD/team roster,,0.9889172981663853,week1-v1.0,2026-08-30T16:15:00+00:00,0.0,0.0,0.0,0.0,0.0,0.0,0.0,0.0,0.5346266638118454,6.7906377294916656,0.07351238195885305,1.6547647285141303,108,897,,false,team_reconciliation_and_current_weekly_role
2026,1,CFP_5BCDDA21,Jake Johnson,CFF_AUB,Auburn,TE,Baylor,True,2026-09-05T19:30Z,401856636,32.75,58.5,0.0,,MODELLED_ON_TEAM_RATES,CFBD/team roster,,0.8139035013841447,week1-v1.0,2026-08-30T16:15:00+00:00,0.0,0.0,0.0,0.0,0.0,0.0,0.0,0.0,0.5726459282654922,6.290935263758606,0.07464537278396635,1.649611691345151,109,898,,true,team_reconciliation_and_current_weekly_role
2026,1,CFP_9EA9A18B,Bo Walker,CFF_UGA,Georgia,RB,Tennessee State,True,2026-09-05T19:00Z,401856658,51.5,56.5,0.0,,MEDIUM,CFBD/team roster,,1.3216299444705892,week1-v1.0,2026-08-30T16:15:00+00:00,0.0,0.0,0.0,0.0,0.0,1.1066176726284376,5.633186386546962,0.07433222990324391,0.26523648155771745,1.6152584505016352,0.03547665091346921,1.6489342501628559,262,899,,false,team_reconciliation_and_current_weekly_role
2026,1,CFP_C10DE8C6,Justin Baker,CFF_TENN,Tennessee,RB,Furman,True,2026-09-05T19:30Z,401856666,56.5,66.5,0.0,,MEDIUM,CFBD/team roster,,1.2197161652670199,week1-v1.0,2026-08-30T16:15:00+00:00,0.0,0.0,0.0,0.0,0.0,1.543217267250466,8.597666659486562,0.08556737944578044,0.08717227702828202,1.138880951979723,0.011156911471438569,1.6411727836782248,263,900,,false,team_reconciliation_and_current_weekly_role
2026,1,CFP_0B63668F,Jaivion Martin,CFF_HOU,Houston,TE,Oregon State,True,2026-09-05T16:00Z,401856778,36.0,51.5,0.0,,MODELLED_ON_TEAM_RATES,CFBD/team roster,,1.101246910382776,week1-v1.0,2026-08-30T16:15:00+00:00,0.0,0.0,0.0,0.0,0.0,0.0,0.0,0.0,0.6962374535705089,6.061700345171803,0.056201066886976216,1.6396138894095467,110,901,,false,team_reconciliation_and_current_weekly_role
2026,1,CFP_872F983F,Luca Puccinelli,CFF_PUR,Purdue,TE,Indiana State,True,2026-09-04T23:00Z,401858435,46.0,56.5,0.0,,MODELLED_ON_TEAM_RATES,CFBD/team roster,,0.8414735958914131,week1-v1.0,2026-08-30T16:15:00+00:00,0.0,0.0,0.0,0.0,0.0,0.0,0.0,0.0,0.5627632363971949,6.764792203429334,0.06604608680963692,1.63551897759795,111,902,,false,team_reconciliation_and_current_weekly_role
2026,1,CFP_721DA619,Jailen Butler,CFF_KU,Kansas,TE,Long Island University,True,2026-09-05T00:00Z,401856769,46.0,53.5,0.0,,MODELLED_ON_TEAM_RATES,CFBD/team roster,,0.8834423370521834,week1-v1.0,2026-08-30T16:15:00+00:00,0.0,0.0,0.0,0.0,0.0,0.0,0.0,0.0,0.54385854382455,6.4573952001818,0.07414766066237381,1.6344840278169728,112,903,,false,team_reconciliation_and_current_weekly_role
2026,1,CFP_4199A520,Marlion Jackson,CFF_VT,Virginia Tech,WR,VMI,True,2026-09-05T23:30Z,401858211,54.5,57.5,0.0,,MODELLED_ON_TEAM_RATES,CFBD/team roster,,1.067432122012351,week1-v1.0,2026-08-30T16:15:00+00:00,0.0,0.0,0.0,0.0,0.0,0.11565705187236885,0.6481627632686631,0.006849709342191756,0.5124983866985101,6.348275698544863,0.06327782694551363,1.632907450606095,437,904,,false,team_reconciliation_and_current_weekly_role
2026,1,CFP_676B8D3A,Journee Tonga,CFF_BYU,BYU,RB,Utah Tech,True,2026-09-06T00:00Z,401856775,52.5,54.5,0.0,,MEDIUM,CFBD/team roster,,1.2550700132112935,week1-v1.0,2026-08-30T16:15:00+00:00,0.0,0.0,0.0,0.0,0.0,1.6944792112028062,9.996848379704542,0.1055133867323025,0.0,0.0,0.0,1.6327651583642693,264,905,,false,team_reconciliation_and_current_weekly_role
2026,1,CFP_5336B663,Will Anciaux,CFF_KSU,Kansas State,TE,Nicholls,True,2026-09-05T23:00Z,401856771,48.0,55.5,0.0,,MODELLED_ON_TEAM_RATES,CFBD/team roster,,1.1104819033523181,week1-v1.0,2026-08-30T16:15:00+00:00,0.0,0.0,0.0,0.0,0.0,0.0,0.0,0.0,0.5172751556800668,6.605723322956747,0.0758051688762949,1.632678501233511,113,906,,false,team_reconciliation_and_current_weekly_role
2026,1,CFP_DD10C96A,Jordan Lyle,CFF_MIA,Miami,RB,Stanford,False,2026-09-05T01:00Z,401858206,36.0,47.5,0.0,,MEDIUM,CFBD/team roster,,1.3521352907140407,week1-v1.0,2026-08-30T16:15:00+00:00,0.0,0.0,0.0,0.0,0.0,1.048557999256144,5.346898623241661,0.055352065656087496,0.24385464638072665,3.263336965399444,0.03202308480712106,1.6291291080240886,265,907,,true,team_reconciliation_and_current_weekly_role
2026,1,CFP_3FB6B28D,Brody Schaffer,CFF_IOWA,Iowa,WR,Northern Illinois,True,2026-09-05T20:15Z,401858426,38.5,45.5,0.0,,MODELLED_ON_TEAM_RATES,CFBD/team roster,,1.0326208055140702,week1-v1.0,2026-08-30T16:15:00+00:00,0.0,0.0,0.0,0.0,0.0,0.0,0.0,0.0,0.5459489183166834,6.582469349218881,0.07080918107883706,1.6290509397115938,438,908,,false,team_reconciliation_and_current_weekly_role
2026,1,CFP_4D87D69F,Xavier Stinson,CFF_IOWA,Iowa,WR,Northern Illinois,True,2026-09-05T20:15Z,401858426,38.5,45.5,0.0,,MODELLED_ON_TEAM_RATES,CFBD/team roster,,1.0326208055140702,week1-v1.0,2026-08-30T16:15:00+00:00,0.0,0.0,0.0,0.0,0.0,0.0,0.0,0.0,0.5459489183166834,6.582469349218881,0.07080918107883706,1.6290509397115938,439,909,,false,team_reconciliation_and_current_weekly_role
2026,1,CFP_02280EF4,Malachi Coleman,CFF_WISC,Wisconsin,WR,Notre Dame,False,2026-09-06T23:30Z,401858438,13.5,47.5,0.0,,MODELLED_ON_TEAM_RATES,CFBD/team roster,,1.0686282073547362,week1-v1.0,2026-08-30T16:15:00+00:00,0.0,0.0,0.0,0.0,0.0,0.0,0.0,0.0,0.7623349172044412,7.094712132785266,0.025705712998889,1.6260404084763018,440,910,,false,team_reconciliation_and_current_weekly_role
2026,1,CFP_29C2A8FA,Paul Holyfield Jr.,CFF_DUKE,Duke,RB,Tulane,True,2026-09-05T19:30Z,401858209,30.0,50.5,0.0,,MEDIUM,CFBD/team roster,,1.3437015693860006,week1-v1.0,2026-08-30T16:15:00+00:00,0.0,0.0,0.0,0.0,0.0,1.4057715841523661,6.1946754491369145,0.0702172659844042,0.20272479333543036,2.523803524432823,0.021200600180269463,1.6230798876804462,266,911,,false,team_reconciliation_and_current_weekly_role
2026,1,CFP_478DF28A,Kade Bush,CFF_WVU,West Virginia,TE,Coastal Carolina,True,2026-09-05T16:00Z,401856780,39.0,56.5,0.0,,MODELLED_ON_TEAM_RATES,CFBD/team roster,,0.6769981450503998,week1-v1.0,2026-08-30T16:15:00+00:00,0.0,0.0,0.0,0.0,0.0,0.0,0.0,0.0,0.5390960072605102,6.911953864108408,0.06497023257573925,1.6201127891257867,114,912,,false,team_reconciliation_and_current_weekly_role
2026,1,CFP_1815FDEB,Jacob Nye,CFF_BYU,BYU,TE,Utah Tech,True,2026-09-06T00:00Z,401856775,52.5,54.5,0.0,,MODELLED_ON_TEAM_RATES,CFBD/team roster,,0.8848012537810949,week1-v1.0,2026-08-30T16:15:00+00:00,0.0,0.0,0.0,0.0,0.0,0.0,0.0,0.0,0.5308248743418381,7.062785411601272,0.06371257214738595,1.619378848386281,115,913,,false,team_reconciliation_and_current_weekly_role
2026,1,CFP_B9EA1653,Perry Thompson,CFF_MINN,Minnesota,WR,Eastern Illinois,True,2026-09-04T00:00Z,401858422,47.5,51.5,0.0,,MODELLED_ON_TEAM_RATES,CFBD/team roster,,0.9387820263319676,week1-v1.0,2026-08-30T16:15:00+00:00,0.0,0.0,0.0,0.0,0.0,0.0,0.0,0.0,0.558137736528953,6.283520091661446,0.07157161161875185,1.6159194154076086,441,914,,false,team_reconciliation_and_current_weekly_role
2026,1,CFP_81FB4F8C,Tra'Mar Harris,CFF_PUR,Purdue,WR,Indiana State,True,2026-09-04T23:00Z,401858435,46.0,56.5,0.0,,MODELLED_ON_TEAM_RATES,CFBD/team roster,,0.8282802601909928,week1-v1.0,2026-08-30T16:15:00+00:00,0.0,0.0,0.0,0.0,0.0,0.0,0.0,0.0,0.5539397577593682,6.658728062000295,0.0650105603246311,1.6098759259071844,442,915,,false,team_reconciliation_and_current_weekly_role
2026,1,CFP_CAC10E7A,Jaquise Martin,CFF_HOU,Houston,WR,Oregon State,True,2026-09-05T16:00Z,401856778,36.0,51.5,0.0,,MODELLED_ON_TEAM_RATES,CFBD/team roster,,1.0793087161674668,week1-v1.0,2026-08-30T16:15:00+00:00,0.0,0.0,0.0,0.0,0.0,0.0,0.0,0.0,0.6823675463477108,5.940943811651846,0.055081472444667635,1.6069507621809014,443,916,,false,team_reconciliation_and_current_weekly_role
2026,1,CFP_6C08EA66,Brody Lennon,CFF_OSU,Ohio State,TE,Ball State,True,2026-09-05T16:30Z,401858432,53.5,56.5,0.0,,MODELLED_ON_TEAM_RATES,CFBD/team roster,,0.9794308522865963,week1-v1.0,2026-08-30T16:15:00+00:00,0.0,0.0,0.0,0.0,0.0,0.0,0.0,0.0,0.5845642597859139,6.349117429726488,0.06451545837234259,1.6065687529926183,116,917,,false,team_reconciliation_and_current_weekly_role
2026,1,CFP_34214A5A,De'Zie Jones,CFF_OSU,Ohio State,WR,Ball State,True,2026-09-05T16:30Z,401858432,53.5,56.5,0.0,,MODELLED_ON_TEAM_RATES,CFBD/team roster,,0.9787228787095041,week1-v1.0,2026-08-30T16:15:00+00:00,0.0,0.0,0.0,0.0,0.0,0.0,0.0,0.0,0.5841417122940978,6.344528022145943,0.06446882390117499,1.605407457915742,444,918,,false,team_reconciliation_and_current_weekly_role
2026,1,CFP_A6ADE2FC,Joshua Dye,CFF_MISS,Ole Miss,RB,Louisville,True,2026-09-06T23:30Z,401856661,31.0,55.5,0.0,,MEDIUM,CFBD/team roster,,1.3894829935801678,week1-v1.0,2026-08-30T16:15:00+00:00,0.0,0.0,0.0,0.0,0.0,1.19353707606325,6.239997541264283,0.05782610147473914,0.20932575094345193,3.0879672676218504,0.018957603180933345,1.6028244597661,267,919,,false,team_reconciliation_and_current_weekly_role
2026,1,CFP_E337DF38,Josiah Dozier,CFF_MINN,Minnesota,WR,Eastern Illinois,True,2026-09-04T00:00Z,401858422,47.5,51.5,0.0,,MODELLED_ON_TEAM_RATES,CFBD/team roster,,0.9274713995086911,week1-v1.0,2026-08-30T16:15:00+00:00,0.0,0.0,0.0,0.0,0.0,0.0,0.0,0.0,0.5514131854864356,6.207815030316128,0.07070930304503195,1.5964505067882402,445,920,,false,team_reconciliation_and_current_weekly_role
2026,1,CFP_740ACC62,Dylan Faison,CFF_ND,Notre Dame,WR,Wisconsin,True,2026-09-06T23:30Z,401858438,34.0,47.5,0.0,,MODELLED_ON_TEAM_RATES,CFBD/team roster,,0.9607303521462222,week1-v1.0,2026-08-30T16:15:00+00:00,0.0,0.0,0.0,0.0,0.0,0.0,0.0,0.0,0.5427481354525302,6.398275633879562,0.06874791201917727,1.5950631709555498,446,921,,false,team_reconciliation_and_current_weekly_role
2026,1,CFP_990575EE,Jayden Fox,CFF_UCLA,UCLA,RB,California,False,2026-09-06T02:30Z,401858210,27.5,53.5,0.0,,MEDIUM,CFBD/team roster,,1.2443034900505605,week1-v1.0,2026-08-30T16:15:00+00:00,0.0,0.0,0.0,0.0,0.0,0.7910834726053166,4.051605464671073,0.035865941305449886,0.4010582734795009,3.6922235682441253,0.032199624141663885,1.5838345694537035,268,922,,false,team_reconciliation_and_current_weekly_role
2026,1,CFP_46B59EB1,Lex Cyrus,CFF_SC,South Carolina,WR,Kent State,True,2026-09-05T16:45Z,401856665,45.0,53.5,0.0,,MODELLED_ON_TEAM_RATES,CFBD/team roster,,1.048565145803695,week1-v1.0,2026-08-30T16:15:00+00:00,0.0,0.0,0.0,0.0,0.0,0.0,0.0,0.0,0.5043914125169303,6.9203428240094675,0.06336930902692728,1.5766415490794408,447,923,,false,team_reconciliation_and_current_weekly_role
2026,1,CFP_55B1CBC6,Bear Fisher,CFF_UTAH,Utah,TE,Idaho,True,2026-09-04T01:00Z,401856768,45.0,56.5,0.0,,MODELLED_ON_TEAM_RATES,CFBD/team roster,,1.1036608965909984,week1-v1.0,2026-08-30T16:15:00+00:00,0.0,0.0,0.0,0.0,0.0,0.0,0.0,0.0,0.5782233059353477,4.3667897049274425,0.09338754694142927,1.5752275580766675,117,924,,false,team_reconciliation_and_current_weekly_role
2026,1,CFP_45E38D20,Preston Rex,CFF_BYU,BYU,RB,Utah Tech,True,2026-09-06T00:00Z,401856775,52.5,54.5,0.0,,MEDIUM,CFBD/team roster,,1.122036687117865,week1-v1.0,2026-08-30T16:15:00+00:00,0.0,0.0,0.0,0.0,0.0,0.7029681553541567,4.102379856961095,0.04212354988009143,0.29885238025628696,3.9763212568240753,0.03586993518739098,1.5746834020396985,269,925,,false,team_reconciliation_and_current_weekly_role
2026,1,CFP_78974A48,Jude James,CFF_MIZ,Missouri,TE,Arkansas-Pine Bluff,True,2026-09-04T00:00Z,401856663,57.5,60.5,0.0,,MODELLED_ON_TEAM_RATES,CFBD/team roster,,0.9110136975843011,week1-v1.0,2026-08-30T16:15:00+00:00,0.0,0.0,0.0,0.0,0.0,0.0,0.0,0.0,0.551456060470358,5.414913226002556,0.08027209147414764,1.5745799319154994,118,926,,false,team_reconciliation_and_current_weekly_role
2026,1,CFP_C79DE9B5,KJ Parker,CFF_IOWA,Iowa,WR,Northern Illinois,True,2026-09-05T20:15Z,401858426,38.5,45.5,0.0,,MODELLED_ON_TEAM_RATES,CFBD/team roster,,0.9978206712809974,week1-v1.0,2026-08-30T16:15:00+00:00,0.0,0.0,0.0,0.0,0.0,0.0,0.0,0.0,0.527550009888373,6.3606349491034715,0.06842285592121955,1.5741506403260375,448,927,,false,team_reconciliation_and_current_weekly_role
2026,1,CFP_BC2D7B57,Sah'nye Degraffenreidt,CFF_RUTG,Rutgers,WR,Massachusetts,True,2026-09-03T22:00Z,401858423,41.0,52.5,0.0,,MODELLED_ON_TEAM_RATES,CFBD/team roster,,0.8266373822340087,week1-v1.0,2026-08-30T16:15:00+00:00,0.0,0.0,0.0,0.0,0.0,0.0,0.0,0.0,0.5166943766754563,6.555809925003505,0.06667944948320564,1.5723520660750405,449,928,,false,team_reconciliation_and_current_weekly_role
2026,1,CFP_FC2E04FF,Camden Capehart,CFF_MSST,Mississippi State,WR,UL Monroe,True,2026-09-05T23:30Z,401856662,42.5,56.5,0.0,,MODELLED_ON_TEAM_RATES,CFBD/team roster,,0.9012261159097784,week1-v1.0,2026-08-30T16:15:00+00:00,0.0,0.0,0.0,0.0,0.0,0.0,0.0,0.0,0.5062878727051006,6.604253187960838,0.06669607151973417,1.5668896206195893,450,929,,false,team_reconciliation_and_current_weekly_role
2026,1,CFP_0DE2DECB,Isaiah Jackson,CFF_UK,Kentucky,RB,Youngstown State,True,2026-09-05T17:00Z,401856659,43.0,62.5,0.0,,MEDIUM,CFBD/team roster,,1.0922644045009422,week1-v1.0,2026-08-30T16:15:00+00:00,0.0,0.0,0.0,0.0,0.0,0.86386057266464,4.5304435335417415,0.04447801818217595,0.2799305153640062,3.558243235149157,0.0347130786629446,1.5639457733038193,270,930,,false,team_reconciliation_and_current_weekly_role
2026,1,CFP_AE91F6C7,Da'Jaun Riggs,CFF_ORE,Oregon,RB,Boise State,True,2026-09-05T19:30Z,401858433,38.0,51.5,0.0,,MEDIUM,CFBD/team roster,,1.2053113745532216,week1-v1.0,2026-08-30T16:15:00+00:00,0.0,0.0,0.0,0.0,0.0,1.1227099580240056,6.334997353580723,0.05757690262863745,0.1957395355838729,2.4756672164648146,0.023254289851725517,1.5617931474706044,271,931,,true,team_reconciliation_and_current_weekly_role
2026,1,CFP_5F66F370,Ryan Ghea,CFF_AUB,Auburn,TE,Baylor,True,2026-09-05T19:30Z,401856636,32.75,58.5,0.0,,MODELLED_ON_TEAM_RATES,CFBD/team roster,,0.7693925370885317,week1-v1.0,2026-08-30T16:15:00+00:00,0.0,0.0,0.0,0.0,0.0,0.0,0.0,0.0,0.5413289202618331,5.946894975892819,0.07056314741306004,1.5593973023294754,119,932,,false,team_reconciliation_and_current_weekly_role
2026,1,CFP_315192DD,Brandon White,CFF_KSU,Kansas State,WR,Nicholls,True,2026-09-05T23:00Z,401856771,48.0,55.5,0.0,,MODELLED_ON_TEAM_RATES,CFBD/team roster,,1.078879384024292,week1-v1.0,2026-08-30T16:15:00+00:00,0.0,0.0,0.0,0.0,0.0,0.22704944515472394,1.516670963609471,0.013655224196236689,0.4189146349111008,5.349636733513828,0.061390720771109984,1.5558210744275107,451,933,,false,team_reconciliation_and_current_weekly_role
2026,1,CFP_55981764,Isaiah Marshall,CFF_KU,Kansas,QB,Long Island University,True,2026-09-05T00:00Z,401856769,46.0,53.5,0.048675169371641874,LOW,HIGH,CFBD/team roster,,1.2925322209588825,week1-v1.0,2026-08-30T16:15:00+00:00,1.514931623748483,0.9590789070794057,12.35421980951948,0.1327490239874482,0.03531187298946979,0.6987959576477543,2.524493357911496,0.052066171758692915,0.0,0.0,0.0,1.5546993816844092,93,934,,false,team_reconciliation_and_current_weekly_role
2026,1,CFP_6E19DEEF,Josh Sapp,CFF_WVU,West Virginia,TE,Coastal Carolina,True,2026-09-05T16:00Z,401856780,39.0,56.5,0.0,,MODELLED_ON_TEAM_RATES,CFBD/team roster,,0.6490895942344674,week1-v1.0,2026-08-30T16:15:00+00:00,0.0,0.0,0.0,0.0,0.0,0.0,0.0,0.0,0.5168723299531285,6.627015689514905,0.06229190169607638,1.5533253090810775,120,935,,true,team_reconciliation_and_current_weekly_role
2026,1,CFP_448C571E,Kash Brock,CFF_WISC,Wisconsin,WR,Notre Dame,False,2026-09-06T23:30Z,401858438,13.5,47.5,0.0,,MODELLED_ON_TEAM_RATES,CFBD/team roster,,1.018658550334768,week1-v1.0,2026-08-30T16:15:00+00:00,0.0,0.0,0.0,0.0,0.0,0.0,0.0,0.0,0.7266877069915013,6.762959396435305,0.024503699376969126,1.5500058428968468,452,936,,false,team_reconciliation_and_current_weekly_role
2026,1,CFP_C8A73F51,Ja'Cory Thomas,CFF_VAN,Vanderbilt,WR,Austin Peay,True,2026-09-05T23:00Z,401856669,46.0,61.5,0.0,,MODELLED_ON_TEAM_RATES,CFBD/team roster,,0.9322441835297032,week1-v1.0,2026-08-30T16:15:00+00:00,0.0,0.0,0.0,0.0,0.0,0.0,0.0,0.0,0.48305815719883116,6.41265255741011,0.07020074542667672,1.5455278854999026,453,937,,false,team_reconciliation_and_current_weekly_role
2026,1,CFP_9174C736,Julius Wilson,CFF_KSU,Kansas State,WR,Nicholls,True,2026-09-05T23:00Z,401856771,48.0,55.5,0.0,,MODELLED_ON_TEAM_RATES,CFBD/team roster,,1.0511713091047417,week1-v1.0,2026-08-30T16:15:00+00:00,0.0,0.0,0.0,0.0,0.0,0.0,0.0,0.0,0.4896476033712212,6.25291309296839,0.07175643147722674,1.5454775015314206,454,938,,false,team_reconciliation_and_current_weekly_role
2026,1,CFP_3F03C3CF,Micah Jones,CFF_FLA,Florida,TE,Florida Atlantic,True,2026-09-05T23:45Z,401856637,43.5,59.5,0.0,,MODELLED_ON_TEAM_RATES,CFBD/team roster,,1.0973723013105239,week1-v1.0,2026-08-30T16:15:00+00:00,0.0,0.0,0.0,0.0,0.0,0.0,0.0,0.0,0.5112710460525859,6.407830321842434,0.06490950600401216,1.5415111142609024,121,939,,false,team_reconciliation_and_current_weekly_role
2026,1,CFP_EF98417E,Bryan Jackson II,CFF_WISC,Wisconsin,RB,Notre Dame,False,2026-09-06T23:30Z,401858438,13.5,47.5,0.0,,MEDIUM,CFBD/team roster,,1.9315329891540933,week1-v1.0,2026-08-30T16:15:00+00:00,0.0,0.0,0.0,0.0,0.0,1.8560691458213645,7.205299500910388,0.06834433860953724,0.19233159383132895,1.789944631261221,0.006485365736331812,1.5408342331237042,272,940,,false,team_reconciliation_and_current_weekly_role
2026,1,CFP_5E4AB342,Nitro Tuggle,CFF_SC,South Carolina,WR,Kent State,True,2026-09-05T16:45Z,401856665,45.0,53.5,0.0,,MODELLED_ON_TEAM_RATES,CFBD/team roster,,1.0241109763255878,week1-v1.0,2026-08-30T16:15:00+00:00,0.0,0.0,0.0,0.0,0.0,0.0,0.0,0.0,0.4926282205642388,6.758949669809954,0.06189143821569859,1.5398718168394256,455,941,,true,team_reconciliation_and_current_weekly_role
2026,1,CFP_4BFE0DA9,Kelshaun Johnson,CFF_TAMU,Texas A&M,WR,Missouri State,True,2026-09-05T23:00Z,401856668,47.5,53.5,0.0,,MODELLED_ON_TEAM_RATES,CFBD/team roster,,0.9343053027012199,week1-v1.0,2026-08-30T16:15:00+00:00,0.0,0.0,0.0,0.0,0.0,0.0,0.0,0.0,0.4647139390626703,6.528963374418389,0.07035457442041279,1.539737723026986,456,942,,false,team_reconciliation_and_current_weekly_role
2026,1,CFP_78C3A228,Leyton Cure,CFF_KU,Kansas,TE,Long Island University,True,2026-09-05T00:00Z,401856769,46.0,53.5,0.0,,MODELLED_ON_TEAM_RATES,CFBD/team roster,,0.831405041119703,week1-v1.0,2026-08-30T16:15:00+00:00,0.0,0.0,0.0,0.0,0.0,0.0,0.0,0.0,0.5118237105327265,6.077036040458862,0.06978015007479695,1.5382082150273944,122,943,,false,team_reconciliation_and_current_weekly_role
2026,1,CFP_1535B1F0,Tyler Mason,CFF_VT,Virginia Tech,RB,VMI,True,2026-09-05T23:30Z,401858211,54.5,57.5,0.0,,MEDIUM,CFBD/team roster,,1.2092232947354098,week1-v1.0,2026-08-30T16:15:00+00:00,0.0,0.0,0.0,0.0,0.0,0.5195024386116944,2.9137812825249214,0.030684144738735417,0.3564239962650848,4.414994959191859,0.04400742819929738,1.5374510580649596,273,944,,false,team_reconciliation_and_current_weekly_role
2026,1,CFP_4DE2F643,Dre Pollard,CFF_STAN,Stanford,WR,Miami,True,2026-09-05T01:00Z,401858206,11.5,47.5,0.0,,MODELLED_ON_TEAM_RATES,CFBD/team roster,,1.375697085747942,week1-v1.0,2026-08-30T16:15:00+00:00,0.0,0.0,0.0,0.0,0.0,0.0,0.0,0.0,0.7866217632879157,5.951384184540033,0.02542713141894594,1.5343229702555945,457,945,,false,team_reconciliation_and_current_weekly_role
2026,1,CFP_DB13F742,Sam Hamilton,CFF_WVU,West Virginia,TE,Coastal Carolina,True,2026-09-05T16:00Z,401856780,39.0,56.5,0.0,,MODELLED_ON_TEAM_RATES,CFBD/team roster,,0.6410335177102809,week1-v1.0,2026-08-30T16:15:00+00:00,0.0,0.0,0.0,0.0,0.0,0.0,0.0,0.0,0.510457247843781,6.544765494786882,0.06151877525658607,1.5340464488619856,123,946,,false,team_reconciliation_and_current_weekly_role
2026,1,CFP_80AB7AE4,Charlie Jilek,CFF_TEX,Texas,TE,Texas State,True,2026-09-05T19:30Z,401856667,45.0,59.5,0.0,,MODELLED_ON_TEAM_RATES,CFBD/team roster,,0.9626713597274716,week1-v1.0,2026-08-30T16:15:00+00:00,0.0,0.0,0.0,0.0,0.0,0.0,0.0,0.0,0.4973564839866065,5.602548377906291,0.07712415314717314,1.5203562406602744,124,947,,false,team_reconciliation_and_current_weekly_role
2026,1,CFP_8E0C1EBB,Parker Livingstone,CFF_OU,Oklahoma,WR,UTEP,True,2026-09-05T00:00Z,401856664,46.0,50.5,0.0,,MODELLED_ON_TEAM_RATES,CFBD/team roster,,0.925804091749438,week1-v1.0,2026-08-30T16:15:00+00:00,0.0,0.0,0.0,0.0,0.0,0.0,0.0,0.0,0.517469577821896,6.240357829992904,0.06257457863733416,1.5169528326451913,458,948,,true,team_reconciliation_and_current_weekly_role
2026,1,CFP_9648AF56,Elijah Washington-Baker,CFF_SYR,Syracuse,TE,New Hampshire,True,2026-09-05T16:00Z,401858208,44.5,55.5,0.0,,MODELLED_ON_TEAM_RATES,CFBD/team roster,,0.7178605618350294,week1-v1.0,2026-08-30T16:15:00+00:00,0.0,0.0,0.0,0.0,0.0,0.0,0.0,0.0,0.4931790733843011,6.303270856728817,0.06484803899469273,1.5125943930253394,125,949,,false,team_reconciliation_and_current_weekly_role
2026,1,CFP_B591ECD2,Jordan Anderson,CFF_ILL,Illinois,RB,UAB,True,2026-09-04T01:00Z,401858424,42.0,55.5,0.0,,MEDIUM,CFBD/team roster,,1.117218763926462,week1-v1.0,2026-08-30T16:15:00+00:00,0.0,0.0,0.0,0.0,0.0,0.8115023849393561,4.011788529463996,0.04828138651778259,0.26337182590029656,3.447929755149552,0.03510054570053207,1.5096352476715396,274,950,,true,team_reconciliation_and_current_weekly_role
2026,1,CFP_78E86CA6,Diondre Smith,CFF_IOWA,Iowa,WR,Northern Illinois,True,2026-09-05T20:15Z,401858426,38.5,45.5,0.0,,MODELLED_ON_TEAM_RATES,CFBD/team roster,,0.9568410739598092,week1-v1.0,2026-08-30T16:15:00+00:00,0.0,0.0,0.0,0.0,0.0,0.0,0.0,0.0,0.5058840055709235,6.099409393827384,0.06561279078234286,1.5095016896477191,459,951,,false,team_reconciliation_and_current_weekly_role
2026,1,CFP_C9B5F4C6,Jaron Pula,CFF_BYU,BYU,WR,Utah Tech,True,2026-09-06T00:00Z,401856775,52.5,54.5,0.0,,MODELLED_ON_TEAM_RATES,CFBD/team roster,,0.8211033011581371,week1-v1.0,2026-08-30T16:15:00+00:00,0.0,0.0,0.0,0.0,0.0,0.0,0.0,0.0,0.492610125490138,6.5543266265218385,0.05912582412370488,1.5027977328845512,460,952,,false,team_reconciliation_and_current_weekly_role
2026,1,CFP_8989061F,Jett Nelson,CFF_BYU,BYU,WR,Utah Tech,True,2026-09-06T00:00Z,401856775,52.5,54.5,0.0,,MODELLED_ON_TEAM_RATES,CFBD/team roster,,0.8211033011581371,week1-v1.0,2026-08-30T16:15:00+00:00,0.0,0.0,0.0,0.0,0.0,0.0,0.0,0.0,0.492610125490138,6.5543266265218385,0.05912582412370488,1.5027977328845512,461,953,,false,team_reconciliation_and_current_weekly_role
2026,1,CFP_E4BBAE14,Dylan Lee,CFF_UCLA,UCLA,RB,California,False,2026-09-06T02:30Z,401858210,27.5,53.5,0.0,,MEDIUM,CFBD/team roster,,1.2509587073363588,week1-v1.0,2026-08-30T16:15:00+00:00,0.0,0.0,0.0,0.0,0.0,1.3048999437827908,6.647587375579506,0.05860893833155308,0.1982815354834935,1.825419912443741,0.015919359701544254,1.4927520524844025,275,954,,false,team_reconciliation_and_current_weekly_role
2026,1,CFP_3856A85A,Landen Thomas,CFF_FSU,Florida State,TE,SMU,True,2026-09-07T23:30Z,401858212,25.25,53.5,0.0,,MODELLED_ON_TEAM_RATES,CFBD/team roster,,0.8813621873185477,week1-v1.0,2026-08-30T16:15:00+00:00,0.0,0.0,0.0,0.0,0.0,0.0,0.0,0.0,0.5574566222999955,6.482637751203717,0.0478023880696335,1.4925347258381683,126,955,,false,team_reconciliation_and_current_weekly_role
2026,1,CFP_450AA470,Quinn Clark,CFF_NEB,Nebraska,WR,Ohio,True,2026-09-05T16:00Z,401858430,35.5,47.5,0.0,,MODELLED_ON_TEAM_RATES,CFBD/team roster,,1.0686832116431233,week1-v1.0,2026-08-30T16:15:00+00:00,0.0,0.0,0.0,0.0,0.0,0.0,0.0,0.0,0.5041162411878185,6.047436520369239,0.06390809269973718,1.4923084494231655,462,956,,true,team_reconciliation_and_current_weekly_role
2026,1,CFP_FE672A4D,Jace Clarizio,CFF_MSU,Michigan State,RB,Toledo,True,2026-09-05T00:00Z,401858429,29.75,49.5,0.0,,MEDIUM,CFBD/team roster,,0.9842509743342172,week1-v1.0,2026-08-30T16:15:00+00:00,0.0,0.0,0.0,0.0,0.0,0.10659510435133046,0.5143715804250522,0.005133344017813006,0.49280714368411793,6.006515364339676,0.05250377447106516,1.49071854909386,276,957,,false,team_reconciliation_and_current_weekly_role
2026,1,CFP_02B07FEA,Trell Harris,CFF_OU,Oklahoma,WR,UTEP,True,2026-09-05T00:00Z,401856664,46.0,50.5,0.0,,MODELLED_ON_TEAM_RATES,CFBD/team roster,,0.9097031510233605,week1-v1.0,2026-08-30T16:15:00+00:00,0.0,0.0,0.0,0.0,0.0,0.0,0.0,0.0,0.5084701069032542,6.131829867732158,0.06148632509581529,1.4905710442513618,463,958,,true,team_reconciliation_and_current_weekly_role
2026,1,CFP_FAEE642A,DJ Howerton,CFF_RUTG,Rutgers,TE,Massachusetts,True,2026-09-03T22:00Z,401858423,41.0,52.5,0.0,,MODELLED_ON_TEAM_RATES,CFBD/team roster,,0.7824292691153261,week1-v1.0,2026-08-30T16:15:00+00:00,0.0,0.0,0.0,0.0,0.0,0.0,0.0,0.0,0.48906184523812335,6.205208811410152,0.06311346915277515,1.4882635412957894,127,959,,false,team_reconciliation_and_current_weekly_role
2026,1,CFP_64305861,Tanner West,CFF_KSU,Kansas State,RB,Nicholls,True,2026-09-05T23:00Z,401856771,48.0,55.5,0.0,,MEDIUM,CFBD/team roster,,1.1722035383800573,week1-v1.0,2026-08-30T16:15:00+00:00,0.0,0.0,0.0,0.0,0.0,1.0074278948953588,6.729532569774772,0.06058880151398018,0.14299860545092413,1.8261252503719654,0.020956029525582905,1.4878333737029763,277,960,,false,team_reconciliation_and_current_weekly_role
2026,1,CFP_069B1779,Brady Prieskorn,CFF_MISS,Ole Miss,TE,Louisville,True,2026-09-06T23:30Z,401856661,31.0,55.5,0.0,,MODELLED_ON_TEAM_RATES,CFBD/team roster,,0.8849009003835343,week1-v1.0,2026-08-30T16:15:00+00:00,0.0,0.0,0.0,0.0,0.0,0.0,0.0,0.0,0.4876509498397397,7.193812344361861,0.04416414681996968,1.472017065195744,128,961,,false,team_reconciliation_and_current_weekly_role
2026,1,CFP_879F716C,Jalen Williams,CFF_CIN,Cincinnati,TE,Boston College,True,2026-09-05T19:30Z,401856777,29.5,51.5,0.0,,MODELLED_ON_TEAM_RATES,CFBD/team roster,,0.6829261763602622,week1-v1.0,2026-08-30T16:15:00+00:00,0.0,0.0,0.0,0.0,0.0,0.0,0.0,0.0,0.5122862613479457,6.263913854707974,0.05486096003958901,1.4678434070562774,129,962,,false,team_reconciliation_and_current_weekly_role
2026,1,CFP_AEA02BBB,Hayden Bradley,CFF_MISS,Ole Miss,TE,Louisville,True,2026-09-06T23:30Z,401856661,31.0,55.5,0.0,,MODELLED_ON_TEAM_RATES,CFBD/team roster,,0.878523954361178,week1-v1.0,2026-08-30T16:15:00+00:00,0.0,0.0,0.0,0.0,0.0,0.0,0.0,0.0,0.484136744143338,7.141970886188328,0.04384588250328485,1.46140912778188,130,963,,false,team_reconciliation_and_current_weekly_role
2026,1,CFP_3CFB15DD,Jaylen Lloyd,CFF_FLA,Florida,WR,Florida Atlantic,True,2026-09-05T23:45Z,401856637,43.5,59.5,0.0,,MODELLED_ON_TEAM_RATES,CFBD/team roster,,1.039999115008044,week1-v1.0,2026-08-30T16:15:00+00:00,0.0,0.0,0.0,0.0,0.0,0.014558118889414468,0.07572014451205637,0.0007529978836354813,0.4802894965199271,6.019534301471635,0.06097617731088511,1.46018999228542,464,964,,false,team_reconciliation_and_current_weekly_role
2026,1,CFP_D3CE494E,Conor Booth,CFF_NEB,Nebraska,RB,Ohio,True,2026-09-05T16:00Z,401858430,35.5,47.5,0.0,,MEDIUM,CFBD/team roster,,1.257870714003169,week1-v1.0,2026-08-30T16:15:00+00:00,0.0,0.0,0.0,0.0,0.0,0.4878748868036189,2.454819109795621,0.028472674411603057,0.35207296358773693,4.2235078417992415,0.04463318130957288,1.4585407930742786,278,965,,false,team_reconciliation_and_current_weekly_role
2026,1,CFP_B05D5518,DaMari Witherspoon,CFF_CIN,Cincinnati,TE,Boston College,True,2026-09-05T19:30Z,401856777,29.5,51.5,0.0,,MODELLED_ON_TEAM_RATES,CFBD/team roster,,0.676826553077904,week1-v1.0,2026-08-30T16:15:00+00:00,0.0,0.0,0.0,0.0,0.0,0.0,0.0,0.0,0.5077107254919269,6.207967083139638,0.0543709639013044,1.454733217213717,131,966,,false,team_reconciliation_and_current_weekly_role
2026,1,CFP_C7511EE9,Ian Premer,CFF_ND,Notre Dame,TE,Wisconsin,True,2026-09-06T23:30Z,401858438,34.0,47.5,0.0,,MODELLED_ON_TEAM_RATES,CFBD/team roster,,0.875336387540728,week1-v1.0,2026-08-30T16:15:00+00:00,0.0,0.0,0.0,0.0,0.0,0.0,0.0,0.0,0.49450627969665295,5.829568585335572,0.0626372934126635,1.453286898706191,132,967,,false,team_reconciliation_and_current_weekly_role
2026,1,CFP_54D32364,Jimmy Sullivan,CFF_IOWA,Iowa,QB,Northern Illinois,True,2026-09-05T20:15Z,401858426,38.5,45.5,0.06390630578883805,LOW,HIGH,CFBD/team roster,,1.2274049126817923,week1-v1.0,2026-08-30T16:15:00+00:00,1.3094529904638854,0.8332616509417821,10.345368179941621,0.10741411877099015,0.03467823002730977,0.7466814600294043,2.585575779900047,0.06411228391778226,0.0,0.0,0.0,1.4520242537510142,94,968,,false,team_reconciliation_and_current_weekly_role
2026,1,CFP_4E1ABC3E,Nick Lautar,CFF_OSU,Ohio State,TE,Ball State,True,2026-09-05T16:30Z,401858432,53.5,56.5,0.0,,MODELLED_ON_TEAM_RATES,CFBD/team roster,,0.8847735502955668,week1-v1.0,2026-08-30T16:15:00+00:00,0.0,0.0,0.0,0.0,0.0,0.0,0.0,0.0,0.5280689231906495,5.735505632100297,0.058280348244880965,1.451301575869965,133,969,,false,team_reconciliation_and_current_weekly_role
2026,1,CFP_B370AA9F,Shamarius Peterkin,CFF_VT,Virginia Tech,WR,VMI,True,2026-09-05T23:30Z,401858211,54.5,57.5,0.0,,MODELLED_ON_TEAM_RATES,CFBD/team roster,,0.9375651658890498,week1-v1.0,2026-08-30T16:15:00+00:00,0.0,0.0,0.0,0.0,0.0,0.0,0.0,0.0,0.48683535394860966,6.030389805856199,0.060109229760834965,1.4505297130992394,465,970,,false,team_reconciliation_and_current_weekly_role
2026,1,CFP_FC24F173,Ja'Kobi Jackson,CFF_OSU,Ohio State,RB,Ball State,True,2026-09-05T16:30Z,401858432,53.5,56.5,0.0,,MEDIUM,CFBD/team roster,,1.1005459139187606,week1-v1.0,2026-08-30T16:15:00+00:00,0.0,0.0,0.0,0.0,0.0,1.5823405445257017,8.32200267831215,0.10279839275906423,0.0,0.0,0.0,1.4489906243856006,279,971,,false,team_reconciliation_and_current_weekly_role
2026,1,CFP_FB3649A5,Sterling Lockett,CFF_KSU,Kansas State,WR,Nicholls,True,2026-09-05T23:00Z,401856771,48.0,55.5,0.0,,MODELLED_ON_TEAM_RATES,CFBD/team roster,,0.9854878163297754,week1-v1.0,2026-08-30T16:15:00+00:00,0.0,0.0,0.0,0.0,0.0,0.0,0.0,0.0,0.459051482130332,5.8621935514368815,0.06727265893923205,1.4489067909094127,466,972,,false,team_reconciliation_and_current_weekly_role
2026,1,CFP_F9E17AA2,Jayden Barr,CFF_GT,Georgia Tech,RB,Colorado,True,2026-09-04T00:00Z,401856776,28.5,50.5,0.0,,MEDIUM,CFBD/team roster,,1.031272795448866,week1-v1.0,2026-08-30T16:15:00+00:00,0.0,0.0,0.0,0.0,0.0,0.12144399395575804,0.6712913747873182,0.006109212254221661,0.5513983546543081,5.036940044685628,0.04817023096763782,1.4478981559327595,280,973,,false,team_reconciliation_and_current_weekly_role
2026,1,CFP_84A73CBF,Justin Thurman,CFF_KU,Kansas,RB,Long Island University,True,2026-09-05T00:00Z,401856769,46.0,53.5,0.0,,MEDIUM,CFBD/team roster,,1.1171853888418342,week1-v1.0,2026-08-30T16:15:00+00:00,0.0,0.0,0.0,0.0,0.0,1.4833623572925883,9.110636607539371,0.0888373004682189,0.0,0.0,0.0,1.4440874635632506,281,974,,false,team_reconciliation_and_current_weekly_role
2026,1,CFP_0F5E5FF6,Emaree Winston,CFF_TEX,Texas,TE,Texas State,True,2026-09-05T19:30Z,401856667,45.0,59.5,0.0,,MODELLED_ON_TEAM_RATES,CFBD/team roster,,0.9081975447307138,week1-v1.0,2026-08-30T16:15:00+00:00,0.0,0.0,0.0,0.0,0.0,0.0,0.0,0.0,0.46921302171117923,5.2855220316204194,0.07275999833165012,1.4343252148631218,134,975,,false,team_reconciliation_and_current_weekly_role
2026,1,CFP_DD82CEAF,Kwazi Gilmer,CFF_NEB,Nebraska,WR,Ohio,True,2026-09-05T16:00Z,401858430,35.5,47.5,0.0,,MODELLED_ON_TEAM_RATES,CFBD/team roster,,1.0271069080594015,week1-v1.0,2026-08-30T16:15:00+00:00,0.0,0.0,0.0,0.0,0.0,0.0,0.0,0.0,0.4845039841066166,5.812165624434065,0.06142179719645552,1.434251329728756,467,976,,true,team_reconciliation_and_current_weekly_role
2026,1,CFP_32A7D2C8,Grady Adamson,CFF_GT,Georgia Tech,QB,Colorado,True,2026-09-04T00:00Z,401856776,28.5,50.5,0.20817537303518058,LOW,HIGH,CFBD/team roster,,4.431523564281297,week1-v1.0,2026-08-30T16:15:00+00:00,0.0,0.0,0.0,0.0,0.0,2.0578898335169695,6.752492885468923,0.12644735349184735,0.0,0.0,0.0,1.4339334094979765,95,977,,false,team_reconciliation_and_current_weekly_role
2026,1,CFP_68EC3F59,Naeem Burroughs,CFF_CLEM,Clemson,WR,LSU,False,2026-09-05T23:30Z,401856660,20.5,51.5,0.0,,MODELLED_ON_TEAM_RATES,CFBD/team roster,,1.5530823501078235,week1-v1.0,2026-08-30T16:15:00+00:00,0.0,0.0,0.0,0.0,0.0,0.0,0.0,0.0,0.6798987202729361,6.374407939544217,0.01857377791367283,1.4287821817093949,468,978,,false,team_reconciliation_and_current_weekly_role
2026,1,CFP_8C52B497,Thomas Blackshear,CFF_UGA,Georgia,WR,Tennessee State,True,2026-09-05T19:00Z,401856658,51.5,56.5,0.0,,MODELLED_ON_TEAM_RATES,CFBD/team roster,,1.0031536248843704,week1-v1.0,2026-08-30T16:15:00+00:00,0.0,0.0,0.0,0.0,0.0,0.0,0.0,0.0,0.5906813052110849,3.5971785034703845,0.07900645621226868,1.4244378928317354,469,979,,false,team_reconciliation_and_current_weekly_role
2026,1,CFP_D103BDB2,Elijah Burress,CFF_ND,Notre Dame,WR,Wisconsin,True,2026-09-06T23:30Z,401858438,34.0,47.5,0.0,,MODELLED_ON_TEAM_RATES,CFBD/team roster,,0.8566399066378763,week1-v1.0,2026-08-30T16:15:00+00:00,0.0,0.0,0.0,0.0,0.0,0.0,0.0,0.0,0.48394402346432114,5.705053691085824,0.061299411226151845,1.4222458599298147,470,980,,false,team_reconciliation_and_current_weekly_role
2026,1,CFP_A751444D,KK Johnson,CFF_TAMU,Texas A&M,TE,Missouri State,True,2026-09-05T23:00Z,401856668,47.5,53.5,0.0,,MODELLED_ON_TEAM_RATES,CFBD/team roster,,0.8627034535296317,week1-v1.0,2026-08-30T16:15:00+00:00,0.0,0.0,0.0,0.0,0.0,0.0,0.0,0.0,0.4290999087489188,6.028606746418573,0.06496284902656407,1.4217376775501607,135,981,,false,team_reconciliation_and_current_weekly_role
2026,1,CFP_233048BA,Joseph Filardi,CFF_SYR,Syracuse,QB,New Hampshire,True,2026-09-05T16:00Z,401858208,44.5,55.5,0.030302739337513693,LOW,HIGH,CFBD/team roster,,1.1529325553492586,week1-v1.0,2026-08-30T16:15:00+00:00,1.4420081307034573,0.8685043232250905,9.930636360907993,0.11590254673531722,0.039408868132283004,0.8890235294485889,2.4582591678546506,0.05889047614011612,0.0,0.0,0.0,1.4205955468714673,96,982,,false,team_reconciliation_and_current_weekly_role
2026,1,CFP_DE0DD041,Derek Meadows,CFF_ALA,Alabama,WR,East Carolina,True,2026-09-05T16:00Z,401856634,41.0,53.5,0.0,,MODELLED_ON_TEAM_RATES,CFBD/team roster,,0.9975798670107797,week1-v1.0,2026-08-30T16:15:00+00:00,0.0,0.0,0.0,0.0,0.0,0.0,0.0,0.0,0.5235928451854823,4.675833669523194,0.07144019165148138,1.41981736204669,471,983,,true,team_reconciliation_and_current_weekly_role
2026,1,CFP_BA412DBB,Grant Jordan,CFF_OKST,Oklahoma State,QB,Tulsa,False,2026-09-05T19:45Z,401856772,37.25,60.5,0.12240873289754446,LOW,HIGH,CFBD/team roster,,3.4633704937920498,week1-v1.0,2026-08-30T16:15:00+00:00,0.0,0.0,0.0,0.0,0.0,2.129986940427875,6.05202725926656,0.13542056808454891,0.0,0.0,0.0,1.4177261344339493,97,984,,false,team_reconciliation_and_current_weekly_role
2026,1,CFP_80918FD6,Justice Williams,CFF_WASH,Washington,WR,Washington State,True,2026-09-06T20:00Z,401858437,37.0,50.5,0.0,,MODELLED_ON_TEAM_RATES,CFBD/team roster,,0.8109818347005137,week1-v1.0,2026-08-30T16:15:00+00:00,0.0,0.0,0.0,0.0,0.0,0.0,0.0,0.0,0.45461801235776655,5.850133456034638,0.06268040923612622,1.4157138133779879,472,985,,false,team_reconciliation_and_current_weekly_role
2026,1,CFP_A4BCA68C,Gabe Weaver,CFF_MINN,Minnesota,TE,Eastern Illinois,True,2026-09-04T00:00Z,401858422,47.5,51.5,0.0,,MODELLED_ON_TEAM_RATES,CFBD/team roster,,0.819649444812176,week1-v1.0,2026-08-30T16:15:00+00:00,0.0,0.0,0.0,0.0,0.0,0.0,0.0,0.0,0.48730937858082723,5.486133745785243,0.06248908701078846,1.4108572752240822,136,986,,false,team_reconciliation_and_current_weekly_role
2026,1,CFP_1A5488CF,Brady Owens,CFF_RUTG,Rutgers,TE,Massachusetts,True,2026-09-03T22:00Z,401858423,41.0,52.5,0.0,,MODELLED_ON_TEAM_RATES,CFBD/team roster,,0.7408945058804425,week1-v1.0,2026-08-30T16:15:00+00:00,0.0,0.0,0.0,0.0,0.0,0.0,0.0,0.0,0.4631003062837484,5.875809223513415,0.05976313053219081,1.4092600118282348,137,987,,false,team_reconciliation_and_current_weekly_role
2026,1,CFP_990CE486,Nate Palmer,CFF_WISC,Wisconsin,RB,Notre Dame,False,2026-09-06T23:30Z,401858438,13.5,47.5,0.0,,MEDIUM,CFBD/team roster,,1.7698215773377155,week1-v1.0,2026-08-30T16:15:00+00:00,0.0,0.0,0.0,0.0,0.0,„èvÒº≠z &ä€^uÖ±Õî±—ïÖµ}…ïçΩπç•±•Ö—•Ωπ}Öπë}ç’……ïπ—}›ïï≠±Â}…Ω±î(»¿»ÿ∞ƒ±A|»Õƒ‹Ãƒ¿±I•ç°Ö…êÅeΩ’πú±}=1<±Ω±Ω…Öëº±I±ïΩ…ù•ÑÅQïç†±Ö±Õî∞»¿»ÿ¥¿‰¥¿—P¿¿Ë¿¡h∞–¿ƒ‡‘ÿ‹‹ÿ∞»»∏¿∞‘¿∏‘∞¿∏¿∞±5%U4±	Ω—ïÖ¥Å…ΩÕ—ï»∞∞ƒ∏»ÿ‘–ÿ‰‡Ãÿ–‡Ã–‡Ã‘±›ïï¨ƒµÿƒ∏¿∞»¿»ÿ¥¿‡¥Ã¡PƒÿËƒ‘Ë¿¿¨¿¿Ë¿¿∞¿∏¿∞¿∏¿∞¿∏¿∞¿∏¿∞¿∏¿∞ƒ∏ƒ‹––‰‘ÿ¿‰»¿ƒ–ƒ‡Ã∞–∏‹‹‘‘‘‘‰ƒƒÃ‘‘‡‡ÿ‘∞¿∏¿–‡ƒ‘–‰Ã–»‹‡‰––»‡∞¿∏ƒÿÿÃ¿‹‹¿ÿ‹‹–¿–Ã‡Ã∞ƒ∏¿‹»Ãƒ‰‘‹‹¿‡‘ÿƒ‹‘∞¿∏¿ƒÃ¿¿–‘¿‹‰ÿ‰ƒ‹‰‹»Ã∞ƒ∏ƒƒ‡¿‘ƒ‰¿‰ƒ¿ÿ‰Ã‡Ã∞Ã¿ÿ∞ƒ¿‹‘∞±—…’î±—ïÖµ}…ïçΩπç•±•Ö—•Ωπ}Öπë}ç’……ïπ—}›ïï≠±Â}…Ω±î(»¿»ÿ∞ƒ±A}	‹…‘Ã‡±ΩπΩŸÖ∏Å…ïï∏±}=-MP±=≠±Ö°ΩµÑÅM—Ö—î±Q±Q’±ÕÑ±Ö±Õî∞»¿»ÿ¥¿‰¥¿’Pƒ‰Ë–’h∞–¿ƒ‡‘ÿ‹‹»∞Ã‹∏»‘∞ÿ¿∏‘∞¿∏¿∞±5=11}=9}Q5}IQL±	Ω—ïÖ¥Å…ΩÕ—ï»∞∞¿∏––‡»‰»Ã‘¿¿ÿÿÃ‹‡»–±›ïï¨ƒµÿƒ∏¿∞»¿»ÿ¥¿‡¥Ã¡PƒÿËƒ‘Ë¿¿¨¿¿Ë¿¿∞¿∏¿∞¿∏¿∞¿∏¿∞¿∏¿∞¿∏¿∞¿∏¿∞¿∏¿∞¿∏¿∞¿∏Ãÿƒÿ––‰ÃÃÿÿ¿»Ãƒ‘–∞–∏‡Ã‰ƒÿÿÿ‡ƒ¿‘ƒÃ–Ã∞¿∏¿–Ã‹‡‹ƒƒÃ‰––»–‰ÿ»∞ƒ∏ƒ¿‡»‡–»‡‘–Ã¿‡ÿÃ‹∞ƒÿ‡∞ƒ¿‹ÿ∞±ôÖ±Õî±—ïÖµ}…ïçΩπç•±•Ö—•Ωπ}Öπë}ç’……ïπ—}›ïï≠±Â}…Ω±î(»¿»ÿ∞ƒ±A}Ÿ»––Â±M•ΩπîÅ5Ω—’Ö¡’Ö≠Ñ±}UQ ±U—Ö†±Q±%ëÖ°º±Q…’î∞»¿»ÿ¥¿‰¥¿—P¿ƒË¿¡h∞–¿ƒ‡‘ÿ‹ÿ‡∞–‘∏¿∞‘ÿ∏‘∞¿∏¿∞±5=11}=9}Q5}IQL±	Ω—ïÖ¥Å…ΩÕ—ï»∞∞¿∏‹‹–‘Ã‹‰»ƒ‡‡»‡ÿ‡–±›ïï¨ƒµÿƒ∏¿∞»¿»ÿ¥¿‡¥Ã¡PƒÿËƒ‘Ë¿¿¨¿¿Ë¿¿∞¿∏¿∞¿∏¿∞¿∏¿∞¿∏¿∞¿∏¿∞¿∏¿∞¿∏¿∞¿∏¿∞¿∏–¿‘‹‰ƒƒ‰‡Ãƒ‹ƒƒ‡ƒÃ∞Ã∏¿ÿ–‘ÿ‡Ã»Ã»‰ÿÿ‰‡∞¿∏¿ÿ‘‘Ã‡–»–ÿ‹–‡¿ƒ‡‰∞ƒ∏ƒ¿‘–‹‡‘‹‡ÿ‰‘‘‰‰–∞ƒÿ‰∞ƒ¿‹‹∞±ôÖ±Õî±—ïÖµ}…ïçΩπç•±•Ö—•Ωπ}Öπë}ç’……ïπ—}›ïï≠±Â}…Ω±î(»¿»ÿ∞ƒ±A|‘¿‰¿‘–·±)Ω…ëΩ∏Å!Ö……•Ã±}5%h±5•ÕÕΩ’…§±Q±…≠ÖπÕÖÃµA•πîÅ	±’ôò±Q…’î∞»¿»ÿ¥¿‰¥¿—P¿¿Ë¿¡h∞–¿ƒ‡‘ÿÿÿÃ∞‘‹∏‘∞ÿ¿∏‘∞¿∏¿∞±5=11}=9}Q5}IQL±	Ω—ïÖ¥Å…ΩÕ—ï»∞∞¿∏ÿÃ‰»‰‡––‡‹‘‹Ãÿ‰‘±›ïï¨ƒµÿƒ∏¿∞»¿»ÿ¥¿‡¥Ã¡PƒÿËƒ‘Ë¿¿¨¿¿Ë¿¿∞¿∏¿∞¿∏¿∞¿∏¿∞¿∏¿∞¿∏¿∞¿∏¿∞¿∏¿∞¿∏¿∞¿∏Ã‡ÿ‰‡ƒ¿ƒÃ‘ƒ–»ÿ–¿ÿ∞Ã∏‹‰‰‡‡Ãƒ‹‰»‹––Ã‰ÿ∞¿∏¿‘ÿÃÃ¿–ÿÃƒ‰¿ÿÃ¿¿ÿ‘∞ƒ∏ƒ¿–‰‘»ƒƒ¿‘‡‘–‡‡‘∞ƒ‹¿∞ƒ¿‹‡∞±ôÖ±Õî±—ïÖµ}…ïçΩπç•±•Ö—•Ωπ}Öπë}ç’……ïπ—}›ïï≠±Â}…Ω±î(»¿»ÿ∞ƒ±A}›	‰‹‰±I•±ï‰Å]Ω…µ±ï‰±}UM±UM±I±…ïÕπºÅM—Ö—î±Q…’î∞»¿»ÿ¥¿‰¥¿’P¿ƒË¿¡h∞–¿ƒ‡‘‡–Ãÿ∞Ã‹∏‘∞‘ƒ∏‘∞¿∏¿∞±5%U4±	Ω—ïÖ¥Å…ΩÕ—ï»∞∞ƒ∏¿»–»‹Ã‡ƒƒ»‘‰ƒ»‹ÿ±›ïï¨ƒµÿƒ∏¿∞»¿»ÿ¥¿‡¥Ã¡PƒÿËƒ‘Ë¿¿¨¿¿Ë¿¿∞¿∏¿∞¿∏¿∞¿∏¿∞¿∏¿∞¿∏¿∞¿∏‘ƒ‡‹»Ã–ÿÃÿ‰Ã‘Ã‰Ã∞»∏‰‹‹‘ÿ¿–ƒƒ‰ƒ»Ã¿‰ÿ∞¿∏¿Ã»‘–‰‹Ã»–¿ÿÃƒ»ƒ‹∞¿∏Ãƒ–ƒ¿Ãÿ»ÿƒ¿»‰‘Ã‰∞ƒ∏–‰‰Ã‰Ã¿‹‘ƒ»‡ƒƒÿÿ∞¿∏¿»–‘ƒÃÃÿÃ»Ã»‰‰‰‹‘‡∞ƒ∏ƒ¿–ƒ‹‹‘–‡ÿ–»‡ÿ‡∞Ã¿‹∞ƒ¿‹‰∞±—…’î±—ïÖµ}…ïçΩπç•±•Ö—•Ωπ}Öπë}ç’……ïπ—}›ïï≠±Â}…Ω±î(»¿»ÿ∞ƒ±A|‰¿‘‰Ÿÿ±M—Öç‰ÅÖùî±}1MT±1MT±I±±ïµÕΩ∏±Q…’î∞»¿»ÿ¥¿‰¥¿’P»ÃËÃ¡h∞–¿ƒ‡‘ÿÿÿ¿∞Ãƒ∏¿∞‘ƒ∏‘∞¿∏¿∞±5%U4±	Ω—ïÖ¥Å…ΩÕ—ï»∞∞ƒ∏¿¿»ÃÃ¿ƒ–Ã–ÿÃƒ¿ÿ»±›ïï¨ƒµÿƒ∏¿∞»¿»ÿ¥¿‡¥Ã¡PƒÿËƒ‘Ë¿¿¨¿¿Ë¿¿∞¿∏¿∞¿∏¿∞¿∏¿∞¿∏¿∞¿∏¿∞¿∏‡ÿƒ‰‘‰‹–»Ãÿƒ‹ƒ‹»∞–∏ƒƒ‘‹‹–‰ÿÃ‰‹Ãƒ‹ƒÿ∞¿∏¿–‹–ƒ‰‘‡‘ÿ‘–‹Ãÿ‡‘∞¿∏ƒ‘‰‰»ƒ‹‡‰ƒ‘¿»‡ƒ‘∞ƒ∏‘ÃÃÿ‡Ã‹ƒ–Ã‡‡ÿ‰‡‘∞¿∏¿ƒ‘‹ƒÿƒ––ƒ‡‰‡‡‘‘ÿÃ∞ƒ∏ƒ¿Ãÿ‡»¿Ãÿ¿‘–»¿Ã∞Ã¿‡∞ƒ¿‡¿∞±ôÖ±Õî±—ïÖµ}…ïçΩπç•±•Ö—•Ωπ}Öπë}ç’……ïπ—}›ïï≠±Â}…Ω±î(»¿»ÿ∞ƒ±A}Ã‹¡‡–±ïΩ…ùîÅIΩ°∞±}5%98±5•ππïÕΩ—Ñ±Q±ÖÕ—ï…∏Å%±±•πΩ•Ã±Q…’î∞»¿»ÿ¥¿‰¥¿—P¿¿Ë¿¡h∞–¿ƒ‡‘‡–»»∞–‹∏‘∞‘ƒ∏‘∞¿∏¿∞±5=11}=9}Q5}IQL±	Ω—ïÖ¥Å…ΩÕ—ï»∞∞¿∏ÿÃ‰‰‡–ƒÿ‘Ãÿƒ‰–»ÿ±›ïï¨ƒµÿƒ∏¿∞»¿»ÿ¥¿‡¥Ã¡PƒÿËƒ‘Ë¿¿¨¿¿Ë¿¿∞¿∏¿∞¿∏¿∞¿∏¿∞¿∏¿∞¿∏¿∞¿∏¿∞¿∏¿∞¿∏¿∞¿∏Ã‡¿–‰»»‹‰‡Ã‹–ÿ‘Ã∞–∏»‡Ã‘‡‘‡¿–Ã‹Ã‡ÿ–∞¿∏¿–‡‹‰ƒÿ»»Ã‹‰–‡Ã‡»ÿ∞ƒ∏ƒ¿ƒÿ¿¿‘‰–‘‘ƒ‹‘–ÿ∞ƒ‹ƒ∞ƒ¿‡ƒ∞±ôÖ±Õî±—ïÖµ}…ïçΩπç•±•Ö—•Ωπ}Öπë}ç’……ïπ—}›ïï≠±Â}…Ω±î(»¿»ÿ∞ƒ±A}Â‘ƒÿ’±°ÖêÅ±ï·Öπëï»±}P±ïΩ…ù•ÑÅQïç†±I±Ω±Ω…Öëº±Q…’î∞»¿»ÿ¥¿‰¥¿—P¿¿Ë¿¡h∞–¿ƒ‡‘ÿ‹‹ÿ∞»‡∏‘∞‘¿∏‘∞¿∏¿∞±5%U4±	Ω—ïÖ¥Å…ΩÕ—ï»∞∞¿∏‡–ÿ‡‹ƒƒ»‰‰‡‘ƒ¿ÿ±›ïï¨ƒµÿƒ∏¿∞»¿»ÿ¥¿‡¥Ã¡PƒÿËƒ‘Ë¿¿¨¿¿Ë¿¿∞¿∏¿∞¿∏¿∞¿∏¿∞¿∏¿∞¿∏¿∞¿∏Ãÿ–ÃÃƒ‰‡ƒ‡ÿ‹»‹–ÃÃ∞»∏¿ƒ¿–ƒ‘ÿ¿ÿ»‘»Ã‘»–∞¿∏¿ƒ‡»ƒ»ƒ‡¿Ã»ÿ–‰»‹–∞¿∏Ã»ÃÃÿ‡»‘»‹‹»¿–ƒ‡∞»∏‰‘Ã‰ƒ‰‹‹ƒƒ¿Ã‰¿ƒ∞¿∏¿»‡»–‰–‰»¿»‹»»»‰‡∞ƒ∏¿‰‡‘‹ƒ‡»–ÿ»‰‰ÿƒ–∞Ã¿‰∞ƒ¿‡»∞±ôÖ±Õî±—ïÖµ}…ïçΩπç•±•Ö—•Ωπ}Öπë}ç’……ïπ—}›ïï≠±Â}…Ω±î(»¿»ÿ∞ƒ±A|’‹·‹‡±5Ö»ù-ï∞ÅAΩ…—ï»±}9\±9Ω…—°›ïÕ—ï…∏±I±MΩ’—†ÅÖ≠Ω—ÑÅM—Ö—î±Q…’î∞»¿»ÿ¥¿‰¥¿ŸP¿¿Ë¿¡h∞–¿ƒ‡‘‡–Ãƒ∞»‰∏‘∞–ÿ∏‘∞¿∏¿∞±5%U4±	Ω—ïÖ¥Å…ΩÕ—ï»∞∞¿∏‰–‘¿ÿ‰»‡‹»–‘¿‹¿»±›ïï¨ƒµÿƒ∏¿∞»¿»ÿ¥¿‡¥Ã¡PƒÿËƒ‘Ë¿¿¨¿¿Ë¿¿∞¿∏¿∞¿∏¿∞¿∏¿∞¿∏¿∞¿∏¿∞ƒ∏¿‹ÿ‘‡ÃÃ‡‡ÿ‹ƒƒ‡Ã‘∞‘∏»ƒ‡‘Ã¿ƒ‡‹‰ÿƒ‹‰Ã∞¿∏¿‘ÿ‰¿ÃÃ¿‡ÃÃ‰»ÃÃ‰‹∞¿∏¿‡Ã‡ƒ–‹»‹–¿Ãƒ»‹‡–∞¿∏‰ÿ–‘¿ÿ»¿‡ÿƒƒ‘‹–‡∞¿∏¿¿‰¿‡ÿƒ¿‹»‰‹‰ƒƒ»Ã‘∞ƒ∏¿‰‡¿‘–‡ÿ¿‡‡ÃÃÃ‘‡∞Ãƒ¿∞ƒ¿‡Ã∞±ôÖ±Õî±—ïÖµ}…ïçΩπç•±•Ö—•Ωπ}Öπë}ç’……ïπ—}›ïï≠±Â}…Ω±î(»¿»ÿ∞ƒ±A}‡ÕÃ‰±-ïÖŸΩ∏ÅIΩâï…—Ã±}!=T±!Ω’Õ—Ω∏±]H±=…ïùΩ∏ÅM—Ö—î±Q…’î∞»¿»ÿ¥¿‰¥¿’PƒÿË¿¡h∞–¿ƒ‡‘ÿ‹‹‡∞Ãÿ∏¿∞‘ƒ∏‘∞¿∏¿∞±5=11}=9}Q5}IQL±	Ω—ïÖ¥Å…ΩÕ—ï»∞∞¿∏‹ÃÿÃ–¿‹‡Ã‘¿ÿƒ–Ã–±›ïï¨ƒµÿƒ∏¿∞»¿»ÿ¥¿‡¥Ã¡PƒÿËƒ‘Ë¿¿¨¿¿Ë¿¿∞¿∏¿∞¿∏¿∞¿∏¿∞¿∏¿∞¿∏¿∞¿∏¿∞¿∏¿∞¿∏¿∞¿∏–ÿ‘‘Ã–ƒÃ‡‡ÃÃ‡¿»∞–∏¿‘Ãƒƒ»ƒ¿Ãÿƒ‹¿¿‰∞¿∏¿Ã‹‘‹‡–Ãÿ‰‡Ã‡ƒ»–¿ÿ∞ƒ∏¿‰ÿÃƒ‘‰‹ƒ¿‰‡Ã‹‹–∞‘¿»∞ƒ¿‡–∞±ôÖ±Õî±—ïÖµ}…ïçΩπç•±•Ö—•Ωπ}Öπë}ç’……ïπ—}›ïï≠±Â}…Ω±î(»¿»ÿ∞ƒ±A|¡ƒ‘ÿÂ»±)ΩïÕï¡†ÅM≠•¡›Ω…—†±}5MMP±5•ÕÕ•ÕÕ•¡¡§ÅM—Ö—î±Q±U0Å5Ωπ…Ωî±Q…’î∞»¿»ÿ¥¿‰¥¿’P»ÃËÃ¡h∞–¿ƒ‡‘ÿÿÿ»∞–»∏‘∞‘ÿ∏‘∞¿∏¿∞±5=11}=9}Q5}IQL±	Ω—ïÖ¥Å…ΩÕ—ï»∞∞¿∏ÿ»‡Ã»¿Ã¿‰‘‹‡ƒÿÿƒ±›ïï¨ƒµÿƒ∏¿∞»¿»ÿ¥¿‡¥Ã¡PƒÿËƒ‘Ë¿¿¨¿¿Ë¿¿∞¿∏¿∞¿∏¿∞¿∏¿∞¿∏¿∞¿∏¿∞¿∏¿∞¿∏¿∞¿∏¿∞¿∏Ã‘»‰‹‘‹Ã‹–‰‘‡ƒƒÿ∞–∏ÿ¿–Ã‹‡‹‡Ã‰¿¿ÿ»¿‘∞¿∏¿–ÿ–‰‰–»‘ƒÃÃÃ¿‘‰‰∞ƒ∏¿‰»–ƒ¿ƒÿÿÿ‡‘‹¿‰ÿ∞ƒ‹»∞ƒ¿‡‘∞±ôÖ±Õî±—ïÖµ}…ïçΩπç•±•Ö—•Ωπ}Öπë}ç’……ïπ—}›ïï≠±Â}…Ω±î(»¿»ÿ∞ƒ±A|Â›’›±AÖ…≠ï»Å±µΩ…î±}%9±%πë•ÖπÑ±Q±9Ω…—†ÅQï·ÖÃ±Q…’î∞»¿»ÿ¥¿‰¥¿’PƒÿË¿¡h∞–¿ƒ‡‘‡–»‘∞–‡∏¿∞‘‘∏‘∞¿∏¿∞±5=11}=9}Q5}IQL±	Ω—ïÖ¥Å…ΩÕ—ï»∞∞¿∏‹¿»¿ƒ¿‘‹‡–‡ÿ‹»‹‡±›ïï¨ƒµÿƒ∏¿∞»¿»ÿ¥¿‡¥Ã¡PƒÿËƒ‘Ë¿¿¨¿¿Ë¿¿∞¿∏¿∞¿∏¿∞¿∏¿∞¿∏¿∞¿∏¿∞¿∏¿∞¿∏¿∞¿∏¿∞¿∏–»»ƒƒ‘‹ƒ‡ƒƒ–‡‘Ãƒ∞»∏–‡‘‹‹»Ã‡‰‰Ã–‡‡‹∞¿∏¿‹¿ƒ–‘¿ƒÃ‹¿‡‡ÿ‘»∞ƒ∏¿‰ƒ‘ÿÃ¿Ã‰Ãÿƒ‘ÃÃ∞ƒ‹Ã∞ƒ¿‡ÿ∞±ôÖ±Õî±—ïÖµ}…ïçΩπç•±•Ö—•Ωπ}Öπë}ç’……ïπ—}›ïï≠±Â}…Ω±î(»¿»ÿ∞ƒ±A|››¡’±9Ö±•∏ÅMçΩ—–±}9±9ïâ…ÖÕ≠Ñ±]H±=°•º±Q…’î∞»¿»ÿ¥¿‰¥¿’PƒÿË¿¡h∞–¿ƒ‡‘‡–Ã¿∞Ã‘∏‘∞–‹∏‘∞¿∏¿∞±5=11}=9}Q5}IQL±	Ω—ïÖ¥Å…ΩÕ—ï»∞∞¿∏‹‹‡ƒ–ƒƒƒÃ‡ƒ‡–ƒÿƒ±›ïï¨ƒµÿƒ∏¿∞»¿»ÿ¥¿‡¥Ã¡PƒÿËƒ‘Ë¿¿¨¿¿Ë¿¿∞¿∏¿∞¿∏¿∞¿∏¿∞¿∏¿∞¿∏¿∞¿∏¿∞¿∏¿∞¿∏¿∞¿∏Ãÿ‹¿ÿ»‘Ã‰ÃÃÿÃ–»ƒ∞–∏–¿ÃÃ»–‘ƒ‰‹‡¿‡»‘∞¿∏¿–ÿ‘ÃÃ––‹‹‰»ƒ‡‡‰Ã∞ƒ∏¿‡ÿ‘‰‘ÿ‹‡¿ÿ‹‘‘‡∞‘¿Ã∞ƒ¿‡‹∞±ôÖ±Õî±—ïÖµ}…ïçΩπç•±•Ö—•Ωπ}Öπë}ç’……ïπ—}›ïï≠±Â}…Ω±î(»¿»ÿ∞ƒ±A|ÿ‰’±Â±Ö∏ÅI•È¨±}MQ8±M—ÖπôΩ…ê±E±5•Öµ§±Q…’î∞»¿»ÿ¥¿‰¥¿’P¿ƒË¿¡h∞–¿ƒ‡‘‡»¿ÿ∞ƒƒ∏‘∞–‹∏‘∞¿∏ÃÃ‡‹‹‰»‡‡‰‡‰ÿ‘Ã‡±1=\±!% ±	Ω—ïÖ¥Å…ΩÕ—ï»∞∞ÿ∏»ƒ‡Ãÿ‡–ÿÿ¿¿‘Ã‹‹±›ïï¨ƒµÿƒ∏¿∞»¿»ÿ¥¿‡¥Ã¡PƒÿËƒ‘Ë¿¿¨¿¿Ë¿¿∞¿∏¿∞¿∏¿∞¿∏¿∞¿∏¿∞¿∏¿∞»∏–‹–ƒ‰Ãƒ‘ƒ‡–»Ãÿ∞‘∏Ãÿ‘‰‡‘ÿ–‡–»–»ƒ‡‘∞¿∏¿‰¿‹‘ƒ‰‡ÿƒ‡–‡–»‰∞¿∏¿∞¿∏¿∞¿∏¿∞ƒ∏¿‡ƒƒƒ¿–‡ƒ‰‘ƒ–‹‰»∞ƒ¿»∞ƒ¿‡‡∞±ôÖ±Õî±—ïÖµ}…ïçΩπç•±•Ö—•Ωπ}Öπë}ç’……ïπ—}›ïï≠±Â}…Ω±î(»¿»ÿ∞ƒ±A|‡Ã¿Ÿ±9ΩÖ†Å5ΩïÖ≠§±}	eT±	eT±Q±U—Ö†ÅQïç†±Q…’î∞»¿»ÿ¥¿‰¥¿ŸP¿¿Ë¿¡h∞–¿ƒ‡‘ÿ‹‹‘∞‘»∏‘∞‘–∏‘∞¿∏¿∞±5=11}=9}Q5}IQL±	Ω—ïÖ¥Å…ΩÕ—ï»∞∞¿∏‘‡‰Ã‘»‡ÿ‘‘‡ƒÿÿ‘»±›ïï¨ƒµÿƒ∏¿∞»¿»ÿ¥¿‡¥Ã¡PƒÿËƒ‘Ë¿¿¨¿¿Ë¿¿∞¿∏¿∞¿∏¿∞¿∏¿∞¿∏¿∞¿∏¿∞¿∏¿∞¿∏¿∞¿∏¿∞¿∏Ã‘Ã‘‹––‰‰‡‰‡ÿ‰‘‡∞–∏‹¿––ƒ‘ÿ¿¿ƒ––‰–‹∞¿∏¿–»–Ã‹‰‰¿»Ã‘‡ÿƒ‰»∞ƒ∏¿‹‡ÿ––¿¿ƒÃ»‡Ãÿ»∞ƒ‹–∞ƒ¿‡‰∞±ôÖ±Õî±—ïÖµ}…ïçΩπç•±•Ö—•Ωπ}Öπë}ç’……ïπ—}›ïï≠±Â}…Ω±î(»¿»ÿ∞ƒ±A|ƒ‹‹…‘ÿ±)ÖÂëï∏ÅMÖŸΩ’…‰±}5MT±5•ç°•ùÖ∏ÅM—Ö—î±Q±QΩ±ïëº±Q…’î∞»¿»ÿ¥¿‰¥¿’P¿¿Ë¿¡h∞–¿ƒ‡‘‡–»‰∞»‰∏‹‘∞–‰∏‘∞¿∏¿∞±5=11}=9}Q5}IQL±	Ω—ïÖ¥Å…ΩÕ—ï»∞∞¿∏‘ÿ‘ÿ‘ÿ‹–‘¿Ã‘Ã‰»±›ïï¨ƒµÿƒ∏¿∞»¿»ÿ¥¿‡¥Ã¡PƒÿËƒ‘Ë¿¿¨¿¿Ë¿¿∞¿∏¿∞¿∏¿∞¿∏¿∞¿∏¿∞¿∏¿∞¿∏¿∞¿∏¿∞¿∏¿∞¿∏Ã‹‹Ã¿‘»‘‘‹‡ÿ¿–‹–ÿ∞–∏‘‰‡‹Ã‘‹»»–»»»¿Ã∞¿∏¿–¿ƒ‰‡ƒ‹‰‘‹»‹»‰‹»∞ƒ∏¿‹‡Ãÿ‹‰¿‘–ÿ–ÿ–ÿ∞ƒ‹‘∞ƒ¿‰¿∞±—…’î±—ïÖµ}…ïçΩπç•±•Ö—•Ωπ}Öπë}ç’……ïπ—}›ïï≠±Â}…Ω±î(»¿»ÿ∞ƒ±A}Â‡‡ÿ±π—°Ωπ‰Å]•±°•—î±}I%h±…•ÈΩπÑ±I±9Ω…—°ï…∏Å…•ÈΩπÑ±Q…’î∞»¿»ÿ¥¿‰¥¿ŸP¿ƒËÃ¡h∞–¿ƒ‡‘ÿ‹‹Ã∞––∏¿∞‘ÿ∏‘∞¿∏¿∞±5%U4±	Ω—ïÖ¥Å…ΩÕ—ï»∞∞¿∏‡ƒ¿»ƒ‘ƒ‰‘»ÿƒ‰ÿÿ‡±›ïï¨ƒµÿƒ∏¿∞»¿»ÿ¥¿‡¥Ã¡PƒÿËƒ‘Ë¿¿¨¿¿Ë¿¿∞¿∏¿∞¿∏¿∞¿∏¿∞¿∏¿∞¿∏¿∞¿∏Ã–‘–‹‡‡¿‹‡»ÿ»‘ÿ–‘∞ƒ∏‡ƒ‹ƒ»‰‰ƒ¿¿Ã‹ƒ‰ƒ∞¿∏¿ƒÿÿ‡ÿƒ‡ÿ–‘»Ã–‡‡‰‹∞¿∏»‘ÿ»–‹»‰‘‡»ÿ‘‰–‘ÿ∞Ã∏»»ƒ‹ÿ¿‘ƒ–¿‘ƒƒ‹–‹∞¿∏¿Ã‘‰‰ƒ‰ƒ‹Ã‘¿¿‘¿–»–∞ƒ∏¿‹ÿ»¿–‰ÿƒ¿–‰‡»‹»∞Ãƒƒ∞ƒ¿‰ƒ∞±ôÖ±Õî±—ïÖµ}…ïçΩπç•±•Ö—•Ωπ}Öπë}ç’……ïπ—}›ïï≠±Â}…Ω±î(»¿»ÿ∞ƒ±A|…	Ÿ±)ÖµïÃÅ•ùùï‰±}MT±…•ÈΩπÑÅM—Ö—î±Q±5Ω…ùÖ∏ÅM—Ö—î±Q…’î∞»¿»ÿ¥¿‰¥¿ŸP¿»Ë¿¡h∞–¿ƒ‡‘ÿ‹‹–∞–‹∏¿∞‘»∏‘∞¿∏¿∞±5=11}=9}Q5}IQL±	Ω—ïÖ¥Å…ΩÕ—ï»∞∞¿∏ÿÃ‡–‰‹‡ÿ–‰¿‹ƒ‘‰»±›ïï¨ƒµÿƒ∏¿∞»¿»ÿ¥¿‡¥Ã¡PƒÿËƒ‘Ë¿¿¨¿¿Ë¿¿∞¿∏¿∞¿∏¿∞¿∏¿∞¿∏¿∞¿∏¿∞¿∏¿∞¿∏¿∞¿∏¿∞¿∏Ã–‘ƒ‡Ã‘–‰‹»‘‹‡¿Ãÿ∞–∏Ã‡–Ã‰‡ÿ‹–‡‹ƒ‹»‘∞¿∏¿–‹–ÿÃ‘»»‰‰‡ÃÃ¿ÿ‘‘∞ƒ∏¿ÿ‡–¿–‘‘‘»¿»‰Ãÿÿ∞ƒ‹ÿ∞ƒ¿‰»∞±ôÖ±Õî±—ïÖµ}…ïçΩπç•±•Ö—•Ωπ}Öπë}ç’……ïπ—}›ïï≠±Â}…Ω±î(»¿»ÿ∞ƒ±A}‹·ÿ‰±5•≠îÅ!•ùù•πÃ±}IUQ±I’—ùï…Ã±Q±5ÖÕÕÖç°’Õï——Ã±Q…’î∞»¿»ÿ¥¿‰¥¿ÕP»»Ë¿¡h∞–¿ƒ‡‘‡–»Ã∞–ƒ∏¿∞‘»∏‘∞¿∏¿∞±5=11}=9}Q5}IQL±	Ω—ïÖ¥Å…ΩÕ—ï»∞∞¿∏‘ÿƒ‘‰‡‰‘ÃÃ‘»ÿ‰‘ÿ±›ïï¨ƒµÿƒ∏¿∞»¿»ÿ¥¿‡¥Ã¡PƒÿËƒ‘Ë¿¿¨¿¿Ë¿¿∞¿∏¿∞¿∏¿∞¿∏¿∞¿∏¿∞¿∏¿∞¿∏¿∞¿∏¿∞¿∏¿∞¿∏Ã‘ƒ¿Ã¿ÿ¿‘‡‰‡‹–‡‡∞–∏–‘Ã‡‹¿ÿ‹¿‰‹»¿‹Ã∞¿∏¿–‘Ã¿¿‘»ÿ‰‡–¿ÃÃƒ–∞ƒ∏¿ÿ‡»»¿‡Ã–‰¿¿ƒ‘‘∞ƒ‹‹∞ƒ¿‰Ã∞±ôÖ±Õî±—ïÖµ}…ïçΩπç•±•Ö—•Ωπ}Öπë}ç’……ïπ—}›ïï≠±Â}…Ω±î(»¿»ÿ∞ƒ±A|ÕƒÃ…±Mïµ§ÅQÖ’±ÖπùÑ±}UQ ±U—Ö†±Q±%ëÖ°º±Q…’î∞»¿»ÿ¥¿‰¥¿—P¿ƒË¿¡h∞–¿ƒ‡‘ÿ‹ÿ‡∞–‘∏¿∞‘ÿ∏‘∞¿∏¿∞±5=11}=9}Q5}IQL±	Ω—ïÖ¥Å…ΩÕ—ï»∞∞¿∏‹–‹‰»»–‘–‘¿¿ƒ‘‰‹±›ïï¨ƒµÿƒ∏¿∞»¿»ÿ¥¿‡¥Ã¡PƒÿËƒ‘Ë¿¿¨¿¿Ë¿¿∞¿∏¿∞¿∏¿∞¿∏¿∞¿∏¿∞¿∏¿∞¿∏¿∞¿∏¿∞¿∏¿∞¿∏Ã‰ƒ‡–ÿ‰‡––‡ÿ¿‘‡ƒ‘∞»∏‰‘‰»ÿ¿–‹‰‡ƒƒ‹ÿ‘∞¿∏¿ÿÃ»‡ÿÃ»ÿ¿»‰‰ÿÿƒÃ∞ƒ∏¿ÿ‹–‰¿‰‡‡ÿ–‹¿Ãƒ–∞ƒ‹‡∞ƒ¿‰–∞±ôÖ±Õî±—ïÖµ}…ïçΩπç•±•Ö—•Ωπ}Öπë}ç’……ïπ—}›ïï≠±Â}…Ω±î(»¿»ÿ∞ƒ±A}ÃÕ··±ïππ•ÃÅ5ΩΩë‰Å%%$±}=-MP±=≠±Ö°ΩµÑÅM—Ö—î±I±Q’±ÕÑ±Ö±Õî∞»¿»ÿ¥¿‰¥¿’Pƒ‰Ë–’h∞–¿ƒ‡‘ÿ‹‹»∞Ã‹∏»‘∞ÿ¿∏‘∞¿∏¿∞±5%U4±	Ω—ïÖ¥Å…ΩÕ—ï»∞∞¿∏ÿ»‰Ã¿Ãÿ¿»‡ÿÿ‹‹ƒ»±›ïï¨ƒµÿƒ∏¿∞»¿»ÿ¥¿‡¥Ã¡PƒÿËƒ‘Ë¿¿¨¿¿Ë¿¿∞¿∏¿∞¿∏¿∞¿∏¿∞¿∏¿∞¿∏¿∞¿∏–ÿ¿ÿ‡‡»‘‰¿‘‰ƒ¿‰‰∞»∏ƒ‡Ãƒ‹‹ƒ‡¿‰»ÿÃƒ¿‘∞¿∏¿»Ã¿»»‰Ã‰»‘¿–‰ÿÿ‘∞¿∏»Ãƒÿ»–‹‡»»–‰‰ÿ‘––∞Ã∏¿‰‰Ãÿ‡‘Ãÿ–‰ÿ»‹‹Ã∞¿∏¿»‡¿––‘‡ƒ»ÿ‰Ã‹»ÿ‘∞ƒ∏¿ÿÿ»‡––‹‹ƒƒƒ––¿ƒ∞Ãƒ»∞ƒ¿‰‘∞±ôÖ±Õî±—ïÖµ}…ïçΩπç•±•Ö—•Ωπ}Öπë}ç’……ïπ—}›ïï≠±Â}…Ω±î(»¿»ÿ∞ƒ±A|‡ƒ‡Ã≈ÿ±E’•π—Ω∏ÅΩπ±ï‰±}-T±-ÖπÕÖÃ±Q±1ΩπúÅ%Õ±ÖπêÅUπ•Ÿï…Õ•—‰±Q…’î∞»¿»ÿ¥¿‰¥¿’P¿¿Ë¿¡h∞–¿ƒ‡‘ÿ‹ÿ‰∞–ÿ∏¿∞‘Ã∏‘∞¿∏¿∞±5=11}=9}Q5}IQL±	Ω—ïÖ¥Å…ΩÕ—ï»∞∞¿∏‘ÿ‰‘‘¿ƒ‰¿ƒÃ‹Ã»‰–±›ïï¨ƒµÿƒ∏¿∞»¿»ÿ¥¿‡¥Ã¡PƒÿËƒ‘Ë¿¿¨¿¿Ë¿¿∞¿∏¿∞¿∏¿∞¿∏¿∞¿∏¿∞¿∏¿∞¿∏¿∞¿∏¿∞¿∏¿∞¿∏Ã‘¿ÿ»»–‹Ã¿‡»‘‹»∞–∏ƒÿÃ¿–‘‘»¿ÿ‰»‹–‘∞¿∏¿–‹‡¿»‘‹¿¿‹‰‰¿ÿ»‡ÿ∞ƒ∏¿‘Ã‹–»––‘ÿÃƒ»‡–Ã∞ƒ‹‰∞ƒ¿‰ÿ∞±ôÖ±Õî±—ïÖµ}…ïçΩπç•±•Ö—•Ωπ}Öπë}ç’……ïπ—}›ïï≠±Â}…Ω±î(»¿»ÿ∞ƒ±A|‘ÿ¡‡¿Ã–±Iï•µÖ∏Åiïâï…–±}MQ8±M—ÖπôΩ…ê±Q±5•Öµ§±Q…’î∞»¿»ÿ¥¿‰¥¿’P¿ƒË¿¡h∞–¿ƒ‡‘‡»¿ÿ∞ƒƒ∏‘∞–‹∏‘∞¿∏¿∞±5=11}=9}Q5}IQL±	Ω—ïÖ¥Å…ΩÕ—ï»∞∞¿∏‰–»¿‹‰–»‹‡ÿ‰Ãÿ‹‘±›ïï¨ƒµÿƒ∏¿∞»¿»ÿ¥¿‡¥Ã¡PƒÿËƒ‘Ë¿¿¨¿¿Ë¿¿∞¿∏¿∞¿∏¿∞¿∏¿∞¿∏¿∞¿∏¿∞¿∏¿∞¿∏¿∞¿∏¿∞¿∏‘Ã‡ÿ‹‰‹ÿÃ–Ã–»Ã‡–∞–∏¿‹‘‘ƒÿ‡ƒÿÿÿ–ÿ–ƒ∞¿∏¿ƒ‹–ƒ»‘Ã‹‹Ãÿ–‘ÿ‡‡–∞ƒ∏¿‘¿‹¿ÿÿ‹ƒ‘ƒ‰–––∞ƒ‡¿∞ƒ¿‰‹∞±ôÖ±Õî±—ïÖµ}…ïçΩπç•±•Ö—•Ωπ}Öπë}ç’……ïπ—}›ïï≠±Â}…Ω±î(»¿»ÿ∞ƒ±A}’–‹–·±5•çÖ†Å-ÑùÖ¡ÖπÑ±}5% ±5•ç°•ùÖ∏±I±]ïÕ—ï…∏Å5•ç°•ùÖ∏±Q…’î∞»¿»ÿ¥¿‰¥¿’P»ÃËÃ¡h∞–¿ƒ‡‘‡–»‡∞Ã‡∏¿∞–‡∏‘∞¿∏¿∞±5%U4±	Ω—ïÖ¥Å…ΩÕ—ï»∞∞¿∏‡»Ã‹‘ÿÃÃ–ÿÃÿÃ‹‘Ã±›ïï¨ƒµÿƒ∏¿∞»¿»ÿ¥¿‡¥Ã¡PƒÿËƒ‘Ë¿¿¨¿¿Ë¿¿∞¿∏¿∞¿∏¿∞¿∏¿∞¿∏¿∞¿∏¿∞¿∏ÿ‹ÿ–ÿ‹–‹Ã¿‹‘ÿ‡‡ÿ∞Ã∏‰»‹¿»‰ÿ‰–Ã–Ã––ƒ∞¿∏¿–¿ƒ‰ƒÿ‘ÿÿ‡ƒ‘ÿ‰ÿ»ÿ∞¿∏ƒÿ‹–‰‹‹‘ÃÃÃ‡¿»»Ã∞ƒ∏ÿƒÃ¿‰»ƒ–––‡‘–¿‘ÿ∞¿∏¿ƒ–ÿÿÃ»‘ÿƒ‰‘ƒ¿‡‡‹ÿ∞ƒ∏¿‘¿ÿÃ‰–ƒ––‡¿‰‹‡∞ÃƒÃ∞ƒ¿‰‡∞±ôÖ±Õî±—ïÖµ}…ïçΩπç•±•Ö—•Ωπ}Öπë}ç’……ïπ—}›ïï≠±Â}…Ω±î(»¿»ÿ∞ƒ±A|—ÿÿ·Ã±1Ö……‰Å5•±ïÃ±}9±9ïâ…ÖÕ≠Ñ±]H±=°•º±Q…’î∞»¿»ÿ¥¿‰¥¿’PƒÿË¿¡h∞–¿ƒ‡‘‡–Ã¿∞Ã‘∏‘∞–‹∏‘∞¿∏¿∞±5=11}=9}Q5}IQL±	Ω—ïÖ¥Å…ΩÕ—ï»∞∞¿∏‹‘»¿ÿÃÿÿ‡‰ÿ‹¿‡‹‹±›ïï¨ƒµÿƒ∏¿∞»¿»ÿ¥¿‡¥Ã¡PƒÿËƒ‘Ë¿¿¨¿¿Ë¿¿∞¿∏¿∞¿∏¿∞¿∏¿∞¿∏¿∞¿∏¿∞¿∏¿∞¿∏¿∞¿∏¿∞¿∏Ã‘–‹ÿƒÃÿ¿ÃÃ‡ÿÿ‘»∞–∏»‘‘‹‘‡ƒ‘‰¿ƒÿ‹‘ƒ∞¿∏¿––‰‹Ã‰‰ÿƒ‹–‹–‘‰‡–∞ƒ∏¿‘¿ƒ‡ƒƒ‘Ã»‡‡‡ƒÿÃ∞‘¿–∞ƒ¿‰‰∞±ôÖ±Õî±—ïÖµ}…ïçΩπç•±•Ö—•Ωπ}Öπë}ç’……ïπ—}›ïï≠±Â}…Ω±î(»¿»ÿ∞ƒ±A|≈¿¿‘Â±5Ö…ç’ÃÅ5Ωπ…Ωî±}MQ8±M—ÖπôΩ…ê±Q±5•Öµ§±Q…’î∞»¿»ÿ¥¿‰¥¿’P¿ƒË¿¡h∞–¿ƒ‡‘‡»¿ÿ∞ƒƒ∏‘∞–‹∏‘∞¿∏¿∞±5=11}=9}Q5}IQL±	Ω—ïÖ¥Å…ΩÕ—ï»∞∞¿∏‰Ãƒ‹¿¿¿ÿ‰»‰‰ƒ‰»‡±›ïï¨ƒµÿƒ∏¿∞»¿»ÿ¥¿‡¥Ã¡PƒÿËƒ‘Ë¿¿¨¿¿Ë¿¿∞¿∏¿∞¿∏¿∞¿∏¿∞¿∏¿∞¿∏¿∞¿∏¿∞¿∏¿∞¿∏¿∞¿∏‘Ã»‹––‡ÿ¿¿ƒÃÃ‡ƒÿ∞–∏¿Ã¿ÿƒ–‡ƒÿ‹–¿»‹Ãÿ∞¿∏¿ƒ‹»»¿ÿ‰‘ƒÃ¿ƒ‘‹ÿƒ‘∞ƒ∏¿Ã‰ƒÃ¿‘ƒ»–ÿ‡Ã‘–‘∞ƒ‡ƒ∞ƒƒ¿¿∞±ôÖ±Õî±—ïÖµ}…ïçΩπç•±•Ö—•Ωπ}Öπë}ç’……ïπ—}›ïï≠±Â}…Ω±î(»¿»ÿ∞ƒ±A|Â	Â‹±ïiï¡°ï∏Å]Ö±≠ï»±}=T±=≠±Ö°ΩµÑ±I±UQ@±Q…’î∞»¿»ÿ¥¿‰¥¿’P¿¿Ë¿¡h∞–¿ƒ‡‘ÿÿÿ–∞–ÿ∏¿∞‘¿∏‘∞¿∏¿∞±5%U4±	Ω—ïÖ¥Å…ΩÕ—ï»∞∞¿∏‡¿»Ã‹‡¿–‡»‹¿¿‡–±›ïï¨ƒµÿƒ∏¿∞»¿»ÿ¥¿‡¥Ã¡PƒÿËƒ‘Ë¿¿¨¿¿Ë¿¿∞¿∏¿∞¿∏¿∞¿∏¿∞¿∏¿∞¿∏¿∞¿∏‡ÿ»¿‹»‹‡‹‡‡‹‹»ƒ‹∞–∏Ã–‘»ÿ‘»»‰Ãÿ‹»–ƒ∞¿∏¿––‘Ã–Ã‰»¿–¿¿ƒÃ‰Ãÿ∞¿∏ƒƒÃ‡ÿ‘ÿ‰‡–––‡Ã¿ÿ»∞ƒ∏Ã‹Ãƒ–‡‹–‹‡‰¿‰‹‡∞¿∏¿ƒÃ‹ÿ‰ƒƒ–‰‘»–ÿ¿‹‹∞ƒ∏¿Ã‘‘»‡ƒÃ‡ƒ»‘‘¿¿‡∞Ãƒ–∞ƒƒ¿ƒ∞±ôÖ±Õî±—ïÖµ}…ïçΩπç•±•Ö—•Ωπ}Öπë}ç’……ïπ—}›ïï≠±Â}…Ω±î(»¿»ÿ∞ƒ±A|Ãƒ‰‘»‘›±ëÖ¥Å1Öπê±}5MMP±5•ÕÕ•ÕÕ•¡¡§ÅM—Ö—î±Q±U0Å5Ωπ…Ωî±Q…’î∞»¿»ÿ¥¿‰¥¿’P»ÃËÃ¡h∞–¿ƒ‡‘ÿÿÿ»∞–»∏‘∞‘ÿ∏‘∞¿∏¿∞±5=11}=9}Q5}IQL±	Ω—ïÖ¥Å…ΩÕ—ï»∞∞¿∏‘‰»‰‘‡‰‘‘»ƒ‹‘Ãÿ‰±›ïï¨ƒµÿƒ∏¿∞»¿»ÿ¥¿‡¥Ã¡PƒÿËƒ‘Ë¿¿¨¿¿Ë¿¿∞¿∏¿∞¿∏¿∞¿∏¿∞¿∏¿∞¿∏¿∞¿∏¿∞¿∏¿∞¿∏¿∞¿∏ÃÃÃƒƒ¿‘‘¿‰‰ƒÃ‹‹‰Ã∞–∏Ã–‘»–‡ƒ¿»‹‹ƒ‹‡ƒ∞¿∏¿–Ã‡‡»–‹‘–»ÿ‡ÿ¿–¿‘∞ƒ∏¿Ã¿‰Ã¿»ƒÃ‡»‰‹ƒ‡‘∞ƒ‡»∞ƒƒ¿»∞±ôÖ±Õî±—ïÖµ}…ïçΩπç•±•Ö—•Ωπ}Öπë}ç’……ïπ—}›ïï≠±Â}…Ω±î(»¿»ÿ∞ƒ±A|‹Â…‰Ã±E’Ö•êÅÖ…»±}]M ±]ÖÕ°•πù—Ω∏±I±]ÖÕ°•πù—Ω∏ÅM—Ö—î±Q…’î∞»¿»ÿ¥¿‰¥¿ŸP»¿Ë¿¡h∞–¿ƒ‡‘‡–Ã‹∞Ã‹∏¿∞‘¿∏‘∞¿∏¿∞±5%U4±	Ω—ïÖ¥Å…ΩÕ—ï»∞∞¿∏‹‘‡–Ã‡‡‘¿ÿ–‘»–‡‹±›ïï¨ƒµÿƒ∏¿∞»¿»ÿ¥¿‡¥Ã¡PƒÿËƒ‘Ë¿¿¨¿¿Ë¿¿∞¿∏¿∞¿∏¿∞¿∏¿∞¿∏¿∞¿∏¿∞¿∏––ƒ–‘‘‹‡ÿƒ‰¿–‘‰‹∞»∏–ƒ‡‘Ãÿ¿‡‡‡–‰‡ÿƒ∞¿∏¿»–ÿ»‹‹‘»ÿ»–»»‡‹‰∞¿∏»¿––‰ƒ¿ÿ‹‹ƒ‹‘¿Ã»»∞»∏ÿÃƒ––¿¿Ãƒ–¿ƒ‘¿Ã∞¿∏¿»‡ƒ‰–ƒ‡Ã‡»Ã¿¿‡»–ÿ∞ƒ∏¿»ÿ–»¿»‰‡–»ÿ¿ÿƒ‡∞Ãƒ‘∞ƒƒ¿Ã∞±ôÖ±Õî±—ïÖµ}…ïçΩπç•±•Ö—•Ωπ}Öπë}ç’……ïπ—}›ïï≠±Â}…Ω±î(»¿»ÿ∞ƒ±A}‰‡¿–‰’±)Öç≠ÕΩ∏ÅÖ…¡ïπ—ï»±}9±9ïâ…ÖÕ≠Ñ±]H±=°•º±Q…’î∞»¿»ÿ¥¿‰¥¿’PƒÿË¿¡h∞–¿ƒ‡‘‡–Ã¿∞Ã‘∏‘∞–‹∏‘∞¿∏¿∞±5=11}=9}Q5}IQL±	Ω—ïÖ¥Å…ΩÕ—ï»∞∞¿∏‹Ã»‡‹–ÿ¿‘‹‹–ÿ¿¿‘±›ïï¨ƒµÿƒ∏¿∞»¿»ÿ¥¿‡¥Ã¡PƒÿËƒ‘Ë¿¿¨¿¿Ë¿¿∞¿∏¿∞¿∏¿∞¿∏¿∞¿∏¿∞¿∏¿∞¿∏¿∞¿∏¿∞¿∏¿∞¿∏Ã–‘‹¿‰‘–‰Ã‹‡ƒƒ¿–∞–∏ƒ–‹ƒ‹ƒ‘‰ƒÿÿ»¿‘–∞¿∏¿–Ã‡»ÿ–‹‘ƒ‹Ã»ÃƒÃ‡∞ƒ∏¿»ÃÃ‡‘‘‘‰‘‡Ã‹¿–∞‘¿‘∞ƒƒ¿–∞±ôÖ±Õî±—ïÖµ}…ïçΩπç•±•Ö—•Ωπ}Öπë}ç’……ïπ—}›ïï≠±Â}…Ω±î(»¿»ÿ∞ƒ±A}Â¿Ã±5Ö—–ÅëçΩç¨±}I,±…≠ÖπÕÖÃ±Q±9Ω…—†Å±ÖâÖµÑ±Q…’î∞»¿»ÿ¥¿‰¥¿’P»¿Ëƒ’h∞–¿ƒ‡‘ÿÿÃ‘∞‘»∏¿∞ÿÃ∏‘∞¿∏¿∞±5=11}=9}Q5}IQL±	Ω—ïÖ¥Å…ΩÕ—ï»∞∞¿∏‘‘‘‘–¿‡¿‹ƒ‹¿ƒ¿–‡±›ïï¨ƒµÿƒ∏¿∞»¿»ÿ¥¿‡¥Ã¡PƒÿËƒ‘Ë¿¿¨¿¿Ë¿¿∞¿∏¿∞¿∏¿∞¿∏¿∞¿∏¿∞¿∏¿∞¿∏¿∞¿∏¿∞¿∏¿∞¿∏Ã»‹ÿÿ‡ƒÿ‹‰»‰»ÿƒ–ÿ∞–∏–‘‡‘‘‹–‹‹‰‰‹‹ÿ»∞¿∏¿–¿‹ƒÃ‘Ã–¿»‘»»‰Ãƒ∞ƒ∏¿ƒ‹‡¿‘ƒƒ‰‡‡¿–ƒÃ–∞ƒ‡Ã∞ƒƒ¿‘∞±ôÖ±Õî±—ïÖµ}…ïçΩπç•±•Ö—•Ωπ}Öπë}ç’……ïπ—}›ïï≠±Â}…Ω±î(»¿»ÿ∞ƒ±A|Ã—Õ‹¿±	…ÖπëΩ∏Å	ïππï—–±}MT±±Ω…•ëÑÅM—Ö—î±]H±M5T±Q…’î∞»¿»ÿ¥¿‰¥¿›P»ÃËÃ¡h∞–¿ƒ‡‘‡»ƒ»∞»‘∏»‘∞‘Ã∏‘∞¿∏¿∞±5=11}=9}Q5}IQL±	Ω—ïÖ¥Å…ΩÕ—ï»∞∞¿∏ÿ¿¿‰‹ÿƒƒƒ–Ã»‰ƒ‘‘±›ïï¨ƒµÿƒ∏¿∞»¿»ÿ¥¿‡¥Ã¡PƒÿËƒ‘Ë¿¿¨¿¿Ë¿¿∞¿∏¿∞¿∏¿∞¿∏¿∞¿∏¿∞¿∏¿∞¿∏¿∞¿∏¿∞¿∏¿∞¿∏Ã‡¿ƒƒ–¿¿‹‘‰»‹ÿ‘–∞–∏–»¿Ã»‡‘Ãÿ––Ã‹ƒ‡∞¿∏¿Ã»‘‰‘ƒ¿‘»‰‘ÿ‰‡‡‹–∞ƒ∏¿ƒ‹‹ƒ‹–‰Ã¿ƒƒÃÃ¿–∞‘¿ÿ∞ƒƒ¿ÿ∞±ôÖ±Õî±—ïÖµ}…ïçΩπç•±•Ö—•Ωπ}Öπë}ç’……ïπ—}›ïï≠±Â}…Ω±î(»¿»ÿ∞ƒ±A}»…	±M—ïŸ•îÅµÖ»Å)»∏±}U1±U1±Q±Ö±•ôΩ…π•Ñ±Ö±Õî∞»¿»ÿ¥¿‰¥¿ŸP¿»ËÃ¡h∞–¿ƒ‡‘‡»ƒ¿∞»‹∏‘∞‘Ã∏‘∞¿∏¿∞±5=11}=9}Q5}IQL±	Ω—ïÖ¥Å…ΩÕ—ï»∞∞¿∏‘‹‰»‡»‡¿––¿‰»–ÿƒ±›ïï¨ƒµÿƒ∏¿∞»¿»ÿ¥¿‡¥Ã¡PƒÿËƒ‘Ë¿¿¨¿¿Ë¿¿∞¿∏¿∞¿∏¿∞¿∏¿∞¿∏¿∞¿∏¿∞¿∏¿∞¿∏¿∞¿∏¿∞¿∏–»»ƒ‘–‰Ã¿‹ƒ–‡‰Ã–ÿ∞Ã∏‡‡ÿ––Ãÿÿ¿‰‘¿¿‰»‹∞¿∏¿ÃÃ‡‰Ã–¿–¿ƒ‰‰ƒÃÿ∞ƒ∏¿ƒ–ƒ‘‰‹»¿‰»‰Ã‡–»∞ƒ‡–∞ƒƒ¿‹∞±ôÖ±Õî±—ïÖµ}…ïçΩπç•±•Ö—•Ωπ}Öπë}ç’……ïπ—}›ïï≠±Â}…Ω±î(»¿»ÿ∞ƒ±A|›–»‰‰–±)Ö……•ï—–Å	’•î±}%=]±%Ω›Ñ±]H±9Ω…—°ï…∏Å%±±•πΩ•Ã±Q…’î∞»¿»ÿ¥¿‰¥¿’P»¿Ëƒ’h∞–¿ƒ‡‘‡–»ÿ∞Ã‡∏‘∞–‘∏‘∞¿∏¿∞±5=11}=9}Q5}IQL±	Ω—ïÖ¥Å…ΩÕ—ï»∞∞¿∏ÿ–ƒ‡‘ƒ¿‹Ã‰ƒ‘‘‰‘‰±›ïï¨ƒµÿƒ∏¿∞»¿»ÿ¥¿‡¥Ã¡PƒÿËƒ‘Ë¿¿¨¿¿Ë¿¿∞¿∏¿∞¿∏¿∞¿∏¿∞¿∏¿∞¿∏¿∞¿∏¿∞¿∏¿∞¿∏¿∞¿∏ÃÃ‰Ã–‡¿‰ƒ–Ã»–Ã»‡Ã∞–∏¿‰ƒ–‰‹¿‡‰‰‹‰¿–»∞¿∏¿––¿ƒÃ»¿»‹‰¿»ÿ»‰‹∞ƒ∏¿ƒ»‘‹‹¿ƒ‹ƒ‹ƒ‰ƒ–‡∞‘¿‹∞ƒƒ¿‡∞±ôÖ±Õî±—ïÖµ}…ïçΩπç•±•Ö—•Ωπ}Öπë}ç’……ïπ—}›ïï≠±Â}…Ω±î(»¿»ÿ∞ƒ±A}	—ÿÕ‹±5•çÖ†Å	ïç≠Õ—ïÖê±}	eT±	eT±I±U—Ö†ÅQïç†±Q…’î∞»¿»ÿ¥¿‰¥¿ŸP¿¿Ë¿¡h∞–¿ƒ‡‘ÿ‹‹‘∞‘»∏‘∞‘–∏‘∞¿∏¿∞±5%U4±	Ω—ïÖ¥Å…ΩÕ—ï»∞∞¿∏‹‹‹–Ãƒ‰»‰‘ƒÿƒ‹‹‘±›ïï¨ƒµÿƒ∏¿∞»¿»ÿ¥¿‡¥Ã¡PƒÿËƒ‘Ë¿¿¨¿¿Ë¿¿∞¿∏¿∞¿∏¿∞¿∏¿∞¿∏¿∞¿∏¿∞ƒ∏¿–‰ÿƒÿ‘Ã‡Ã‹‰»‘‡–∞ÿ∏ƒ‰»Ã‹‡‰–‘–‡ƒƒÿƒ∞¿∏¿ÿ‘Ã‘‡–‡‘‰‘‰‡Ã‘»‘∞¿∏¿∞¿∏¿∞¿∏¿∞ƒ∏¿ƒƒÃ‡‡‡ƒ¿Ã¿‹ƒ»‹ÿ∞Ãƒÿ∞ƒƒ¿‰∞±ôÖ±Õî±—ïÖµ}…ïçΩπç•±•Ö—•Ωπ}Öπë}ç’……ïπ—}›ïï≠±Â}…Ω±î(»¿»ÿ∞ƒ±A|‘¿Ÿ›·±°Ö…±•îÅ5•…ï»±}MQ8±M—ÖπôΩ…ê±E±5•Öµ§±Q…’î∞»¿»ÿ¥¿‰¥¿’P¿ƒË¿¡h∞–¿ƒ‡‘‡»¿ÿ∞ƒƒ∏‘∞–‹∏‘∞¿∏»‹‹‹ÃÃÃ‡¿ÿ‹‹ÿ¿»ÿ‹±1=\±!% ±	Ω—ïÖ¥Å…ΩÕ—ï»∞∞‘∏»‰‡‰‘–‘¿Ã¿‰–ƒ‘»±›ïï¨ƒµÿƒ∏¿∞»¿»ÿ¥¿‡¥Ã¡PƒÿËƒ‘Ë¿¿¨¿¿Ë¿¿∞¿∏¿∞¿∏¿∞¿∏¿∞¿∏¿∞¿∏¿∞»∏Ãƒ–»–‘ƒ»»ÿÿÃ‹Ã‰∞‘∏¿ƒ‰¿‰Ã»Ãÿ‡‡ƒ¿Ã‰∞¿∏¿‡–‡‡‘ƒ‡–ƒ‡Ã‹‘Ã»‘∞¿∏¿∞¿∏¿∞¿∏¿∞ƒ∏¿ƒƒ»»¿–»‡‹‰¿ÿ»Ã‘∞ƒ¿Ã∞ƒƒƒ¿∞±ôÖ±Õî±—ïÖµ}…ïçΩπç•±•Ö—•Ωπ}Öπë}ç’……ïπ—}›ïï≠±Â}…Ω±î(»¿»ÿ∞ƒ±A}ÃÂ±1ΩùÖ∏ÅÖ……ï±∞±}%10±%±±•πΩ•Ã±Q±U±Q…’î∞»¿»ÿ¥¿‰¥¿—P¿ƒË¿¡h∞–¿ƒ‡‘‡–»–∞–»∏¿∞‘‘∏‘∞¿∏¿∞±5=11}=9}Q5}IQL±	Ω—ïÖ¥Å…ΩÕ—ï»∞∞¿∏‘‰Ã‹¿‡ƒƒƒ‘–‘‡¿ÿ‰±›ïï¨ƒµÿƒ∏¿∞»¿»ÿ¥¿‡¥Ã¡PƒÿËƒ‘Ë¿¿¨¿¿Ë¿¿∞¿∏¿∞¿∏¿∞¿∏¿∞¿∏¿∞¿∏¿∞¿∏¿∞¿∏¿∞¿∏¿∞¿∏Ã»–ÿÃ‡ƒ‘Ã‰–‘¿‰‰‘–∞–∏»–‰‰‰‹Ã¿ÿÃ–‹ÿ‹ÿ∞¿∏¿–Ã»ÿ‘‹Ã‹‹‡»––ÿ»‰–∞ƒ∏¿¿‰»Ã»Ãƒƒ»‹–‘–‘∞ƒ‡‘∞ƒƒƒƒ∞±ôÖ±Õî±—ïÖµ}…ïçΩπç•±•Ö—•Ωπ}Öπë}ç’……ïπ—}›ïï≠±Â}…Ω±î(»¿»ÿ∞ƒ±A}·	—±°…•ÃÅAï—…’çç§±}9\±9Ω…—°›ïÕ—ï…∏±Q±MΩ’—†ÅÖ≠Ω—ÑÅM—Ö—î±Q…’î∞»¿»ÿ¥¿‰¥¿ŸP¿¿Ë¿¡h∞–¿ƒ‡‘‡–Ãƒ∞»‰∏‘∞–ÿ∏‘∞¿∏¿∞±5=11}=9}Q5}IQL±	Ω—ïÖ¥Å…ΩÕ—ï»∞∞¿∏ÿ‰¿»‰‘‹‡»ÿƒ‰‹‡¿ƒ±›ïï¨ƒµÿƒ∏¿∞»¿»ÿ¥¿‡¥Ã¡PƒÿËƒ‘Ë¿¿¨¿¿Ë¿¿∞¿∏¿∞¿∏¿∞¿∏¿∞¿∏¿∞¿∏¿∞¿∏¿∞¿∏¿∞¿∏¿∞¿∏Ã‘‰‡‡–»‡Ãƒ‹‹ÿÿ»»‘∞–∏ƒ–ƒ–¿Ã‹Ã‰ÿÿ‡ƒÿ–∞¿∏¿Ã‰¿ƒÃ‰‰Ã»‡ƒÃ‘Ã‘‹ÿ∞ƒ∏¿¿‡ƒ¿‡ÿƒÿ‡Ã»ÿ¿¿ƒ∞ƒ‡ÿ∞ƒƒƒ»∞±ôÖ±Õî±—ïÖµ}…ïçΩπç•±•Ö—•Ωπ}Öπë}ç’……ïπ—}›ïï≠±Â}…Ω±î(»¿»ÿ∞ƒ±A|ÂÿÂ›‘±…ÖÂÕΩ∏Å	…Ω’ÕÕïÖ‘±}U±U±Q±	ï—°’πîµΩΩ≠µÖ∏±Q…’î∞»¿»ÿ¥¿‰¥¿ÕP»ÃË¿¡h∞–¿ƒ‡‘ÿ‹ÿ‹∞‘¿∏‘∞‘‡∏‘∞¿∏¿∞±5=11}=9}Q5}IQL±	Ω—ïÖ¥Å…ΩÕ—ï»∞∞¿∏ÿÃ‡‘ÿ‹»‘¿ÿÿƒÿÃ‹»±›ïï¨ƒµÿƒ∏¿∞»¿»ÿ¥¿‡¥Ã¡PƒÿËƒ‘Ë¿¿¨¿¿Ë¿¿∞¿∏¿∞¿∏¿∞¿∏¿∞¿∏¿∞¿∏¿∞¿∏¿∞¿∏¿∞¿∏¿∞¿∏Ã»–‡‰¿ÿ‹ÿ¿ÿ¿¿Ã»Ãÿ∞–∏»‡‘ƒÿ‡ƒ‰‘¿»–‡Ã‰∞¿∏¿–»–Ã‡ƒƒÿ‡ÃƒÿÃ»ƒ‡∞ƒ∏¿¿‡¿Ãÿƒ‰ÿ‘‘»Ã¿‰»∞ƒ‡‹∞ƒƒƒÃ∞±ôÖ±Õî±—ïÖµ}…ïçΩπç•±•Ö—•Ωπ}Öπë}ç’……ïπ—}›ïï≠±Â}…Ω±î(»¿»ÿ∞ƒ±A}‡≈›‘±ïÕ•……•ºÅI•±ïÃ±}MT±±Ω…•ëÑÅM—Ö—î±Q±M5T±Q…’î∞»¿»ÿ¥¿‰¥¿›P»ÃËÃ¡h∞–¿ƒ‡‘‡»ƒ»∞»‘∏»‘∞‘Ã∏‘∞¿∏¿∞±5=11}=9}Q5}IQL±	Ω—ïÖ¥Å…ΩÕ—ï»∞∞¿∏‘‰Ãƒÿÿƒ»¿ƒ‹‡»ÿƒÃ±›ïï¨ƒµÿƒ∏¿∞»¿»ÿ¥¿‡¥Ã¡PƒÿËƒ‘Ë¿¿¨¿¿Ë¿¿∞¿∏¿∞¿∏¿∞¿∏¿∞¿∏¿∞¿∏¿∞¿∏¿∞¿∏¿∞¿∏¿∞¿∏Ã‹‘ƒ‹–»Ã»¿‡ÿ‘‘‰ÿ–∞–∏Ãÿ»‡‡–ƒƒƒÃ‘ÿÿ‘Ã∞¿∏¿Ã»ƒ‹ƒ‘ƒ‘»ÿ‡ÿÃ‰–Ã‘∞ƒ∏¿¿––‰ƒ‹Ã–‡Ã–¿ÿƒÿ∞ƒ‡‡∞ƒƒƒ–∞±ôÖ±Õî±—ïÖµ}…ïçΩπç•±•Ö—•Ωπ}Öπë}ç’……ïπ—}›ïï≠±Â}…Ω±î(»¿»ÿ∞ƒ±A}ŸÂ‹Ã±5Ö…≠’ÃÅ•·Ω∏±}=I±=…ïùΩ∏±Q±	Ω•ÕîÅM—Ö—î±Q…’î∞»¿»ÿ¥¿‰¥¿’Pƒ‰ËÃ¡h∞–¿ƒ‡‘‡–ÃÃ∞Ã‡∏¿∞‘ƒ∏‘∞¿∏¿∞±5=11}=9}Q5}IQL±	Ω—ïÖ¥Å…ΩÕ—ï»∞∞¿∏‘ÿ‰ƒ¿‹‡»¿Ã¿Ã–¿Ãÿ±›ïï¨ƒµÿƒ∏¿∞»¿»ÿ¥¿‡¥Ã¡PƒÿËƒ‘Ë¿¿¨¿¿Ë¿¿∞¿∏¿∞¿∏¿∞¿∏¿∞¿∏¿∞¿∏¿∞¿∏¿∞¿∏¿∞¿∏¿∞¿∏ÃÃ‹ƒÃÃƒ¿¿ƒ‘–‹ÿ–ÿ∞–∏»ÿÃ‰‹‰–‡»–‹»Ã–ÿ∞¿∏¿–¿¿‘»ƒ‘‡ƒ»¿Ã‘»‡ƒ∞ƒ∏¿¿Ã‡–Ã‰‰‹ƒ»–ƒƒÿ∞ƒ‡‰∞ƒƒƒ‘∞±ôÖ±Õî±—ïÖµ}…ïçΩπç•±•Ö—•Ωπ}Öπë}ç’……ïπ—}›ïï≠±Â}…Ω±î(»¿»ÿ∞ƒ±A|ƒ‡≈–≈‹±…—°’»Å1ï›•ÃÅ%X±}U±U±I±	ï—°’πîµΩΩ≠µÖ∏±Q…’î∞»¿»ÿ¥¿‰¥¿ÕP»ÃË¿¡h∞–¿ƒ‡‘ÿ‹ÿ‹∞‘¿∏‘∞‘‡∏‘∞¿∏¿∞±5%U4±	Ω—ïÖ¥Å…ΩÕ—ï»∞∞¿∏‹ÿ¿ƒ¿‹‰‹–ƒ»‡Ã‡ÿ‡±›ïï¨ƒµÿƒ∏¿∞»¿»ÿ¥¿‡¥Ã¡PƒÿËƒ‘Ë¿¿¨¿¿Ë¿¿∞¿∏¿∞¿∏¿∞¿∏¿∞¿∏¿∞¿∏¿∞ƒ∏¿–Ã¿‹–‰ÿƒ¿‹Ãƒ¿Ã»∞ÿ∏»‡‹‡Ã¿»–‘¿Ã»–‡∞¿∏¿ÿ»–ƒ»‘Ã‹Ã‹‹‡»Ã‰‰∞¿∏¿∞¿∏¿∞¿∏¿∞ƒ∏¿¿Ã»‘‡»–‡‹‹¿ƒ‰»∞Ãƒ‹∞ƒƒƒÿ∞±ôÖ±Õî±—ïÖµ}…ïçΩπç•±•Ö—•Ωπ}Öπë}ç’……ïπ—}›ïï≠±Â}…Ω±î(»¿»ÿ∞ƒ±A|≈¿ƒÂ—±]Ö±—ï»Å5Ö——°ï›Ã±}UM±UM±Q±…ïÕπºÅM—Ö—î±Q…’î∞»¿»ÿ¥¿‰¥¿’P¿ƒË¿¡h∞–¿ƒ‡‘‡–Ãÿ∞Ã‹∏‘∞‘ƒ∏‘∞¿∏¿∞±5=11}=9}Q5}IQL±	Ω—ïÖ¥Å…ΩÕ—ï»∞∞¿∏‡Ã‡‹¿‘ƒ»‹‘»–‹»¿‰±›ïï¨ƒµÿƒ∏¿∞»¿»ÿ¥¿‡¥Ã¡PƒÿËƒ‘Ë¿¿¨¿¿Ë¿¿∞¿∏¿∞¿∏¿∞¿∏¿∞¿∏¿∞¿∏¿∞¿∏¿∞¿∏¿∞¿∏¿∞¿∏‘ƒÃ‘Ã‰»‰–‡ƒ‹ƒ»ÿ‰∞»∏–‘ƒ–ƒƒ‘ÿ‹ÿ¿Ã–ÿ‰Ã∞¿∏¿–¿¿‹‹‹‹‹‘‰Ã‘ƒ‘¿»∞¿∏‰‰‰ƒ–‹ƒƒ‹ƒÃ‡‘ÿ–∞ƒ‰¿∞ƒƒƒ‹∞±ôÖ±Õî±—ïÖµ}…ïçΩπç•±•Ö—•Ωπ}Öπë}ç’……ïπ—}›ïï≠±Â}…Ω±î(»¿»ÿ∞ƒ±A|‘’»…Ã‡±ÖÕ—Ω∏Å5•±±ï»±}%MT±%Ω›ÑÅM—Ö—î±I±MΩ’—°ïÖÕ–Å5•ÕÕΩ’…§ÅM—Ö—î±Q…’î∞»¿»ÿ¥¿‰¥¿’Pƒ‹Ë¿¡h∞–¿ƒ‡‘ÿ‹‹‰∞–ƒ∏‘∞‘Ã∏‘∞¿∏¿∞±5%U4±	Ω—ïÖ¥Å…ΩÕ—ï»∞∞¿∏‹ÿ‹‡‘»ƒ‡ÿƒ‡–‹Ãÿÿ±›ïï¨ƒµÿƒ∏¿∞»¿»ÿ¥¿‡¥Ã¡PƒÿËƒ‘Ë¿¿¨¿¿Ë¿¿∞¿∏¿∞¿∏¿∞¿∏¿∞¿∏¿∞¿∏¿∞ƒ∏¿‡¿¿–Ã‡»»–‘ÿ‡ÿÃƒ∞‘∏‹‡»Ã‘¿‡ÿÃ–‰‡‡¿‘∞¿∏¿‹¿ƒ¿»Ã»»ÿ»‘‹‘¿‡ÿ∞¿∏¿∞¿∏¿∞¿∏¿∞¿∏‰‰‡‡–‰¿»»ƒ¿–Ã‡‘‡∞Ãƒ‡∞ƒƒƒ‡∞±ôÖ±Õî±—ïÖµ}…ïçΩπç•±•Ö—•Ωπ}Öπë}ç’……ïπ—}›ïï≠±Â}…Ω±î(»¿»ÿ∞ƒ±A|·…¿Ã»ƒ±)Ö•µîÅô…ïπç†±}5% ±5•ç°•ùÖ∏±]H±]ïÕ—ï…∏Å5•ç°•ùÖ∏±Q…’î∞»¿»ÿ¥¿‰¥¿’P»ÃËÃ¡h∞–¿ƒ‡‘‡–»‡∞Ã‡∏¿∞–‡∏‘∞¿∏¿∞±5=11}=9}Q5}IQL±	Ω—ïÖ¥Å…ΩÕ—ï»∞∞¿∏ÿ»¿‡»Ã‹‡ÿ»¿‡Ã‹¿»±›ïï¨ƒµÿƒ∏¿∞»¿»ÿ¥¿‡¥Ã¡PƒÿËƒ‘Ë¿¿¨¿¿Ë¿¿∞¿∏¿∞¿∏¿∞¿∏¿∞¿∏¿∞¿∏¿∞¿∏¿∞¿∏¿∞¿∏¿∞¿∏–¿ƒ¿»ƒ‡ƒ–»‘‹¿ÿ‹‡∞Ã∏‡ÿ»¿‘»ÿ»‹»‰ÿ––‰‹∞¿∏¿Ã‘ƒ¿ÿÿ‘Ã‘‡»–ÿ»‹‰‘∞¿∏‰‰‹‡ÿÿ‰‰‡–‡ƒ–‡‰ÿ∞‘¿‡∞ƒƒƒ‰∞±ôÖ±Õî±—ïÖµ}…ïçΩπç•±•Ö—•Ωπ}Öπë}ç’……ïπ—}›ïï≠±Â}…Ω±î(»¿»ÿ∞ƒ±A|·	–Â±Ö…ÕΩ∏ÅQÖâÖ…Öçç§±}UM±UM±Q±…ïÕπºÅM—Ö—î±Q…’î∞»¿»ÿ¥¿‰¥¿’P¿ƒË¿¡h∞–¿ƒ‡‘‡–Ãÿ∞Ã‹∏‘∞‘ƒ∏‘∞¿∏¿∞±5=11}=9}Q5}IQL±	Ω—ïÖ¥Å…ΩÕ—ï»∞∞¿∏‡Ã–‰‘¿‰Ã»ƒÃÃ–‹‹‘±›ïï¨ƒµÿƒ∏¿∞»¿»ÿ¥¿‡¥Ã¡PƒÿËƒ‘Ë¿¿¨¿¿Ë¿¿∞¿∏¿∞¿∏¿∞¿∏¿∞¿∏¿∞¿∏¿∞¿∏¿∞¿∏¿∞¿∏¿∞¿∏‘ƒƒ»–¿ÿ¿¿Ã»‡‰‹ÿ∞»∏––¿–Ã‡ÿ¿‹Ã‹ÃÃÃÿ∞¿∏¿Ã‰‡‰‡Ã‡»»ÃÃ‰Ãÿ»–∞¿∏‰‰–ÿ‹–‹‘––ÿ‰‰»‹∞ƒ‰ƒ∞ƒƒ»¿∞±ôÖ±Õî±—ïÖµ}…ïçΩπç•±•Ö—•Ωπ}Öπë}ç’……ïπ—}›ïï≠±Â}…Ω±î(»¿»ÿ∞ƒ±A|Õ¿ÿ›±1’≠îÅ!’—ç°•πÕΩ∏±}5MMP±5•ÕÕ•ÕÕ•¡¡§ÅM—Ö—î±Q±U0Å5Ωπ…Ωî±Q…’î∞»¿»ÿ¥¿‰¥¿’P»ÃËÃ¡h∞–¿ƒ‡‘ÿÿÿ»∞–»∏‘∞‘ÿ∏‘∞¿∏¿∞±5=11}=9}Q5}IQL±	Ω—ïÖ¥Å…ΩÕ—ï»∞∞¿∏‘‹¿‹»»‰‰–Ã‰ÿ‡‹‰Ã±›ïï¨ƒµÿƒ∏¿∞»¿»ÿ¥¿‡¥Ã¡PƒÿËƒ‘Ë¿¿¨¿¿Ë¿¿∞¿∏¿∞¿∏¿∞¿∏¿∞¿∏¿∞¿∏¿∞¿∏¿∞¿∏¿∞¿∏¿∞¿∏Ã»¿ÿƒ‡‰¿‘Ã»‰»¿ƒÃ–∞–∏ƒ‡»Ã¿ƒ»‰‡‰ƒ‹‡–¿‘∞¿∏¿–»»Ãÿ‡‡»‘‰‡Ã‘Ãƒ–∞¿∏‰‰»»‹¿ÃÃ¿‡ƒƒƒ¿–Ã∞ƒ‰»∞ƒƒ»ƒ∞±ôÖ±Õî±—ïÖµ}…ïçΩπç•±•Ö—•Ωπ}Öπë}ç’……ïπ—}›ïï≠±Â}…Ω±î(»¿»ÿ∞ƒ±A|Ÿƒ‘Ã›¿±)Öç¨ÅI•ç°ï…ÕΩ∏±}P±ïΩ…ù•ÑÅQïç†±Q±Ω±Ω…Öëº±Q…’î∞»¿»ÿ¥¿‰¥¿—P¿¿Ë¿¡h∞–¿ƒ‡‘ÿ‹‹ÿ∞»‡∏‘∞‘¿∏‘∞¿∏¿∞±5=11}=9}Q5}IQL±	Ω—ïÖ¥Å…ΩÕ—ï»∞∞¿∏‘‘‘‹ÿ¿‹‘Ã‹‹¿‹ÿ‡»±›ïï¨ƒµÿƒ∏¿∞»¿»ÿ¥¿‡¥Ã¡PƒÿËƒ‘Ë¿¿¨¿¿Ë¿¿∞¿∏¿∞¿∏¿∞¿∏¿∞¿∏¿∞¿∏¿∞¿∏¿∞¿∏¿∞¿∏¿∞¿∏–¿ÿ‹‘ÿÃ¿¿ƒ‰‹‹‹ƒ∞Ã∏‹ƒ‘ÿ‘ÿ‡‰»ÃÃÿ‘ÿ‘∞¿∏¿Ã‘‘Ã–»‡»‘–Ã¿ÿ‹¿»∞¿∏‰‰ƒ‘»‹ÿ‡–ÿ‡‰‡»‰‹∞ƒ‰Ã∞ƒƒ»»∞±ôÖ±Õî±—ïÖµ}…ïçΩπç•±•Ö—•Ωπ}Öπë}ç’……ïπ—}›ïï≠±Â}…Ω±î(»¿»ÿ∞ƒ±A|Â‰‡ÿƒÃ‹±iÖç†Å•’±•Öπº±}MQ8±M—ÖπôΩ…ê±Q±5•Öµ§±Q…’î∞»¿»ÿ¥¿‰¥¿’P¿ƒË¿¡h∞–¿ƒ‡‘‡»¿ÿ∞ƒƒ∏‘∞–‹∏‘∞¿∏¿∞±5=11}=9}Q5}IQL±	Ω—ïÖ¥Å…ΩÕ—ï»∞∞¿∏‡‡ÿÿ‰Ã‹‹–‰‰–‰¿ÿ‡±›ïï¨ƒµÿƒ∏¿∞»¿»ÿ¥¿‡¥Ã¡PƒÿËƒ‘Ë¿¿¨¿¿Ë¿¿∞¿∏¿∞¿∏¿∞¿∏¿∞¿∏¿∞¿∏¿∞¿∏¿∞¿∏¿∞¿∏¿∞¿∏‘¿‹¿ƒ¿Ã»¿‡ƒ¿ÃÃ‡ÿ∞Ã∏‡Ã‘‰ƒÃ‹¿‹‡»–‘»‰∞¿∏¿ƒÿÃ‡‡‡Ã‰‹‰‘»‡¿ƒÃ∞¿∏‰‡‡‰Ã–‹Ã¿Ãÿ––‹»»∞ƒ‰–∞ƒƒ»Ã∞±ôÖ±Õî±—ïÖµ}…ïçΩπç•±•Ö—•Ωπ}Öπë}ç’……ïπ—}›ïï≠±Â}…Ω±î(»¿»ÿ∞ƒ±A}¿¿‡‹¿‡‹±Öπ•ï∞Å-Öï±•∏±}9±9ïâ…ÖÕ≠Ñ±E±=°•º±Q…’î∞»¿»ÿ¥¿‰¥¿’PƒÿË¿¡h∞–¿ƒ‡‘‡–Ã¿∞Ã‘∏‘∞–‹∏‘∞¿∏¿»‹ÿ‰¿‡¿ƒ‰‘»–ÿ‰ƒ¿‘±1=\±!% ±	Ω—ïÖ¥Å…ΩÕ—ï»∞∞¿∏‡‘ÿÿÃ‹–‡¿‡Ãƒ‘‹‹‡±›ïï¨ƒµÿƒ∏¿∞»¿»ÿ¥¿‡¥Ã¡PƒÿËƒ‘Ë¿¿¨¿¿Ë¿¿∞ƒ∏»‘–Ã‰‹¿»¿¿‡»‹‘¿ÿ∞¿∏‡»»»–‰Ãÿ‹‘–‘Ãƒÿÿ∞‰∏ÿ¿–‡‰‘»‰‡ƒ‹Ã»‹∞¿∏ƒ¿‘ÿ–Ã»¿‹––ÿƒ‡»‡–∞¿∏¿»‰»‹ÿ‘‹¿Ã»‘ÿ¿–ƒƒ‘∞¿∏»‹‹¿Ã¿»¿»ÿƒ–»»–»∞¿∏‡»‰‘Ãÿƒ‹‘ƒƒ‰‰»»–∞¿∏¿ƒ‰‰‹–ƒ‘»ÿƒ‰Ã–‹‘–∞¿∏¿∞¿∏¿∞¿∏¿∞¿∏‰‡¿»‰¿ÿ¿–ÿƒ–ƒÃ‘‘∞ƒ¿–∞ƒƒ»–∞±ôÖ±Õî±—ïÖµ}…ïçΩπç•±•Ö—•Ωπ}Öπë}ç’……ïπ—}›ïï≠±Â}…Ω±î(»¿»ÿ∞ƒ±A}»’‘‰ÿ¿±)Ω°∏Å-ï±±‰±}-T±-ÖπÕÖÃ±I±1ΩπúÅ%Õ±ÖπêÅUπ•Ÿï…Õ•—‰±Q…’î∞»¿»ÿ¥¿‰¥¿’P¿¿Ë¿¡h∞–¿ƒ‡‘ÿ‹ÿ‰∞–ÿ∏¿∞‘Ã∏‘∞¿∏¿∞±5%U4±	Ω—ïÖ¥Å…ΩÕ—ï»∞∞¿∏‹»‰–‡‘ƒÃÃ‰‡–‘‰‹‘±›ïï¨ƒµÿƒ∏¿∞»¿»ÿ¥¿‡¥Ã¡PƒÿËƒ‘Ë¿¿¨¿¿Ë¿¿∞¿∏¿∞¿∏¿∞¿∏¿∞¿∏¿∞¿∏¿∞¿∏‹–ƒÿ‡ƒƒ‹‡ÿ–ÿ»‰–ƒ∞–∏‘Ã‰‰‘»‰‘‘»¿–‹∞¿∏¿––‡ÃÃ‹–¿ÃÃÃ‰‰»‰ƒ–∞¿∏¿‡–‹‰ÿÿ»‹ƒÿÃ»‡‘‘‰∞ƒ∏¿¿ÿ‡ƒ‘‹»Ã–ƒ–Ã‡¿–∞¿∏¿ƒƒ‘ÿ¿‡‘‡»‘‘‘Ã–‹∞¿∏‰‹‹‡–ƒ¿‡ÿ‘ÿ»Ã‘‰–∞Ãƒ‰∞ƒƒ»‘∞±ôÖ±Õî±—ïÖµ}…ïçΩπç•±•Ö—•Ωπ}Öπë}ç’……ïπ—}›ïï≠±Â}…Ω±î(»¿»ÿ∞ƒ±A}Â≈ÿ±)ÖE’Ö•∞ÅMµ•—†±}=1<±Ω±Ω…Öëº±I±ïΩ…ù•ÑÅQïç†±Ö±Õî∞»¿»ÿ¥¿‰¥¿—P¿¿Ë¿¡h∞–¿ƒ‡‘ÿ‹‹ÿ∞»»∏¿∞‘¿∏‘∞¿∏¿∞±5%U4±	Ω—ïÖ¥Å…ΩÕ—ï»∞∞ƒ∏¿‰‹–ÿ‰Ã‹–‡ÿ»Ãƒ–ÿ±›ïï¨ƒµÿƒ∏¿∞»¿»ÿ¥¿‡¥Ã¡PƒÿËƒ‘Ë¿¿¨¿¿Ë¿¿∞¿∏¿∞¿∏¿∞¿∏¿∞¿∏¿∞¿∏¿∞¿∏‰Ã‹‡‡¿¿‰–¿ƒ‹ƒÿ–‡∞Ã∏‡‡‘‡‡‰Ã––‰»‡»‡‹∞¿∏¿Ãÿ–‡ƒ‘‡ƒÃÃ‘‡»»‡‰∞¿∏ƒ‹»‹‘‰ƒ‘‘‘¿‹ƒÃ¿ƒ‹∞ƒ∏ƒƒÃ‰ƒ‹»‘‹ƒ–¿‘»‡‘∞¿∏¿ƒÃ‘¿‡‰‡ƒ‰‡Ã‘‡ƒ¿ƒ‡∞¿∏‰‹»ÿ‡Ãƒ‰‘ÿÃ¿–Ã‘Ã∞Ã»¿∞ƒƒ»ÿ∞±ôÖ±Õî±—ïÖµ}…ïçΩπç•±•Ö—•Ωπ}Öπë}ç’……ïπ—}›ïï≠±Â}…Ω±î(»¿»ÿ∞ƒ±A|—…‡·‡±)’±•’ÃÅ5•±ïÃ±}1=T±1Ω’•ÕŸ•±±î±Q±=±îÅ5•ÕÃ±Ö±Õî∞»¿»ÿ¥¿‰¥¿ŸP»ÃËÃ¡h∞–¿ƒ‡‘ÿÿÿƒ∞»–∏‘∞‘‘∏‘∞¿∏¿∞±5=11}=9}Q5}IQL±	Ω—ïÖ¥Å…ΩÕ—ï»∞∞¿∏ÿ¿‰–‹‘»»‰–ƒ»–ÿ±›ïï¨ƒµÿƒ∏¿∞»¿»ÿ¥¿‡¥Ã¡PƒÿËƒ‘Ë¿¿¨¿¿Ë¿¿∞¿∏¿∞¿∏¿∞¿∏¿∞¿∏¿∞¿∏¿∞¿∏¿∞¿∏¿∞¿∏¿∞¿∏Ãÿ‹ÃÃÃ–»¿¿‰‹¿‰‰‘∞–∏»–ÿ––‘»–¿ÃÿÃƒ‹ƒ∞¿∏¿»‰‡Ã–‘¿‰‡‡‘–‘‘‘Ã‹∞¿∏‰‹¿‰‡‘¿¿Ã––ÿƒ–‰‡∞ƒ‰‘∞ƒƒ»‹∞±ôÖ±Õî±—ïÖµ}…ïçΩπç•±•Ö—•Ωπ}Öπë}ç’……ïπ—}›ïï≠±Â}…Ω±î(»¿»ÿ∞ƒ±A|»·	≈‰±E’Öπï±∞ÅÖ……Ö≠°Ö∏Å)»∏±}=1<±Ω±Ω…Öëº±]H±ïΩ…ù•ÑÅQïç†±Ö±Õî∞»¿»ÿ¥¿‰¥¿—P¿¿Ë¿¡h∞–¿ƒ‡‘ÿ‹‹ÿ∞»»∏¿∞‘¿∏‘∞¿∏¿∞±5=11}=9}Q5}IQL±	Ω—ïÖ¥Å…ΩÕ—ï»∞∞ƒ∏¿ÿ‘ÿ¿»Ã‹ƒ‡»‘‘‰‡»±›ïï¨ƒµÿƒ∏¿∞»¿»ÿ¥¿‡¥Ã¡PƒÿËƒ‘Ë¿¿¨¿¿Ë¿¿∞¿∏¿∞¿∏¿∞¿∏¿∞¿∏¿∞¿∏¿∞ƒ∏»Ãÿ–‘‘ÿƒ‘‘»–ÿÃ‹‡∞‘∏ƒ¿‹‡¿¿–ÿ‘‡ƒ‘‹¿‹∞¿∏¿–‹‰ƒ‰ƒ‹–¿‰ƒƒÃ‹ÿ»∞¿∏¿‹‰‹‡‹‹‹ƒ–‹–‰‡ÿÿ∞¿∏‘ƒ––‘‘‰‘¿‘¿––‡»‹∞¿∏¿¿ÿ»Ã‰¿–ƒÿ‘–»‹ƒ¿–»∞¿∏‰ÿÿ‰ÿ»‹¿‹‘‹‰–‘‹‹∞‘¿‰∞ƒƒ»‡∞±ôÖ±Õî±—ïÖµ}…ïçΩπç•±•Ö—•Ωπ}Öπë}ç’……ïπ—}›ïï≠±Â}…Ω±î(»¿»ÿ∞ƒ±A|Õƒ¿‹‘±	…ïππÖ∏ÅAÖ…Öç°ï¨±}5MT±5•ç°•ùÖ∏ÅM—Ö—î±Q±QΩ±ïëº±Q…’î∞»¿»ÿ¥¿‰¥¿’P¿¿Ë¿¡h∞–¿ƒ‡‘‡–»‰∞»‰∏‹‘∞–‰∏‘∞¿∏¿∞±5=11}=9}Q5}IQL±	Ω—ïÖ¥Å…ΩÕ—ï»∞∞¿∏‘¿‘‰ÿÃ¿ƒ–‹‰‡‰Ã‡ƒ±›ïï¨ƒµÿƒ∏¿∞»¿»ÿ¥¿‡¥Ã¡PƒÿËƒ‘Ë¿¿¨¿¿Ë¿¿∞¿∏¿∞¿∏¿∞¿∏¿∞¿∏¿∞¿∏¿∞¿∏¿∞¿∏¿∞¿∏¿∞¿∏ÃÃ‹–‡‡»–‰‘Ã¿»‡–‡Ã∞–∏ƒƒÃ–ÃƒÃ‘Ã‘‘‡»‰–∞¿∏¿Ã‘‰‘ÿ¿ÿ‹‘Ã–‡‹¿»»ÿ∞¿∏‰ÿ–‘ÿ‹‹‰¿¿‰‘ÃÃ‘‹∞ƒ‰ÿ∞ƒƒ»‰∞±—…’î±—ïÖµ}…ïçΩπç•±•Ö—•Ωπ}Öπë}ç’……ïπ—}›ïï≠±Â}…Ω±î(»¿»ÿ∞ƒ±A|ƒ‘¿Õ…±Ω…•Ö∏ÅQ°ΩµÖÃ±}0±Ö±•ôΩ…π•Ñ±Q±U1±Q…’î∞»¿»ÿ¥¿‰¥¿ŸP¿»ËÃ¡h∞–¿ƒ‡‘‡»ƒ¿∞»ÿ∏¿∞‘Ã∏‘∞¿∏¿∞±5=11}=9}Q5}IQL±	Ω—ïÖ¥Å…ΩÕ—ï»∞∞¿∏‘‰‰ÿ‹ƒÃ‘‰‹¿ÿÿ‹–ƒ±›ïï¨ƒµÿƒ∏¿∞»¿»ÿ¥¿‡¥Ã¡PƒÿËƒ‘Ë¿¿¨¿¿Ë¿¿∞¿∏¿∞¿∏¿∞¿∏¿∞¿∏¿∞¿∏¿∞¿∏¿∞¿∏¿∞¿∏¿∞¿∏Ã‹‘‘‹Ã–‰‡»»¿‹‘¿ƒ∞–∏»‹‘‘»‡¿ƒ–ÿ‘Ã»‰‘∞¿∏¿»ÿ‹‹»‡‡ÿ‰––ÿ¿‰Ã¿Ã∞¿∏‰ÿÃ‹ÿÃÿ»ƒÃ‘Ã‹Ã‘‘∞ƒ‰‹∞ƒƒÃ¿∞±—…’î±—ïÖµ}…ïçΩπç•±•Ö—•Ωπ}Öπë}ç’……ïπ—}›ïï≠±Â}…Ω±î(»¿»ÿ∞ƒ±A|·	Ã’¿‰±ÖŸ•êÅëΩ±¡†±}=MT±=°•ºÅM—Ö—î±]H±	Ö±∞ÅM—Ö—î±Q…’î∞»¿»ÿ¥¿‰¥¿’PƒÿËÃ¡h∞–¿ƒ‡‘‡–Ã»∞‘Ã∏‘∞‘ÿ∏‘∞¿∏¿∞±5=11}=9}Q5}IQL±	Ω—ïÖ¥Å…ΩÕ—ï»∞∞¿∏‘‡–»»ƒ»‡ÿƒ–‘ƒ‰‘»±›ïï¨ƒµÿƒ∏¿∞»¿»ÿ¥¿‡¥Ã¡PƒÿËƒ‘Ë¿¿¨¿¿Ë¿¿∞¿∏¿∞¿∏¿∞¿∏¿∞¿∏¿∞¿∏¿∞¿∏¿∞¿∏¿∞¿∏¿∞¿∏Ã–‡ÿ‡‹¿‹‰‹Ã‘–‹–‰∞Ã∏‹‡‹ƒ‡‡‹‰ÿ–‘–‘¿Ã‹∞¿∏¿Ã‡–‡»‡ÿÃ‹‹‘‰‹‰ÿ‰ÿ∞¿∏‰‘‡Ã¿Ãƒ–»¿Ãÿ‡¿ÃÃ∞‘ƒ¿∞ƒƒÃƒ∞±ôÖ±Õî±—ïÖµ}…ïçΩπç•±•Ö—•Ωπ}Öπë}ç’……ïπ—}›ïï≠±Â}…Ω±î(»¿»ÿ∞ƒ±A|Ã»≈–‡±5•≠≠ï∞ÅM≠•ππï»±}U,±-ïπ—’ç≠‰±Q±eΩ’πùÕ—Ω›∏ÅM—Ö—î±Q…’î∞»¿»ÿ¥¿‰¥¿’Pƒ‹Ë¿¡h∞–¿ƒ‡‘ÿÿ‘‰∞–Ã∏¿∞ÿ»∏‘∞¿∏¿∞±5=11}=9}Q5}IQL±	Ω—ïÖ¥Å…ΩÕ—ï»∞∞¿∏‘ƒ¿‘Ã»¿‘ÿ‹–Ãÿƒƒÿ±›ïï¨ƒµÿƒ∏¿∞»¿»ÿ¥¿‡¥Ã¡PƒÿËƒ‘Ë¿¿¨¿¿Ë¿¿∞¿∏¿∞¿∏¿∞¿∏¿∞¿∏¿∞¿∏¿∞¿∏¿∞¿∏¿∞¿∏¿∞¿∏Ãƒ‹‘ƒ‰ÿÿ‰Ã‡‰ƒ‹–‰∞–∏¿Ãÿ¿–‘»¿‰‡ÿ‡ƒ‡ƒ∞¿∏¿Ã‰Ã‹–ÃÿƒÃÃ–ÿ‘‘¿‹∞¿∏‰‘‹Ã‹¿Ã‘‡Ã‡Ã‰»Ã‘∞ƒ‰‡∞ƒƒÃ»∞±ôÖ±Õî±—ïÖµ}…ïçΩπç•±•Ö—•Ωπ}Öπë}ç’……ïπ—}›ïï≠±Â}…Ω±î(»¿»ÿ∞ƒ±A}¿Õ’	‹±]•±±•Ö¥Å5ÖÕΩ∏±}=-MP±=≠±Ö°ΩµÑÅM—Ö—î±I±Q’±ÕÑ±Ö±Õî∞»¿»ÿ¥¿‰¥¿’Pƒ‰Ë–’h∞–¿ƒ‡‘ÿ‹‹»∞Ã‹∏»‘∞ÿ¿∏‘∞¿∏¿∞±5%U4±	Ω—ïÖ¥Å…ΩÕ—ï»∞∞¿∏‘¿‡‘‘–Ã‘‹–ÿƒ‹–ÿ‘±›ïï¨ƒµÿƒ∏¿∞»¿»ÿ¥¿‡¥Ã¡PƒÿËƒ‘Ë¿¿¨¿¿Ë¿¿∞¿∏¿∞¿∏¿∞¿∏¿∞¿∏¿∞¿∏¿∞¿∏ƒÿƒ»–¿‡‰¿ÿ‹¿ÿ‡‡–»∞¿∏‹ÿ–ƒƒ»¿ƒÃÃ»–»¿‡–∞¿∏¿¿‡¿‘‡¿»‡‹Ã‹ÿ‹Ã‡»‡∞¿∏»‹ƒƒÿ»ÿ»Ã‡ÿ‡Ã‰ƒÿ∞Ã∏ÿ»‡–»Ã‰Ã‡ÿƒƒ‘‹»∞¿∏¿Ã»‡Ãƒ‹»‰ÿ‰‡–‘¿‰‰‘∞¿∏‰‘‘‹‘–‹ÿ‰ÿ‹‡‹ƒ‡ÿ∞Ã»ƒ∞ƒƒÃÃ∞±ôÖ±Õî±—ïÖµ}…ïçΩπç•±•Ö—•Ωπ}Öπë}ç’……ïπ—}›ïï≠±Â}…Ω±î(»¿»ÿ∞ƒ±A|¿‡ÿ»»–ƒ»±)ΩπÖ—°Ö∏Åç°Ω±Ã±}U±’â’…∏±Q±	ÖÂ±Ω»±Q…’î∞»¿»ÿ¥¿‰¥¿’Pƒ‰ËÃ¡h∞–¿ƒ‡‘ÿÿÃÿ∞Ã»∏‹‘∞‘‡∏‘∞¿∏¿∞±5=11}=9}Q5}IQL±	Ω—ïÖ¥Å…ΩÕ—ï»∞∞¿∏–‹¿‰ƒÿ‘Ãƒ‡»‰ÿ‘ƒƒ‘±›ïï¨ƒµÿƒ∏¿∞»¿»ÿ¥¿‡¥Ã¡PƒÿËƒ‘Ë¿¿¨¿¿Ë¿¿∞¿∏¿∞¿∏¿∞¿∏¿∞¿∏¿∞¿∏¿∞¿∏¿∞¿∏¿∞¿∏¿∞¿∏ÃÃƒÃ»‹»‡ƒ–‡‘‘»»‘∞Ã∏ÿÃ‰‡‹Ã¿–‘‘‘‡‹‹¿‹∞¿∏¿–Ãƒ‡‰¿‹‘‡ÿ‘‘‰‰–‹–∞¿∏‰‘–––‰¿–ƒ»Ã–‰‰ÿ–∞ƒ‰‰∞ƒƒÃ–∞±ôÖ±Õî±—ïÖµ}…ïçΩπç•±•Ö—•Ωπ}Öπë}ç’……ïπ—}›ïï≠±Â}…Ω±î(»¿»ÿ∞ƒ±A|‰‘‡¡±ÖŸ•∏ÅÖ……ï—ÕΩ∏±}I,±…≠ÖπÕÖÃ±Q±9Ω…—†Å±ÖâÖµÑ±Q…’î∞»¿»ÿ¥¿‰¥¿’P»¿Ëƒ’h∞–¿ƒ‡‘ÿÿÃ‘∞‘»∏¿∞ÿÃ∏‘∞¿∏¿∞±5=11}=9}Q5}IQL±	Ω—ïÖ¥Å…ΩÕ—ï»∞∞¿∏‘»¿‹ÿ‰‡‰¿ÿ‡‡ƒ‡¿ÿ±›ïï¨ƒµÿƒ∏¿∞»¿»ÿ¥¿‡¥Ã¡PƒÿËƒ‘Ë¿¿¨¿¿Ë¿¿∞¿∏¿∞¿∏¿∞¿∏¿∞¿∏¿∞¿∏¿∞¿∏¿∞¿∏¿∞¿∏¿∞¿∏Ã¿‹ƒ‘‰ÿ–»‰‡‘‰‡‰‹–∞–∏ƒ‹‰–‰‰–ÃÿÃÿ»‘‹‰∞¿∏¿Ã‡ƒÿ‘Ã¿ƒ‰‹»‹‹‡‘––∞¿∏‰‘–ƒ¿ƒÃ‰‡–‘‡‰ƒ‰∞»¿¿∞ƒƒÃ‘∞±ôÖ±Õî±—ïÖµ}…ïçΩπç•±•Ö—•Ωπ}Öπë}ç’……ïπ—}›ïï≠±Â}…Ω±î(»¿»ÿ∞ƒ±A|‡‘–ƒƒ–›±(ÅÖµ¡âï±∞Å)»∏±}U-±’≠î±I±Q’±Öπî±Q…’î∞»¿»ÿ¥¿‰¥¿’Pƒ‰ËÃ¡h∞–¿ƒ‡‘‡»¿‰∞Ã¿∏¿∞‘¿∏‘∞¿∏¿∞±5%U4±	Ω—ïÖ¥Å…ΩÕ—ï»∞∞¿∏‡‡‡¿ÿƒƒÿ‹¿‘Ã–»‹‰±›ïï¨ƒµÿƒ∏¿∞»¿»ÿ¥¿‡¥Ã¡PƒÿËƒ‘Ë¿¿¨¿¿Ë¿¿∞¿∏¿∞¿∏¿∞¿∏¿∞¿∏¿∞¿∏¿∞ƒ∏»‡ÿ‡‘ÿ‹–‘‘¿‰‡–»‹∞‘∏ÿ‹¿ÿÿ‘ƒƒ‰Ã¿‹»¿Ã∞¿∏¿ÿ–»‹‹‘‘ÿ–ÿ‰»‰‡‡ƒ∞¿∏¿∞¿∏¿∞¿∏¿∞¿∏‰‘»‹Ãƒ‡‘¿‹–ÿ‘ƒÃ»∞Ã»»∞ƒƒÃÿ∞±—…’î±—ïÖµ}…ïçΩπç•±•Ö—•Ωπ}Öπë}ç’……ïπ—}›ïï≠±Â}…Ω±î(»¿»ÿ∞ƒ±A}›ÿÕ	±Öππ‰Å<ù9ï•∞±}]%M±]•ÕçΩπÕ•∏±E±9Ω—…îÅÖµî±Ö±Õî∞»¿»ÿ¥¿‰¥¿ŸP»ÃËÃ¡h∞–¿ƒ‡‘‡–Ã‡∞ƒÃ∏‘∞–‹∏‘∞¿∏Ãÿƒÿ»‹ƒƒ»ÿÿ¿ÿÃÿ‡‘±5%U4±!% ±	Ω—ïÖ¥Å…ΩÕ—ï»∞∞‘∏¿ƒ‡–ÿ–‰‹‰ƒ¿–‘‘ÿ±›ïï¨ƒµÿƒ∏¿∞»¿»ÿ¥¿‡¥Ã¡PƒÿËƒ‘Ë¿¿¨¿¿Ë¿¿∞¿∏¿∞¿∏¿∞¿∏¿∞¿∏¿∞¿∏¿∞»∏¿¿»‰–ƒÃ‹‹–‰ÃÃ¿»Ã∞–∏‹–‡–‡Ãÿƒƒƒ¿‘‹‡ÿ∞¿∏¿‹‰‘ƒ–»‡Ã–ÿ»‘ƒ‘‡∞¿∏¿∞¿∏¿∞¿∏¿∞¿∏‰‘ƒ‰Ã–¿ÿƒ‡‡‘ÿ‹ÃÃ∞ƒ¿‘∞ƒƒÃ‹∞±ôÖ±Õî±—ïÖµ}…ïçΩπç•±•Ö—•Ωπ}Öπë}ç’……ïπ—}›ïï≠±Â}…Ω±î(»¿»ÿ∞ƒ±A}‹¿…¿»±Q…ÖŸ•±±îÅ…ïëï…•ç¨Å)»∏±}!=T±!Ω’Õ—Ω∏±Q±=…ïùΩ∏ÅM—Ö—î±Q…’î∞»¿»ÿ¥¿‰¥¿’PƒÿË¿¡h∞–¿ƒ‡‘ÿ‹‹‡∞Ãÿ∏¿∞‘ƒ∏‘∞¿∏¿∞±5=11}=9}Q5}IQL±	Ω—ïÖ¥Å…ΩÕ—ï»∞∞¿∏ÿÃ‹‰‡‰–‘‹‰ÿÃƒ––±›ïï¨ƒµÿƒ∏¿∞»¿»ÿ¥¿‡¥Ã¡PƒÿËƒ‘Ë¿¿¨¿¿Ë¿¿∞¿∏¿∞¿∏¿∞¿∏¿∞¿∏¿∞¿∏¿∞¿∏¿∞¿∏¿∞¿∏¿∞¿∏–¿ÃÃ‘Ã‡»ÿ‡‘ÿ‹‹ƒ–∞Ã∏‘ƒƒ‹–‹Ã–‡–‹ÃÃÃ∞¿∏¿Ã»‘‘‰ƒ‹»‘‹»‘‹‰ƒ¿ÿ∞¿∏‰–‰‡‡Ã‘‰‹ƒÃ‰‘‹‰∞»¿ƒ∞ƒƒÃ‡∞±ôÖ±Õî±—ïÖµ}…ïçΩπç•±•Ö—•Ωπ}Öπë}ç’……ïπ—}›ïï≠±Â}…Ω±î(»¿»ÿ∞ƒ±A|¡‰Â¡»±Q…ïŸΩ»Å•ââÃ±}%9±%πë•ÖπÑ±Q±9Ω…—†ÅQï·ÖÃ±Q…’î∞»¿»ÿ¥¿‰¥¿’PƒÿË¿¡h∞–¿ƒ‡‘‡–»‘∞–‡∏¿∞‘‘∏‘∞¿∏¿∞±5=11}=9}Q5}IQL±	Ω—ïÖ¥Å…ΩÕ—ï»∞∞¿∏ÿ¿‰»‘»‡ƒ‘‹–ÿ‹¿–‰±›ïï¨ƒµÿƒ∏¿∞»¿»ÿ¥¿‡¥Ã¡PƒÿËƒ‘Ë¿¿¨¿¿Ë¿¿∞¿∏¿∞¿∏¿∞¿∏¿∞¿∏¿∞¿∏¿∞¿∏¿∞¿∏¿∞¿∏¿∞¿∏ÃÿÿÃ–¿‰¿Ã‡–ÿƒ‰»‡Ã∞»∏ƒ‘‹Ã»ÃÃ‹ƒÃ¿‘ÿ‰ƒ–∞¿∏¿ÿ¿‡‹ÿÿ–»ÿÃ‘»‹»Ãƒÿ∞¿∏‰–‹ÃÃÃ¿‰ÿ‹‡‡Ã‰‘‡∞»¿»∞ƒƒÃ‰∞±ôÖ±Õî±—ïÖµ}…ïçΩπç•±•Ö—•Ωπ}Öπë}ç’……ïπ—}›ïï≠±Â}…Ω±î(»¿»ÿ∞ƒ±A|ŸŸÃ·±9Ö—îÅùÂïµÖπú±}P±ïΩ…ù•ÑÅQïç†±Q±Ω±Ω…Öëº±Q…’î∞»¿»ÿ¥¿‰¥¿—P¿¿Ë¿¡h∞–¿ƒ‡‘ÿ‹‹ÿ∞»‡∏‘∞‘¿∏‘∞¿∏¿∞±5=11}=9}Q5}IQL±	Ω—ïÖ¥Å…ΩÕ—ï»∞∞¿∏‘»‰‘»»‘‘–Ãƒ»»ƒ»‘±›ïï¨ƒµÿƒ∏¿∞»¿»ÿ¥¿‡¥Ã¡PƒÿËƒ‘Ë¿¿¨¿¿Ë¿¿∞¿∏¿∞¿∏¿∞¿∏¿∞¿∏¿∞¿∏¿∞¿∏¿∞¿∏¿∞¿∏¿∞¿∏Ã‡‹‘‘»‹‰‹‡‘‹‘‰‡∞Ã∏‘–¿»Ã‘‡»ƒÃƒ¿‘ÿ‹∞¿∏¿ÃÃ‡‘ÿÿÿ»ƒƒÿƒ‰ƒÃ–∞¿∏‰––‹ƒÿÃ‘»ÿ‡‘‡¿»‡∞»¿Ã∞ƒƒ–¿∞±ôÖ±Õî±—ïÖµ}…ïçΩπç•±•Ö—•Ωπ}Öπë}ç’……ïπ—}›ïï≠±Â}…Ω±î(»¿»ÿ∞ƒ±A|‰–’±°Öµ¿Å!Öµ¡—Ω∏±}MQ8±M—ÖπôΩ…ê±I±5•Öµ§±Q…’î∞»¿»ÿ¥¿‰¥¿’P¿ƒË¿¡h∞–¿ƒ‡‘‡»¿ÿ∞ƒƒ∏‘∞–‹∏‘∞¿∏¿∞±5%U4±	Ω—ïÖ¥Å…ΩÕ—ï»∞∞ƒ∏»ƒÃ‰‰ÿƒƒ¿‡‰Ã‡‡¿–±›ïï¨ƒµÿƒ∏¿∞»¿»ÿ¥¿‡¥Ã¡PƒÿËƒ‘Ë¿¿¨¿¿Ë¿¿∞¿∏¿∞¿∏¿∞¿∏¿∞¿∏¿∞¿∏¿∞ƒ∏¿‘»ÿÿÃÿ‘Ã‘‘‘–‹ÿ‡∞Ã∏‡ƒ¿–‡––ÿÿ»‰–‰ÿ‹∞¿∏¿Ã¿‘‡‹‰ƒÃ¿‡ÿÃ»»‡ƒ∞¿∏ƒ‰Ã‡‡ƒ‹‹‡ÿ¿‰‰ÿ¿Ã–∞ƒ∏–ÿÿ‡ÿƒ»¿‰»ƒÃ¿–‘Ã∞¿∏¿¿ÿ»ÿ‹ƒ»‘ÿ‰–Ã‹»ÿ‡Ã∞¿∏‰–»‹–ÿ‘‹‡‡––‰Ã–‘∞Ã»Ã∞ƒƒ–ƒ∞±ôÖ±Õî±—ïÖµ}…ïçΩπç•±•Ö—•Ωπ}Öπë}ç’……ïπ—}›ïï≠±Â}…Ω±î(»¿»ÿ∞ƒ±A}–ƒ¿ƒƒ¿‰±9Ö—îÅ-’…•Õ≠‰±}U-±’≠î±Q±Q’±Öπî±Q…’î∞»¿»ÿ¥¿‰¥¿’Pƒ‰ËÃ¡h∞–¿ƒ‡‘‡»¿‰∞Ã¿∏¿∞‘¿∏‘∞¿∏¿∞±5=11}=9}Q5}IQL±	Ω—ïÖ¥Å…ΩÕ—ï»∞∞¿∏–‰»‰–»–‰‡»Ãÿ‰–ÿÿ–±›ïï¨ƒµÿƒ∏¿∞»¿»ÿ¥¿‡¥Ã¡PƒÿËƒ‘Ë¿¿¨¿¿Ë¿¿∞¿∏¿∞¿∏¿∞¿∏¿∞¿∏¿∞¿∏¿∞¿∏¿∞¿∏¿∞¿∏¿∞¿∏Ã»‹ƒ–»‘ÃÃÿ‡‰–Ã‡‡‘∞–∏¿‹»‹Ã¿ÿ‘¿‰ƒÃÃ‡‡∞¿∏¿Ã–»ƒƒ‰‡‹Ãƒ‡Ãÿÿ¿‹ÿ∞¿∏‰Ã‰ÿ‡‹‘»»ÿ‰¿‰‹–ƒ∞»¿–∞ƒƒ–»∞±—…’î±—ïÖµ}…ïçΩπç•±•Ö—•Ωπ}Öπë}ç’……ïπ—}›ïï≠±Â}…Ω±î(»¿»ÿ∞ƒ±A|‰’‰ŸÃ‡±)ÖµÖ»ÅMïÖ…ç‰±}]-±]Ö≠îÅΩ…ïÕ–±I±≠…Ω∏±Q…’î∞»¿»ÿ¥¿‰¥¿ÕP»ÃË¿¡h∞–¿ƒ‡‘‡»¿–∞Ãÿ∏‘∞–‡∏‘∞¿∏¿∞±5%U4±	Ω—ïÖ¥Å…ΩÕ—ï»∞∞¿∏ÿ‰ƒ–»‰‘‡»»‰‡ÿ¿Ã‹±›ïï¨ƒµÿƒ∏¿∞»¿»ÿ¥¿‡¥Ã¡PƒÿËƒ‘Ë¿¿¨¿¿Ë¿¿∞¿∏¿∞¿∏¿∞¿∏¿∞¿∏¿∞¿∏¿∞¿∏ÿÿÃ‘‡»Ã‹»¿ÿƒ‡»‹ƒ∞Ã∏‘‡Ã‘‡»‰‹¿‹¿‡‘‡¿‘∞¿∏¿Ã‡‡¿Ã‘»Ã‹‰‰‡»»¿ƒ∞¿∏ƒ»»ÿÿÃ¿ƒÿÿÃ‡––ƒ‰»∞ƒ∏ÿÿ»‹–‹¿ÿÃ–Ã––‹‹»∞¿∏¿¿‰‡»–‘––‡ÿ‡Ã––‡‡ƒ∞¿∏‰Ã‰¿ÿ––Ã»¿ÿƒ‹–‰»∞Ã»–∞ƒƒ–Ã∞±ôÖ±Õî±—ïÖµ}…ïçΩπç•±•Ö—•Ωπ}Öπë}ç’……ïπ—}›ïï≠±Â}…Ω±î(»¿»ÿ∞ƒ±A|––ƒ–…¿‡±1ΩùÖ∏Å	±Ö≠î±}IUQ±I’—ùï…Ã±Q±5ÖÕÕÖç°’Õï——Ã±Q…’î∞»¿»ÿ¥¿‰¥¿ÕP»»Ë¿¡h∞–¿ƒ‡‘‡–»Ã∞–ƒ∏¿∞‘»∏‘∞¿∏¿∞±5=11}=9}Q5}IQL±	Ω—ïÖ¥Å…ΩÕ—ï»∞∞¿∏–‰Ã»ƒ‘‹‘»¿¿–ÿ‘‘‘ÿ±›ïï¨ƒµÿƒ∏¿∞»¿»ÿ¥¿‡¥Ã¡PƒÿËƒ‘Ë¿¿¨¿¿Ë¿¿∞¿∏¿∞¿∏¿∞¿∏¿∞¿∏¿∞¿∏¿∞¿∏¿∞¿∏¿∞¿∏¿∞¿∏Ã¿‡»‡‹»‰‡ÿÿ‰‰‰‡‰∞Ã∏‰ƒƒ‘––»‹‹ÿÃ‰Ã»ÿÃ∞¿∏¿Ã‰‹‡––‰‰‡ÿ»‡‘¿ƒ–∞¿∏‰Ã‡ƒ–‡‹»‘ÿƒƒ¿Ã»–∞»¿‘∞ƒƒ––∞±ôÖ±Õî±—ïÖµ}…ïçΩπç•±•Ö—•Ωπ}Öπë}ç’……ïπ—}›ïï≠±Â}…Ω±î(»¿»ÿ∞ƒ±A|‘‹‹›»¿ƒ±Â±Ö∏ÅM•µÃ±}U1±U1±Q±Ö±•ôΩ…π•Ñ±Ö±Õî∞»¿»ÿ¥¿‰¥¿ŸP¿»ËÃ¡h∞–¿ƒ‡‘‡»ƒ¿∞»‹∏‘∞‘Ã∏‘∞¿∏¿∞±5=11}=9}Q5}IQL±	Ω—ïÖ¥Å…ΩÕ—ï»∞∞¿∏‘Ã‘‹‡‰‰ÿ‹‰ÿ‹––––±›ïï¨ƒµÿƒ∏¿∞»¿»ÿ¥¿‡¥Ã¡PƒÿËƒ‘Ë¿¿¨¿¿Ë¿¿∞¿∏¿∞¿∏¿∞¿∏¿∞¿∏¿∞¿∏¿∞¿∏¿∞¿∏¿∞¿∏¿∞¿∏Ã‰¿–‘‰ÃÃƒ‰»–‘‡¿ƒ∞Ã∏‘‰–ÿ–‹‘ÿ‡‰‘ÿ¿»‰‘∞¿∏¿ÃƒÃ–‡ÿ‹¿ÿ‘‰‘¿¿»‘‘∞¿∏‰Ã‡¿ƒÿƒƒ»‹‹‹ƒ‡–ÿ∞»¿ÿ∞ƒƒ–‘∞±ôÖ±Õî±—ïÖµ}…ïçΩπç•±•Ö—•Ωπ}Öπë}ç’……ïπ—}›ïï≠±Â}…Ω±î(»¿»ÿ∞ƒ±A|ÿ—›±π(∏ÅA’ù±•Öπº±}=I±=…ïùΩ∏±Q±	Ω•ÕîÅM—Ö—î±Q…’î∞»¿»ÿ¥¿‰¥¿’Pƒ‰ËÃ¡h∞–¿ƒ‡‘‡–ÃÃ∞Ã‡∏¿∞‘ƒ∏‘∞¿∏¿∞±5=11}=9}Q5}IQL±	Ω—ïÖ¥Å…ΩÕ—ï»∞∞¿∏‘Ã¿‰¿»‹‹Ã–¿»‘‘‹‘±›ïï¨ƒµÿƒ∏¿∞»¿»ÿ¥¿‡¥Ã¡PƒÿËƒ‘Ë¿¿¨¿¿Ë¿¿∞¿∏¿∞¿∏¿∞¿∏¿∞¿∏¿∞¿∏¿∞¿∏¿∞¿∏¿∞¿∏¿∞¿∏Ãƒ–‘¿¿‡‘‡ƒ‹»»ÿÃ–∞Ã∏‰‹‹‹Ã»»‘–»ÿÿ‘Ã»‡∞¿∏¿Ã‹ÃÿÃÃ‰‹‹¿–‹¿ÃÿÃ∞¿∏‰Ãÿ–‘––ÿ‰‡»‹ƒÃ‡‘∞»¿‹∞ƒƒ–ÿ∞±ôÖ±Õî±—ïÖµ}…ïçΩπç•±•Ö—•Ωπ}Öπë}ç’……ïπ—}›ïï≠±Â}…Ω±î(»¿»ÿ∞ƒ±A|ÿ»»Õ–‹±9ΩÖ†ÅΩ‡µ±Ω…ïÃ±}U1±U1±Q±Ö±•ôΩ…π•Ñ±Ö±Õî∞»¿»ÿ¥¿‰¥¿ŸP¿»ËÃ¡h∞–¿ƒ‡‘‡»ƒ¿∞»‹∏‘∞‘Ã∏‘∞¿∏¿∞±5=11}=9}Q5}IQL±	Ω—ïÖ¥Å…ΩÕ—ï»∞∞¿∏‘ÃÃƒ¿–Ã¿Ã‰ÿ‹ÿ¿‹–±›ïï¨ƒµÿƒ∏¿∞»¿»ÿ¥¿‡¥Ã¡PƒÿËƒ‘Ë¿¿¨¿¿Ë¿¿∞¿∏¿∞¿∏¿∞¿∏¿∞¿∏¿∞¿∏¿∞¿∏¿∞¿∏¿∞¿∏¿∞¿∏Ã‡‡‘¿»ƒ–»»‰¿‡‹Ã∞Ã∏‘‹ÿÿ»‰»‡‘–¿»Ãÿ‘–∞¿∏¿Ãƒƒ‰ƒ‘Ã––ÿ‘‹ƒ‡»‰‹∞¿∏‰ÃÃÃƒ–»‹‹ÿ»‘–ƒ‰–∞»¿‡∞ƒƒ–‹∞±ôÖ±Õî±—ïÖµ}…ïçΩπç•±•Ö—•Ωπ}Öπë}ç’……ïπ—}›ïï≠±Â}…Ω±î(»¿»ÿ∞ƒ±A|»ÿ¿‹‰·ƒ±Ö¥ÅÖπç°ï»±}5MT±5•ç°•ùÖ∏ÅM—Ö—î±E±QΩ±ïëº±Q…’î∞»¿»ÿ¥¿‰¥¿’P¿¿Ë¿¡h∞–¿ƒ‡‘‡–»‰∞»‰∏‹‘∞–‰∏‘∞¿∏¿ÿÿ‡Ã‘Ã¿–¿‰‹ƒ¿ƒ‘‰±1=\±!% ±	Ω—ïÖ¥Å…ΩÕ—ï»∞∞»∏¿‰ÿÃ»»ƒ–ÿ»–Ãÿƒ‹±›ïï¨ƒµÿƒ∏¿∞»¿»ÿ¥¿‡¥Ã¡PƒÿËƒ‘Ë¿¿¨¿¿Ë¿¿∞¿∏¿∞¿∏¿∞¿∏¿∞¿∏¿∞¿∏¿∞ƒ∏–ÃÃ‡‘ÿ‡‰¿¿ƒƒ»ÿÿÃ∞–∏ƒ¿»‰¿¿‰‹–‡¿»¿–ÿ∞¿∏¿‡ÿ‹»–ƒ‹ÿ‡ÿ–‰ÿ‡‘‹∞¿∏¿∞¿∏¿∞¿∏¿∞¿∏‰Ã¿ÿÃ‘ƒ‘‡ÿ‹¿¿ƒÿ∞ƒ¿ÿ∞ƒƒ–‡∞±ôÖ±Õî±—ïÖµ}…ïçΩπç•±•Ö—•Ωπ}Öπë}ç’……ïπ—}›ïï≠±Â}…Ω±î(»¿»ÿ∞ƒ±A}ÃÕ‘Ãÿ±A…ïÕ—Ω∏Å…ÂÈï∞±}9±9Ω—…îÅÖµî±Q±]•ÕçΩπÕ•∏±Q…’î∞»¿»ÿ¥¿‰¥¿ŸP»ÃËÃ¡h∞–¿ƒ‡‘‡–Ã‡∞Ã–∏¿∞–‹∏‘∞¿∏¿∞±5=11}=9}Q5}IQL±	Ω—ïÖ¥Å…ΩÕ—ï»∞∞¿∏‘‘‡–‡¿»‰‡‹ÿ‰ÿ‡ÿÃ±›ïï¨ƒµÿƒ∏¿∞»¿»ÿ¥¿‡¥Ã¡PƒÿËƒ‘Ë¿¿¨¿¿Ë¿¿∞¿∏¿∞¿∏¿∞¿∏¿∞¿∏¿∞¿∏¿∞¿∏¿∞¿∏¿∞¿∏¿∞¿∏Ãƒ‘‘¿Ã‡ÿÿ‘‡ƒÃ‹‘»∞Ã∏‹ƒ‰Ãÿ‰»¿ÿÿ¿ƒ»‹‡‹∞¿∏¿Ã‰‰ÿÃ‹ƒ‘–‹‡¿ƒ»Ã–∞¿∏‰»‹»»Ã¿‡¿ƒ¿‰‘‹‹»∞»¿‰∞ƒƒ–‰∞±ôÖ±Õî±—ïÖµ}…ïçΩπç•±•Ö—•Ωπ}Öπë}ç’……ïπ—}›ïï≠±Â}…Ω±î(»¿»ÿ∞ƒ±A|‹‹’Õƒ±]•±∞ÅYÖ±ÑÅ%%$±}%10±%±±•πΩ•Ã±Q±U±Q…’î∞»¿»ÿ¥¿‰¥¿—P¿ƒË¿¡h∞–¿ƒ‡‘‡–»–∞–»∏¿∞‘‘∏‘∞¿∏¿∞±5=11}=9}Q5}IQL±	Ω—ïÖ¥Å…ΩÕ—ï»∞∞¿∏‘––‘»‡ÿ‰‹ƒƒÿÃÿ–±›ïï¨ƒµÿƒ∏¿∞»¿»ÿ¥¿‡¥Ã¡PƒÿËƒ‘Ë¿¿¨¿¿Ë¿¿∞¿∏¿∞¿∏¿∞¿∏¿∞¿∏¿∞¿∏¿∞¿∏¿∞¿∏¿∞¿∏¿∞¿∏»‰‹‹–ÿ‰ÿ‰‘Ãÿ–‹Ãÿ∞Ã∏‡‰‹‰‘ƒÿ»ƒ»‰¿‰ÃÃÃ∞¿∏¿Ã‰ÿ‡ƒ‡–‰Ã»Ã–»ƒÃƒÿ∞¿∏‰»‘ÿÃÃ»»‹ÿ¿ÿ¿‰–‰∞»ƒ¿∞ƒƒ‘¿∞±ôÖ±Õî±—ïÖµ}…ïçΩπç•±•Ö—•Ωπ}Öπë}ç’……ïπ—}›ïï≠±Â}…Ω±î(»¿»ÿ∞ƒ±A|—–»‹ÿ‹±	…ÖÂëï∏ÅÖ……Ω±∞±}Q98±QïππïÕÕïî±]H±’…µÖ∏±Q…’î∞»¿»ÿ¥¿‰¥¿’Pƒ‰ËÃ¡h∞–¿ƒ‡‘ÿÿÿÿ∞‘ÿ∏‘∞ÿÿ∏‘∞¿∏¿∞±5=11}=9}Q5}IQL±	Ω—ïÖ¥Å…ΩÕ—ï»∞∞¿∏‘‡ÿ‘‡‡–‹‰Ã¿‘ÿ»‰±›ïï¨ƒµÿƒ∏¿∞»¿»ÿ¥¿‡¥Ã¡PƒÿËƒ‘Ë¿¿¨¿¿Ë¿¿∞¿∏¿∞¿∏¿∞¿∏¿∞¿∏¿∞¿∏¿∞¿∏¿∞¿∏¿∞¿∏¿∞¿∏»‰‰ÿ¿ƒ»ƒ‡Ãÿ»‹–¿‡∞Ã∏‰ƒ–»¿–‘»¿»Ã–‘‡ÿ‡∞¿∏¿Ã‡Ã–‘¿Ã‹‰–¿–‡‡Ã‘∞¿∏‰»ƒ¿‰ƒ‡‰‡¿»‰ƒ»‰ÿ∞‘ƒƒ∞ƒƒ‘ƒ∞±ôÖ±Õî±—ïÖµ}…ïçΩπç•±•Ö—•Ωπ}Öπë}ç’……ïπ—}›ïï≠±Â}…Ω±î(»¿»ÿ∞ƒ±A}–›¿Ã‹‰±IîùM°Ö’∏ÅMÖπôΩ…êÅ%$±}!=T±!Ω’Õ—Ω∏±I±=…ïùΩ∏ÅM—Ö—î±Q…’î∞»¿»ÿ¥¿‰¥¿’PƒÿË¿¡h∞–¿ƒ‡‘ÿ‹‹‡∞Ãÿ∏¿∞‘ƒ∏‘∞¿∏¿∞±5%U4±	Ω—ïÖ¥Å…ΩÕ—ï»∞∞¿∏‹‘Ã¿‡‡‡¿ƒ‘‘‘ÿ¿–±›ïï¨ƒµÿƒ∏¿∞»¿»ÿ¥¿‡¥Ã¡PƒÿËƒ‘Ë¿¿¨¿¿Ë¿¿∞¿∏¿∞¿∏¿∞¿∏¿∞¿∏¿∞¿∏¿∞¿∏ƒƒÿ‘–Ã»»»‘»‘‰‰‰ƒ‰∞¿∏ÿ»‰ƒ¿ƒ»¿‰Ã–‰¿Ã‡‹∞¿∏¿¿‘ÿƒ–‘»¿–ÿÿ¿¿»‘»–∞¿∏Ã–ÿ‡¿»‘‡‰¿¿Ã¿‹»‹∞Ã∏¿ƒ‰Ã‰ƒÃ‰ƒ¿‰ƒÿ‰‡∞¿∏¿»‹‰‰–»‰ÃÃ»‹‰»ƒ‡‹–∞¿∏‰ƒÃÃ¿–‹Ãƒ‡ƒ¿ÿ‰»‡∞Ã»‘∞ƒƒ‘»∞±—…’î±—ïÖµ}…ïçΩπç•±•Ö—•Ωπ}Öπë}ç’……ïπ—}›ïï≠±Â}…Ω±î(»¿»ÿ∞ƒ±A}‡»—¿¿±-Ö±ïàÅ5Ö—°•Ã±}=1<±Ω±Ω…Öëº±]H±ïΩ…ù•ÑÅQïç†±Ö±Õî∞»¿»ÿ¥¿‰¥¿—P¿¿Ë¿¡h∞–¿ƒ‡‘ÿ‹‹ÿ∞»»∏¿∞‘¿∏‘∞¿∏¿∞±5=11}=9}Q5}IQL±	Ω—ïÖ¥Å…ΩÕ—ï»∞∞¿∏‡ƒ‹–‹ÿÿƒƒ‡‡‹Ãƒ‡‹±›ïï¨ƒµÿƒ∏¿∞»¿»ÿ¥¿‡¥Ã¡PƒÿËƒ‘Ë¿¿¨¿¿Ë¿¿∞¿∏¿∞¿∏¿∞¿∏¿∞¿∏¿∞¿∏¿∞¿∏¿∞¿∏¿∞¿∏¿∞¿∏–Ã¿‹ƒ‘‡¿‘Ã»ƒÿ‡¿‰‹∞»∏‹‹‹ƒ‹ƒ»‰‰‰¿‰–‡¿–∞¿∏¿ÃÃÿ‡¿¿»ƒÃ‰‹‹Ãƒ‘‘–∞¿∏‰ƒ¿‘ƒÃ¿ÿÃÿ‰‰¿ƒ‡–∞‘ƒ»∞ƒƒ‘Ã∞±ôÖ±Õî±—ïÖµ}…ïçΩπç•±•Ö—•Ωπ}Öπë}ç’……ïπ—}›ïï≠±Â}…Ω±î(»¿»ÿ∞ƒ±A|≈‘¿’¿±-Ö§ÅI•ΩÃ±}5MT±5•ç°•ùÖ∏ÅM—Ö—î±Q±QΩ±ïëº±Q…’î∞»¿»ÿ¥¿‰¥¿’P¿¿Ë¿¡h∞–¿ƒ‡‘‡–»‰∞»‰∏‹‘∞–‰∏‘∞¿∏¿∞±5=11}=9}Q5}IQL±	Ω—ïÖ¥Å…ΩÕ—ï»∞∞¿∏–‹‹‘–‰‡–ƒ‡‰ƒÿÃ¿–±›ïï¨ƒµÿƒ∏¿∞»¿»ÿ¥¿‡¥Ã¡PƒÿËƒ‘Ë¿¿¨¿¿Ë¿¿∞¿∏¿∞¿∏¿∞¿∏¿∞¿∏¿∞¿∏¿∞¿∏¿∞¿∏¿∞¿∏¿∞¿∏Ãƒ‡‘Ãÿ¿‘¿¿–ÿƒ¿¿‰‹∞Ã∏‡‡»–Ã–‰‘¿‰ƒƒ»‡¿Ã∞¿∏¿ÃÃ‰Ãÿ‡‰ÿÃ¿»‡‹‘‰‹∞¿∏‰ƒ¿–¿¿‰»»‰‘––‡–‹∞»ƒƒ∞ƒƒ‘–∞±ôÖ±Õî±—ïÖµ}…ïçΩπç•±•Ö—•Ωπ}Öπë}ç’……ïπ—}›ïï≠±Â}…Ω±î(»¿»ÿ∞ƒ±A|‘»Õÿ‡Õ±Öππ‰Å1ï›•ÃÅ)»∏±}1±±ÖâÖµÑ±Q±ÖÕ–ÅÖ…Ω±•πÑ±Q…’î∞»¿»ÿ¥¿‰¥¿’PƒÿË¿¡h∞–¿ƒ‡‘ÿÿÃ–∞–ƒ∏¿∞‘Ã∏‘∞¿∏¿∞±5=11}=9}Q5}IQL±	Ω—ïÖ¥Å…ΩÕ—ï»∞∞¿∏ÿÃ‰–ÿ–‹‘ÿ‡Ã‡‘–‡±›ïï¨ƒµÿƒ∏¿∞»¿»ÿ¥¿‡¥Ã¡PƒÿËƒ‘Ë¿¿¨¿¿Ë¿¿∞¿∏¿∞¿∏¿∞¿∏¿∞¿∏¿∞¿∏¿∞¿∏¿∞¿∏¿∞¿∏¿∞¿∏ÃÃ‘ÿÃƒ–––ƒ‘‰ƒÿ‹ƒ∞»∏‰‰‹»‡–ÿÿ‡¿¿»»ÿ¿‹∞¿∏¿–‘‹‰–ÃƒÃƒƒ¿‹‰ƒ‰Ã∞¿∏‰ƒ¿ƒ»‘‹‡‰ÿ»–ƒ––‡∞»ƒ»∞ƒƒ‘‘∞±ôÖ±Õî±—ïÖµ}…ïçΩπç•±•Ö—•Ωπ}Öπë}ç’……ïπ—}›ïï≠±Â}…Ω±î(»¿»ÿ∞ƒ±A|Â—Õ»±)’ëîÅÖÕçΩπî±}1±±ÖâÖµÑ±Q±ÖÕ–ÅÖ…Ω±•πÑ±Q…’î∞»¿»ÿ¥¿‰¥¿’PƒÿË¿¡h∞–¿ƒ‡‘ÿÿÃ–∞–ƒ∏¿∞‘Ã∏‘∞¿∏¿∞±5=11}=9}Q5}IQL±	Ω—ïÖ¥Å…ΩÕ—ï»∞∞¿∏ÿÃ‡ƒ¿‰‹ÿ‹»–»ƒ‰‘Ã±›ïï¨ƒµÿƒ∏¿∞»¿»ÿ¥¿‡¥Ã¡PƒÿËƒ‘Ë¿¿¨¿¿Ë¿¿∞¿∏¿∞¿∏¿∞¿∏¿∞¿∏¿∞¿∏¿∞¿∏¿∞¿∏¿∞¿∏¿∞¿∏ÃÃ–‰»¿»ÿ¿ƒ–ƒÃƒÃƒ‘∞»∏‰‰¿‰ÃÃ‘‰ƒ‘‹ÿ»¿ÿ∞¿∏¿–‘ÿ‰‹»‹‹‘‘‘Ã‰Ã‰‰∞¿∏‰¿‡ƒ‰‹»‡–ÿÃƒ»‰‹‹∞»ƒÃ∞ƒƒ‘ÿ∞±ôÖ±Õî±—ïÖµ}…ïçΩπç•±•Ö—•Ωπ}Öπë}ç’……ïπ—}›ïï≠±Â}…Ω±î(»¿»ÿ∞ƒ±A|·‰‰¡	±%ÕÖÖåÅ-Ωç†±}-MT±-ÖπÕÖÃÅM—Ö—î±]H±9•ç°Ω±±Ã±Q…’î∞»¿»ÿ¥¿‰¥¿’P»ÃË¿¡h∞–¿ƒ‡‘ÿ‹‹ƒ∞–‡∏¿∞‘‘∏‘∞¿∏¿∞±5=11}=9}Q5}IQL±	Ω—ïÖ¥Å…ΩÕ—ï»∞∞¿∏ÿƒ‹¿–‡ƒ‘»‘‘ÿ»»ƒÃ±›ïï¨ƒµÿƒ∏¿∞»¿»ÿ¥¿‡¥Ã¡PƒÿËƒ‘Ë¿¿¨¿¿Ë¿¿∞¿∏¿∞¿∏¿∞¿∏¿∞¿∏¿∞¿∏¿∞¿∏¿∞¿∏¿∞¿∏¿∞¿∏»‡‹–»‡¿‹‡¿Ã‹ƒ‹ƒÿ∞Ã∏ÿ‹¿‘»Ã¿¿–‡‘ÃÃÃÿ∞¿∏¿–»ƒ»ƒ‹–‡–ÿÿ»‘ƒƒ»∞¿∏‰¿‹»ƒ¿‡ÿ‰Ã»¿¿ƒ»∞‘ƒÃ∞ƒƒ‘‹∞±ôÖ±Õî±—ïÖµ}…ïçΩπç•±•Ö—•Ωπ}Öπë}ç’……ïπ—}›ïï≠±Â}…Ω±î(»¿»ÿ∞ƒ±A|‰ŸÃ¿Õƒ±Ö±±’¥Å]•—°ï»±}U,±-ïπ—’ç≠‰±E±eΩ’πùÕ—Ω›∏ÅM—Ö—î±Q…’î∞»¿»ÿ¥¿‰¥¿’Pƒ‹Ë¿¡h∞–¿ƒ‡‘ÿÿ‘‰∞–Ã∏¿∞ÿ»∏‘∞¿∏¿Ã––ƒ‹ÿ‘‰‹Ã‡‹Ã»‡–±1=\±!% ±	Ω—ïÖ¥Å…ΩÕ—ï»∞∞¿∏‹–¿»‹Ã‘–Ã¿ƒ»‘‰‹‡±›ïï¨ƒµÿƒ∏¿∞»¿»ÿ¥¿‡¥Ã¡PƒÿËƒ‘Ë¿¿¨¿¿Ë¿¿∞ƒ∏¿ÿ‰‰‘ÿ»‰‡‰–Ã»‰‡‘∞¿∏ÿ‘¿‹‘–¿‘––¿‰–‹‘ƒ∞‡∏–ƒÃ»»ÿ‹¿ÿ–ÿ»Ã‹∞¿∏¿‡ƒÃ¿‘‹‡ÿ‡‹––ÿƒ‘‡∞¿∏¿Ã‘‘ÿ‡‘–ÿƒ‰‰»‘‘¿‰∞¿∏–ƒ¿‹‹¿‡‡‹‹‡Ã¿‰‰‡–∞ƒ∏»‹––‰¿Ã‹ƒ‰‹‰ƒ»»‘∞¿∏¿»‘–‹‘»‘ÿ¿ƒÿ»‹¿ƒ‰‘∞¿∏¿∞¿∏¿∞¿∏¿∞¿∏‰¿ÿ–‡–»–»‡‘»ÿƒ‰–∞ƒ¿‹∞ƒƒ‘‡∞±ôÖ±Õî±—ïÖµ}…ïçΩπç•±•Ö—•Ωπ}Öπë}ç’……ïπ—}›ïï≠±Â}…Ω±î(»¿»ÿ∞ƒ±A}‘ÿŸ–±5Ö±Öç°§ÅΩ±ïµÖ∏±}MeH±MÂ…Öç’Õî±I±9ï‹Å!Öµ¡Õ°•…î±Q…’î∞»¿»ÿ¥¿‰¥¿’PƒÿË¿¡h∞–¿ƒ‡‘‡»¿‡∞––∏‘∞‘‘∏‘∞¿∏¿∞±5%U4±	Ω—ïÖ¥Å…ΩÕ—ï»∞∞¿∏ÿ‡‘ƒ‰‰¿‘‰Ãÿ‰––¿Ã±›ïï¨ƒµÿƒ∏¿∞»¿»ÿ¥¿‡¥Ã¡PƒÿËƒ‘Ë¿¿¨¿¿Ë¿¿∞¿∏¿∞¿∏¿∞¿∏¿∞¿∏¿∞¿∏¿∞ƒ∏ƒ‘ÃÃ‰–‹–Ã‘¿Ã¿ÃÃÿ∞‘∏Ã‘¿‰‰‡ƒ¿‰Ã¿ƒ‰–ƒ∞¿∏¿ÿ¿»–¿ÿ‹–Ã–‡‹¿ƒ–‘∞¿∏¿∞¿∏¿∞¿∏¿∞¿∏‡‰ÿ‘–Ã‡‘‹¿»»–¿»‰∞Ã»ÿ∞ƒƒ‘‰∞±ôÖ±Õî±—ïÖµ}…ïçΩπç•±•Ö—•Ωπ}Öπë}ç’……ïπ—}›ïï≠±Â}…Ω±î(»¿»ÿ∞ƒ±A|Ã’‡–Ÿ±)ï…ïµ‰Å	ï±∞±}U±ïΩ…ù•Ñ±]H±QïππïÕÕïîÅM—Ö—î±Q…’î∞»¿»ÿ¥¿‰¥¿’Pƒ‰Ë¿¡h∞–¿ƒ‡‘ÿÿ‘‡∞‘ƒ∏‘∞‘ÿ∏‘∞¿∏¿∞±5=11}=9}Q5}IQL±	Ω—ïÖ¥Å…ΩÕ—ï»∞∞¿∏ÿÿ‹‹‡ÿ‘‡¿‘‡‡ƒ‘–‡±›ïï¨ƒµÿƒ∏¿∞»¿»ÿ¥¿‡¥Ã¡PƒÿËƒ‘Ë¿¿¨¿¿Ë¿¿∞¿∏¿∞¿∏¿∞¿∏¿∞¿∏¿∞¿∏¿∞¿∏‡Ã‡–‘‹Ã¿–ÿ»–‘¿–»∞–∏Ã¿»ÿ––‘¿‰‰‰–¿»Ã∞¿∏¿‘¿–‡‘‘‡‰‡»‰ƒ‰‘‡‰∞¿∏¿ÿ–‡‡ÿ¿‡ƒ–‰‹‹‡Ãƒ∞¿∏Ã‰‘ƒ–‡–‹‘‰‹¿»¿ÿ‰‹∞¿∏¿¿‡ÿ‹‡‡»––‘–‹ÿ‡¿‰ƒ∞¿∏‡‡‰ÿ‘ƒ‡ÿ‘‹‰‹‰‡‰‰∞‘ƒ–∞ƒƒÿ¿∞±ôÖ±Õî±—ïÖµ}…ïçΩπç•±•Ö—•Ωπ}Öπë}ç’……ïπ—}›ïï≠±Â}…Ω±î(»¿»ÿ∞ƒ±A}	›’¿»±1ÖπëΩ∏ÅIΩ±ëÖ∏±}U±ïΩ…ù•Ñ±]H±QïππïÕÕïîÅM—Ö—î±Q…’î∞»¿»ÿ¥¿‰¥¿’Pƒ‰Ë¿¡h∞–¿ƒ‡‘ÿÿ‘‡∞‘ƒ∏‘∞‘ÿ∏‘∞¿∏¿∞±5=11}=9}Q5}IQL±	Ω—ïÖ¥Å…ΩÕ—ï»∞∞¿∏ÿÿ‹‹‡ÿ‘‡¿‘‡‡ƒ‘–‡±›ïï¨ƒµÿƒ∏¿∞»¿»ÿ¥¿‡¥Ã¡PƒÿËƒ‘Ë¿¿¨¿¿Ë¿¿∞¿∏¿∞¿∏¿∞¿∏¿∞¿∏¿∞¿∏¿∞¿∏‡Ã‡–‘‹Ã¿–ÿ»–‘¿–»∞–∏Ã¿»ÿ––‘¿‰‰‰–¿»Ã∞¿∏¿‘¿–‡‘‘‡‰‡»‰ƒ‰‘‡‰∞¿∏¿ÿ–‡‡ÿ¿‡ƒ–‰‹‹‡Ãƒ∞¿∏Ã‰‘ƒ–‡–‹‘‰‹¿»¿ÿ‰‹∞¿∏¿¿‡ÿ‹‡‡»––‘–‹ÿ‡¿‰ƒ∞¿∏‡‡‰ÿ‘ƒ‡ÿ‘‹‰‹‰‡‰‰∞‘ƒ‘∞ƒƒÿƒ∞±ôÖ±Õî±—ïÖµ}…ïçΩπç•±•Ö—•Ωπ}Öπë}ç’……ïπ—}›ïï≠±Â}…Ω±î(»¿»ÿ∞ƒ±A|Ÿ’Ÿƒ±-Ö•ëï∏ÅA…Ω—°…º±}U±ïΩ…ù•Ñ±Q±QïππïÕÕïîÅM—Ö—î±Q…’î∞»¿»ÿ¥¿‰¥¿’Pƒ‰Ë¿¡h∞–¿ƒ‡‘ÿÿ‘‡∞‘ƒ∏‘∞‘ÿ∏‘∞¿∏¿∞±5=11}=9}Q5}IQL±	Ω—ïÖ¥Å…ΩÕ—ï»∞∞¿∏ÿƒ‡Ã‹‘‘‹‰ƒ‘‡‰‹‘‰±›ïï¨ƒµÿƒ∏¿∞»¿»ÿ¥¿‡¥Ã¡PƒÿËƒ‘Ë¿¿¨¿¿Ë¿¿∞¿∏¿∞¿∏¿∞¿∏¿∞¿∏¿∞¿∏¿∞¿∏¿∞¿∏¿∞¿∏¿∞¿∏Ãÿ–ƒƒ–ÿƒÃÃ¿Ã¿¿‰ƒ∞»∏»ƒ‹–ƒ–––‹¿–»‘ÿƒ∞¿∏¿–‡‹¿»¿‹‘¿–ƒ‹‡‹ÿ‘–∞¿∏‡‹‡¿ÿ‡‘¿‡»‘‹‰‰ƒƒ∞»ƒ–∞ƒƒÿ»∞±ôÖ±Õî±—ïÖµ}…ïçΩπç•±•Ö—•Ωπ}Öπë}ç’……ïπ—}›ïï≠±Â}…Ω±î(»¿»ÿ∞ƒ±A|»‘‡»‘·‹±-°Ö±•ôÑÅ-ï•—†±}1±±ÖâÖµÑ±I±ÖÕ–ÅÖ…Ω±•πÑ±Q…’î∞»¿»ÿ¥¿‰¥¿’PƒÿË¿¡h∞–¿ƒ‡‘ÿÿÃ–∞–ƒ∏¿∞‘Ã∏‘∞¿∏¿∞±5%U4±	Ω—ïÖ¥Å…ΩÕ—ï»∞∞¿∏ÿ‹»‡‡ƒ–‘ÿ¿–‹‘‘¿‹±›ïï¨ƒµÿƒ∏¿∞»¿»ÿ¥¿‡¥Ã¡PƒÿËƒ‘Ë¿¿¨¿¿Ë¿¿∞¿∏¿∞¿∏¿∞¿∏¿∞¿∏¿∞¿∏¿∞ƒ∏¿ƒƒÃ‰ƒÃ¿ÿ‹Ã‡‹‰»‹∞–∏‰‰¿ƒ‰Ã–»¿¿‰‘¿ÿƒ‘∞¿∏¿ÿ»‡‡Ãÿ‹‹‡ƒ‰»Ã‡∞¿∏¿∞¿∏¿∞¿∏¿∞¿∏‡‹ÿÃ»ƒ–¿‡‰»–‰Ã–»∞Ã»‹∞ƒƒÿÃ∞±ôÖ±Õî±—ïÖµ}…ïçΩπç•±•Ö—•Ωπ}Öπë}ç’……ïπ—}›ïï≠±Â}…Ω±î(»¿»ÿ∞ƒ±A|‰¿ÿ»‹ÿÿ‘±1’≠îÅ5çÖ…‰±}!=T±!Ω’Õ—Ω∏±Q±=…ïùΩ∏ÅM—Ö—î±Q…’î∞»¿»ÿ¥¿‰¥¿’PƒÿË¿¡h∞–¿ƒ‡‘ÿ‹‹‡∞Ãÿ∏¿∞‘ƒ∏‘∞¿∏¿∞±5=11}=9}Q5}IQL±	Ω—ïÖ¥Å…ΩÕ—ï»∞∞¿∏‘‡‹‘ÃÃ¿Ã‹–‘¿Ã»‘ƒ±›ïï¨ƒµÿƒ∏¿∞»¿»ÿ¥¿‡¥Ã¡PƒÿËƒ‘Ë¿¿¨¿¿Ë¿¿∞¿∏¿∞¿∏¿∞¿∏¿∞¿∏¿∞¿∏¿∞¿∏¿∞¿∏¿∞¿∏¿∞¿∏Ã‹ƒ–‘Ã‰–ƒ‰ƒ–ÿ¿–¿‹∞Ã∏»Ã–¿ƒ‘ƒ‹ƒÿ‘ƒ‹ƒ–‘∞¿∏¿»‰‰‡–ƒ‹‡ƒÃ‰ƒ¿Ã¿‹Ã∞¿∏‡‹–‹ÿ¿‘»‹‰ƒ–Ã‰–∞»ƒ‘∞ƒƒÿ–∞±ôÖ±Õî±—ïÖµ}…ïçΩπç•±•Ö—•Ωπ}Öπë}ç’……ïπ—}›ïï≠±Â}…Ω±î(»¿»ÿ∞ƒ±A}Ÿ	¿¿»±Ö…ÕΩ∏Å’±≠ï»±}5MT±5•ç°•ùÖ∏ÅM—Ö—î±Q±QΩ±ïëº±Q…’î∞»¿»ÿ¥¿‰¥¿’P¿¿Ë¿¡h∞–¿ƒ‡‘‡–»‰∞»‰∏‹‘∞–‰∏‘∞¿∏¿∞±5=11}=9}Q5}IQL±	Ω—ïÖ¥Å…ΩÕ—ï»∞∞¿∏–‘‹ƒÃ¿‘‡‰ƒ‰¿ÿÿ¿ƒ±›ïï¨ƒµÿƒ∏¿∞»¿»ÿ¥¿‡¥Ã¡PƒÿËƒ‘Ë¿¿¨¿¿Ë¿¿∞¿∏¿∞¿∏¿∞¿∏¿∞¿∏¿∞¿∏¿∞¿∏¿∞¿∏¿∞¿∏¿∞¿∏Ã¿–‰ƒ‘‰ÿ‹‡–‹‰‡‹ƒ∞Ã∏‹ƒÿ–»‡Ãÿƒ‡‘Ã¿»‰∞¿∏¿Ã»–‡‘‡¿‰‰–Ã–‰ƒ‹¿ÿ∞¿∏‡‹ƒ–‹ÃÿÿÃÿ‰–»–¿»∞»ƒÿ∞ƒƒÿ‘∞±ôÖ±Õî±—ïÖµ}…ïçΩπç•±•Ö—•Ωπ}Öπë}ç’……ïπ—}›ïï≠±Â}…Ω±î(»¿»ÿ∞ƒ±A|‰ÿ‡Ã––Â±)ï—–ÅQ°ΩµÖ±±Ñ±}1±±ÖâÖµÑ±E±ÖÕ–ÅÖ…Ω±•πÑ±Q…’î∞»¿»ÿ¥¿‰¥¿’PƒÿË¿¡h∞–¿ƒ‡‘ÿÿÃ–∞–ƒ∏¿∞‘Ã∏‘∞¿∏¿‰‰ƒ‡»¿¿ƒ–‰ÿÿ‰Ã–ƒ±1=\±!% ±	Ω—ïÖ¥Å…ΩÕ—ï»∞∞»∏–‘»»ƒ»‘–¿¿‰‡‹ƒƒ–±›ïï¨ƒµÿƒ∏¿∞»¿»ÿ¥¿‡¥Ã¡PƒÿËƒ‘Ë¿¿¨¿¿Ë¿¿∞¿∏¿∞¿∏¿∞¿∏¿∞¿∏¿∞¿∏¿∞ƒ∏ƒ‘–‘‹‘‹‹–ÿ‡‡‘‰‘ÿ∞Ã∏Ã–‹‡Ã»ÿ‰‰Ã»–»¿ƒÿ∞¿∏¿‡‡¿Ã‘Ã»‰‹»‰‰¿¿Ã∞¿∏¿∞¿∏¿∞¿∏¿∞¿∏‡ÿ»‰‰‘»–‡Ãƒƒ‡»»∞ƒ¿‡∞ƒƒÿÿ∞±ôÖ±Õî±—ïÖµ}…ïçΩπç•±•Ö—•Ωπ}Öπë}ç’……ïπ—}›ïï≠±Â}…Ω±î(»¿»ÿ∞ƒ±A|¿–‹ÿÿ’‰±)Ö‰Å1•πëÕï‰±}1±±ÖâÖµÑ±Q±ÖÕ–ÅÖ…Ω±•πÑ±Q…’î∞»¿»ÿ¥¿‰¥¿’PƒÿË¿¡h∞–¿ƒ‡‘ÿÿÃ–∞–ƒ∏¿∞‘Ã∏‘∞¿∏¿∞±5=11}=9}Q5}IQL±	Ω—ïÖ¥Å…ΩÕ—ï»∞∞¿∏ÿ¿–Ã»‘Ã‘‰‰‹Ãƒ–Ã‹±›ïï¨ƒµÿƒ∏¿∞»¿»ÿ¥¿‡¥Ã¡PƒÿËƒ‘Ë¿¿¨¿¿Ë¿¿∞¿∏¿∞¿∏¿∞¿∏¿∞¿∏¿∞¿∏¿∞¿∏¿∞¿∏¿∞¿∏¿∞¿∏Ãƒ‹ƒ‡‡¿‹ƒ‰ÿ»‡»Ã‘ÿ∞»∏‡Ã»‘‡¿¿‡ÿ¿ƒ‰‰Ã‘Ã∞¿∏¿–Ã»‹‹‡‘‹‹¿‹–‹»‘ƒ∞¿∏‡ÿ¿ƒƒÃ»»ÿ‡¿‰ÿ‘»ƒ∞»ƒ‹∞ƒƒÿ‹∞±ôÖ±Õî±—ïÖµ}…ïçΩπç•±•Ö—•Ωπ}Öπë}ç’……ïπ—}›ïï≠±Â}…Ω±î(»¿»ÿ∞ƒ±A|Õ’¿–ƒ±Q°ΩµÖÃÅ]ÖëÕ›Ω…—†±}U±U±Q±	ï—°’πîµΩΩ≠µÖ∏±Q…’î∞»¿»ÿ¥¿‰¥¿ÕP»ÃË¿¡h∞–¿ƒ‡‘ÿ‹ÿ‹∞‘¿∏‘∞‘‡∏‘∞¿∏¿∞±5=11}=9}Q5}IQL±	Ω—ïÖ¥Å…ΩÕ—ï»∞∞¿∏‘–ÃÃ––‡‡‘ƒÿ¿ÿ‹‘‰±›ïï¨ƒµÿƒ∏¿∞»¿»ÿ¥¿‡¥Ã¡PƒÿËƒ‘Ë¿¿¨¿¿Ë¿¿∞¿∏¿∞¿∏¿∞¿∏¿∞¿∏¿∞¿∏¿∞¿∏¿∞¿∏¿∞¿∏¿∞¿∏»‹ÿ––ÃÃ‹ÿ‹‹‰Ã‘ÿ»∞Ã∏ÿ–ÿƒÿ‰ƒÿ‹ÿ»‡‹‰ÿÿ∞¿∏¿Ãÿƒ¿‰‹‰ÿ‡‡ƒƒ¿ÿ‡∞¿∏‡‘‹‹ƒ‰¿‹–‡»‡‡‹ÿ‘∞»ƒ‡∞ƒƒÿ‡∞±ôÖ±Õî±—ïÖµ}…ïçΩπç•±•Ö—•Ωπ}Öπë}ç’……ïπ—}›ïï≠±Â}…Ω±î(»¿»ÿ∞ƒ±A}›ÕÃ±-ïŸ•∏ÅIΩç°îÅ)»∏±}P±ïΩ…ù•ÑÅQïç†±Q±Ω±Ω…Öëº±Q…’î∞»¿»ÿ¥¿‰¥¿—P¿¿Ë¿¡h∞–¿ƒ‡‘ÿ‹‹ÿ∞»‡∏‘∞‘¿∏‘∞¿∏¿∞±5=11}=9}Q5}IQL±	Ω—ïÖ¥Å…ΩÕ—ï»∞∞¿∏–‡¿‘–‡‰‡‡¿ÿ‡–¿‰–ÿ±›ïï¨ƒµÿƒ∏¿∞»¿»ÿ¥¿‡¥Ã¡PƒÿËƒ‘Ë¿¿¨¿¿Ë¿¿∞¿∏¿∞¿∏¿∞¿∏¿∞¿∏¿∞¿∏¿∞¿∏¿∞¿∏¿∞¿∏¿∞¿∏Ã‘ƒ‹¿‰–‡–‰»‘–Ãÿ»∞Ã∏»ƒ»‡ƒ»ÿƒÃƒ‹Ã‡‡∞¿∏¿Ã¿‹»‘Ã‡‘‹¿»»‰‰‰‘‘∞¿∏‡‘‹Ã–Ã¿ÿ¿–‘ÿÿ»Ã‰∞»ƒ‰∞ƒƒÿ‰∞±ôÖ±Õî±—ïÖµ}…ïçΩπç•±•Ö—•Ωπ}Öπë}ç’……ïπ—}›ïï≠±Â}…Ω±î(»¿»ÿ∞ƒ±A|‡—–·ƒ‰±…ÖÂÕΩ∏ÅI•ùëΩ∏±}MT±…•ÈΩπÑÅM—Ö—î±I±5Ω…ùÖ∏ÅM—Ö—î±Q…’î∞»¿»ÿ¥¿‰¥¿ŸP¿»Ë¿¡h∞–¿ƒ‡‘ÿ‹‹–∞–‹∏¿∞‘»∏‘∞¿∏¿∞±5%U4±	Ω—ïÖ¥Å…ΩÕ—ï»∞∞¿∏ÿÃ‡ÿ‰ÿ‹‹‡»ÃÃ‰»»‹±›ïï¨ƒµÿƒ∏¿∞»¿»ÿ¥¿‡¥Ã¡PƒÿËƒ‘Ë¿¿¨¿¿Ë¿¿∞¿∏¿∞¿∏¿∞¿∏¿∞¿∏¿∞¿∏¿∞¿∏»‹‘‹‰ƒ–ÿ‡‘Ã»¿¿ƒ‘–∞ƒ∏ÿ¿‹‡ÿ‘‰‰‰¿¿ÃÃ»–‡∞¿∏¿ƒ‘–‹¿¿‹ƒ‰‘‘‘–‰‡Ã∞¿∏ƒ‰–Ã–»¿‹–‰¿‹‹»ƒ‰‡∞»∏–ÿ‡–ÿÃ‰ƒ»‘Ã¿–ƒ‹Ã∞¿∏¿»ÿ‹»»–‹‹»ƒÃ»»ƒƒ‘–∞¿∏‡‘‘ƒÃ¿Ãÿƒ¿‹Ã‹»»»∞Ã»‡∞ƒƒ‹¿∞±ôÖ±Õî±—ïÖµ}…ïçΩπç•±•Ö—•Ωπ}Öπë}ç’……ïπ—}›ïï≠±Â}…Ω±î(»¿»ÿ∞ƒ±A}ƒ—»–±)ï—–ÅÖ…¡ïπ—ï»±}QQT±Qï·ÖÃÅQïç†±Q±â•±ïπîÅ°…•Õ—•Ö∏±Q…’î∞»¿»ÿ¥¿‰¥¿’P»ÃË¿¡h∞–¿ƒ‡‘ÿ‹‹¿∞‘ƒ∏¿∞‘‰∏‘∞¿∏¿∞±5=11}=9}Q5}IQL±	Ω—ïÖ¥Å…ΩÕ—ï»∞∞¿∏‘‘ÿ‹¿–‹–‹–ƒ‡‰‡–»±›ïï¨ƒµÿƒ∏¿∞»¿»ÿ¥¿‡¥Ã¡PƒÿËƒ‘Ë¿¿¨¿¿Ë¿¿∞¿∏¿∞¿∏¿∞¿∏¿∞¿∏¿∞¿∏¿∞¿∏¿∞¿∏¿∞¿∏¿∞¿∏»‹ÃÃ»»‡‰ÿ‡–ÿÿÿ‹¿‘∞Ã∏–‰ÿ‘‡ÃÃ‘»Ãÿ‹‹‡‹ÿ∞¿∏¿Ã‡ÿ‹¿‡–‘ƒ‰ÿ»–»»‡∞¿∏‡‘‘¿¿ÿÃ¿Ã»ÿ¿‡‰‰–∞»»¿∞ƒƒ‹ƒ∞±ôÖ±Õî±—ïÖµ}…ïçΩπç•±•Ö—•Ωπ}Öπë}ç’……ïπ—}›ïï≠±Â}…Ω±î(»¿»ÿ∞ƒ±A}ƒ»……±Öëï∏ÅA•ïπ•πú±}U±U±Q±	ï—°’πîµΩΩ≠µÖ∏±Q…’î∞»¿»ÿ¥¿‰¥¿ÕP»ÃË¿¡h∞–¿ƒ‡‘ÿ‹ÿ‹∞‘¿∏‘∞‘‡∏‘∞¿∏¿∞±5=11}=9}Q5}IQL±	Ω—ïÖ¥Å…ΩÕ—ï»∞∞¿∏‘Ã‰ÃÃ»–Ãƒ‰Ã‡ƒ»‹‹±›ïï¨ƒµÿƒ∏¿∞»¿»ÿ¥¿‡¥Ã¡PƒÿËƒ‘Ë¿¿¨¿¿Ë¿¿∞¿∏¿∞¿∏¿∞¿∏¿∞¿∏¿∞¿∏¿∞¿∏¿∞¿∏¿∞¿∏¿∞¿∏»‹––¿ƒ‰ƒ‡ƒ»‘ƒ‡‘‰∞Ã∏ÿƒ‰»–Ã»¿ÿ‘‘ÿÿƒ¿‘∞¿∏¿Ã‘‡–ÃƒÃ‘‰ƒ‹ƒ¿‹»‹∞¿∏‡‘ƒÃ‡‘¿‘–»‡Ã–‰¿‘∞»»ƒ∞ƒƒ‹»∞±ôÖ±Õî±—ïÖµ}…ïçΩπç•±•Ö—•Ωπ}Öπë}ç’……ïπ—}›ïï≠±Â}…Ω±î(»¿»ÿ∞ƒ±A|—‰»·‘ƒ±Q’πÑÅ±—Ö°•»±}MQ8±M—ÖπôΩ…ê±I±5•Öµ§±Q…’î∞»¿»ÿ¥¿‰¥¿’P¿ƒË¿¡h∞–¿ƒ‡‘‡»¿ÿ∞ƒƒ∏‘∞–‹∏‘∞¿∏¿∞±5%U4±	Ω—ïÖ¥Å…ΩÕ—ï»∞∞ƒ∏ƒÿÃ‰»–‡»‘‹‹–‘»Ã±›ïï¨ƒµÿƒ∏¿∞»¿»ÿ¥¿‡¥Ã¡PƒÿËƒ‘Ë¿¿¨¿¿Ë¿¿∞¿∏¿∞¿∏¿∞¿∏¿∞¿∏¿∞¿∏¿∞ƒ∏Ã‰‹‹‰‰»‹‹ÿ‹»¿»ÿ‘∞‘∏¿–‡»‡‘‰–‘Ã¿–‡¿–∞¿∏¿–¿ƒ‹‘‹‰‰»ƒ–‹‡¿‹ƒ∞¿∏¿‘»ÿ–ƒƒ¿‹¿‹ÿ‡‰¿‹∞¿∏Ã‰‡»ÿ‰–‰–ÿƒ¿»»‰‘∞¿∏¿¿ƒ‹¿ƒ‘‰‘‡‹‘ƒƒ¿‘‘¿»∞¿∏‡–‡‘ÿƒ¿»ƒÿ¿‹‹–ƒ‡∞Ã»‰∞ƒƒ‹Ã∞±—…’î±—ïÖµ}…ïçΩπç•±•Ö—•Ωπ}Öπë}ç’……ïπ—}›ïï≠±Â}…Ω±î(»¿»ÿ∞ƒ±A|…	·±)Åπëï…ÕΩ∏±}1MT±1MT±Q±±ïµÕΩ∏±Q…’î∞»¿»ÿ¥¿‰¥¿’P»ÃËÃ¡h∞–¿ƒ‡‘ÿÿÿ¿∞Ãƒ∏¿∞‘ƒ∏‘∞¿∏¿∞±5=11}=9}Q5}IQL±	Ω—ïÖ¥Å…ΩÕ—ï»∞∞¿∏ÿ‡ƒÃÿ‘ÿ»»»‰‡»‰–Ã±›ïï¨ƒµÿƒ∏¿∞»¿»ÿ¥¿‡¥Ã¡PƒÿËƒ‘Ë¿¿¨¿¿Ë¿¿∞¿∏¿∞¿∏¿∞¿∏¿∞¿∏¿∞¿∏¿∞¿∏¿∞¿∏¿∞¿∏¿∞¿∏ÃÃ¿‡–Ã»ƒ‰‰Ã‹‡ÿ‡Ã∞Ã∏ƒ‹»‡‘ÿÃƒÃ‡‰Ã‘‹∞¿∏¿Ã»‘ƒÃ»ÿÿ–‰Ãÿ‡»»»ÿ∞¿∏‡–Ã»¿‡–‘¿»‡‰Ãƒ‡‡∞»»»∞ƒƒ‹–∞±ôÖ±Õî±—ïÖµ}…ïçΩπç•±•Ö—•Ωπ}Öπë}ç’……ïπ—}›ïï≠±Â}…Ω±î(»¿»ÿ∞ƒ±A|¿¿–‡Ã–—±ÖŸ•∏Å5’ï±±ï»±}5%±5•Öµ§±Q±M—ÖπôΩ…ê±Ö±Õî∞»¿»ÿ¥¿‰¥¿’P¿ƒË¿¡h∞–¿ƒ‡‘‡»¿ÿ∞Ãÿ∏¿∞–‹∏‘∞¿∏¿∞±5=11}=9}Q5}IQL±	Ω—ïÖ¥Å…ΩÕ—ï»∞∞¿∏‘–‰ÿ‘Ã¿‹»–‡Ã–ÿ‡±›ïï¨ƒµÿƒ∏¿∞»¿»ÿ¥¿‡¥Ã¡PƒÿËƒ‘Ë¿¿¨¿¿Ë¿¿∞¿∏¿∞¿∏¿∞¿∏¿∞¿∏¿∞¿∏¿∞¿∏¿∞¿∏¿∞¿∏¿∞¿∏»ÿ‡‘–ƒƒƒÃ‰––ƒ–‘ƒ∞Ã∏‘‰Ãÿ‰‡‹‹–‘Ãÿ‘‰‡Ã∞¿∏¿Ã‘»ÿ–‰»ƒƒ¿ÿÃ–‘‘‘‘∞¿∏‡Ã‰‘¿¿‘ƒ‡¿Ã‘‡‹‡Ã∞»»Ã∞ƒƒ‹‘∞±ôÖ±Õî±—ïÖµ}…ïçΩπç•±•Ö—•Ωπ}Öπë}ç’……ïπ—}›ïï≠±Â}…Ω±î(»¿»ÿ∞ƒ±A|…ƒÂ‹—±5•ç°Öï∞Å!Ö›≠•πÃÅ)»∏±}]YT±]ïÕ–ÅY•…ù•π•Ñ±E±ΩÖÕ—Ö∞ÅÖ…Ω±•πÑ±Q…’î∞»¿»ÿ¥¿‰¥¿’PƒÿË¿¡h∞–¿ƒ‡‘ÿ‹‡¿∞Ã‰∏¿∞‘ÿ∏‘∞¿∏¿‘ƒÃ‰ÿ‘ÿ–»ƒ‡»ƒ¿‡‹±1=\±!% ±	Ω—ïÖ¥Å…ΩÕ—ï»∞∞ƒ∏‘–»ƒ¿‹–‹ÿ»‡Ã‹ÿ»Ã±›ïï¨ƒµÿƒ∏¿∞»¿»ÿ¥¿‡¥Ã¡PƒÿËƒ‘Ë¿¿¨¿¿Ë¿¿∞¿∏¿∞¿∏¿∞¿∏¿∞¿∏¿∞¿∏¿∞ƒ∏ƒ‘ÿ‰ÿ–Ã»–Ãƒ¿Ã»–‘∞Ã∏‹Ã¿‰‹‹»ÿ‡––‹‹‹»‹∞¿∏¿‹‹–Ã‹‡‰‰ÿƒ‡‘ƒ‡–‰∞¿∏¿∞¿∏¿∞¿∏¿∞¿∏‡Ã‹‹»‘ƒ»–‘‘‘‡‡‡»∞ƒ¿‰∞ƒƒ‹ÿ∞±—…’î±—ïÖµ}…ïçΩπç•±•Ö—•Ωπ}Öπë}ç’……ïπ—}›ïï≠±Â}…Ω±î(»¿»ÿ∞ƒ±A}¿¡‰Ÿ	±)Ω…ëÖ∏Å=πΩŸ’ù°î±}MQ8±M—ÖπôΩ…ê±]H±5•Öµ§±Q…’î∞»¿»ÿ¥¿‰¥¿’P¿ƒË¿¡h∞–¿ƒ‡‘‡»¿ÿ∞ƒƒ∏‘∞–‹∏‘∞¿∏¿∞±5=11}=9}Q5}IQL±	Ω—ïÖ¥Å…ΩÕ—ï»∞∞¿∏‹–‹»‡ƒ‰‡ƒ‰»‘‰»ƒ–±›ïï¨ƒµÿƒ∏¿∞»¿»ÿ¥¿‡¥Ã¡PƒÿËƒ‘Ë¿¿¨¿¿Ë¿¿∞¿∏¿∞¿∏¿∞¿∏¿∞¿∏¿∞¿∏¿∞¿∏¿∞¿∏¿∞¿∏¿∞¿∏–»‹»‰–‡–Ã¿ƒ‡ÿÃ»ƒÃ∞Ã∏»Ã»‡¿ÿ»‹Ã¿‘»»ÿ¿–∞¿∏¿ƒÃ‡ƒ»¿‹‰»–»¿‹Ã‰‘ÿ∞¿∏‡ÃÃ––‹‰–‘‹‹ÿÃ¿ƒ‰∞‘ƒÿ∞ƒƒ‹‹∞±—…’î±—ïÖµ}…ïçΩπç•±•Ö—•Ωπ}Öπë}ç’……ïπ—}›ïï≠±Â}…Ω±î(»¿»ÿ∞ƒ±A}–›‹»…±QÖπ•ï±ÑÅQ’¡Ω‘±}UM±UM±Q±…ïÕπºÅM—Ö—î±Q…’î∞»¿»ÿ¥¿‰¥¿’P¿ƒË¿¡h∞–¿ƒ‡‘‡–Ãÿ∞Ã‹∏‘∞‘ƒ∏‘∞¿∏¿∞±5=11}=9}Q5}IQL±	Ω—ïÖ¥Å…ΩÕ—ï»∞∞¿∏ÿ‰‡–‘‰ƒƒÃ‰‡¿–¿‡±›ïï¨ƒµÿƒ∏¿∞»¿»ÿ¥¿‡¥Ã¡PƒÿËƒ‘Ë¿¿¨¿¿Ë¿¿∞¿∏¿∞¿∏¿∞¿∏¿∞¿∏¿∞¿∏¿∞¿∏¿∞¿∏¿∞¿∏¿∞¿∏–»‹ÿÿÿÿÃÿ–Ã‡Ã–‡‰ÿ∞»∏¿–ƒ–‰Ãƒ»–‹»¿ÿƒÃ∞¿∏¿ÃÃÃ‹ÿ¿‹‰‘ƒ‹‡»»»ÿ∞¿∏‡Ã»¿‹»–»ÿ¿ƒ‹Ã–Ã‡∞»»–∞ƒƒ‹‡∞±ôÖ±Õî±—ïÖµ}…ïçΩπç•±•Ö—•Ωπ}Öπë}ç’……ïπ—}›ïï≠±Â}…Ω±î(»¿»ÿ∞ƒ±A}ÃŸ‹Â±	±Ö≠îÅQ°•…‰±}%9±%πë•ÖπÑ±Q±9Ω…—†ÅQï·ÖÃ±Q…’î∞»¿»ÿ¥¿‰¥¿’PƒÿË¿¡h∞–¿ƒ‡‘‡–»‘∞–‡∏¿∞‘‘∏‘∞¿∏¿∞±5=11}=9}Q5}IQL±	Ω—ïÖ¥Å…ΩÕ—ï»∞∞¿∏‘Ãƒ–‰‡¿ÿÿÿ‹¿ÿ‹‰‡±›ïï¨ƒµÿƒ∏¿∞»¿»ÿ¥¿‡¥Ã¡PƒÿËƒ‘Ë¿¿¨¿¿Ë¿¿∞¿∏¿∞¿∏¿∞¿∏¿∞¿∏¿∞¿∏¿∞¿∏¿∞¿∏¿∞¿∏¿∞¿∏Ãƒ‰‘‡‹ÃÃ»Ã‰ƒ‹Ã»Ã∞ƒ∏‡‡ƒ‰‰‰¿ƒ‡ƒÃÿ‰ƒÃÃ∞¿∏¿‘Ãƒ¿‹Ã‹‘ƒ‡ƒƒ‹‹ÿƒ∞¿∏‡»ÿ–Ãƒ–‡‘»‰»–‡‰–∞»»‘∞ƒƒ‹‰∞±ôÖ±Õî±—ïÖµ}…ïçΩπç•±•Ö—•Ωπ}Öπë}ç’……ïπ—}›ïï≠±Â}…Ω±î(»¿»ÿ∞ƒ±A}Ãƒ»ÃŸ±°ÖÕîÅÖ……ï±∞±}9\±9Ω…—°›ïÕ—ï…∏±]H±MΩ’—†ÅÖ≠Ω—ÑÅM—Ö—î±Q…’î∞»¿»ÿ¥¿‰¥¿ŸP¿¿Ë¿¡h∞–¿ƒ‡‘‡–Ãƒ∞»‰∏‘∞–ÿ∏‘∞¿∏¿∞±5=11}=9}Q5}IQL±	Ω—ïÖ¥Å…ΩÕ—ï»∞∞¿∏‘‹‘ÃÃÃ‘ÿ‹‡ÿ‹‡¿»»±›ïï¨ƒµÿƒ∏¿∞»¿»ÿ¥¿‡¥Ã¡PƒÿËƒ‘Ë¿¿¨¿¿Ë¿¿∞¿∏¿∞¿∏¿∞¿∏¿∞¿∏¿∞¿∏¿∞¿∏¿ÿ‡‹‡ƒÃÿƒ‰ƒ‘»¿‰‰‰∞¿∏Ã–ƒ‡ƒ¿–Ã‘ÿ¿‰Ãƒÿ–‘∞¿∏¿¿Ã‘»ÿ‰‘ƒÿ¿‡‘¿»ƒ–»‹∞¿∏»‹‘¿¿Ã‘‰‘‹–‘‘‘¿¿ÿ∞Ã∏ƒÿ–ÿÃ¿‡‰ƒÃƒ‘¿‹‡∞¿∏¿»‰‡ƒ»Ã»‡–¿ƒ‡‹»‘‘∞¿∏‡»‘ÿ‡Ã–¿‡‘¿¿»Ã‹‹∞‘ƒ‹∞ƒƒ‡¿∞±ôÖ±Õî±—ïÖµ}…ïçΩπç•±•Ö—•Ωπ}Öπë}ç’……ïπ—}›ïï≠±Â}…Ω±î(»¿»ÿ∞ƒ±A}·Â·±π(∏ÅQ’…πï»±}5%98±5•ππïÕΩ—Ñ±I±ÖÕ—ï…∏Å%±±•πΩ•Ã±Q…’î∞»¿»ÿ¥¿‰¥¿—P¿¿Ë¿¡h∞–¿ƒ‡‘‡–»»∞–‹∏‘∞‘ƒ∏‘∞¿∏¿∞±5%U4±	Ω—ïÖ¥Å…ΩÕ—ï»∞∞¿∏ÿÃ‹¿ÿ»ÿ‹Ã‰Ã‹‡ÿ»‘±›ïï¨ƒµÿƒ∏¿∞»¿»ÿ¥¿‡¥Ã¡PƒÿËƒ‘Ë¿¿¨¿¿Ë¿¿∞¿∏¿∞¿∏¿∞¿∏¿∞¿∏¿∞¿∏¿∞ƒ∏¿»ÿÃ‹¿Ã»ÃÃ¿‘‡‰ƒ‡∞–∏‘‘‘‡ÿƒ‰‰‹ÿ––¿ƒ–∞¿∏¿ÿƒ‘ÿ–‘ƒ»‘‹ƒ‰‘‡»‘∞¿∏¿∞¿∏¿∞¿∏¿∞¿∏‡»–‰‹Ã»‹‘ƒ‰ÿƒ‘¿‰∞ÃÃ¿∞ƒƒ‡ƒ∞±ôÖ±Õî±—ïÖµ}…ïçΩπç•±•Ö—•Ωπ}Öπë}ç’……ïπ—}›ïï≠±Â}…Ω±î(»¿»ÿ∞ƒ±A|»Ÿ¡Ãƒ»±)Öç≠ÕΩ∏Å	…Ω’ÕÕïÖ‘±}0±Ö±•ôΩ…π•Ñ±E±U1±Q…’î∞»¿»ÿ¥¿‰¥¿ŸP¿»ËÃ¡h∞–¿ƒ‡‘‡»ƒ¿∞»ÿ∏¿∞‘Ã∏‘∞¿∏¿‰¿‡ÿ‘‘‰‘¿‡»ƒÃ–ÿ‘±1=\±!% ±	Ω—ïÖ¥Å…ΩÕ—ï»∞∞»∏ÿ‰‹‘»»‹Ãƒÿ‹ƒ‘ÿÃ±›ïï¨ƒµÿƒ∏¿∞»¿»ÿ¥¿‡¥Ã¡PƒÿËƒ‘Ë¿¿¨¿¿Ë¿¿∞¿∏¿∞¿∏¿∞¿∏¿∞¿∏¿∞¿∏¿∞ƒ∏ÃÃ»–¿Ã‹‘»ÃÃ‹‹‹‰∞Ã∏ÃÃ‰ÿ–Ãÿ¿¿Ã‡»‹Ã‘∞¿∏¿‡ƒ‹¿‘ƒƒ–ƒÃÿ»‹ƒ‰Ã∞¿∏¿∞¿∏¿∞¿∏¿∞¿∏‡»–ƒ‰‘¿––‡‘‘‰¿‘ƒ∞ƒƒ¿∞ƒƒ‡»∞±ôÖ±Õî±—ïÖµ}…ïçΩπç•±•Ö—•Ωπ}Öπë}ç’……ïπ—}›ïï≠±Â}…Ω±î(»¿»ÿ∞ƒ±A}»—±aÖŸ•ï»ÅQ•±±ï»±}MT±±Ω…•ëÑÅM—Ö—î±Q±M5T±Q…’î∞»¿»ÿ¥¿‰¥¿›P»ÃËÃ¡h∞–¿ƒ‡‘‡»ƒ»∞»‘∏»‘∞‘Ã∏‘∞¿∏¿∞±5=11}=9}Q5}IQL±	Ω—ïÖ¥Å…ΩÕ—ï»∞∞¿∏–‡‘–‰ÿƒ»¿ƒÃÃ¿‰‡Ã±›ïï¨ƒµÿƒ∏¿∞»¿»ÿ¥¿‡¥Ã¡PƒÿËƒ‘Ë¿¿¨¿¿Ë¿¿∞¿∏¿∞¿∏¿∞¿∏¿∞¿∏¿∞¿∏¿∞¿∏¿∞¿∏¿∞¿∏¿∞¿∏Ã¿‹¿‹Ã‘ÿÃƒÃƒÃ‘Ã–∞Ã∏‘‹¿‰––‘»Ã‰ÿ‡ƒ–‰‹∞¿∏¿»ÿÃÃƒ‡»Ã‰Ãÿÿÿ»‘»Ã∞¿∏‡»»ƒ‘‡‰‘‰ƒ–‡ƒ–Ã‘∞»»ÿ∞ƒƒ‡Ã∞±ôÖ±Õî±—ïÖµ}…ïçΩπç•±•Ö—•Ωπ}Öπë}ç’……ïπ—}›ïï≠±Â}…Ω±î(»¿»ÿ∞ƒ±A}»‰¡±Q‰Å1Ωç≠›ΩΩê±}I,±…≠ÖπÕÖÃ±Q±9Ω…—†Å±ÖâÖµÑ±Q…’î∞»¿»ÿ¥¿‰¥¿’P»¿Ëƒ’h∞–¿ƒ‡‘ÿÿÃ‘∞‘»∏¿∞ÿÃ∏‘∞¿∏¿∞±5=11}=9}Q5}IQL±	Ω—ïÖ¥Å…ΩÕ—ï»∞∞¿∏––‘‹‘¿––‹‘‰Ãÿƒ‡±›ïï¨ƒµÿƒ∏¿∞»¿»ÿ¥¿‡¥Ã¡PƒÿËƒ‘Ë¿¿¨¿¿Ë¿¿∞¿∏¿∞¿∏¿∞¿∏¿∞¿∏¿∞¿∏¿∞¿∏¿∞¿∏¿∞¿∏¿∞¿∏»ÿ»‰ƒƒ‹‰‡¿‹–ƒÃÿ∞Ã∏‘‹‹–»»ƒ‘–‹‘»–»∞¿∏¿Ã»ÿÿ‹–¿–¿‘ƒÃ‰‘¿–‘∞¿∏‡ƒÿÿ‘‡–Ã‹‡‘‹‹–‡–∞»»‹∞ƒƒ‡–∞±ôÖ±Õî±—ïÖµ}…ïçΩπç•±•Ö—•Ωπ}Öπë}ç’……ïπ—}›ïï≠±Â}…Ω±î(»¿»ÿ∞ƒ±A}Õ	≈»±)’±•Ö∏Å)Ω°πÕΩ∏±}5%98±5•ππïÕΩ—Ñ±Q±ÖÕ—ï…∏Å%±±•πΩ•Ã±Q…’î∞»¿»ÿ¥¿‰¥¿—P¿¿Ë¿¡h∞–¿ƒ‡‘‡–»»∞–‹∏‘∞‘ƒ∏‘∞¿∏¿∞±5=11}=9}Q5}IQL±	Ω—ïÖ¥Å…ΩÕ—ï»∞∞¿∏–‹ƒ¿Ã–»ƒ‹ƒ»¿‹‘¿‡Ã±›ïï¨ƒµÿƒ∏¿∞»¿»ÿ¥¿‡¥Ã¡PƒÿËƒ‘Ë¿¿¨¿¿Ë¿¿∞¿∏¿∞¿∏¿∞¿∏¿∞¿∏¿∞¿∏¿∞¿∏¿∞¿∏¿∞¿∏¿∞¿∏»‡¿¿–‘‡¿‡‹ƒ‘»Ã‘–∞Ã∏ƒ‘»‹‘‡–‘¿‰‹ƒ–‰‡∞¿∏¿Ã‘‰ƒƒ¿‡ƒ‹¿¿‡ÿÃ»ƒ∞¿∏‡ƒ¿‹‡‡ƒ––¿ƒ‹‘ÿ––∞»»‡∞ƒƒ‡‘∞±ôÖ±Õî±—ïÖµ}…ïçΩπç•±•Ö—•Ωπ}Öπë}ç’……ïπ—}›ïï≠±Â}…Ω±î(»¿»ÿ∞ƒ±A}ƒÕƒ‹±!’ÕÖ∏Å1ΩπùÕ—…ïï–±}1MT±1MT±E±±ïµÕΩ∏±Q…’î∞»¿»ÿ¥¿‰¥¿’P»ÃËÃ¡h∞–¿ƒ‡‘ÿÿÿ¿∞Ãƒ∏¿∞‘ƒ∏‘∞¿∏¿‰ƒ–‹¿‡ƒÿ‹ƒ»–»–»‘±1=\±!% ±	Ω—ïÖ¥Å…ΩÕ—ï»∞∞»∏‹Ã‡–»‘Ã»ƒÿ–‘‡‡ÿ±›ïï¨ƒµÿƒ∏¿∞»¿»ÿ¥¿‡¥Ã¡PƒÿËƒ‘Ë¿¿¨¿¿Ë¿¿∞¿∏¿∞¿∏¿∞¿∏¿∞¿∏¿∞¿∏¿∞ƒ∏ƒ‡‘»»‘ÿƒÿ¿ÿ–ÿƒ¿ÿ∞Ã∏Ãÿ‘ƒ‹¿––‘‡––ÿ¿ÿÿ∞¿∏¿‹‹‹»‡–Ã‹ÿ¿‰ƒ–»»Ã∞¿∏¿∞¿∏¿∞¿∏¿∞¿∏‡¿»‡‡‹ÿ‹¿»Ã‰Ãƒ–»∞ƒƒƒ∞ƒƒ‡ÿ∞±ôÖ±Õî±—ïÖµ}…ïçΩπç•±•Ö—•Ωπ}Öπë}ç’……ïπ—}›ïï≠±Â}…Ω±î(»¿»ÿ∞ƒ±A|‰ÿ≈Õ±(Å	…Ω’ù°—Ω∏Å)»∏±}U±’â’…∏±Q±	ÖÂ±Ω»±Q…’î∞»¿»ÿ¥¿‰¥¿’Pƒ‰ËÃ¡h∞–¿ƒ‡‘ÿÿÃÿ∞Ã»∏‹‘∞‘‡∏‘∞¿∏¿∞±5=11}=9}Q5}IQL±	Ω—ïÖ¥Å…ΩÕ—ï»∞∞¿∏Ã‰Ãƒ‡¿ƒ‡–ÿƒƒ»–‡‰±›ïï¨ƒµÿƒ∏¿∞»¿»ÿ¥¿‡¥Ã¡PƒÿËƒ‘Ë¿¿¨¿¿Ë¿¿∞¿∏¿∞¿∏¿∞¿∏¿∞¿∏¿∞¿∏¿∞¿∏¿∞¿∏¿∞¿∏¿∞¿∏»‹ÿÿÃÃ‘‹¿ÿ‰‡‰‡‰‡ÿ∞Ã∏¿Ã‰¿»»‘–»‡ƒ–––‘‘∞¿∏¿Ãÿ¿‘‰ÿ‘‹––Ã¿¿‘‰ÿ∞¿∏‹‰ÿ‡‰Ã‹ÿ‰ÿÃ‡–‹¿ƒ∞»»‰∞ƒƒ‡‹∞±ôÖ±Õî±—ïÖµ}…ïçΩπç•±•Ö—•Ωπ}Öπë}ç’……ïπ—}›ïï≠±Â}…Ω±î(»¿»ÿ∞ƒ±A}ÃŸ‰Ã…±Â±Ö∏Å	’…¨±}U±U±Q±	ï—°’πîµΩΩ≠µÖ∏±Q…’î∞»¿»ÿ¥¿‰¥¿ÕP»ÃË¿¡h∞–¿ƒ‡‘ÿ‹ÿ‹∞‘¿∏‘∞‘‡∏‘∞¿∏¿∞±5=11}=9}Q5}IQL±	Ω—ïÖ¥Å…ΩÕ—ï»∞∞¿∏‘¿–¿¿Ã»‹¿ÿÃ‹ƒ‘–Ã±›ïï¨ƒµÿƒ∏¿∞»¿»ÿ¥¿‡¥Ã¡PƒÿËƒ‘Ë¿¿¨¿¿Ë¿¿∞¿∏¿∞¿∏¿∞¿∏¿∞¿∏¿∞¿∏¿∞¿∏¿∞¿∏¿∞¿∏¿∞¿∏»‘ÿ–»‹ƒ»ÃÿÃÃ‘‡‡‹∞Ã∏Ã‡»ƒÿÃ–¿»‰ÿ‰‹‰‘ÿ∞¿∏¿ÃÃ–‰‘»ƒ‡ÿ–‡‹»ƒƒ‡∞¿∏‹‰‘ÿƒ–‹‹‘‡»»‡‰‘Ã∞»Ã¿∞ƒƒ‡‡∞±ôÖ±Õî±—ïÖµ}…ïçΩπç•±•Ö—•Ωπ}Öπë}ç’……ïπ—}›ïï≠±Â}…Ω±î(»¿»ÿ∞ƒ±A|Ã≈≈≈‰±5Ö’…•çîÅ	…Ω›∏Å%$±}M±MΩ’—†ÅÖ…Ω±•πÑ±Q±-ïπ–ÅM—Ö—î±Q…’î∞»¿»ÿ¥¿‰¥¿’PƒÿË–’h∞–¿ƒ‡‘ÿÿÿ‘∞–‘∏¿∞‘Ã∏‘∞¿∏¿∞±5=11}=9}Q5}IQL±	Ω—ïÖ¥Å…ΩÕ—ï»∞∞¿∏‘»‡ƒ»Ã‹‹ÿÃ‰ƒ¿ÿ‡ƒ±›ïï¨ƒµÿƒ∏¿∞»¿»ÿ¥¿‡¥Ã¡PƒÿËƒ‘Ë¿¿¨¿¿Ë¿¿∞¿∏¿∞¿∏¿∞¿∏¿∞¿∏¿∞¿∏¿∞¿∏¿∞¿∏¿∞¿∏¿∞¿∏»‘–¿–Ã––¿‡ƒ–¿‘‰ƒÿ∞Ã∏–‡‘‘»»ÿÿ‰–‰¿‡¿Ã»∞¿∏¿Ãƒ‰ƒÿ‹‰–‰‡‡Ã‰‘Ã‹∞¿∏‹‰–¿‰ÿ–‹‹ÿ‰Ã‘ƒƒ‡∞»Ãƒ∞ƒƒ‡‰∞±ôÖ±Õî±—ïÖµ}…ïçΩπç•±•Ö—•Ωπ}Öπë}ç’……ïπ—}›ïï≠±Â}…Ω±î(»¿»ÿ∞ƒ±A|·¿¡–‹±…Öπ–ÅMµ•—†±}%10±%±±•πΩ•Ã±Q±U±Q…’î∞»¿»ÿ¥¿‰¥¿—P¿ƒË¿¡h∞–¿ƒ‡‘‡–»–∞–»∏¿∞‘‘∏‘∞¿∏¿∞±5=11}=9}Q5}IQL±	Ω—ïÖ¥Å…ΩÕ—ï»∞∞¿∏–ÿÿ‰‡»»–¿‰Ã¿ƒ‹‡‹±›ïï¨ƒµÿƒ∏¿∞»¿»ÿ¥¿‡¥Ã¡PƒÿËƒ‘Ë¿¿¨¿¿Ë¿¿∞¿∏¿∞¿∏¿∞¿∏¿∞¿∏¿∞¿∏¿∞¿∏¿∞¿∏¿∞¿∏¿∞¿∏»‘‘Ã––‹‘‘‘ÿÿ‡–‹‰∞Ã∏Ã–»‡–Ã––¿ƒ‡–‡‰»Ã∞¿∏¿Ã–¿Ã¿‹–‡¿‰Ãÿ¿Ã»‡–∞¿∏‹‰Ã‡ƒÃ‘‡‡ƒ–ÿ‰‘ÿ‡∞»Ã»∞ƒƒ‰¿∞±ôÖ±Õî±—ïÖµ}…ïçΩπç•±•Ö—•Ωπ}Öπë}ç’……ïπ—}›ïï≠±Â}…Ω±î(»¿»ÿ∞ƒ±A}‰›	Â±…Ö≠îÅ5Ö…—•πïË±}Q98±QïππïÕÕïî±Q±’…µÖ∏±Q…’î∞»¿»ÿ¥¿‰¥¿’Pƒ‰ËÃ¡h∞–¿ƒ‡‘ÿÿÿÿ∞‘ÿ∏‘∞ÿÿ∏‘∞¿∏¿∞±5=11}=9}Q5}IQL±	Ω—ïÖ¥Å…ΩÕ—ï»∞∞¿∏‘¿»»–ƒƒ‹‰ƒ‘–ÿ»–‘±›ïï¨ƒµÿƒ∏¿∞»¿»ÿ¥¿‡¥Ã¡PƒÿËƒ‘Ë¿¿¨¿¿Ë¿¿∞¿∏¿∞¿∏¿∞¿∏¿∞¿∏¿∞¿∏¿∞¿∏¿∞¿∏¿∞¿∏¿∞¿∏»‘ÿ‘»¿ÿÿ‰¿‡¿‰ÿÃ‰–∞Ã∏Ã‘ƒÃÿ‰–»Ã–‘Ã‘ƒÿ∞¿∏¿Ã»‡Ãƒ»‰ƒ¿ƒ–‹ƒ¿ÿ‘‘∞¿∏‹‡‡ÿ–‘Ã‘‹‘ƒ–‘‹‰‘∞»ÃÃ∞ƒƒ‰ƒ∞±ôÖ±Õî±—ïÖµ}…ïçΩπç•±•Ö—•Ωπ}Öπë}ç’……ïπ—}›ïï≠±Â}…Ω±î(»¿»ÿ∞ƒ±A|…‡—	¿±)Öëï∏ÅIÖÕ°ÖëÑ±}5MMP±5•ÕÕ•ÕÕ•¡¡§ÅM—Ö—î±E±U0Å5Ωπ…Ωî±Q…’î∞»¿»ÿ¥¿‰¥¿’P»ÃËÃ¡h∞–¿ƒ‡‘ÿÿÿ»∞–»∏‘∞‘ÿ∏‘∞¿∏¿»ƒÿ‰‹ÿ‡ƒƒ‰Ã‹‘‡‘‰±1=\±!% ±	Ω—ïÖ¥Å…ΩÕ—ï»∞∞¿∏ÿÿ»–‹»ÿ¿ÿ»ÿ»‘‹‡ÿ±›ïï¨ƒµÿƒ∏¿∞»¿»ÿ¥¿‡¥Ã¡PƒÿËƒ‘Ë¿¿¨¿¿Ë¿¿∞ƒ∏¿–‰‰ƒ‹¿¿¿»ÿ‹¿¿‡∞¿∏ÿ‘‰¿ÿ¿ÿ‘‰–‰‘‘»Ã–∞‡∏Ã‹¿‰¿‰»‰‡‹–‹‡‡ÿ∞¿∏¿‡–ƒ»ƒ‰ÿ‹‘ƒÿÃ‹‰‰‰∞¿∏¿»‡ƒ»ÃÃ–¿‘‹‹Ã‰––ÿ∞¿∏ƒ‰‹‡‹‡‰‘‹ÿ‰–‘–‹Ã∞¿∏‘‘‹‹–Ãƒ¿–ÃÃ‡ÿ–»‹∞¿∏¿ƒÃ‡‡ÿ‰‘–ÿ–ƒ‰‡‘––»∞¿∏¿∞¿∏¿∞¿∏¿∞¿∏‹‡»»‰ÿ‰Ã‰‹»Ã‡ƒ‹‰∞ƒƒ»∞ƒƒ‰»∞±ôÖ±Õî±—ïÖµ}…ïçΩπç•±•Ö—•Ωπ}Öπë}ç’……ïπ—}›ïï≠±Â}…Ω±î(»¿»ÿ∞ƒ±A}Â‡≈±-ïï±Ö∏ÅMµ•—†±}9±9ïâ…ÖÕ≠Ñ±]H±=°•º±Q…’î∞»¿»ÿ¥¿‰¥¿’PƒÿË¿¡h∞–¿ƒ‡‘‡–Ã¿∞Ã‘∏‘∞–‹∏‘∞¿∏¿∞±5=11}=9}Q5}IQL±	Ω—ïÖ¥Å…ΩÕ—ï»∞∞¿∏‘‘‡»¿–‰»‹‰‰ÿ‡Ã–ƒ±›ïï¨ƒµÿƒ∏¿∞»¿»ÿ¥¿‡¥Ã¡PƒÿËƒ‘Ë¿¿¨¿¿Ë¿¿∞¿∏¿∞¿∏¿∞¿∏¿∞¿∏¿∞¿∏¿∞¿∏¿∞¿∏¿∞¿∏¿∞¿∏»ÿÃÃƒ–‡‘‰‡ÿ‘Ãÿ‡–ÿ∞Ã∏ƒ‘‡‹‘‘–¿ƒÿÃ‡‘Ãÿ–∞¿∏¿ÃÃÃ‡ƒ¿‰ƒÿ‰‹‰¿ÿ¿¿‘∞¿∏‹‹‰–‹ÿ‰‘¿»ƒÿÿ‘‡ƒ∞‘ƒ‡∞ƒƒ‰Ã∞±—…’î±—ïÖµ}…ïçΩπç•±•Ö—•Ωπ}Öπë}ç’……ïπ—}›ïï≠±Â}…Ω±î(»¿»ÿ∞ƒ±A|—‘ÿÕƒ±QÂ±ï»ÅAΩ›ï±∞±}I%h±…•ÈΩπÑ±Q±9Ω…—°ï…∏Å…•ÈΩπÑ±Q…’î∞»¿»ÿ¥¿‰¥¿ŸP¿ƒËÃ¡h∞–¿ƒ‡‘ÿ‹‹Ã∞––∏¿∞‘ÿ∏‘∞¿∏¿∞±5=11}=9}Q5}IQL±	Ω—ïÖ¥Å…ΩÕ—ï»∞∞¿∏–‹»–Ã»‹¿‘¿‘ƒ‹‰‡‡‘±›ïï¨ƒµÿƒ∏¿∞»¿»ÿ¥¿‡¥Ã¡PƒÿËƒ‘Ë¿¿¨¿¿Ë¿¿∞¿∏¿∞¿∏¿∞¿∏¿∞¿∏¿∞¿∏¿∞¿∏¿∞¿∏¿∞¿∏¿∞¿∏»–‰‡»––Ãÿ‘–ƒ‹Ãƒÿ‹∞Ã∏ƒ–ƒ¿¿ÿ‡»‘¿ÿ»‡‘‹∞¿∏¿Ã‘¿‡‰‹‹‹¿ƒ‡¿–‹‹ÿ∞¿∏‹‹––ÿÃ‹‡ƒƒ‘ÿÃ¿–∞»Ã–∞ƒƒ‰–∞±ôÖ±Õî±—ïÖµ}…ïçΩπç•±•Ö—•Ωπ}Öπë}ç’……ïπ—}›ïï≠±Â}…Ω±î(»¿»ÿ∞ƒ±A|‹ƒ≈ƒ–‰‘±Ωµ•π•ç¨Å	Ö……‰±}]-±]Ö≠îÅΩ…ïÕ–±Q±≠…Ω∏±Q…’î∞»¿»ÿ¥¿‰¥¿ÕP»ÃË¿¡h∞–¿ƒ‡‘‡»¿–∞Ãÿ∏‘∞–‡∏‘∞¿∏¿∞±5=11}=9}Q5}IQL±	Ω—ïÖ¥Å…ΩÕ—ï»∞∞¿∏–¿Ã»–Ã»ƒ–Ã¿»¿‡‹‹±›ïï¨ƒµÿƒ∏¿∞»¿»ÿ¥¿‡¥Ã¡PƒÿËƒ‘Ë¿¿¨¿¿Ë¿¿∞¿∏¿∞¿∏¿∞¿∏¿∞¿∏¿∞¿∏¿∞¿∏¿∞¿∏¿∞¿∏¿∞¿∏»‹»¿ÿ‹–ÿ‘ƒ––‹»‹Ã∞Ã∏ÿ‡‹‰‡‘ƒ¿‡–‰Ã–––‹∞¿∏¿»ƒ‹‰¿‰ƒ»ƒ–ƒƒ¿‘Ã–»∞¿∏‹‹ƒÿƒƒ––‡‡–¿‹¿Ã‰∞»Ã‘∞ƒƒ‰‘∞±ôÖ±Õî±—ïÖµ}…ïçΩπç•±•Ö—•Ωπ}Öπë}ç’……ïπ—}›ïï≠±Â}…Ω±î(»¿»ÿ∞ƒ±A|Õ‘‡‘ƒ‹±)Å1Ö±ï’»±}1MT±1MT±Q±±ïµÕΩ∏±Q…’î∞»¿»ÿ¥¿‰¥¿’P»ÃËÃ¡h∞–¿ƒ‡‘ÿÿÿ¿∞Ãƒ∏¿∞‘ƒ∏‘∞¿∏¿∞±5=11}=9}Q5}IQL±	Ω—ïÖ¥Å…ΩÕ—ï»∞∞¿∏ÿ»Ãƒ‰‡¿ÃÃÿ¿»‹ÿ»»±›ïï¨ƒµÿƒ∏¿∞»¿»ÿ¥¿‡¥Ã¡PƒÿËƒ‘Ë¿¿¨¿¿Ë¿¿∞¿∏¿∞¿∏¿∞¿∏¿∞¿∏¿∞¿∏¿∞¿∏¿∞¿∏¿∞¿∏¿∞¿∏Ã¿»‘‰‰–»»‰¿ÿ‰Ã¿‡‹∞»∏‰¿ƒ‰‰»ÃÃ‡ÿ–¿Ã‹–‡∞¿∏¿»‰‹Ã‹ÿÃ‹Ã¿¿Ã‰ÿ¿ÿÿ∞¿∏‹‹ƒ»»––‡¿‘‹ÃÃ––‡∞»Ãÿ∞ƒƒ‰ÿ∞±ôÖ±Õî±—ïÖµ}…ïçΩπç•±•Ö—•Ωπ}Öπë}ç’……ïπ—}›ïï≠±Â}…Ω±î(»¿»ÿ∞ƒ±A}»¿›ÿ·±MïÖ∏Å’Ωπº±}%9±%πë•ÖπÑ±I±9Ω…—†ÅQï·ÖÃ±Q…’î∞»¿»ÿ¥¿‰¥¿’PƒÿË¿¡h∞–¿ƒ‡‘‡–»‘∞–‡∏¿∞‘‘∏‘∞¿∏¿∞±5%U4±	Ω—ïÖ¥Å…ΩÕ—ï»∞∞¿∏‘‹Ã‹ƒ‡¿‰‡¿‘–‰Ã‹‹±›ïï¨ƒµÿƒ∏¿∞»¿»ÿ¥¿‡¥Ã¡PƒÿËƒ‘Ë¿¿¨¿¿Ë¿¿∞¿∏¿∞¿∏¿∞¿∏¿∞¿∏¿∞¿∏¿∞¿∏–‹‰‰¿ÿ‹‰Ã‡‹–¿‡»ÿ∞»∏ÿÿÿ–»‹‰‘‘»–‘–»‡ÿ∞¿∏¿»‹ƒ‹‰‰–»Ãƒÿƒ¿‰‘∞¿∏ƒÃƒÃ¿»–‰»‹¿‹¿–‡ÿ∞¿∏‹‹Ã»ƒ‰‘ƒ‘ÿÃ¿‘–‰‘∞¿∏¿»ƒ‡ƒ‰ƒ‹ƒ»‹Ã‡‹‡»‘‘∞¿∏‹ÿ‰»ÿƒ‰»ƒÃÃ–‘‹Ã∞ÃÃƒ∞ƒƒ‰‹∞±ôÖ±Õî±—ïÖµ}…ïçΩπç•±•Ö—•Ωπ}Öπë}ç’……ïπ—}›ïï≠±Â}…Ω±î(»¿»ÿ∞ƒ±A}‹–ŸÃ¿±Q•ùï»ÅI•ëï∏Å)»∏±}Q5T±Qï·ÖÃÅô4±I±5•ÕÕΩ’…§ÅM—Ö—î±Q…’î∞»¿»ÿ¥¿‰¥¿’P»ÃË¿¡h∞–¿ƒ‡‘ÿÿÿ‡∞–‹∏‘∞‘Ã∏‘∞¿∏¿∞±5%U4±	Ω—ïÖ¥Å…ΩÕ—ï»∞∞¿∏‘‰»Ã‹‹‹–‘ƒ‹–Ã‰–ÿ±›ïï¨ƒµÿƒ∏¿∞»¿»ÿ¥¿‡¥Ã¡PƒÿËƒ‘Ë¿¿¨¿¿Ë¿¿∞¿∏¿∞¿∏¿∞¿∏¿∞¿∏¿∞¿∏¿∞¿∏‡ƒ‰–ÿ‹‘‹‘»‹‰¿‹¿‡∞–∏ÿ»»–‡‘–‹¿¿–»»‘–∞¿∏¿‘ƒ¿Ã–‰ÿ»–‹‹ƒƒÃÿ∞¿∏¿∞¿∏¿∞¿∏¿∞¿∏‹ÿ‡–‘‡Ã»ƒ‡ÿÿ‰¿‹ƒ∞ÃÃ»∞ƒƒ‰‡∞±ôÖ±Õî±—ïÖµ}…ïçΩπç•±•Ö—•Ωπ}Öπë}ç’……ïπ—}›ïï≠±Â}…Ω±î(»¿»ÿ∞ƒ±A}’¡‡±Ö…—ï»ÅMµ•—†±}]%M±]•ÕçΩπÕ•∏±E±9Ω—…îÅÖµî±Ö±Õî∞»¿»ÿ¥¿‰¥¿ŸP»ÃËÃ¡h∞–¿ƒ‡‘‡–Ã‡∞ƒÃ∏‘∞–‹∏‘∞¿∏ƒ‹‘‰ÿ‰ÃƒÃ‘ƒÿ‘¿ÿÿÿ±1=\±!% ±	Ω—ïÖ¥Å…ΩÕ—ï»∞∞»∏‰»¿ƒ¿ÿÿÃ‹–‹Ãÿ‡ƒ±›ïï¨ƒµÿƒ∏¿∞»¿»ÿ¥¿‡¥Ã¡PƒÿËƒ‘Ë¿¿¨¿¿Ë¿¿∞¿∏¿∞¿∏¿∞¿∏¿∞¿∏¿∞¿∏¿∞ƒ∏ÿƒÿÃ¿ƒÃƒ‹ÿ»–»‰‹Ã∞Ã∏‡Ãƒ‡‘–ÿ‰Ã¿‰‹‡‰¿‘∞¿∏¿ÿ–ƒÿ‘ƒ‘Ã‘‰‘‡‡‹–‹∞¿∏¿∞¿∏¿∞¿∏¿∞¿∏‹ÿ‡ƒ‹ÿÃ‰¿‡‡‘ƒƒÃ‡∞ƒƒÃ∞ƒƒ‰‰∞±ôÖ±Õî±—ïÖµ}…ïçΩπç•±•Ö—•Ωπ}Öπë}ç’……ïπ—}›ïï≠±Â}…Ω±î(»¿»ÿ∞ƒ±A|’≈Ã»±…±ï‰Å5Ω……ï±∞±}-MT±-ÖπÕÖÃÅM—Ö—î±Q±9•ç°Ω±±Ã±Q…’î∞»¿»ÿ¥¿‰¥¿’P»ÃË¿¡h∞–¿ƒ‡‘ÿ‹‹ƒ∞–‡∏¿∞‘‘∏‘∞¿∏¿∞±5=11}=9}Q5}IQL±	Ω—ïÖ¥Å…ΩÕ—ï»∞∞¿∏‘»¿‘»‰Ãƒ–‡‡‘‘»»‰±›ïï¨ƒµÿƒ∏¿∞»¿»ÿ¥¿‡¥Ã¡PƒÿËƒ‘Ë¿¿¨¿¿Ë¿¿∞¿∏¿∞¿∏¿∞¿∏¿∞¿∏¿∞¿∏¿∞¿∏¿∞¿∏¿∞¿∏¿∞¿∏»–»–ÿ‡‘¿¿‰¿‰‰Ã–––∞Ã∏¿‰ÿÃ‹‡‡ƒƒ¿‹–ÿ‹ÿ–∞¿∏¿Ã‘‘ÃÃ¿‘Ã»ÿÃ–‡‰‘Ã∞¿∏‹ÿ‘Ã¿–‹¿ƒ‘‰‡ÃÃ‰Ã∞»Ã‹∞ƒ»¿¿∞±ôÖ±Õî±—ïÖµ}…ïçΩπç•±•Ö—•Ωπ}Öπë}ç’……ïπ—}›ïï≠±Â}…Ω±î(»¿»ÿ∞ƒ±A}	‰–‹»–±-ïÖÂï∏Å9ïÖê±}	eT±	eT±Q±U—Ö†ÅQïç†±Q…’î∞»¿»ÿ¥¿‰¥¿ŸP¿¿Ë¿¡h∞–¿ƒ‡‘ÿ‹‹‘∞‘»∏‘∞‘–∏‘∞¿∏¿∞±5=11}=9}Q5}IQL±	Ω—ïÖ¥Å…ΩÕ—ï»∞∞¿∏–ƒÿÃÿ–ÿ‹ÿ»‰ƒ‘¿¿Ã±›ïï¨ƒµÿƒ∏¿∞»¿»ÿ¥¿‡¥Ã¡PƒÿËƒ‘Ë¿¿¨¿¿Ë¿¿∞¿∏¿∞¿∏¿∞¿∏¿∞¿∏¿∞¿∏¿∞¿∏¿∞¿∏¿∞¿∏¿∞¿∏»–‰‹‰»‘ƒƒ¿ÿ»¿Ã–ƒ∞Ã∏Ã»Ã‘ÿ–‡ÿ‹Ã¿‡‡‹‰ÿ∞¿∏¿»‰‰‡ƒ–‰‘ƒ»ÿƒ–‘Ãÿ‘∞¿∏‹ÿ»¿Ã‹‰ÿ‡‘–‰‹‰–»∞»Ã‡∞ƒ»¿ƒ∞±ôÖ±Õî±—ïÖµ}…ïçΩπç•±•Ö—•Ωπ}Öπë}ç’……ïπ—}›ïï≠±Â}…Ω±î(»¿»ÿ∞ƒ±A|ÿ¿¿Õƒ‡»±1•πçΩ±∏Å]Ö—≠•πÃ±}U,±-ïπ—’ç≠‰±Q±eΩ’πùÕ—Ω›∏ÅM—Ö—î±Q…’î∞»¿»ÿ¥¿‰¥¿’Pƒ‹Ë¿¡h∞–¿ƒ‡‘ÿÿ‘‰∞–Ã∏¿∞ÿ»∏‘∞¿∏¿∞±5=11}=9}Q5}IQL±	Ω—ïÖ¥Å…ΩÕ—ï»∞∞¿∏–¿»ÿ–‰ÿ¿‘‡‡ƒ–Ã»ƒ±›ïï¨ƒµÿƒ∏¿∞»¿»ÿ¥¿‡¥Ã¡PƒÿËƒ‘Ë¿¿¨¿¿Ë¿¿∞¿∏¿∞¿∏¿∞¿∏¿∞¿∏¿∞¿∏¿∞¿∏¿∞¿∏¿∞¿∏¿∞¿∏»‘¿–»ÃÃ‰»‹ƒ–Ãƒ‹‰∞Ã∏ƒ‡Ãƒ‹ÃÃ¿»–‘Ã‹–‘ÿ∞¿∏¿Ãƒ¿‘–¿ƒÿ‡ƒ»¿‰‰‹»‘∞¿∏‹‘‘¿ÿ–‡»Ã‡Ã»»‰¿‡∞»Ã‰∞ƒ»¿»∞±ôÖ±Õî±—ïÖµ}…ïçΩπç•±•Ö—•Ωπ}Öπë}ç’……ïπ—}›ïï≠±Â}…Ω±î(»¿»ÿ∞ƒ±A}ƒÃ‡›¿±)ÖçΩàÅ)Ω…ëÖ∏±}=T±=≠±Ö°ΩµÑ±]H±UQ@±Q…’î∞»¿»ÿ¥¿‰¥¿’P¿¿Ë¿¡h∞–¿ƒ‡‘ÿÿÿ–∞–ÿ∏¿∞‘¿∏‘∞¿∏¿∞±5=11}=9}Q5}IQL±	Ω—ïÖ¥Å…ΩÕ—ï»∞∞¿∏–‘‘‘¿¿‡¿ÿ‰‰»‘‹¿‘±›ïï¨ƒµÿƒ∏¿∞»¿»ÿ¥¿‡¥Ã¡PƒÿËƒ‘Ë¿¿¨¿¿Ë¿¿∞¿∏¿∞¿∏¿∞¿∏¿∞¿∏¿∞¿∏¿∞¿∏¿∞¿∏¿∞¿∏¿∞¿∏»‘–‘‰‹‰Ã‘Ã–Ã‘¿‹‡Ã∞Ã∏¿‹¿»‰ƒ¿ÿƒÃ‹ÿ‘‰»–∞¿∏¿Ã¿‹‡‹¿–Ã‹Ã‰¿‰‹‰»‘∞¿∏‹–ÿÃ–‰Ã¿Ã‰ƒ‘‹‘–ÿ∞‘ƒ‰∞ƒ»¿Ã∞±ôÖ±Õî±—ïÖµ}…ïçΩπç•±•Ö—•Ωπ}Öπë}ç’……ïπ—}›ïï≠±Â}…Ω±î(»¿»ÿ∞ƒ±A|¡ƒ»·Ã‡±)ΩÕ†Åï……‰±}U±U±]H±	ï—°’πîµΩΩ≠µÖ∏±Q…’î∞»¿»ÿ¥¿‰¥¿ÕP»ÃË¿¡h∞–¿ƒ‡‘ÿ‹ÿ‹∞‘¿∏‘∞‘‡∏‘∞¿∏¿∞±5=11}=9}Q5}IQL±	Ω—ïÖ¥Å…ΩÕ—ï»∞∞¿∏–‹¿‡ÿ»ÿƒ‡ƒ‹‰‘ÿ»Ã±›ïï¨ƒµÿƒ∏¿∞»¿»ÿ¥¿‡¥Ã¡PƒÿËƒ‘Ë¿¿¨¿¿Ë¿¿∞¿∏¿∞¿∏¿∞¿∏¿∞¿∏¿∞¿∏¿∞¿∏¿∞¿∏¿∞¿∏¿∞¿∏»Ã‰‘ÿ‘‡¿¿ƒ–‘‰‘¿–∞Ã∏ƒ‘‰‹ÿ‰‡¿»‹»–¿‡‡∞¿∏¿Ãƒ»‰»‹–ÿ¿Ãÿƒ–»ÿ‹‘∞¿∏‹–Ã»‰‰»‘ÿÿÃ‘»ƒ‘»∞‘»¿∞ƒ»¿–∞±ôÖ±Õî±—ïÖµ}…ïçΩπç•±•Ö—•Ωπ}Öπë}ç’……ïπ—}›ïï≠±Â}…Ω±î(»¿»ÿ∞ƒ±A|–…	Ÿ±	…ÖÂëï∏Å1Ωô—•∏±}U1±U1±Q±Ö±•ôΩ…π•Ñ±Ö±Õî∞»¿»ÿ¥¿‰¥¿ŸP¿»ËÃ¡h∞–¿ƒ‡‘‡»ƒ¿∞»‹∏‘∞‘Ã∏‘∞¿∏¿∞±5=11}=9}Q5}IQL±	Ω—ïÖ¥Å…ΩÕ—ï»∞∞¿∏–»»ƒ‹ƒ–ÿ¿–ƒ‡‹‰»‘±›ïï¨ƒµÿƒ∏¿∞»¿»ÿ¥¿‡¥Ã¡PƒÿËƒ‘Ë¿¿¨¿¿Ë¿¿∞¿∏¿∞¿∏¿∞¿∏¿∞¿∏¿∞¿∏¿∞¿∏¿∞¿∏¿∞¿∏¿∞¿∏Ã¿‹ÿ‘‰ÃÃ‹ƒ–Ã¿»–¿‹∞»∏‡Ã»Ã‹–¿‹Ã¿ÿ¿‹Ãƒ∞¿∏¿»–‹¿¿‰Ãÿÿ‡Ãÿÿ‰ƒÿÿ∞¿∏‹Ã‰ƒ¿»Ãÿ–‘‘ƒƒƒ»ƒ∞»–¿∞ƒ»¿‘∞±—…’î±—ïÖµ}…ïçΩπç•±•Ö—•Ωπ}Öπë}ç’……ïπ—}›ïï≠±Â}…Ω±î(»¿»ÿ∞ƒ±A}	Ã≈»‰±iÖ‰ÅAÖ…≠Ã±}MT±±Ω…•ëÑÅM—Ö—î±I±M5T±Q…’î∞»¿»ÿ¥¿‰¥¿›P»ÃËÃ¡h∞–¿ƒ‡‘‡»ƒ»∞»‘∏»‘∞‘Ã∏‘∞¿∏¿∞±5%U4±	Ω—ïÖ¥Å…ΩÕ—ï»∞∞¿∏‹Ãÿ‹ƒÿÿ‘ÿ‡‰–‰–ÃÃ±›ïï¨ƒµÿƒ∏¿∞»¿»ÿ¥¿‡¥Ã¡PƒÿËƒ‘Ë¿¿¨¿¿Ë¿¿∞¿∏¿∞¿∏¿∞¿∏¿∞¿∏¿∞¿∏¿∞¿∏‰–‹‰»‡ƒ‰‹ƒ–‹ƒ‰ƒ∞–∏‘»–ÿ–¿ÿÃ»‰¿‘ƒÃÿ∞¿∏¿–ÿ»‡Ã»»‡Ã»Ã–‘–¿ÿ∞¿∏¿∞¿∏¿∞¿∏¿∞¿∏‹Ã¿ƒÿÃ–ÃÃ»Ãƒ»Ã‡∞ÃÃÃ∞ƒ»¿ÿ∞±ôÖ±Õî±—ïÖµ}…ïçΩπç•±•Ö—•Ωπ}Öπë}ç’……ïπ—}›ïï≠±Â}…Ω±î(»¿»ÿ∞ƒ±A|‡¡Ã¡Ã±I•çºÅ]Ö±≠ï»±}0±Ö±•ôΩ…π•Ñ±Q±U1±Q…’î∞»¿»ÿ¥¿‰¥¿ŸP¿»ËÃ¡h∞–¿ƒ‡‘‡»ƒ¿∞»ÿ∏¿∞‘Ã∏‘∞¿∏¿∞±5=11}=9}Q5}IQL±	Ω—ïÖ¥Å…ΩÕ—ï»∞∞¿∏–‘Ã‰‡»‹‡¿‰–‡–ÿÃƒ‹±›ïï¨ƒµÿƒ∏¿∞»¿»ÿ¥¿‡¥Ã¡PƒÿËƒ‘Ë¿¿¨¿¿Ë¿¿∞¿∏¿∞¿∏¿∞¿∏¿∞¿∏¿∞¿∏¿∞¿∏¿∞¿∏¿∞¿∏¿∞¿∏»‡–Ã»‡‰¿‘ƒ‹‰Ã»‰‰ÿ∞Ã∏»Ãÿ‹‰‰‹Ã–‡‡»‹‰∞¿∏¿»¿»ÿ‡–‡–‘ƒÿÃ‡»ƒƒ‹∞¿∏‹»‰ÿƒ‰‹‡‘‹ÿ‘‰¿ƒ‹∞»–ƒ∞ƒ»¿‹∞±ôÖ±Õî±—ïÖµ}…ïçΩπç•±•Ö—•Ωπ}Öπë}ç’……ïπ—}›ïï≠±Â}…Ω±î(»¿»ÿ∞ƒ±A}‹¿‹ÿ‰±)Ö≠îÅQÖÂ±Ω»±}U-±’≠î±Q±Q’±Öπî±Q…’î∞»¿»ÿ¥¿‰¥¿’Pƒ‰ËÃ¡h∞–¿ƒ‡‘‡»¿‰∞Ã¿∏¿∞‘¿∏‘∞¿∏¿∞±5=11}=9}Q5}IQL±	Ω—ïÖ¥Å…ΩÕ—ï»∞∞¿∏Ã‹‰‘‰ƒÿÿÃ‡–‹»ÿ‹ÿ‹±›ïï¨ƒµÿƒ∏¿∞»¿»ÿ¥¿‡¥Ã¡PƒÿËƒ‘Ë¿¿¨¿¿Ë¿¿∞¿∏¿∞¿∏¿∞¿∏¿∞¿∏¿∞¿∏¿∞¿∏¿∞¿∏¿∞¿∏¿∞¿∏»‘ƒ‰ƒÿ‰ÿÿ»»Ã»‰‹‡∞Ã∏ƒÃÿ»ƒÿ‰»ƒ»ÿÿ»ÿ‹∞¿∏¿»ÿÃ–‘¿Ã¿‘‹‡‰ƒ‹»¿–∞¿∏‹»Ãÿ¿‡‡–ƒ‡»Ã–»‹‹∞»–»∞ƒ»¿‡∞±ôÖ±Õî±—ïÖµ}…ïçΩπç•±•Ö—•Ωπ}Öπë}ç’……ïπ—}›ïï≠±Â}…Ω±î(»¿»ÿ∞ƒ±A|‰≈»≈–ƒ±5Ωπ—ï……•ºÅ±Õ—Ω∏Å)»∏±}-MT±-ÖπÕÖÃÅM—Ö—î±I±9•ç°Ω±±Ã±Q…’î∞»¿»ÿ¥¿‰¥¿’P»ÃË¿¡h∞–¿ƒ‡‘ÿ‹‹ƒ∞–‡∏¿∞‘‘∏‘∞¿∏¿∞±5%U4±	Ω—ïÖ¥Å…ΩÕ—ï»∞∞¿∏‘ÿ¿»ÿ‹»–ƒ‰¿‰–‘ƒƒ±›ïï¨ƒµÿƒ∏¿∞»¿»ÿ¥¿‡¥Ã¡PƒÿËƒ‘Ë¿¿¨¿¿Ë¿¿∞¿∏¿∞¿∏¿∞¿∏¿∞¿∏¿∞¿∏¿∞¿∏‘‹Ã»‘Ã‰¿»Ã‰‘‡¿¿Ã∞Ã∏‡»»‹ƒƒ¿‘Ã‘¿‰ƒ‘ÿ∞¿∏¿Ã–»‘‰–‡‰ƒÃ‰¿‡‰ƒ‹∞¿∏¿–ƒ»‹»–Ã‡¿Ã‘¿–ÿÿƒ∞¿∏‘»‹¿‘‡‘‹‘ƒÿ‰ÿ–‰ÿ∞¿∏¿¿ÿ¿–‡Ã‘‘ÿ‰‹‹‰¿‹–‘∞¿∏‹ƒ‡¿‰ÿ–ÿ‰‰»–»¿ÿ‹∞ÃÃ–∞ƒ»¿‰∞±ôÖ±Õî±—ïÖµ}…ïçΩπç•±•Ö—•Ωπ}Öπë}ç’……ïπ—}›ïï≠±Â}…Ω±î(»¿»ÿ∞ƒ±A|–¿»ÿ›ÃÃ±°Ö…±•îÅ]•πùô•ï±ê±}]-±]Ö≠îÅΩ…ïÕ–±Q±≠…Ω∏±Q…’î∞»¿»ÿ¥¿‰¥¿ÕP»ÃË¿¡h∞–¿ƒ‡‘‡»¿–∞Ãÿ∏‘∞–‡∏‘∞¿∏¿∞±5=11}=9}Q5}IQL±	Ω—ïÖ¥Å…ΩÕ—ï»∞∞¿∏Ã‹Ã¿‡‹–¿‘»‹‰ÿÿ¿Ã±›ïï¨ƒµÿƒ∏¿∞»¿»ÿ¥¿‡¥Ã¡PƒÿËƒ‘Ë¿¿¨¿¿Ë¿¿∞¿∏¿∞¿∏¿∞¿∏¿∞¿∏¿∞¿∏¿∞¿∏¿∞¿∏¿∞¿∏¿∞¿∏»‘ƒ‹»ƒÃ‰‘‘¿–‘–‹»∞Ã∏–ƒ»ƒ‡‘‡ÿ»ƒ»ƒ¿‡»∞¿∏¿»¿ƒÿƒÃƒ‡–‡»Ã‹‹ÿƒ‘∞¿∏‹ƒÃ‰¿‹‡‰»ÿƒ¿‰»ƒƒ∞»–Ã∞ƒ»ƒ¿∞±ôÖ±Õî±—ïÖµ}…ïçΩπç•±•Ö—•Ωπ}Öπë}ç’……ïπ—}›ïï≠±Â}…Ω±î(»¿»ÿ∞ƒ±A|≈	‹ÿÃ‡±1’≠ÑÅ•±âï…–±}5%±5•Öµ§±Q±M—ÖπôΩ…ê±Ö±Õî∞»¿»ÿ¥¿‰¥¿’P¿ƒË¿¡h∞–¿ƒ‡‘‡»¿ÿ∞Ãÿ∏¿∞–‹∏‘∞¿∏¿∞±5=11}=9}Q5}IQL±	Ω—ïÖ¥Å…ΩÕ—ï»∞∞¿∏–ÿÿÃÃƒ‹‹»»¿»‰¿‹‰±›ïï¨ƒµÿƒ∏¿∞»¿»ÿ¥¿‡¥Ã¡PƒÿËƒ‘Ë¿¿¨¿¿Ë¿¿∞¿∏¿∞¿∏¿∞¿∏¿∞¿∏¿∞¿∏¿∞¿∏¿∞¿∏¿∞¿∏¿∞¿∏»»‹‡ÃÃ»ÿ–¿¿ÿƒ–‹‹∞Ã∏¿–‡‰ÃÃ‰‘‡‡‹ƒ‡¿Ã∞¿∏¿»‰‰ƒ‰ƒ‘¿‹‡ÿ‰¿Ã‡»‘∞¿∏‹ƒ»»–ƒ‘ÿ–ÿƒ–‹‘ƒ∞»––∞ƒ»ƒƒ∞±ôÖ±Õî±—ïÖµ}…ïçΩπç•±•Ö—•Ωπ}Öπë}ç’……ïπ—}›ïï≠±Â}…Ω±î(»¿»ÿ∞ƒ±A}‹‘‡·±ëêÅ’ï……•ï»±}IUQ±I’—ùï…Ã±I±5ÖÕÕÖç°’Õï——Ã±Q…’î∞»¿»ÿ¥¿‰¥¿ÕP»»Ë¿¡h∞–¿ƒ‡‘‡–»Ã∞–ƒ∏¿∞‘»∏‘∞¿∏¿∞±5%U4±	Ω—ïÖ¥Å…ΩÕ—ï»∞∞¿∏‘ÃÃ»ƒ‰ÿ¿–‰Ã‰––ƒ–±›ïï¨ƒµÿƒ∏¿∞»¿»ÿ¥¿‡¥Ã¡PƒÿËƒ‘Ë¿¿¨¿¿Ë¿¿∞¿∏¿∞¿∏¿∞¿∏¿∞¿∏¿∞¿∏¿∞¿∏‹–¿‹–‡‹¿‹–‹‘‡ÃÃ‹∞Ã∏–‘–ÿÿ‹‹Ã¿‰ÿƒ‰‰»∞¿∏¿–¿‡ƒ¿ÿÿ»‘‘–»‰»‡–∞¿∏¿Ã‰ƒ‹‰ƒ‘ƒ»‰‹‰‹ÿ‹Ãÿ∞¿∏–‰‹ƒ¿–––¿Ãƒ‹‘‹Ã∞¿∏¿¿‘¿‘ÿ¿‹»‘»ƒ»¿ƒ‡‡‘‘∞¿∏‹¿‰‘‘ÿ‹‹‡‡‹‡‰¿ƒÿ∞ÃÃ‘∞ƒ»ƒ»∞±ôÖ±Õî±—ïÖµ}…ïçΩπç•±•Ö—•Ωπ}Öπë}ç’……ïπ—}›ïï≠±Â}…Ω±î(»¿»ÿ∞ƒ±A|ÂÕ¿‰Ã‰±Ö5Ö…•Ω∏ÅΩ›±≠ïÃ±}5%h±5•ÕÕΩ’…§±]H±…≠ÖπÕÖÃµA•πîÅ	±’ôò±Q…’î∞»¿»ÿ¥¿‰¥¿—P¿¿Ë¿¡h∞–¿ƒ‡‘ÿÿÿÃ∞‘‹∏‘∞ÿ¿∏‘∞¿∏¿∞±5=11}=9}Q5}IQL±	Ω—ïÖ¥Å…ΩÕ—ï»∞∞¿∏‘Ã¿Ã‰ÃÃÃ‡Ã¿Ã–»‰Ã±›ïï¨ƒµÿƒ∏¿∞»¿»ÿ¥¿‡¥Ã¡PƒÿËƒ‘Ë¿¿¨¿¿Ë¿¿∞¿∏¿∞¿∏¿∞¿∏¿∞¿∏¿∞¿∏¿∞¿∏‹‡‡‰ÿƒƒ»‹»ƒ‰¿ƒÃƒ∞–∏Ã‰‡‡ÿÿ»‰‰Ã‡¿»ƒ‹∞¿∏¿––»‡–ÿ‘¿‡Ã‘‹ƒƒÿÿ∞¿∏¿∞¿∏¿∞¿∏¿∞¿∏‹¿‘‘‰–‘Ã–‰‘»»‰ƒÿ∞‘»ƒ∞ƒ»ƒÃ∞±ôÖ±Õî±—ïÖµ}…ïçΩπç•±•Ö—•Ωπ}Öπë}ç’……ïπ—}›ïï≠±Â}…Ω±î(»¿»ÿ∞ƒ±A}‘»’›±…±•ÃÅ	ΩÖ…ë•πù°Ö¥±}U±’â’…∏±Q±	ÖÂ±Ω»±Q…’î∞»¿»ÿ¥¿‰¥¿’Pƒ‰ËÃ¡h∞–¿ƒ‡‘ÿÿÃÿ∞Ã»∏‹‘∞‘‡∏‘∞¿∏¿∞±5=11}=9}Q5}IQL±	Ω—ïÖ¥Å…ΩÕ—ï»∞∞¿∏Ã–‹ÿ–Ã»‘‡Ã‹»ÿ‘ƒ‡±›ïï¨ƒµÿƒ∏¿∞»¿»ÿ¥¿‡¥Ã¡PƒÿËƒ‘Ë¿¿¨¿¿Ë¿¿∞¿∏¿∞¿∏¿∞¿∏¿∞¿∏¿∞¿∏¿∞¿∏¿∞¿∏¿∞¿∏¿∞¿∏»––‘‰–‹ƒÿ‹ÿÿƒÿ‡»‰∞»∏ÿ‡‹¿‘»»–‡ÃƒÃ–‘‘ÿ∞¿∏¿Ãƒ‡‡ÃÃÃ‡»»–‡‰‹‡‡∞¿∏‹¿–‘‰‰‰‹¿‰–ÿ‰¿ƒ»∞»–‘∞ƒ»ƒ–∞±ôÖ±Õî±—ïÖµ}…ïçΩπç•±•Ö—•Ωπ}Öπë}ç’……ïπ—}›ïï≠±Â}…Ω±î(»¿»ÿ∞ƒ±A}»Ÿ	ƒ±	…•ùùÃÅ°ï……‰±}1=T±1Ω’•ÕŸ•±±î±E±=±îÅ5•ÕÃ±Ö±Õî∞»¿»ÿ¥¿‰¥¿ŸP»ÃËÃ¡h∞–¿ƒ‡‘ÿÿÿƒ∞»–∏‘∞‘‘∏‘∞¿∏»ƒ‰‰ƒ‘‹‘ÃÃ‹»ÿ–‘ƒ±1=\±!% ±	Ω—ïÖ¥Å…ΩÕ—ï»∞∞–∏»ÿ‹Ã‹ƒƒ‡ÿÃÿ¿ÿ±›ïï¨ƒµÿƒ∏¿∞»¿»ÿ¥¿‡¥Ã¡PƒÿËƒ‘Ë¿¿¨¿¿Ë¿¿∞¿∏¿∞¿∏¿∞¿∏¿∞¿∏¿∞¿∏¿∞ƒ∏¿–Ã–‘‰‰Ãÿ»ÿƒ»¿Ã–∞Ã∏»‰‹¿ÿ‰‹–Ã»ƒ‹¿Ã‰∞¿∏¿ÿ»ƒ‰ÿƒ‰Ã‰–‡»‡–ƒ‹∞¿∏¿∞¿∏¿∞¿∏¿∞¿∏‹¿»‡‡–ƒÃ‡¿ƒƒ–¿‡‰∞ƒƒ–∞ƒ»ƒ‘∞±ôÖ±Õî±—ïÖµ}…ïçΩπç•±•Ö—•Ωπ}Öπë}ç’……ïπ—}›ïï≠±Â}…Ω±î(»¿»ÿ∞ƒ±A|‘ÕÃ¿‡±1•πçΩ±∏Å-ïÂïÃ±}U±ïΩ…ù•Ñ±Q±QïππïÕÕïîÅM—Ö—î±Q…’î∞»¿»ÿ¥¿‰¥¿’Pƒ‰Ë¿¡h∞–¿ƒ‡‘ÿÿ‘‡∞‘ƒ∏‘∞‘ÿ∏‘∞¿∏¿∞±5=11}=9}Q5}IQL±	Ω—ïÖ¥Å…ΩÕ—ï»∞∞¿∏–‰–¿‰–»ƒ»‹‘‰Ã‹‹‹±›ïï¨ƒµÿƒ∏¿∞»¿»ÿ¥¿‡¥Ã¡PƒÿËƒ‘Ë¿¿¨¿¿Ë¿¿∞¿∏¿∞¿∏¿∞¿∏¿∞¿∏¿∞¿∏¿∞¿∏¿∞¿∏¿∞¿∏¿∞¿∏»‰¿‰Ã–‹ƒ‘‘ÃƒÃ»‘‡∞ƒ∏‹‹ƒ‹‘‹ÿ»ƒ‰¿ƒÿ‘Ã‡∞¿∏¿Ã‡‰ƒÃ‰ƒ»‰¿ƒ¿Ãÿ»ƒ∞¿∏‹¿ƒ‘‰Ã‰‘‘ƒ»‹‹¿‡‘∞»–ÿ∞ƒ»ƒÿ∞±ôÖ±Õî±—ïÖµ}…ïçΩπç•±•Ö—•Ωπ}Öπë}ç’……ïπ—}›ïï≠±Â}…Ω±î(»¿»ÿ∞ƒ±A|—ÃÂ¿»±QΩµÖÃÅ<ù5ïÖ…Ñ±}5% ±5•ç°•ùÖ∏±I±]ïÕ—ï…∏Å5•ç°•ùÖ∏±Q…’î∞»¿»ÿ¥¿‰¥¿’P»ÃËÃ¡h∞–¿ƒ‡‘‡–»‡∞Ã‡∏¿∞–‡∏‘∞¿∏¿∞±5%U4±	Ω—ïÖ¥Å…ΩÕ—ï»∞∞¿∏‘‘ƒ‰¿¿‡¿–Ã‘Ã¿Ã‡»±›ïï¨ƒµÿƒ∏¿∞»¿»ÿ¥¿‡¥Ã¡PƒÿËƒ‘Ë¿¿¨¿¿Ë¿¿∞¿∏¿∞¿∏¿∞¿∏¿∞¿∏¿∞¿∏¿∞¿∏‹Ãÿ‡ÿÿÃ‘–ÿ¿¿Ã¿Ã‹∞–∏Ãÿ¿‘–‰‰‘ƒ»‘Ã»¿‹‘∞¿∏¿–Ãÿ‘‹Ã»»–¿‹Ã‡Ã¿Ã∞¿∏¿∞¿∏¿∞¿∏¿∞¿∏ÿ‰‹‰‰‡‰»‰‘ÿ‰ÿƒ‰∞ÃÃÿ∞ƒ»ƒ‹∞±ôÖ±Õî±—ïÖµ}…ïçΩπç•±•Ö—•Ωπ}Öπë}ç’……ïπ—}›ïï≠±Â}…Ω±î(»¿»ÿ∞ƒ±A}‡‰¡Ã·±!Ö……‰Å1Ωëùî±}U1±U1±Q±Ö±•ôΩ…π•Ñ±Ö±Õî∞»¿»ÿ¥¿‰¥¿ŸP¿»ËÃ¡h∞–¿ƒ‡‘‡»ƒ¿∞»‹∏‘∞‘Ã∏‘∞¿∏¿∞±5=11}=9}Q5}IQL±	Ω—ïÖ¥Å…ΩÕ—ï»∞∞¿∏Ã‰‡»»–»‡‰‹‘Ã‘‡¿‰±›ïï¨ƒµÿƒ∏¿∞»¿»ÿ¥¿‡¥Ã¡PƒÿËƒ‘Ë¿¿¨¿¿Ë¿¿∞¿∏¿∞¿∏¿∞¿∏¿∞¿∏¿∞¿∏¿∞¿∏¿∞¿∏¿∞¿∏¿∞¿∏»‰¿»¿‹‹»‰‘‹‘‡¿ƒ‹ÿ∞»∏ÿ‹ƒ‹ƒƒ¿––‹¿‹»»–‡∞¿∏¿»Ã»‰‰‡¿‘ÿ»»––ÿ‹»∞¿∏ÿ‰‹ƒ‹‹ÿÿ‹‹‡ƒ»¿–‘∞»–‹∞ƒ»ƒ‡∞±ôÖ±Õî±—ïÖµ}…ïçΩπç•±•Ö—•Ωπ}Öπë}ç’……ïπ—}›ïï≠±Â}…Ω±î(»¿»ÿ∞ƒ±A}ÿ›¿ÿ‹±πë…ï‹Å	Ö…≠ï»±}%9±%πë•ÖπÑ±Q±9Ω…—†ÅQï·ÖÃ±Q…’î∞»¿»ÿ¥¿‰¥¿’PƒÿË¿¡h∞–¿ƒ‡‘‡–»‘∞–‡∏¿∞‘‘∏‘∞¿∏¿∞±5=11}=9}Q5}IQL±	Ω—ïÖ¥Å…ΩÕ—ï»∞∞¿∏––ÿ‡‰–ƒƒ‘‹¿–‘ÿ‡‰–±›ïï¨ƒµÿƒ∏¿∞»¿»ÿ¥¿‡¥Ã¡PƒÿËƒ‘Ë¿¿¨¿¿Ë¿¿∞¿∏¿∞¿∏¿∞¿∏¿∞¿∏¿∞¿∏¿∞¿∏¿∞¿∏¿∞¿∏¿∞¿∏»ÿ‡‹ƒ‘Ãÿ‹–‹‡ÿƒ‘Ã‘∞ƒ∏‘‡»–»»ƒ¿¿Ã¿ƒ–»Ã∞¿∏¿––ÿ‘Ã‹Ã–ÃÃ‘‘‹»‡‹ÿ∞¿∏ÿ‰–‡‹‰‰‡Ã‘»»ƒ‰–‡∞»–‡∞ƒ»ƒ‰∞±—…’î±—ïÖµ}…ïçΩπç•±•Ö—•Ωπ}Öπë}ç’……ïπ—}›ïï≠±Â}…Ω±î(»¿»ÿ∞ƒ±A|ƒ‹…	»ƒ±Ω±îÅ!Ö……•ÕΩ∏±}Q98±QïππïÕÕïî±Q±’…µÖ∏±Q…’î∞»¿»ÿ¥¿‰¥¿’Pƒ‰ËÃ¡h∞–¿ƒ‡‘ÿÿÿÿ∞‘ÿ∏‘∞ÿÿ∏‘∞¿∏¿∞±5=11}=9}Q5}IQL±	Ω—ïÖ¥Å…ΩÕ—ï»∞∞¿∏––ƒÿ¿ÿ‹ÿ‰‰‡–Ã‘‡–±›ïï¨ƒµÿƒ∏¿∞»¿»ÿ¥¿‡¥Ã¡PƒÿËƒ‘Ë¿¿¨¿¿Ë¿¿∞¿∏¿∞¿∏¿∞¿∏¿∞¿∏¿∞¿∏¿∞¿∏¿∞¿∏¿∞¿∏¿∞¿∏»»‘‘‘ƒ‘»‘–‘‰‡ÃÃ»∞»∏‰–ÿ‹ÿÿÃ‡‰–»¿»ÿÃ–∞¿∏¿»‡‡ÿ‹ÿ–‘ÿ»‹‘‰‡Ã‰‡∞¿∏ÿ‰Ã–Ã–¿Ã‡ƒÿ‹–‘∞»–‰∞ƒ»»¿∞±ôÖ±Õî±—ïÖµ}…ïçΩπç•±•Ö—•Ωπ}Öπë}ç’……ïπ—}›ïï≠±Â}…Ω±î(»¿»ÿ∞ƒ±A}¿·ƒƒÃ±ï’çîÅ-π•ù°–±}5%ML±=±îÅ5•ÕÃ±E±1Ω’•ÕŸ•±±î±Q…’î∞»¿»ÿ¥¿‰¥¿ŸP»ÃËÃ¡h∞–¿ƒ‡‘ÿÿÿƒ∞Ãƒ∏¿∞‘‘∏‘∞¿∏¿‘‡Ãÿ‘–‹Ã–¿‘Ã‡ÃÃ±1=\±!% ±	Ω—ïÖ¥Å…ΩÕ—ï»∞∞»∏ƒ»‘‘¿ƒ–Ã¿ÃÃÿ¿ƒ¿»±›ïï¨ƒµÿƒ∏¿∞»¿»ÿ¥¿‡¥Ã¡PƒÿËƒ‘Ë¿¿¨¿¿Ë¿¿∞¿∏¿∞¿∏¿∞¿∏¿∞¿∏¿∞¿∏¿∞ƒ∏¿»‡–‹‹–‡‡‹ÃÃ¿ƒ»∞Ã∏ƒ‰ƒ‰¿‹Ã‰ƒ–Ã¿–»»Ã∞¿∏¿ÿ¿‡ÿ–ƒ¿–‰»ƒ¿»ÿÃ‘‘∞¿∏¿∞¿∏¿∞¿∏¿∞¿∏ÿ‡–Ã‹‘Ãÿ‡ÿÿ‰»¿¿‘∞ƒƒ‘∞ƒ»»ƒ∞±ôÖ±Õî±—ïÖµ}…ïçΩπç•±•Ö—•Ωπ}Öπë}ç’……ïπ—}›ïï≠±Â}…Ω±î(»¿»ÿ∞ƒ±A}‘·–ƒ‹±MÖµÖ®Å)ΩπïÃ±}%8±•πç•ππÖ—§±E±	ΩÕ—Ω∏ÅΩ±±ïùî±Q…’î∞»¿»ÿ¥¿‰¥¿’Pƒ‰ËÃ¡h∞–¿ƒ‡‘ÿ‹‹‹∞»‰∏‘∞‘ƒ∏‘∞¿∏¿ƒ‡¿‡–‘‰‰‰¿–»‹Ãÿ‡–±1=\±!% ±	Ω—ïÖ¥Å…ΩÕ—ï»∞∞ƒ∏Ã¿ƒ–»–‡–‰»Ã‰ÿ‹‹–±›ïï¨ƒµÿƒ∏¿∞»¿»ÿ¥¿‡¥Ã¡PƒÿËƒ‘Ë¿¿¨¿¿Ë¿¿∞¿∏¿∞¿∏¿∞¿∏¿∞¿∏¿∞¿∏¿∞¿∏‰ƒ»Ãÿ‹‘¿»‡‹ÿ–¿¿–∞Ã∏Ãƒ–Ã¿ƒÿ‘ƒ‰‘–Ã–»∞¿∏¿‘‡‘Ã¿‘»ÿ»¿‹ƒƒ‹Ã‰∞¿∏¿∞¿∏¿∞¿∏¿∞¿∏ÿ‡»ÿƒÃÃ»»–Ã‡ƒÃ‡‘∞ƒƒÿ∞ƒ»»»∞±ôÖ±Õî±—ïÖµ}…ïçΩπç•±•Ö—•Ωπ}Öπë}ç’……ïπ—}›ïï≠±Â}…Ω±î(»¿»ÿ∞ƒ±A}‡‘’‘¿±Ö…—ï»Å9ï±ÕΩ∏±}9±9ïâ…ÖÕ≠Ñ±Q±=°•º±Q…’î∞»¿»ÿ¥¿‰¥¿’PƒÿË¿¡h∞–¿ƒ‡‘‡–Ã¿∞Ã‘∏‘∞–‹∏‘∞¿∏¿∞±5=11}=9}Q5}IQL±	Ω—ïÖ¥Å…ΩÕ—ï»∞∞¿∏–‡ÿ‘»‘‡ÿÿ‹‡–‹‡ÿ‰Ã±›ïï¨ƒµÿƒ∏¿∞»¿»ÿ¥¿‡¥Ã¡PƒÿËƒ‘Ë¿¿¨¿¿Ë¿¿∞¿∏¿∞¿∏¿∞¿∏¿∞¿∏¿∞¿∏¿∞¿∏¿∞¿∏¿∞¿∏¿∞¿∏»»‰‘¿»ÿƒ–‘‘‘‰‰»‹»∞»∏‹‘ÃƒÃ‰‡ƒ¿ÿ¿Ã‡ƒ∞¿∏¿»‰¿‰–ÿ»‹‹»ƒ‡¿‹Ã‹∞¿∏ÿ‹‰Ã‡–Ãÿƒ‰–‹»ƒ‡∞»‘¿∞ƒ»»Ã∞±ôÖ±Õî±—ïÖµ}…ïçΩπç•±•Ö—•Ωπ}Öπë}ç’……ïπ—}›ïï≠±Â}…Ω±î(»¿»ÿ∞ƒ±A|≈‹ÿ‡’»±	ïπ©Öµ•∏Å5ΩÕï±ï‰±}U-±’≠î±Q±Q’±Öπî±Q…’î∞»¿»ÿ¥¿‰¥¿’Pƒ‰ËÃ¡h∞–¿ƒ‡‘‡»¿‰∞Ã¿∏¿∞‘¿∏‘∞¿∏¿∞±5=11}=9}Q5}IQL±	Ω—ïÖ¥Å…ΩÕ—ï»∞∞¿∏Ã‘ƒ‡–Ã‘¿‘Ã‘‰Ãÿ–»ÿ±›ïï¨ƒµÿƒ∏¿∞»¿»ÿ¥¿‡¥Ã¡PƒÿËƒ‘Ë¿¿¨¿¿Ë¿¿∞¿∏¿∞¿∏¿∞¿∏¿∞¿∏¿∞¿∏¿∞¿∏¿∞¿∏¿∞¿∏¿∞¿∏»ÃÃ‘¿ƒ‡Ã¿‹‹‘ÿ»»–‡∞»∏‰¿ÿ‰‘‰Ã‰‰Ã‹ÿ»»‡∞¿∏¿»––ƒ‰»¿‡»‰‡¿Ã‰ÿ–∞¿∏ÿ‹¿‹ƒÃ¿»¿‘¿ƒ–‡Ãƒ∞»‘ƒ∞ƒ»»–∞±ôÖ±Õî±—ïÖµ}…ïçΩπç•±•Ö—•Ωπ}Öπë}ç’……ïπ—}›ïï≠±Â}…Ω±î(»¿»ÿ∞ƒ±A|’	—‘±)ÖÂM°Ω∏ÅI•ëù±î±}!=T±!Ω’Õ—Ω∏±I±=…ïùΩ∏ÅM—Ö—î±Q…’î∞»¿»ÿ¥¿‰¥¿’PƒÿË¿¡h∞–¿ƒ‡‘ÿ‹‹‡∞Ãÿ∏¿∞‘ƒ∏‘∞¿∏¿∞±5%U4±	Ω—ïÖ¥Å…ΩÕ—ï»∞∞¿∏‘‘¿‡‘»Ãƒ‰Ã‹¿‡‘ƒÿ±›ïï¨ƒµÿƒ∏¿∞»¿»ÿ¥¿‡¥Ã¡PƒÿËƒ‘Ë¿¿¨¿¿Ë¿¿∞¿∏¿∞¿∏¿∞¿∏¿∞¿∏¿∞¿∏¿∞¿∏ƒƒÿ‘–Ã»»»‘»‘‰‰‰ƒ‰∞¿∏ÿ»‰ƒ¿ƒ»¿‰Ã–‰¿Ã‡‹∞¿∏¿¿‘ÿƒ–‘»¿–ÿÿ¿¿»‘»–∞¿∏»–Ãƒƒ‹Ã¿–‹¿‘–‘‹¿ÿ∞»∏ƒƒÿÿÿ‰¿»ƒ‡‡‹ƒ‹ÿ∞¿∏¿ƒ‰ÿ»–‹¿ƒ¿‹––ƒ––‡Ã∞¿∏ÿÿ‰ƒ»‰ÿ‘‹¿‹ƒ‘‡¿ÿ∞ÃÃ‹∞ƒ»»‘∞±ôÖ±Õî±—ïÖµ}…ïçΩπç•±•Ö—•Ωπ}Öπë}ç’……ïπ—}›ïï≠±Â}…Ω±î(»¿»ÿ∞ƒ±A|Õ‹‡ÿ¡¿±)Öç≠ÕΩ∏Å•Õ—ï»±}IUQ±I’—ùï…Ã±Q±5ÖÕÕÖç°’Õï——Ã±Q…’î∞»¿»ÿ¥¿‰¥¿ÕP»»Ë¿¡h∞–¿ƒ‡‘‡–»Ã∞–ƒ∏¿∞‘»∏‘∞¿∏¿∞±5=11}=9}Q5}IQL±	Ω—ïÖ¥Å…ΩÕ—ï»∞∞¿∏Ã–‰ƒ‡»ÿ‹‡¿»–Ã‡‹‡‘±›ïï¨ƒµÿƒ∏¿∞»¿»ÿ¥¿‡¥Ã¡PƒÿËƒ‘Ë¿¿¨¿¿Ë¿¿∞¿∏¿∞¿∏¿∞¿∏¿∞¿∏¿∞¿∏¿∞¿∏¿∞¿∏¿∞¿∏¿∞¿∏»ƒ‡»‘‡ÿƒ¿ƒ‹‡ƒ»–»ÿ∞»∏‹ÿ‰»ÿƒ‹»‡‡ƒ‡‹‡–ÿ∞¿∏¿»‡ƒÿÿ»‰¿ÿƒÃƒ‰‰‘‹‡∞¿∏ÿÿ–ƒ‡»‘»ÿ‹Ã‰»¿¿»∞»‘»∞ƒ»»ÿ∞±ôÖ±Õî±—ïÖµ}…ïçΩπç•±•Ö—•Ωπ}Öπë}ç’……ïπ—}›ïï≠±Â}…Ω±î(»¿»ÿ∞ƒ±A|‘¿ÿ»Â‰±5ÖëëΩ‡Å1ÖÕÕ•—ï»±}I,±…≠ÖπÕÖÃ±Q±9Ω…—†Å±ÖâÖµÑ±Q…’î∞»¿»ÿ¥¿‰¥¿’P»¿Ëƒ’h∞–¿ƒ‡‘ÿÿÃ‘∞‘»∏¿∞ÿÃ∏‘∞¿∏¿∞±5=11}=9}Q5}IQL±	Ω—ïÖ¥Å…ΩÕ—ï»∞∞¿∏Ã‡¿ƒ‡‹»‰–‹––ÿÃ¿ÿ±›ïï¨ƒµÿƒ∏¿∞»¿»ÿ¥¿‡¥Ã¡PƒÿËƒ‘Ë¿¿¨¿¿Ë¿¿∞¿∏¿∞¿∏¿∞¿∏¿∞¿∏¿∞¿∏¿∞¿∏ƒ¿–‡‹Ã¿‰»‡Ãƒ‘ƒ‡‡‹∞¿∏ÿÿ»ƒ‹»ÿÃÿ‰ÿÿ–‰ÃÃ∞¿∏¿¿ÿ»¿‹Ã‘ÿ‡ÿƒƒ¿‹ÃÃ»∞¿∏ƒ‹‡‡ƒ‹–‡ƒƒ‡Ã–‘‰‘Ã∞»∏–ÃÃƒ‘ÿ‹ÿ¿»‡–‡ÿƒ∞¿∏¿»»»ƒ‡–‡‰¿ÿ¿¿ÿ‹»ÿ∞¿∏ÿ‘‡‰¿‘–‰ÿ–Ã‘ÿ–»ÿ∞»‘Ã∞ƒ»»‹∞±ôÖ±Õî±—ïÖµ}…ïçΩπç•±•Ö—•Ωπ}Öπë}ç’……ïπ—}›ïï≠±Â}…Ω±î(»¿»ÿ∞ƒ±A|…‹ƒ·‡¿±-ïŸ•∏ÅM¡ï……‰±}MT±±Ω…•ëÑÅM—Ö—î±E±M5T±Q…’î∞»¿»ÿ¥¿‰¥¿›P»ÃËÃ¡h∞–¿ƒ‡‘‡»ƒ»∞»‘∏»‘∞‘Ã∏‘∞¿∏ƒ–‘–¿ÿ‡Ã‹Ã‡»‹ƒ‹Ã–±1=\±!% ±	Ω—ïÖ¥Å…ΩÕ—ï»∞∞»∏‡‡ÿ‹Ãÿ–ÿ–‡ÿÿƒ¿‡‹±›ïï¨ƒµÿƒ∏¿∞»¿»ÿ¥¿‡¥Ã¡PƒÿËƒ‘Ë¿¿¨¿¿Ë¿¿∞¿∏¿∞¿∏¿∞¿∏¿∞¿∏¿∞¿∏¿∞ƒ∏¿»‡‰‰¿–‘‡»‘–Ã‘ÿ∞»∏‰ƒ‰‘ÿÿ»‡»¿ÿÿ»‰Ã∞¿∏¿ÿ¿‡»Ãÿ‰‰‘–‡‰‡‡‹‰–∞¿∏¿∞¿∏¿∞¿∏¿∞¿∏ÿ‘ÿ‡‰‡‡»‘‘¿¿‘ÿ»ƒ∞ƒƒ‹∞ƒ»»‡∞±ôÖ±Õî±—ïÖµ}…ïçΩπç•±•Ö—•Ωπ}Öπë}ç’……ïπ—}›ïï≠±Â}…Ω±î(»¿»ÿ∞ƒ±A}–…¿›±Öëï∏ÅIÖµÕï‰±}M±MΩ’—†ÅÖ…Ω±•πÑ±Q±-ïπ–ÅM—Ö—î±Q…’î∞»¿»ÿ¥¿‰¥¿’PƒÿË–’h∞–¿ƒ‡‘ÿÿÿ‘∞–‘∏¿∞‘Ã∏‘∞¿∏¿∞±5=11}=9}Q5}IQL±	Ω—ïÖ¥Å…ΩÕ—ï»∞∞¿∏–Ã‘‹‘‘‡ƒ‹‡»–ƒ»Ãÿ±›ïï¨ƒµÿƒ∏¿∞»¿»ÿ¥¿‡¥Ã¡PƒÿËƒ‘Ë¿¿¨¿¿Ë¿¿∞¿∏¿∞¿∏¿∞¿∏¿∞¿∏¿∞¿∏¿∞¿∏¿∞¿∏¿∞¿∏¿∞¿∏»¿‰ÿƒƒÿ‹ƒ¿‰‘‡‘Ã‘‘∞»∏‡‹‘‰ƒ¿ÿ»‹‰Ã‘–ÿ‹∞¿∏¿»ÿÃÃ–ÿ¿ƒÃ»ÿ‡‘‹Ãƒ∞¿∏ÿ‘‘»ƒ¿Ã–ƒ‡‘¿‘––»∞»‘–∞ƒ»»‰∞±ôÖ±Õî±—ïÖµ}…ïçΩπç•±•Ö—•Ωπ}Öπë}ç’……ïπ—}›ïï≠±Â}…Ω±î(»¿»ÿ∞ƒ±A}‹Õ›±IΩççºÅ5Ö……•Ω—–±}U±U±E±	ï—°’πîµΩΩ≠µÖ∏±Q…’î∞»¿»ÿ¥¿‰¥¿ÕP»ÃË¿¡h∞–¿ƒ‡‘ÿ‹ÿ‹∞‘¿∏‘∞‘‡∏‘∞¿∏¿ƒƒ–‡‹ÿÿ‘‘‹Ã‡»‹‹ÿ‡±1=\±!% ±	Ω—ïÖ¥Å…ΩÕ—ï»∞∞¿∏‘ÃÃ‘‹¿»‡‰ÿ–»ÿÃÿ»±›ïï¨ƒµÿƒ∏¿∞»¿»ÿ¥¿‡¥Ã¡PƒÿËƒ‘Ë¿¿¨¿¿Ë¿¿∞¿∏‹¿ƒÿ–‰ƒ–¿ÿ‰»ÿ‘‘‹∞¿∏–Ã‹‘–‘–‡»––‘»ÃƒÃ–∞‘∏‹ƒ¿–‹‰‹ƒ–Ãÿƒ‡–‹∞¿∏¿‘‘ÿ¿‹‹‡‹Ã¿Ã‹‰‡‰ÿ–∞¿∏¿ƒ‡–ƒÃƒÃƒƒ‡ƒÿ‡‘ƒÿÃ∞¿∏»ÿ‰Ã‡‘–¿Ã‹»ÿÃ‹ÿ‡‹∞¿∏‰ÿ¿¿‰ÿ–Ãƒ‡ƒ¿‡ÿ‰‹∞¿∏¿ƒ‰ÿƒƒ‹ÿ¿ÿ‰‘‹ÿÃ‰‹‹∞¿∏¿∞¿∏¿∞¿∏¿∞¿∏ÿ–ÿƒƒ‹–ƒÃ‰ÿÃÿ‘‘‘∞ƒƒ‡∞ƒ»Ã¿∞±ôÖ±Õî±—ïÖµ}…ïçΩπç•±•Ö—•Ωπ}Öπë}ç’……ïπ—}›ïï≠±Â}…Ω±î(»¿»ÿ∞ƒ±A}Ÿ»‡–±5Ö‡ÅQ•±±ôï±ë–ÅIï—Õ±ï»±}]-±]Ö≠îÅΩ…ïÕ–±Q±≠…Ω∏±Q…’î∞»¿»ÿ¥¿‰¥¿ÕP»ÃË¿¡h∞–¿ƒ‡‘‡»¿–∞Ãÿ∏‘∞–‡∏‘∞¿∏¿∞±5=11}=9}Q5}IQL±	Ω—ïÖ¥Å…ΩÕ—ï»∞∞¿∏ÃÃ‹ÿ‘»ÿ‡¿¿ƒÿ‰‡Ã±›ïï¨ƒµÿƒ∏¿∞»¿»ÿ¥¿‡¥Ã¡PƒÿËƒ‘Ë¿¿¨¿¿Ë¿¿∞¿∏¿∞¿∏¿∞¿∏¿∞¿∏¿∞¿∏¿∞¿∏¿∞¿∏¿∞¿∏¿∞¿∏»»‹‡ƒÃÿ‘¿ÿ‘Ã‡Ã»Ã‡∞Ã∏¿‡‡ƒ¿ÿÿÿ¿ƒ–‹–Ãƒ∞¿∏¿ƒ‡»–ÿ–‘ÿ‹‡‹ƒƒƒƒƒ‹∞¿∏ÿ–ÿƒ¿Ã¿‘‹Ã‰ƒ»–»Ã∞»‘‘∞ƒ»Ãƒ∞±ôÖ±Õî±—ïÖµ}…ïçΩπç•±•Ö—•Ωπ}Öπë}ç’……ïπ—}›ïï≠±Â}…Ω±î(»¿»ÿ∞ƒ±A}»¡–±ïîÅ5’……Ö‰±}Q5T±Qï·ÖÃÅô4±I±5•ÕÕΩ’…§ÅM—Ö—î±Q…’î∞»¿»ÿ¥¿‰¥¿’P»ÃË¿¡h∞–¿ƒ‡‘ÿÿÿ‡∞–‹∏‘∞‘Ã∏‘∞¿∏¿∞±5%U4±	Ω—ïÖ¥Å…ΩÕ—ï»∞∞¿∏–‡‡‘‡ƒ¿»–ƒ‡‰‘‹ƒÿ±›ïï¨ƒµÿƒ∏¿∞»¿»ÿ¥¿‡¥Ã¡PƒÿËƒ‘Ë¿¿¨¿¿Ë¿¿∞¿∏¿∞¿∏¿∞¿∏¿∞¿∏¿∞¿∏¿∞¿∏–»ÿ¿‘¿‡–ÿÿ¿»ÿ‡»Ã∞»∏–ƒ‹ÿ‰‰ÿ‘ƒÿ‡‰ƒÿ¿‹∞¿∏¿»‘‹Ã‡‹‰‘–Ã–‹»ÿ‡‡‘∞¿∏¿‹‘¿‰‰»‡‡Ãÿ»‹‰ƒ––∞ƒ∏¿‘‘ƒ¿ƒ‹‹‹‘ÿ‹‹‡–‹∞¿∏¿ƒƒÃÿ‰‘»‡‹¿‰‡–‰¿¿‡∞¿∏ÿ–‘¿»‰Ã‹ÿƒ‘‘‰–ƒ–∞ÃÃ‡∞ƒ»Ã»∞±ôÖ±Õî±—ïÖµ}…ïçΩπç•±•Ö—•Ωπ}Öπë}ç’……ïπ—}›ïï≠±Â}…Ω±î(»¿»ÿ∞ƒ±A|»‹‰ŸÃ‡‡±i•Ω∏ÅM—ï¡—Ωî±}5%98±5•ππïÕΩ—Ñ±]H±ÖÕ—ï…∏Å%±±•πΩ•Ã±Q…’î∞»¿»ÿ¥¿‰¥¿—P¿¿Ë¿¡h∞–¿ƒ‡‘‡–»»∞–‹∏‘∞‘ƒ∏‘∞¿∏¿∞±5=11}=9}Q5}IQL±	Ω—ïÖ¥Å…ΩÕ—ï»∞∞¿∏–‰‡ƒ‡‹»ÿƒ‘¿ÿ»‡Ã‰±›ïï¨ƒµÿƒ∏¿∞»¿»ÿ¥¿‡¥Ã¡PƒÿËƒ‘Ë¿¿¨¿¿Ë¿¿∞¿∏¿∞¿∏¿∞¿∏¿∞¿∏¿∞¿∏¿∞¿∏‡¿‰»»‡ÃÃ‘ƒÃƒ‡»‘‘∞Ã∏ÿƒÿ–Ã‰Ã»ƒ–ÿ¿¿‹»∞¿∏¿–‹ƒƒÿ‰Ãƒƒ»‡¿–‡‡‘∞¿∏¿∞¿∏¿∞¿∏¿∞¿∏ÿ––Ã–‘‘ƒ‡‰ƒ–Ã¿¿–∞‘»»∞ƒ»ÃÃ∞±ôÖ±Õî±—ïÖµ}…ïçΩπç•±•Ö—•Ωπ}Öπë}ç’……ïπ—}›ïï≠±Â}…Ω±î(»¿»ÿ∞ƒ±A}	ÕŸ	‘±iÖπëï»ÅE’•π∏±}=I±=…ïùΩ∏±I±	Ω•ÕîÅM—Ö—î±Q…’î∞»¿»ÿ¥¿‰¥¿’Pƒ‰ËÃ¡h∞–¿ƒ‡‘‡–ÃÃ∞Ã‡∏¿∞‘ƒ∏‘∞¿∏¿∞±5%U4±	Ω—ïÖ¥Å…ΩÕ—ï»∞∞¿∏–‘ÿ‹ÿ‰–»¿‡‰‘––‘±›ïï¨ƒµÿƒ∏¿∞»¿»ÿ¥¿‡¥Ã¡PƒÿËƒ‘Ë¿¿¨¿¿Ë¿¿∞¿∏¿∞¿∏¿∞¿∏¿∞¿∏¿∞¿∏¿∞¿∏¿‰ƒ¿Ã¿‘Ã‹ƒÃ‹¿‡ƒ‘‰∞¿∏‘ƒÃ‹‹ÿƒ»»–‡‘¿¿‰∞¿∏¿¿–‰¿Ã»ƒ»‰‰‰ÿƒ‡‰‹‹∞¿∏ƒ‡‰»»Ãÿ–»Ãƒ‡‹‰‰∞»∏Ã‰Ã»‘‘‹––¿»–ƒ¿ÿ‹∞¿∏¿»»–‡¿ƒ‡‹Ãƒ‹¿ÿ–¿‘–∞¿∏ÿ––»»‹»Ã¿‡ÿ‰‡¿‡‹∞ÃÃ‰∞ƒ»Ã–∞±ôÖ±Õî±—ïÖµ}…ïçΩπç•±•Ö—•Ωπ}Öπë}ç’……ïπ—}›ïï≠±Â}…Ω±î(»¿»ÿ∞ƒ±A|¿Ÿ¡–ƒ±5Ω…ùÖ∏Å5çA°Ö’∞±}=-MP±=≠±Ö°ΩµÑÅM—Ö—î±Q±Q’±ÕÑ±Ö±Õî∞»¿»ÿ¥¿‰¥¿’Pƒ‰Ë–’h∞–¿ƒ‡‘ÿ‹‹»∞Ã‹∏»‘∞ÿ¿∏‘∞¿∏¿∞±5=11}=9}Q5}IQL±	Ω—ïÖ¥Å…ΩÕ—ï»∞∞¿∏»‘‰ÿ‰‰¿‹–ƒ¿‡‘ÿ‡‡±›ïï¨ƒµÿƒ∏¿∞»¿»ÿ¥¿‡¥Ã¡PƒÿËƒ‘Ë¿¿¨¿¿Ë¿¿∞¿∏¿∞¿∏¿∞¿∏¿∞¿∏¿∞¿∏¿∞¿∏¿∞¿∏¿∞¿∏¿∞¿∏»¿‰‘¿Ã‘‡–‰ƒ»ƒ‰¿‘‹∞»∏‡¿ÃÃÿ‘¿‘¿Ã‹Ã‰¿‹ÿ∞¿∏¿»‘Ãÿÿƒ‰‡‰‹ƒ‘‘ƒƒ‰∞¿∏ÿ–»¿Ã‹»‡Ã‹‹‡‡‡‡‘∞»‘ÿ∞ƒ»Ã‘∞±ôÖ±Õî±—ïÖµ}…ïçΩπç•±•Ö—•Ωπ}Öπë}ç’……ïπ—}›ïï≠±Â}…Ω±î(»¿»ÿ∞ƒ±A|·¡Âÿ±Ω…âÂ∏ÅΩ…ë°Ö¥±}MT±±Ω…•ëÑÅM—Ö—î±Q±M5T±Q…’î∞»¿»ÿ¥¿‰¥¿›P»ÃËÃ¡h∞–¿ƒ‡‘‡»ƒ»∞»‘∏»‘∞‘Ã∏‘∞¿∏¿∞±5=11}=9}Q5}IQL±	Ω—ïÖ¥Å…ΩÕ—ï»∞∞¿∏Ã‹ÿ‹‘¿¿‘Ã¿ÿ‡¿‡Ãÿ±›ïï¨ƒµÿƒ∏¿∞»¿»ÿ¥¿‡¥Ã¡PƒÿËƒ‘Ë¿¿¨¿¿Ë¿¿∞¿∏¿∞¿∏¿∞¿∏¿∞¿∏¿∞¿∏¿∞¿∏¿∞¿∏¿∞¿∏¿∞¿∏»Ã‡»‰»»‡‹‡–Ã»ÿƒ–‡∞»∏‹‹ƒ¿‰¿ƒ‰ÿ–Ã‘»‘‡∞¿∏¿»¿–ÃÃ‹‹¿¿»»»‰ÿÿ‘‘∞¿∏ÿÃ‡¿¿Ã‰»‹ÿ»¿‘ÿ‹ƒ∞»‘‹∞ƒ»Ãÿ∞±ôÖ±Õî±—ïÖµ}…ïçΩπç•±•Ö—•Ωπ}Öπë}ç’……ïπ—}›ïï≠±Â}…Ω±î(»¿»ÿ∞ƒ±A|—Âƒ≈±°•çºÅ!Ω±–±}MQ8±M—ÖπôΩ…ê±Q±5•Öµ§±Q…’î∞»¿»ÿ¥¿‰¥¿’P¿ƒË¿¡h∞–¿ƒ‡‘‡»¿ÿ∞ƒƒ∏‘∞–‹∏‘∞¿∏¿∞±5=11}=9}Q5}IQL±	Ω—ïÖ¥Å…ΩÕ—ï»∞∞¿∏‘‘‡ÿ‘Ã‹ƒƒ»‹‹¿Ã‰±›ïï¨ƒµÿƒ∏¿∞»¿»ÿ¥¿‡¥Ã¡PƒÿËƒ‘Ë¿¿¨¿¿Ë¿¿∞¿∏¿∞¿∏¿∞¿∏¿∞¿∏¿∞¿∏¿∞¿∏¿∞¿∏¿∞¿∏¿∞¿∏Ãƒ‰–Ã‹––‡‡»‡–ÿ‰»‘∞»∏–ƒÿ‹‡–ƒƒÃ‘‹ÿ»–‘∞¿∏¿ƒ¿Ã»‘ÿ–ÿƒÿ»‘‹‡ƒ»‘∞¿∏ÿ»Ã¿ÿ‰‹Ã‹ƒÿƒ‘ÿ»–∞»‘‡∞ƒ»Ã‹∞±—…’î±—ïÖµ}…ïçΩπç•±•Ö—•Ωπ}Öπë}ç’……ïπ—}›ïï≠±Â}…Ω±î(»¿»ÿ∞ƒ±A|Õ¿Ÿ»Ãƒ±Q’ç≠ï»ÅÕ°ç…Öô–±}UM±UM±Q±…ïÕπºÅM—Ö—î±Q…’î∞»¿»ÿ¥¿‰¥¿’P¿ƒË¿¡h∞–¿ƒ‡‘‡–Ãÿ∞Ã‹∏‘∞‘ƒ∏‘∞¿∏¿∞±5=11}=9}Q5}IQL±	Ω—ïÖ¥Å…ΩÕ—ï»∞∞¿∏‘ƒ‰‘‰‡‘ƒ‰»ÿ‰¿ƒ‡‡±›ïï¨ƒµÿƒ∏¿∞»¿»ÿ¥¿‡¥Ã¡PƒÿËƒ‘Ë¿¿¨¿¿Ë¿¿∞¿∏¿∞¿∏¿∞¿∏¿∞¿∏¿∞¿∏¿∞¿∏¿∞¿∏¿∞¿∏¿∞¿∏Ãƒ‡ƒ‘¿»ÿÃÃ»–Ã¿‘–ÿ∞ƒ∏‘ƒ‡‹¿‰‰–‡¿–»¿‰Ã‡∞¿∏¿»–‡»‰ƒ‹»¿»‰Ãƒ‰»‹ÿ∞¿∏ÿƒ‡‰‰ÿ»‰¿Ã¿––Ã¿‘∞»‘‰∞ƒ»Ã‡∞±—…’î±—ïÖµ}…ïçΩπç•±•Ö—•Ωπ}Öπë}ç’……ïπ—}›ïï≠±Â}…Ω±î(»¿»ÿ∞ƒ±A|»¿‘¡·±…Öπ¨ÅΩŸï‰Å%X±}9\±9Ω…—°›ïÕ—ï…∏±]H±MΩ’—†ÅÖ≠Ω—ÑÅM—Ö—î±Q…’î∞»¿»ÿ¥¿‰¥¿ŸP¿¿Ë¿¡h∞–¿ƒ‡‘‡–Ãƒ∞»‰∏‘∞–ÿ∏‘∞¿∏¿∞±5=11}=9}Q5}IQL±	Ω—ïÖ¥Å…ΩÕ—ï»∞∞¿∏–»»¿Ã–‹»‰‰–––‡‹Ã±›ïï¨ƒµÿƒ∏¿∞»¿»ÿ¥¿‡¥Ã¡PƒÿËƒ‘Ë¿¿¨¿¿Ë¿¿∞¿∏¿∞¿∏¿∞¿∏¿∞¿∏¿∞¿∏¿∞¿∏¿∞¿∏¿∞¿∏¿∞¿∏»»¿¿»ÿ‰Ãÿ–¿Ã‘‰ƒ‰–∞»∏‘Ãƒ‰‡ƒ‘‡Ãÿ–ÿ»»‹–∞¿∏¿»Ã‡‘»–‹¿‰‹–»¿ƒÿ»∞¿∏ÿƒÿÃÃ‰‰»¿ÿƒÃ–»––∞‘»Ã∞ƒ»Ã‰∞±ôÖ±Õî±—ïÖµ}…ïçΩπç•±•Ö—•Ωπ}Öπë}ç’……ïπ—}›ïï≠±Â}…Ω±î(»¿»ÿ∞ƒ±A|›»»»‘·±	…Öë‰Å±Ω’ù†±}	±	ΩÕ—Ω∏ÅΩ±±ïùî±Q±•πç•ππÖ—§±Ö±Õî∞»¿»ÿ¥¿‰¥¿’Pƒ‰ËÃ¡h∞–¿ƒ‡‘ÿ‹‹‹∞»»∏¿∞‘ƒ∏‘∞¿∏¿∞±5=11}=9}Q5}IQL±	Ω—ïÖ¥Å…ΩÕ—ï»∞∞¿∏Ã–»‡‘‰ƒ»‹ƒ–‰ÿÃ‘‰ÿ±›ïï¨ƒµÿƒ∏¿∞»¿»ÿ¥¿‡¥Ã¡PƒÿËƒ‘Ë¿¿¨¿¿Ë¿¿∞¿∏¿∞¿∏¿∞¿∏¿∞¿∏¿∞¿∏¿∞¿∏¿∞¿∏¿∞¿∏¿∞¿∏»Ã‡ÿÃÿ–»¿¿ƒ»‘ƒ‹ÿ∞»∏‹»»–‰‡ƒ–‘ƒ‹¿»‰‰∞¿∏¿ƒÿ–‡¿–ƒ‡‹»ƒƒ‰‡ƒ‘‹∞¿∏ÿ¿‰‹ÿ‡‹–ÿ‡‘ÿ‹Ãÿ–∞»ÿ¿∞ƒ»–¿∞±ôÖ±Õî±—ïÖµ}…ïçΩπç•±•Ö—•Ωπ}Öπë}ç’……ïπ—}›ïï≠±Â}…Ω±î(»¿»ÿ∞ƒ±A}ÿ≈›±QÖ•µÖπîÅA’…çï±∞±}0±Ö±•ôΩ…π•Ñ±Q±U1±Q…’î∞»¿»ÿ¥¿‰¥¿ŸP¿»ËÃ¡h∞–¿ƒ‡‘‡»ƒ¿∞»ÿ∏¿∞‘Ã∏‘∞¿∏¿∞±5=11}=9}Q5}IQL±	Ω—ïÖ¥Å…ΩÕ—ï»∞∞¿∏Ã‹‹‡ƒÃ‰‰‹‹ƒ‘‘–‘»‘±›ïï¨ƒµÿƒ∏¿∞»¿»ÿ¥¿‡¥Ã¡PƒÿËƒ‘Ë¿¿¨¿¿Ë¿¿∞¿∏¿∞¿∏¿∞¿∏¿∞¿∏¿∞¿∏¿∞¿∏¿∞¿∏¿∞¿∏¿∞¿∏»Ãÿÿ»––‡ƒ‡‰ÿ‘‘–∞»∏ÿ‰Ã‹Ã»ÿÿ‹‹‘‡–¿ÿÿ∞¿∏¿ƒÿ‡ÿ‹‡‘‡ƒ‹–ÿ–‘‹‹ÿ∞¿∏ÿ¿‹»¿–‡‰‹‹»¿»ÿ‰Ã∞»ÿƒ∞ƒ»–ƒ∞±ôÖ±Õî±—ïÖµ}…ïçΩπç•±•Ö—•Ωπ}Öπë}ç’……ïπ—}›ïï≠±Â}…Ω±î(»¿»ÿ∞ƒ±A}	‘Õ»—±5Ö±Öç°§ÅQ°ΩµÖÃ±}1MT±1MT±Q±±ïµÕΩ∏±Q…’î∞»¿»ÿ¥¿‰¥¿’P»ÃËÃ¡h∞–¿ƒ‡‘ÿÿÿ¿∞Ãƒ∏¿∞‘ƒ∏‘∞¿∏¿∞±5=11}=9}Q5}IQL±	Ω—ïÖ¥Å…ΩÕ—ï»∞∞¿∏–‰¿»ƒ‹–ƒ–ƒÿÃÿ¿‘ƒ±›ïï¨ƒµÿƒ∏¿∞»¿»ÿ¥¿‡¥Ã¡PƒÿËƒ‘Ë¿¿¨¿¿Ë¿¿∞¿∏¿∞¿∏¿∞¿∏¿∞¿∏¿∞¿∏¿∞¿∏¿∞¿∏¿∞¿∏¿∞¿∏»Ã‡¿»‰–‡––ƒƒÿ‹––Ã∞»∏»‡»‹‘»‰‰‡‰‡‰»∞¿∏¿»ÃÃ‰»¿‰‘¿‡‡¿‹»¿–‡∞¿∏ÿ¿ÿÿ‘‹Ã‘–‡Ã‰¿»ÿ‹∞»ÿ»∞ƒ»–»∞±ôÖ±Õî±—ïÖµ}…ïçΩπç•±•Ö—•Ωπ}Öπë}ç’……ïπ—}›ïï≠±Â}…Ω±î(»¿»ÿ∞ƒ±A|·		»±	…ÂÕΩ∏Å]•±±•ÖµÃ±}5MT±5•ç°•ùÖ∏ÅM—Ö—î±]H±QΩ±ïëº±Q…’î∞»¿»ÿ¥¿‰¥¿’P¿¿Ë¿¡h∞–¿ƒ‡‘‡–»‰∞»‰∏‹‘∞–‰∏‘∞¿∏¿∞±5=11}=9}Q5}IQL±	Ω—ïÖ¥Å…ΩÕ—ï»∞∞¿∏––‘ÿÃ‘‹ƒ‰–‰‹Ã‹‘‡‘±›ïï¨ƒµÿƒ∏¿∞»¿»ÿ¥¿‡¥Ã¡PƒÿËƒ‘Ë¿¿¨¿¿Ë¿¿∞¿∏¿∞¿∏¿∞¿∏¿∞¿∏¿∞¿∏¿∞¿∏–‘ƒ‰ƒ¿‘‡‡Ã‰Ã‹ƒ‘‘ÿ∞»∏ƒ‹‡Ãÿ‘‘Ã»‘ÿ‘‰¿‡∞¿∏¿»»Ã‹‹ÃÃ‰»ÿƒ‡–‰‘Ã‡∞¿∏¿‡‡Ã‰‡ÿ–¿‰¿‡»Ã¿‹–∞ƒ∏¿‹‹–Ã‘»ÿÃÿ‡ÿ‹‰‘∞¿∏¿¿‰–ƒ‡¿¿‰Ã‡‡»ƒ¿‰¿»∞¿∏ÿ¿–‹‘¿‡ƒ»–ÃÃ‡ÿÃÿ∞‘»–∞ƒ»–Ã∞±ôÖ±Õî±—ïÖµ}…ïçΩπç•±•Ö—•Ωπ}Öπë}ç’……ïπ—}›ïï≠±Â}…Ω±î(»¿»ÿ∞ƒ±A}‹»’ÿ±5Ö—–Å]•±±•ÖµÃ±}9±9Ω—…îÅÖµî±I±]•ÕçΩπÕ•∏±Q…’î∞»¿»ÿ¥¿‰¥¿ŸP»ÃËÃ¡h∞–¿ƒ‡‘‡–Ã‡∞Ã–∏¿∞–‹∏‘∞¿∏¿∞±5%U4±	Ω—ïÖ¥Å…ΩÕ—ï»∞∞¿∏–‡»–Ãƒ–‡‹–ÿÃƒ‡»‰Ã±›ïï¨ƒµÿƒ∏¿∞»¿»ÿ¥¿‡¥Ã¡PƒÿËƒ‘Ë¿¿¨¿¿Ë¿¿∞¿∏¿∞¿∏¿∞¿∏¿∞¿∏¿∞¿∏¿∞¿∏»–‰‹ÿ–‡¿‘¿‹–‹–‰∞ƒ∏–‡‰Ãƒÿ‘–ƒ‘‘Ã‡»ƒ∞¿∏¿ƒÿ¿‹‘‡‹ƒ––‡‰¿–»‡∞¿∏ƒ»ƒ‰––¿‹Ã‡‰¿–»Ã–‡∞ƒ∏–Ã‹‘‘‹‹ÿ‘»¿»‹ÿ»‘∞¿∏¿ƒ‘––ÿ»¿‹‹ÿ»‡ƒ»‘¿‡∞¿∏ÿ¿Ã‹ÿÃ‰‹‰‡ÃÿÃ‡»‘∞Ã–¿∞ƒ»––∞±ôÖ±Õî±—ïÖµ}…ïçΩπç•±•Ö—•Ωπ}Öπë}ç’……ïπ—}›ïï≠±Â}…Ω±î(»¿»ÿ∞ƒ±A|Ã»‡¿‹Ÿ‘±5Öâ…ï‰Å5ï——Ö’ï»±}M5T±M5T±E±±Ω…•ëÑÅM—Ö—î±Ö±Õî∞»¿»ÿ¥¿‰¥¿›P»ÃËÃ¡h∞–¿ƒ‡‘‡»ƒ»∞»‡∏»‘∞‘Ã∏‘∞¿∏¿»ÿ‰ÿ¿¿‹ÿ‡ƒÃ»‹ƒ‡‘ÿ±1=\±!% ±	Ω—ïÖ¥Å…ΩÕ—ï»∞∞ƒ∏ÿ¿‹–»Ã–ÿ–‰»¿‘‹‹–±›ïï¨ƒµÿƒ∏¿∞»¿»ÿ¥¿‡¥Ã¡PƒÿËƒ‘Ë¿¿¨¿¿Ë¿¿∞¿∏¿∞¿∏¿∞¿∏¿∞¿∏¿∞¿∏¿∞¿∏‰»Ã‘»‘¿–Ã‘‰Ã‘¿‘»∞»∏‹¿ÃÃ‘ƒƒ‹»–ÿ‘ÿ»Ã∞¿∏¿‘‘‘‘‡ƒ‘‘ÿÃ‹¿–»Ã‰∞¿∏¿∞¿∏¿∞¿∏¿∞¿∏ÿ¿Ãÿ‡–¿‘ƒ¿ÿ‡‡ƒÿÿ∞ƒƒ‰∞ƒ»–‘∞±ôÖ±Õî±—ïÖµ}…ïçΩπç•±•Ö—•Ωπ}Öπë}ç’……ïπ—}›ïï≠±Â}…Ω±î(»¿»ÿ∞ƒ±A|–¡»¡¿–±	…Öëï∏Å	±’ï•—–±}9\±9Ω…—°›ïÕ—ï…∏±]H±MΩ’—†ÅÖ≠Ω—ÑÅM—Ö—î±Q…’î∞»¿»ÿ¥¿‰¥¿ŸP¿¿Ë¿¡h∞–¿ƒ‡‘‡–Ãƒ∞»‰∏‘∞–ÿ∏‘∞¿∏¿∞±5=11}=9}Q5}IQL±	Ω—ïÖ¥Å…ΩÕ—ï»∞∞¿∏–ƒ¿–‰‹–»ƒ‡‘–ƒ‘ƒÃÃ±›ïï¨ƒµÿƒ∏¿∞»¿»ÿ¥¿‡¥Ã¡PƒÿËƒ‘Ë¿¿¨¿¿Ë¿¿∞¿∏¿∞¿∏¿∞¿∏¿∞¿∏¿∞¿∏¿∞¿∏¿∞¿∏¿∞¿∏¿∞¿∏»ƒ–¿ƒƒ‰‡–ÿƒ‘ÿÃƒ‘∞»∏–ÿ»‹ÿÃ‰Ã‘ƒ¿–‹‹‡Ã∞¿∏¿»Ã»¿¿–¿‹‹‰‡Ã¿‹ÿ–‘∞¿∏‘‰‰–‰¿‡»–‰ƒ‘‰‘‘»∞‘»‘∞ƒ»–ÿ∞±ôÖ±Õî±—ïÖµ}…ïçΩπç•±•Ö—•Ωπ}Öπë}ç’……ïπ—}›ïï≠±Â}…Ω±î(»¿»ÿ∞ƒ±A|¡—‰–±)Ö…Ÿ•ÃÅ…ïï∏±}14±±ïµÕΩ∏±I±1MT±Ö±Õî∞»¿»ÿ¥¿‰¥¿’P»ÃËÃ¡h∞–¿ƒ‡‘ÿÿÿ¿∞»¿∏‘∞‘ƒ∏‘∞¿∏¿∞±5%U4±	Ω—ïÖ¥Å…ΩÕ—ï»∞∞¿∏‹‰ƒ‘–‘–ƒ»‘–ÿÿÿÿ‹±›ïï¨ƒµÿƒ∏¿∞»¿»ÿ¥¿‡¥Ã¡PƒÿËƒ‘Ë¿¿¨¿¿Ë¿¿∞¿∏¿∞¿∏¿∞¿∏¿∞¿∏¿∞¿∏¿∞¿∏ƒ»‘ÿ‘‰–ƒ‰‰ƒƒÿ‹¿ƒ∞¿∏‘‡–ÿ‹»ƒ‘‹‡‘‡ÿ‹‹‡∞¿∏¿¿–‡Ã‹‹Ã‹Ã‰»‰¿Ã¿‡∞¿∏»–ÃÃ‘ƒ‘–ÿ¿ÿÿÿƒ–‡‡∞»∏»‡ƒ‘–‡ÿ‹‰Ã‹–‡‡–∞¿∏¿¿ÿÿ–‹‰‡ÿ‘‡‘¿‡Ã‰‘‡∞¿∏‘‰‡‡‡‹‰‹Ãÿ‘‹‡‰ÃÃ∞Ã–ƒ∞ƒ»–‹∞±ôÖ±Õî±—ïÖµ}…ïçΩπç•±•Ö—•Ωπ}Öπë}ç’……ïπ—}›ïï≠±Â}…Ω±î(»¿»ÿ∞ƒ±A}›ÿÂ±5•çÖ†Å	ï±∞±}U±ïΩ…ù•Ñ±I±QïππïÕÕïîÅM—Ö—î±Q…’î∞»¿»ÿ¥¿‰¥¿’Pƒ‰Ë¿¡h∞–¿ƒ‡‘ÿÿ‘‡∞‘ƒ∏‘∞‘ÿ∏‘∞¿∏¿∞±5%U4±	Ω—ïÖ¥Å…ΩÕ—ï»∞∞¿∏‘ƒ‘¿‘‡‘ƒÿ‘»»‘‘‘ƒ±›ïï¨ƒµÿƒ∏¿∞»¿»ÿ¥¿‡¥Ã¡PƒÿËƒ‘Ë¿¿¨¿¿Ë¿¿∞¿∏¿∞¿∏¿∞¿∏¿∞¿∏¿∞¿∏¿∞¿∏¿–‡ƒƒÃ‡ƒƒ‡‘Ã–ƒ¿–¿–∞¿∏»–ÿ–‹¿ÿƒÃ‡¿–»¿–»–∞¿∏¿¿»‡‰ÿ‡»ƒ‡»‰¿Ã–ÿƒÃ∞¿∏»Ã¿Ã»‘‰‰ƒÃ–¿‰»ƒ∞ƒ∏–¿»ÿ‘‹‹–¿ÃÿÃ¿Ã»∞¿∏¿Ã¿‡¿‹»¿‘–‰ƒƒ‘‡‰ƒÿ∞¿∏‘‰‹–ÿ»‰‰¿ÿ‹‡‡¿‘‡∞Ã–»∞ƒ»–‡∞±ôÖ±Õî±—ïÖµ}…ïçΩπç•±•Ö—•Ωπ}Öπë}ç’……ïπ—}›ïï≠±Â}…Ω±î(»¿»ÿ∞ƒ±A|ÃƒÃƒ…Ã‹±)ÖÂ±ï∏Å5ÖÕΩ∏±}-T±-ÖπÕÖÃ±E±1ΩπúÅ%Õ±ÖπêÅUπ•Ÿï…Õ•—‰±Q…’î∞»¿»ÿ¥¿‰¥¿’P¿¿Ë¿¡h∞–¿ƒ‡‘ÿ‹ÿ‰∞–ÿ∏¿∞‘Ã∏‘∞¿∏¿»‘ƒ»–‰¿Ã‘‹‰‰‰‡‡‹»±1=\±!% ±	Ω—ïÖ¥Å…ΩÕ—ï»∞∞¿∏‘ƒƒƒ‹‡‡‡¿¿¿–ƒ‹ƒƒ±›ïï¨ƒµÿƒ∏¿∞»¿»ÿ¥¿‡¥Ã¡PƒÿËƒ‘Ë¿¿¨¿¿Ë¿¿∞¿∏‡Ã‘–‰‡‡ÿ‰‘»Ã–‡ƒ‡∞¿∏‘»‘ÿ‡»Ãÿ‹»ÿÿ–‡–‹∞ÿ∏‹¿‰¿¿‹‘ÿ–‰‡ƒ¿‡ÿ‘∞¿∏¿‹Ã»ƒ»Ã»¿–Ã»‰ÃÃ‹–∞¿∏¿ƒ‰–‹–‡»ÿƒ»–‹‰‹–‘∞¿∏¿ÿ»‡¿‘‰»Ã‰‘ƒ¿‰‘Ã–∞¿∏»»ÿ‡‰–‹‘‘Ã‘»‡Ãƒ–Ã∞¿∏¿¿–ÿ‹‰‘ÿ‰ƒ‹ÿ»‘ÿ‘‡‡∞¿∏¿∞¿∏¿∞¿∏¿∞¿∏‘‰»‘¿ƒÿ–‡‹‰‰¿¿Ã‹∞ƒ»¿∞ƒ»–‰∞±ôÖ±Õî±—ïÖµ}…ïçΩπç•±•Ö—•Ωπ}Öπë}ç’……ïπ—}›ïï≠±Â}…Ω±î(»¿»ÿ∞ƒ±A|–ÿ‘Ÿ‹—±A…ïÕ—Ω∏Å!Ω›Ö…ê±}5±5Ö…Â±Öπê±Q±!Öµ¡—Ω∏±Q…’î∞»¿»ÿ¥¿‰¥¿ŸP¿¿Ë¿¡h∞–¿ƒ‡‘‡–»‹∞‘ƒ∏¿∞‘ÿ∏‘∞¿∏¿∞±5=11}=9}Q5}IQL±	Ω—ïÖ¥Å…ΩÕ—ï»∞∞¿∏Ã‘Ã‘‹»¿‡Ã»ƒƒÃ‡¿‡–±›ïï¨ƒµÿƒ∏¿∞»¿»ÿ¥¿‡¥Ã¡PƒÿËƒ‘Ë¿¿¨¿¿Ë¿¿∞¿∏¿∞¿∏¿∞¿∏¿∞¿∏¿∞¿∏¿∞¿∏¿∞¿∏¿∞¿∏¿∞¿∏»¿–‘‘ƒ»ÿ‡»ÿ‡»‡»¿–∞»∏–»ƒ‘Ãƒ¿ÿ––Ã‡‡ƒ‘∞¿∏¿»Ã‰¿ƒÿÿ‘‡Ãƒÿ»‹–‘Ã∞¿∏‘‰¿ƒƒ–Ãÿ‰‹¿ƒ‰»‡Ã∞»ÿÃ∞ƒ»‘¿∞±ôÖ±Õî±—ïÖµ}…ïçΩπç•±•Ö—•Ωπ}Öπë}ç’……ïπ—}›ïï≠±Â}…Ω±î(»¿»ÿ∞ƒ±A|¿–Â±)Öπ•…Ö∏Å	Ωππï»±}9±9ïâ…ÖÕ≠Ñ±]H±=°•º±Q…’î∞»¿»ÿ¥¿‰¥¿’PƒÿË¿¡h∞–¿ƒ‡‘‡–Ã¿∞Ã‘∏‘∞–‹∏‘∞¿∏¿∞±5=11}=9}Q5}IQL±	Ω—ïÖ¥Å…ΩÕ—ï»∞∞¿∏–‘‘ƒ‘–ÿƒ‹Ã‘¿ƒƒ‹ƒ–±›ïï¨ƒµÿƒ∏¿∞»¿»ÿ¥¿‡¥Ã¡PƒÿËƒ‘Ë¿¿¨¿¿Ë¿¿∞¿∏¿∞¿∏¿∞¿∏¿∞¿∏¿∞¿∏¿∞¿∏–‡‹‡»Ãÿ‘–––ƒ‹ÿ‘‘∞»∏–ÿ¿‹Ã¿ÿ–»‰‹‰ƒƒÿ∞¿∏¿»‡‹‰‘‘ÿ‡¿ƒ‰‰‘‰‘‹Ã∞¿∏¿‘‹»ƒ»¿‡‹»»‘¿––‡∞¿∏ÿ‡ÿÃ»»‹‰ƒƒ¿¿‡Ãÿ‰∞¿∏¿¿‹»‘»‰»ƒ»¿ƒ‡‡¿‡‘ÿ‘∞¿∏‘‡‡»¿‡Ãÿ‘‰ÿ–¿‡»‹∞‘»ÿ∞ƒ»‘ƒ∞±ôÖ±Õî±—ïÖµ}…ïçΩπç•±•Ö—•Ωπ}Öπë}ç’……ïπ—}›ïï≠±Â}…Ω±î(»¿»ÿ∞ƒ±A|Ã¿¿–‘–‰‰±)Ö‰Å!ÖÂπïÃ±}14±±ïµÕΩ∏±I±1MT±Ö±Õî∞»¿»ÿ¥¿‰¥¿’P»ÃËÃ¡h∞–¿ƒ‡‘ÿÿÿ¿∞»¿∏‘∞‘ƒ∏‘∞¿∏¿∞±5%U4±	Ω—ïÖ¥Å…ΩÕ—ï»∞∞¿∏‹‹‘‡–‹»‡ƒ‘––‹––ÿ±›ïï¨ƒµÿƒ∏¿∞»¿»ÿ¥¿‡¥Ã¡PƒÿËƒ‘Ë¿¿¨¿¿Ë¿¿∞¿∏¿∞¿∏¿∞¿∏¿∞¿∏¿∞¿∏¿∞¿∏ƒ»‘ÿ‘‰–ƒ‰‰ƒƒÿ‹¿ƒ∞¿∏‘‡–ÿ‹»ƒ‘‹‡‘‡ÿ‹‹‡∞¿∏¿¿–‡Ã‹‹Ã‹Ã‰»‰¿Ã¿‡∞¿∏»Ã‹‹‘‹»‘‹ÿ‘ƒ»‰¿–∞»∏»»‰¿‰‰»‡–––ÿ‹»‘–∞¿∏¿¿ÿ–‰‘ƒ‘‰Ã¿‹»ÿ‘‰Ãÿ∞¿∏‘‡‹ƒÃƒ‹‡»¿‡»‡––‰∞Ã–Ã∞ƒ»‘»∞±ôÖ±Õî±—ïÖµ}…ïçΩπç•±•Ö—•Ωπ}Öπë}ç’……ïπ—}›ïï≠±Â}…Ω±î(»¿»ÿ∞ƒ±A}ÃÃÃ‘ƒ‡»±5Ö—–Å1’ë›•ú±}QQT±Qï·ÖÃÅQïç†±Q±â•±ïπîÅ°…•Õ—•Ö∏±Q…’î∞»¿»ÿ¥¿‰¥¿’P»ÃË¿¡h∞–¿ƒ‡‘ÿ‹‹¿∞‘ƒ∏¿∞‘‰∏‘∞¿∏¿∞±5=11}=9}Q5}IQL±	Ω—ïÖ¥Å…ΩÕ—ï»∞∞¿∏Ã‡ƒ‡‡»‰‘Ã»–‘¿ƒƒÿ±›ïï¨ƒµÿƒ∏¿∞»¿»ÿ¥¿‡¥Ã¡PƒÿËƒ‘Ë¿¿¨¿¿Ë¿¿∞¿∏¿∞¿∏¿∞¿∏¿∞¿∏¿∞¿∏¿∞¿∏¿∞¿∏¿∞¿∏¿∞¿∏ƒ‡‹–‰ƒ–¿–‘‰Ãƒ‰‡¿‘∞»∏Ã‰‡‘‘»‘»Ãÿ‡‘‘‰∞¿∏¿»ÿ‘»‹¿‘Ã–¿‰Ã–‰»ÃÃ∞¿∏‘‡ÿ‘¿‡‰‹‹–ƒ‹‡‘»‘∞»ÿ–∞ƒ»‘Ã∞±ôÖ±Õî±—ïÖµ}…ïçΩπç•±•Ö—•Ωπ}Öπë}ç’……ïπ—}›ïï≠±Â}…Ω±î(»¿»ÿ∞ƒ±A}ÿ›ÿÃ–ƒ±±ï‡Å•ç°µÖπ∏±}%=]±%Ω›Ñ±]H±9Ω…—°ï…∏Å%±±•πΩ•Ã±Q…’î∞»¿»ÿ¥¿‰¥¿’P»¿Ëƒ’h∞–¿ƒ‡‘‡–»ÿ∞Ã‡∏‘∞–‘∏‘∞¿∏¿∞±5=11}=9}Q5}IQL±	Ω—ïÖ¥Å…ΩÕ—ï»∞∞¿∏Ã‹¿‰Ã¿–¿»‹Ãÿÿ»‰±›ïï¨ƒµÿƒ∏¿∞»¿»ÿ¥¿‡¥Ã¡PƒÿËƒ‘Ë¿¿¨¿¿Ë¿¿∞¿∏¿∞¿∏¿∞¿∏¿∞¿∏¿∞¿∏¿∞¿∏¿∞¿∏¿∞¿∏¿∞¿∏ƒ‰ÿƒƒƒ‹»‰‘‘‘‰ÿƒÃ–∞»∏Ãÿ–‘¿‘‰ƒ‡‰‡‹ƒ»‰∞¿∏¿»‘–Ã‘‘–‰‰»‹ÿ‡‰Ã–‹∞¿∏‘‡‘ƒ‹‘ÿ»ƒ¿»¿‡ƒ¿Ã∞‘»‹∞ƒ»‘–∞±ôÖ±Õî±—ïÖµ}…ïçΩπç•±•Ö—•Ωπ}Öπë}ç’……ïπ—}›ïï≠±Â}…Ω±î(»¿»ÿ∞ƒ±A|¿–ƒ¿‰‰Õ±QΩŸÖπ§Å5•Èï±∞±}U,±-ïπ—’ç≠‰±I±eΩ’πùÕ—Ω›∏ÅM—Ö—î±Q…’î∞»¿»ÿ¥¿‰¥¿’Pƒ‹Ë¿¡h∞–¿ƒ‡‘ÿÿ‘‰∞–Ã∏¿∞ÿ»∏‘∞¿∏¿∞±5%U4±	Ω—ïÖ¥Å…ΩÕ—ï»∞∞¿∏–Ã‹»‘‰‰ÿ–¿–ÿ»ƒƒÃ‹±›ïï¨ƒµÿƒ∏¿∞»¿»ÿ¥¿‡¥Ã¡PƒÿËƒ‘Ë¿¿¨¿¿Ë¿¿∞¿∏¿∞¿∏¿∞¿∏¿∞¿∏¿∞¿∏¿∞¿∏‹¿‘¿–¿‰ÿ–ÿ¿ƒƒ‰ƒ‘∞Ã∏ÿ‡‡¿»‰ÿ–‹ƒ¿ƒ¿––∞¿∏¿Ã‘‰ÿ¿–‘–ÃƒÃÃ‹‹‹Ãÿ∞¿∏¿∞¿∏¿∞¿∏¿∞¿∏‘‡–‘ÿ‘ÿ‰¿‘‰¿Ã‹¿‰∞Ã––∞ƒ»‘‘∞±ôÖ±Õî±—ïÖµ}…ïçΩπç•±•Ö—•Ωπ}Öπë}ç’……ïπ—}›ïï≠±Â}…Ω±î(»¿»ÿ∞ƒ±A|Â	¿‹‹‹±’âîÅπΩπùïπî±}9\±9Ω…—°›ïÕ—ï…∏±]H±MΩ’—†ÅÖ≠Ω—ÑÅM—Ö—î±Q…’î∞»¿»ÿ¥¿‰¥¿ŸP¿¿Ë¿¡h∞–¿ƒ‡‘‡–Ãƒ∞»‰∏‘∞–ÿ∏‘∞¿∏¿∞±5=11}=9}Q5}IQL±	Ω—ïÖ¥Å…ΩÕ—ï»∞∞¿∏Ã‰‹Ã––‡‰¿ÿÃƒƒÿ‡–ÿ±›ïï¨ƒµÿƒ∏¿∞»¿»ÿ¥¿‡¥Ã¡PƒÿËƒ‘Ë¿¿¨¿¿Ë¿¿∞¿∏¿∞¿∏¿∞¿∏¿∞¿∏¿∞¿∏¿∞¿∏¿∞¿∏¿∞¿∏¿∞¿∏»¿‹ƒ‘–‰Ã‰‘‹‹Ã‘ÿÿ‹∞»∏Ã‡Ã‡‘‘‡ƒ‘‹ÿ‹‘»ÿ∞¿∏¿»»–‘‹¿‘‘‹‹‹‹‡‡‘¿‹∞¿∏‘‡¿»‡»‡‘‘‡»¿‡–¿Ã∞‘»‡∞ƒ»‘ÿ∞±ôÖ±Õî±—ïÖµ}…ïçΩπç•±•Ö—•Ωπ}Öπë}ç’……ïπ—}›ïï≠±Â}…Ω±î(»¿»ÿ∞ƒ±A|–‘––›‰Ã±M°ï≠Ö§Å5•±±Ãµ-π•ù°–±}5%ML±=±îÅ5•ÕÃ±I±1Ω’•ÕŸ•±±î±Q…’î∞»¿»ÿ¥¿‰¥¿ŸP»ÃËÃ¡h∞–¿ƒ‡‘ÿÿÿƒ∞Ãƒ∏¿∞‘‘∏‘∞¿∏¿∞±5%U4±	Ω—ïÖ¥Å…ΩÕ—ï»∞∞¿∏‘‘‘‹‡‰‰‹‹‡‘ƒ‰‡ƒÃ±›ïï¨ƒµÿƒ∏¿∞»¿»ÿ¥¿‡¥Ã¡PƒÿËƒ‘Ë¿¿¨¿¿Ë¿¿∞¿∏¿∞¿∏¿∞¿∏¿∞¿∏¿∞¿∏¿∞¿∏‹»»‘‘ÿ¿»–Ãÿ‡–Ã‹∞Ã∏‹‘»ƒ»¿»ƒ–»¿»ƒ»ÿ–∞¿∏¿Ã–ƒÿ‘¿–ƒÃÿ¿»ÿÃƒ‡∞¿∏¿∞¿∏¿∞¿∏¿∞¿∏‘‡¿»¿»»ÿ‰‘‡ƒ‹‰ƒ‹∞Ã–‘∞ƒ»‘‹∞±ôÖ±Õî±—ïÖµ}…ïçΩπç•±•Ö—•Ωπ}Öπë}ç’……ïπ—}›ïï≠±Â}…Ω±î(»¿»ÿ∞ƒ±A|ƒƒ‘¿Ÿ‡»±5•≠îÅQÂ±ï»±}M±MΩ’—†ÅÖ…Ω±•πÑ±Q±-ïπ–ÅM—Ö—î±Q…’î∞»¿»ÿ¥¿‰¥¿’PƒÿË–’h∞–¿ƒ‡‘ÿÿÿ‘∞–‘∏¿∞‘Ã∏‘∞¿∏¿∞±5=11}=9}Q5}IQL±	Ω—ïÖ¥Å…ΩÕ—ï»∞∞¿∏Ã‡ƒ‹–ÿÿ–ÿ¿Ã‹–‹ƒÿÿ±›ïï¨ƒµÿƒ∏¿∞»¿»ÿ¥¿‡¥Ã¡PƒÿËƒ‘Ë¿¿¨¿¿Ë¿¿∞¿∏¿∞¿∏¿∞¿∏¿∞¿∏¿∞¿∏¿∞¿∏¿∞¿∏¿∞¿∏¿∞¿∏ƒ‡ÃÿÃƒÿÃ»‰‡‡ƒ‰‡‘∞»∏‘ƒ‰–‘‰‹ÃÃ»¿‘–Ã‡∞¿∏¿»Ã¿‹¿‘‰––¿ƒ‡Ã‡Ã‹∞¿∏‘‹–¿¿ƒƒ‹»‹ƒ‰‹‹»ÿ∞»ÿ‘∞ƒ»‘‡∞±ôÖ±Õî±—ïÖµ}…ïçΩπç•±•Ö—•Ωπ}Öπë}ç’……ïπ—}›ïï≠±Â}…Ω±î(»¿»ÿ∞ƒ±A}¿ƒÂ	±%Õ…Öï∞Å	…•ùùÃ±}5%±5•Öµ§±Q±M—ÖπôΩ…ê±Ö±Õî∞»¿»ÿ¥¿‰¥¿’P¿ƒË¿¡h∞–¿ƒ‡‘‡»¿ÿ∞Ãÿ∏¿∞–‹∏‘∞¿∏¿∞±5=11}=9}Q5}IQL±	Ω—ïÖ¥Å…ΩÕ—ï»∞∞¿∏Ã‹‘‘Ã‘‰–‘–‘‹ƒ–ƒ‡±›ïï¨ƒµÿƒ∏¿∞»¿»ÿ¥¿‡¥Ã¡PƒÿËƒ‘Ë¿¿¨¿¿Ë¿¿∞¿∏¿∞¿∏¿∞¿∏¿∞¿∏¿∞¿∏¿∞¿∏¿∞¿∏¿∞¿∏¿∞¿∏ƒ‡Ã–‹Ãÿ»Ã‰–ƒ‘ƒ»»Ã∞»∏–‘‘»‰‰‹‹‡»‘ƒ»–»‹∞¿∏¿»–¿‰Ã‡»ÿ¿¿¿ÿ‘ÿÿ‘∞¿∏‘‹Ã‘ÿÿ‘‘‹‹‹¿‘‹ÿ–∞»ÿÿ∞ƒ»‘‰∞±ôÖ±Õî±—ïÖµ}…ïçΩπç•±•Ö—•Ωπ}Öπë}ç’……ïπ—}›ïï≠±Â}…Ω±î(»¿»ÿ∞ƒ±A|ƒ…·‡≈±)Ö…Ω∏ÅQ°ΩµÖÃ±}5%98±5•ππïÕΩ—Ñ±I±ÖÕ—ï…∏Å%±±•πΩ•Ã±Q…’î∞»¿»ÿ¥¿‰¥¿—P¿¿Ë¿¡h∞–¿ƒ‡‘‡–»»∞–‹∏‘∞‘ƒ∏‘∞¿∏¿∞±5%U4±	Ω—ïÖ¥Å…ΩÕ—ï»∞∞¿∏––»‰‹‹ÃƒƒÃ»‰ÿ‹Ãƒ±›ïï¨ƒµÿƒ∏¿∞»¿»ÿ¥¿‡¥Ã¡PƒÿËƒ‘Ë¿¿¨¿¿Ë¿¿∞¿∏¿∞¿∏¿∞¿∏¿∞¿∏¿∞¿∏¿∞¿∏‹ƒ–»‡ƒÃ»‘Ã‹¿»‘¿‰∞Ã∏»¿¿–Ã‘‘–Ã¿ÿƒÿÿƒÿ∞¿∏¿–»ƒ‡ÿÃ‘»¿–ƒÃÿ¿‡‹ÿ∞¿∏¿∞¿∏¿∞¿∏¿∞¿∏‘‹Ãƒÿƒÿÿÿ‘‘–ÃÃƒ–∞Ã–ÿ∞ƒ»ÿ¿∞±ôÖ±Õî±—ïÖµ}…ïçΩπç•±•Ö—•Ωπ}Öπë}ç’……ïπ—}›ïï≠±Â}…Ω±î(»¿»ÿ∞ƒ±A|Ÿƒ—Ã±°…•Õ—•Ö∏Åâπï‰±}%10±%±±•πΩ•Ã±Q±U±Q…’î∞»¿»ÿ¥¿‰¥¿—P¿ƒË¿¡h∞–¿ƒ‡‘‡–»–∞–»∏¿∞‘‘∏‘∞¿∏¿∞±5=11}=9}Q5}IQL±	Ω—ïÖ¥Å…ΩÕ—ï»∞∞¿∏ÃÃ»ƒ¿‰ƒ‹‡ƒÿ‘¿‰–ÿ±›ïï¨ƒµÿƒ∏¿∞»¿»ÿ¥¿‡¥Ã¡PƒÿËƒ‘Ë¿¿¨¿¿Ë¿¿∞¿∏¿∞¿∏¿∞¿∏¿∞¿∏¿∞¿∏¿∞¿∏¿∞¿∏¿∞¿∏¿∞¿∏ƒ‡ƒ‘‰ÿ–‰»Ã¿ƒÿ»‘¿ÿ∞»∏Ã‹‹Ãÿ‡‹‘»‹¿»–ÿÿ‹∞¿∏¿»–»¿»¿–ƒ‰–Ãƒ‹–‡¿Ã∞¿∏‘ÿ–‘–‘ÿƒ‰»Ã¿‰»¿ÿ∞»ÿ‹∞ƒ»ÿƒ∞±—…’î±—ïÖµ}…ïçΩπç•±•Ö—•Ωπ}Öπë}ç’……ïπ—}›ïï≠±Â}…Ω±î(»¿»ÿ∞ƒ±A}‡‹›‡›±!’π—ï»Å!ï……•πú±}U±’â’…∏±Q±	ÖÂ±Ω»±Q…’î∞»¿»ÿ¥¿‰¥¿’Pƒ‰ËÃ¡h∞–¿ƒ‡‘ÿÿÃÿ∞Ã»∏‹‘∞‘‡∏‘∞¿∏¿∞±5=11}=9}Q5}IQL±	Ω—ïÖ¥Å…ΩÕ—ï»∞∞¿∏–‡»ÿ»¿ÿ–ÿ‘‰‰‡‘Ã»±›ïï¨ƒµÿƒ∏¿∞»¿»ÿ¥¿‡¥Ã¡PƒÿËƒ‘Ë¿¿¨¿¿Ë¿¿∞¿∏¿∞¿∏¿∞¿∏¿∞¿∏¿∞¿∏¿∞¿∏ÿ–‡‡¿»–––‡‹Ã‹–Ã»∞Ã∏ÿ‰Ã‘–ÿ‹»‰‡ÃÃ¿ÿ‡∞¿∏¿Ã»ƒ‰‡‡Ãƒ¿»»‘¿‹Ã‡∞¿∏¿∞¿∏¿∞¿∏¿∞¿∏‘ÿ»‘–‹ÿ‘‰ƒƒ‡Ã‘ƒƒ∞»ÿ‡∞ƒ»ÿ»∞±ôÖ±Õî±—ïÖµ}…ïçΩπç•±•Ö—•Ωπ}Öπë}ç’……ïπ—}›ïï≠±Â}…Ω±î(»¿»ÿ∞ƒ±A|¡¿ÃŸ‘±°ÖÕîÅ1Ωô—•∏±}MT±±Ω…•ëÑÅM—Ö—î±Q±M5T±Q…’î∞»¿»ÿ¥¿‰¥¿›P»ÃËÃ¡h∞–¿ƒ‡‘‡»ƒ»∞»‘∏»‘∞‘Ã∏‘∞¿∏¿∞±5=11}=9}Q5}IQL±	Ω—ïÖ¥Å…ΩÕ—ï»∞∞¿∏ÃÃ¿–‹‰ƒ‹ƒ»ƒ––‘‰‹–±›ïï¨ƒµÿƒ∏¿∞»¿»ÿ¥¿‡¥Ã¡PƒÿËƒ‘Ë¿¿¨¿¿Ë¿¿∞¿∏¿∞¿∏¿∞¿∏¿∞¿∏¿∞¿∏¿∞¿∏¿∞¿∏¿∞¿∏¿∞¿∏»¿‰¿»ÿ»ƒ‘‘»‰ƒ‹‡ƒ∞»∏–Ã¿‹‘ÿÃ‹¿»»ÿ‘‘‰Ã∞¿∏¿ƒ‹‰»–ƒ‹‡‰‹‰‘‹ƒ‹ƒ∞¿∏‘‘‰ÿ–ÿ‰»ÿ–»‰»ÿ–Ã∞»ÿ‰∞ƒ»ÿÃ∞±ôÖ±Õî±—ïÖµ}…ïçΩπç•±•Ö—•Ωπ}Öπë}ç’……ïπ—}›ïï≠±Â}…Ω±î(»¿»ÿ∞ƒ±A|Ÿ…›–±°…•ÃÅ]°ïÖ—±ï‰µ!’µ¡°…ï‰±}5%±5•Öµ§±I±M—ÖπôΩ…ê±Ö±Õî∞»¿»ÿ¥¿‰¥¿’P¿ƒË¿¡h∞–¿ƒ‡‘‡»¿ÿ∞Ãÿ∏¿∞–‹∏‘∞¿∏¿∞±5%U4±	Ω—ïÖ¥Å…ΩÕ—ï»∞∞¿∏–‹ÿÿÿ»‰–‘ƒ‘ÿ–Ãÿÿ‘±›ïï¨ƒµÿƒ∏¿∞»¿»ÿ¥¿‡¥Ã¡PƒÿËƒ‘Ë¿¿¨¿¿Ë¿¿∞¿∏¿∞¿∏¿∞¿∏¿∞¿∏¿∞¿∏¿∞¿∏ÿÿ‡–¿Ã‘¿‘‘¿ƒ‰»–»∞Ã∏–‰‹–ÿ‹‹ƒ‡–‰‘‘ÿ¿‹∞¿∏¿Ã–ÃÃ¿‘‹‰Ã‹‹¿ƒƒÿÿ‘∞¿∏¿∞¿∏¿∞¿∏¿∞¿∏‘‘‘‹Ã¿»–‡ƒƒƒÿ»ÿƒ∞Ã–‹∞ƒ»ÿ–∞±ôÖ±Õî±—ïÖµ}…ïçΩπç•±•Ö—•Ωπ}Öπë}ç’……ïπ—}›ïï≠±Â}…Ω±î(»¿»ÿ∞ƒ±A|≈	’¡±Ö…ÕΩ∏Å…ΩŸî±}9\±9Ω…—°›ïÕ—ï…∏±]H±MΩ’—†ÅÖ≠Ω—ÑÅM—Ö—î±Q…’î∞»¿»ÿ¥¿‰¥¿ŸP¿¿Ë¿¡h∞–¿ƒ‡‘‡–Ãƒ∞»‰∏‘∞–ÿ∏‘∞¿∏¿∞±5=11}=9}Q5}IQL±	Ω—ïÖ¥Å…ΩÕ—ï»∞∞¿∏Ã‹‡‡‡‘ƒ‰‹ÿ‡ÿÿÃƒ±›ïï¨ƒµÿƒ∏¿∞»¿»ÿ¥¿‡¥Ã¡PƒÿËƒ‘Ë¿¿¨¿¿Ë¿¿∞¿∏¿∞¿∏¿∞¿∏¿∞¿∏¿∞¿∏¿∞¿∏¿∞¿∏¿∞¿∏¿∞¿∏ƒ‰‹‘Ãƒ¿ƒÿ‹ƒÿÿ»∞»∏»‹Ãƒ¿‹‘‹‡ƒ¿ƒ»¿ÿ∞¿∏¿»ƒ–ƒÃ‹‘–ÿ‰ÿÃ‘‡ƒ‘∞¿∏‘‘ÃÃ»–Ã¿»‹¿–‡‡‰‘∞‘»‰∞ƒ»ÿ‘∞±ôÖ±Õî±—ïÖµ}…ïçΩπç•±•Ö—•Ωπ}Öπë}ç’……ïπ—}›ïï≠±Â}…Ω±î(»¿»ÿ∞ƒ±A|¡≈≈‰±±Ÿ•∏Å!ïπëï…ÕΩ∏±}U±’â’…∏±I±	ÖÂ±Ω»±Q…’î∞»¿»ÿ¥¿‰¥¿’Pƒ‰ËÃ¡h∞–¿ƒ‡‘ÿÿÃÿ∞Ã»∏‹‘∞‘‡∏‘∞¿∏¿∞±5%U4±	Ω—ïÖ¥Å…ΩÕ—ï»∞∞¿∏Ã‘‡‰‹‰»¿ÿƒÿ‹ƒÿ‡ÿÿ±›ïï¨ƒµÿƒ∏¿∞»¿»ÿ¥¿‡¥Ã¡PƒÿËƒ‘Ë¿¿¨¿¿Ë¿¿∞¿∏¿∞¿∏¿∞¿∏¿∞¿∏¿∞¿∏¿∞¿∏ƒ»–ÿ‹‰‰‰ÿÿ‹ÿ––ƒÿƒ∞¿∏‹¿‰‹‡ÿ‹‹Ã‘»ƒÿƒÃÿ∞¿∏¿¿ÿƒ‡‹ÿÃƒ¿Ã‹ƒÃ‹‘‰ÿ∞¿∏ƒ‘–Ã‰‹»Ã»ÿ¿‹ÿƒ––∞ƒ∏ÿ‰ÿƒÿÿ‹‹ƒ»‡‰ƒ‰¿ÿ∞¿∏¿»¿ƒ»‘‰–»–»‰‘‡ÿ¿»∞¿∏‘‘»‡‹–¿»‹‡‡‰¿Ãÿ‘∞Ã–‡∞ƒ»ÿÿ∞±ôÖ±Õî±—ïÖµ}…ïçΩπç•±•Ö—•Ωπ}Öπë}ç’……ïπ—}›ïï≠±Â}…Ω±î(»¿»ÿ∞ƒ±A|‰‡»–Ãƒ—±aÖŸ•ï»ÅΩ…ê±}5%98±5•ππïÕΩ—Ñ±I±ÖÕ—ï…∏Å%±±•πΩ•Ã±Q…’î∞»¿»ÿ¥¿‰¥¿—P¿¿Ë¿¡h∞–¿ƒ‡‘‡–»»∞–‹∏‘∞‘ƒ∏‘∞¿∏¿∞±5%U4±	Ω—ïÖ¥Å…ΩÕ—ï»∞∞¿∏–ƒƒƒ‘ƒÃ‘‰Ãÿƒ‰ÿ‘‡±›ïï¨ƒµÿƒ∏¿∞»¿»ÿ¥¿‡¥Ã¡PƒÿËƒ‘Ë¿¿¨¿¿Ë¿¿∞¿∏¿∞¿∏¿∞¿∏¿∞¿∏¿∞¿∏¿∞¿∏ÿ‹––‹ƒ‰»ÿ‹–Ã‡‹ƒ‘∞»∏‰‰ÿÿ‰ƒ¿‡ƒ‡ƒÃ¿Ã‹∞¿∏¿Ã‡ÿ‘–‹‡‡‡‰Ã»‡»»‰∞¿∏¿∞¿∏¿∞¿∏¿∞¿∏‘Ãƒ‘‰‹‡–ƒ‘–¿‰‰‹–∞Ã–‰∞ƒ»ÿ‹∞±ôÖ±Õî±—ïÖµ}…ïçΩπç•±•Ö—•Ωπ}Öπë}ç’……ïπ—}›ïï≠±Â}…Ω±î(»¿»ÿ∞ƒ±A}‰·		±ÖâîÅ•ï±ëÃ±}Y8±YÖπëï…â•±–±I±’Õ—•∏ÅAïÖ‰±Q…’î∞»¿»ÿ¥¿‰¥¿’P»ÃË¿¡h∞–¿ƒ‡‘ÿÿÿ‰∞–ÿ∏¿∞ÿƒ∏‘∞¿∏¿∞±5%U4±	Ω—ïÖ¥Å…ΩÕ—ï»∞∞¿∏Ã‰‹‰‘‘Ãÿ‘»‰¿¿‰ÿ‹Ã±›ïï¨ƒµÿƒ∏¿∞»¿»ÿ¥¿‡¥Ã¡PƒÿËƒ‘Ë¿¿¨¿¿Ë¿¿∞¿∏¿∞¿∏¿∞¿∏¿∞¿∏¿∞¿∏¿∞¿∏‘‘‰‰‹‘ÿƒ‡–»»Ã‡‡ƒ∞Ã∏––‡ƒ¿ƒ‹ƒ‹Ã‘¿ƒÿÃÿ∞¿∏¿Ã¿‰ƒÿ»Ã¿‰ÿƒ»¿ƒ‹»∞¿∏¿∞¿∏¿∞¿∏¿∞¿∏‘Ã¿Ã¿‹‘‘‹‘¿»»»ÿ‹∞Ã‘¿∞ƒ»ÿ‡∞±ôÖ±Õî±—ïÖµ}…ïçΩπç•±•Ö—•Ωπ}Öπë}ç’……ïπ—}›ïï≠±Â}…Ω±î(»¿»ÿ∞ƒ±A|‡ƒÃ’·ÿ±IÖÂç•πîÅ’•±±Ω…‰Å)»∏±}1MT±1MT±I±±ïµÕΩ∏±Q…’î∞»¿»ÿ¥¿‰¥¿’P»ÃËÃ¡h∞–¿ƒ‡‘ÿÿÿ¿∞Ãƒ∏¿∞‘ƒ∏‘∞¿∏¿∞±5%U4±	Ω—ïÖ¥Å…ΩÕ—ï»∞∞¿∏––––‹»ƒ»¿‹ƒ‹–ƒ–ÿ‘±›ïï¨ƒµÿƒ∏¿∞»¿»ÿ¥¿‡¥Ã¡PƒÿËƒ‘Ë¿¿¨¿¿Ë¿¿∞¿∏¿∞¿∏¿∞¿∏¿∞¿∏¿∞¿∏¿∞¿∏ÿ–‡‡––»‰ÿ‰‹»ƒ»¿‰∞Ã∏ƒ¿Ã–ƒ»‹‘Ã‰¿–ƒ‹‡‹∞¿∏¿Ã–‡Ã‹¿ƒÿ»Ãÿ‹Ã‡‘ÿ‘∞¿∏¿∞¿∏¿∞¿∏¿∞¿∏‘ƒ‰ÃÿÃÃ‹»‡ƒ¿‡–‰Ã∞Ã‘ƒ∞ƒ»ÿ‰∞±ôÖ±Õî±—ïÖµ}…ïçΩπç•±•Ö—•Ωπ}Öπë}ç’……ïπ—}›ïï≠±Â}…Ω±î(»¿»ÿ∞ƒ±A}Ãÿ‡‡‡‰ÿ±QÖÂŸïΩ∏Å]•±ÕΩ∏±}14±±ïµÕΩ∏±Q±1MT±Ö±Õî∞»¿»ÿ¥¿‰¥¿’P»ÃËÃ¡h∞–¿ƒ‡‘ÿÿÿ¿∞»¿∏‘∞‘ƒ∏‘∞¿∏¿∞±5=11}=9}Q5}IQL±	Ω—ïÖ¥Å…ΩÕ—ï»∞∞¿∏‘‘‰ÿ‰ÿ‰Ãÿƒ‘ÿƒÃ‹ÿ±›ïï¨ƒµÿƒ∏¿∞»¿»ÿ¥¿‡¥Ã¡PƒÿËƒ‘Ë¿¿¨¿¿Ë¿¿∞¿∏¿∞¿∏¿∞¿∏¿∞¿∏¿∞¿∏¿∞¿∏¿∞¿∏¿∞¿∏¿∞¿∏»–‘¿»¿ÿÃ‰‘¿‡‹‰‘∞»∏»‰‹ƒ‰‹Ã¿‹‡‹»ÿ‹–∞¿∏¿¿ÿÿ‰Ã‘‡Ãÿ»‹ÿ‡–Ã»ÿ∞¿∏‘ƒ–‰¿ƒ‡‹»¿ÿ»ƒÿ‡–∞»‹¿∞ƒ»‹¿∞±ôÖ±Õî±—ïÖµ}…ïçΩπç•±•Ö—•Ωπ}Öπë}ç’……ïπ—}›ïï≠±Â}…Ω±î(»¿»ÿ∞ƒ±A|‘–¿ŸÃ¿±	…ÂçîÅ	Ö≠ï»±}YP±Y•…ù•π•ÑÅQïç†±E±Y5$±Q…’î∞»¿»ÿ¥¿‰¥¿’P»ÃËÃ¡h∞–¿ƒ‡‘‡»ƒƒ∞‘–∏‘∞‘‹∏‘∞¿∏¿»––ƒ‹Ã¿‰»»‰¿»‰»–±1=\±!% ±	Ω—ïÖ¥Å…ΩÕ—ï»∞∞ƒ∏ƒ‘»‰ÃÃ‡¿––»ÿ–‡ÿ±›ïï¨ƒµÿƒ∏¿∞»¿»ÿ¥¿‡¥Ã¡PƒÿËƒ‘Ë¿¿¨¿¿Ë¿¿∞¿∏¿∞¿∏¿∞¿∏¿∞¿∏¿∞¿∏¿∞¿∏ÿ‹ƒ–‰––ƒÃÃ»‘‘‡‰ÿ∞»∏»ÃÃ‡‡‹‹‹––‰‰‘»ÿ‘∞¿∏¿–‡‘‹‘‰¿»‘‡–Ã‹¿‰ÿ‘∞¿∏¿∞¿∏¿∞¿∏¿∞¿∏‘ƒ–‡––ƒ‰»‰‘ÿƒ‹‡–∞ƒ»ƒ∞ƒ»‹ƒ∞±ôÖ±Õî±—ïÖµ}…ïçΩπç•±•Ö—•Ωπ}Öπë}ç’……ïπ—}›ïï≠±Â}…Ω±î(»¿»ÿ∞ƒ±A|‰¿ƒ‰»¡–±ÖëîÅ]Ω±ôΩ…ê±}%8±•πç•ππÖ—§±]H±	ΩÕ—Ω∏ÅΩ±±ïùî±Q…’î∞»¿»ÿ¥¿‰¥¿’Pƒ‰ËÃ¡h∞–¿ƒ‡‘ÿ‹‹‹∞»‰∏‘∞‘ƒ∏‘∞¿∏¿∞±5=11}=9}Q5}IQL±	Ω—ïÖ¥Å…ΩÕ—ï»∞∞¿∏–‹Ãƒƒ‹‘»ƒƒ¿¿ÿƒ¿Ã±›ïï¨ƒµÿƒ∏¿∞»¿»ÿ¥¿‡¥Ã¡PƒÿËƒ‘Ë¿¿¨¿¿Ë¿¿∞¿∏¿∞¿∏¿∞¿∏¿∞¿∏¿∞¿∏¿∞¿∏‘‘Ã¿¿Ã‘‰‰ÿÿ»‘»ƒ‘∞Ã∏Ã‡–ƒ¿¿¿‘‰ƒ‰»»¿»–∞¿∏¿»‰¿––Ã‡ƒ»ÿ–Ã‰ƒ»‘ÿ∞¿∏¿∞¿∏¿∞¿∏¿∞¿∏‘ƒ»ÿ‹ÿ»‰Ã‘¿‘‘ÿ‹‡∞‘Ã¿∞ƒ»‹»∞±—…’î±—ïÖµ}…ïçΩπç•±•Ö—•Ωπ}Öπë}ç’……ïπ—}›ïï≠±Â}…Ω±î(»¿»ÿ∞ƒ±A}·»ÿ‰…±Q…ï‰ÅIΩâï…—Ã±}	eT±	eT±]H±U—Ö†ÅQïç†±Q…’î∞»¿»ÿ¥¿‰¥¿ŸP¿¿Ë¿¡h∞–¿ƒ‡‘ÿ‹‹‘∞‘»∏‘∞‘–∏‘∞¿∏¿∞±5=11}=9}Q5}IQL±	Ω—ïÖ¥Å…ΩÕ—ï»∞∞¿∏Ã‰¿»‰‰ÿ‡¿‡‘––‰‡–‘±›ïï¨ƒµÿƒ∏¿∞»¿»ÿ¥¿‡¥Ã¡PƒÿËƒ‘Ë¿¿¨¿¿Ë¿¿∞¿∏¿∞¿∏¿∞¿∏¿∞¿∏¿∞¿∏¿∞¿∏‘»‘‘‹‹‹‡‘¿¿Ã‘‘–∞Ã∏ƒ¿‰‹–‹‡‡–‹––Ã∞¿∏¿Ã»‹‰–ÿ‰‡–¿‰¿ÿÿ–‡∞¿∏¿∞¿∏¿∞¿∏¿∞¿∏‘¿‹‹–»‰‹‡‰»‡‡»‡‰∞‘Ãƒ∞ƒ»‹Ã∞±ôÖ±Õî±—ïÖµ}…ïçΩπç•±•Ö—•Ωπ}Öπë}ç’……ïπ—}›ïï≠±Â}…Ω±î(»¿»ÿ∞ƒ±A}‰’—ƒ»±-Â±Ö∏ÅΩ‡±}AUH±A’…ë’î±Q±%πë•ÖπÑÅM—Ö—î±Q…’î∞»¿»ÿ¥¿‰¥¿—P»ÃË¿¡h∞–¿ƒ‡‘‡–Ã‘∞–ÿ∏¿∞‘ÿ∏‘∞¿∏¿∞±5=11}=9}Q5}IQL±	Ω—ïÖ¥Å…ΩÕ—ï»∞∞¿∏»‘‰Ãƒ»»ÿƒ‹–‘‹Ã‘»–±›ïï¨ƒµÿƒ∏¿∞»¿»ÿ¥¿‡¥Ã¡PƒÿËƒ‘Ë¿¿¨¿¿Ë¿¿∞¿∏¿∞¿∏¿∞¿∏¿∞¿∏¿∞¿∏¿∞¿∏¿∞¿∏¿∞¿∏¿∞¿∏ƒ‹Ã–»ÃÿÃ»‘¿ÿƒ‘ÿ‘Ã∞»∏¿‡–ÿÿ‡‘‡¿Ã¿‘¿‰ÿÿ∞¿∏¿»¿Ã‘Ã¿‘‹ƒ¿‘ÿÃ‘ƒ‡‘∞¿∏‘¿–¿¿‡‡ÃÃƒ‹¿–‹‹Ã∞»‹ƒ∞ƒ»‹–∞±ôÖ±Õî±—ïÖµ}…ïçΩπç•±•Ö—•Ωπ}Öπë}ç’……ïπ—}›ïï≠±Â}…Ω±î(»¿»ÿ∞ƒ±A|≈	‡–‰±-ÖëîÅ±ë…•ëùî±}]M ±]ÖÕ°•πù—Ω∏±Q±]ÖÕ°•πù—Ω∏ÅM—Ö—î±Q…’î∞»¿»ÿ¥¿‰¥¿ŸP»¿Ë¿¡h∞–¿ƒ‡‘‡–Ã‹∞Ã‹∏¿∞‘¿∏‘∞¿∏¿∞±5=11}=9}Q5}IQL±	Ω—ïÖ¥Å…ΩÕ—ï»∞∞¿∏Ã¿‡ƒ‘¿‡‘‘»ÿ–Ãÿ‘‹±›ïï¨ƒµÿƒ∏¿∞»¿»ÿ¥¿‡¥Ã¡PƒÿËƒ‘Ë¿¿¨¿¿Ë¿¿∞¿∏¿∞¿∏¿∞¿∏¿∞¿∏¿∞¿∏¿∞¿∏¿‰ÿƒƒ‘ƒ‹ÿ¿ÃÃÃ‘‡‘∞¿∏‘Ãƒ‰ÿÿ‰–‰‹¿ÿ¿ÿ‰–∞¿∏¿¿‘–‘‹‹¿ÿ»‰Ãƒ‹‘¿‹‡∞¿∏ƒÃ–ƒ‹‹‹‹‹‡¿»‹¿»–‰∞ƒ∏‹»ÿÿÃƒ‹‹‹‰‡»¿‡Ã‹∞¿∏¿ƒ‡–‰‰‹–ÿ‘‡‡»Ã‡ÿ∞¿∏‘¿Ã‹‡»Ãÿ‹‡ÿ∞»‹»∞ƒ»‹‘∞±ôÖ±Õî±—ïÖµ}…ïçΩπç•±•Ö—•Ωπ}Öπë}ç’……ïπ—}›ïï≠±Â}…Ω±î(»¿»ÿ∞ƒ±A|ÿ‡—‡Õ±)Öëï∏ÅIïëëï±∞±}U±ïΩ…ù•Ñ±Q±QïππïÕÕïîÅM—Ö—î±Q…’î∞»¿»ÿ¥¿‰¥¿’Pƒ‰Ë¿¡h∞–¿ƒ‡‘ÿÿ‘‡∞‘ƒ∏‘∞‘ÿ∏‘∞¿∏¿∞±5=11}=9}Q5}IQL±	Ω—ïÖ¥Å…ΩÕ—ï»∞∞¿∏Ã‘ƒ‹‡¿‹‹‡ƒ‡‰»ÃƒÃ±›ïï¨ƒµÿƒ∏¿∞»¿»ÿ¥¿‡¥Ã¡PƒÿËƒ‘Ë¿¿¨¿¿Ë¿¿∞¿∏¿∞¿∏¿∞¿∏¿∞¿∏¿∞¿∏¿∞¿∏¿∞¿∏¿∞¿∏¿∞¿∏»¿‹ƒÃ‹¿‰ÿ‘¿ÿ‰ÿ‘ÿ‡∞ƒ∏»ÿƒ––¿ƒ––»¿‹–ÿ‰‰∞¿∏¿»‹‹¿‘‘‹‰ÿ–»‰»‹–ÿÿ∞¿∏–‰‰‘ƒ–‘‡‡‹‡‘»‹‹––∞»‹Ã∞ƒ»‹ÿ∞±ôÖ±Õî±—ïÖµ}…ïçΩπç•±•Ö—•Ωπ}Öπë}ç’……ïπ—}›ïï≠±Â}…Ω±î(»¿»ÿ∞ƒ±A|’ƒ‰–—±	…Öë‰Å	•ë›ï±∞±}=I±=…ïùΩ∏±]H±	Ω•ÕîÅM—Ö—î±Q…’î∞»¿»ÿ¥¿‰¥¿’Pƒ‰ËÃ¡h∞–¿ƒ‡‘‡–ÃÃ∞Ã‡∏¿∞‘ƒ∏‘∞¿∏¿∞±5=11}=9}Q5}IQL±	Ω—ïÖ¥Å…ΩÕ—ï»∞∞¿∏»‡Ãƒ‘»‡‡¿ƒ–‹»‰‹ƒ‹±›ïï¨ƒµÿƒ∏¿∞»¿»ÿ¥¿‡¥Ã¡PƒÿËƒ‘Ë¿¿¨¿¿Ë¿¿∞¿∏¿∞¿∏¿∞¿∏¿∞¿∏¿∞¿∏¿∞¿∏¿∞¿∏¿∞¿∏¿∞¿∏ƒÿ‹‹Ãÿ‘‰‘‘‰¿‡»ÿ‘ƒ∞»∏ƒ»ƒ–‰»ÿ‹Ã‹‘ÿƒ‰»‘∞¿∏¿ƒ‰‰»‹–‹‡ÿÃƒƒ¿‡‘‡∞¿∏–‰‰–‘¿‹Ã–‹‘Ã¿‰‹»ÿ∞‘Ã»∞ƒ»‹‹∞±ôÖ±Õî±—ïÖµ}…ïçΩπç•±•Ö—•Ωπ}Öπë}ç’……ïπ—}›ïï≠±Â}…Ω±î(»¿»ÿ∞ƒ±A}‘—›–±±•©Ö†Å	…Ω›∏±}]M ±]ÖÕ°•πù—Ω∏±E±]ÖÕ°•πù—Ω∏ÅM—Ö—î±Q…’î∞»¿»ÿ¥¿‰¥¿ŸP»¿Ë¿¡h∞–¿ƒ‡‘‡–Ã‹∞Ã‹∏¿∞‘¿∏‘∞¿∏¿‰»¿ÿƒ‹‰‰ÿ»Ãƒ‡»»‡±1=\±!% ±	Ω—ïÖ¥Å…ΩÕ—ï»∞∞»∏ÃÃ‡‰»Ãƒ‰‘ƒ‘‡¿‹¿‘±›ïï¨ƒµÿƒ∏¿∞»¿»ÿ¥¿‡¥Ã¡PƒÿËƒ‘Ë¿¿¨¿¿Ë¿¿∞¿∏¿∞¿∏¿∞¿∏¿∞¿∏¿∞¿∏¿∞¿∏ÿÿ‰»‰ÿ–‘»–‡Ã–‹Ã‹∞»∏ƒ‰‡‰ÿ–Ã‰¿Ã‡¿¿»Ãÿ∞¿∏¿–ÿ–»ƒ¿‹»»Ãƒ‹¿Ã¿¿‘∞¿∏¿∞¿∏¿∞¿∏¿∞¿∏–‰‡–»»‡‹»–»‡»»¿–∞ƒ»»∞ƒ»‹‡∞±ôÖ±Õî±—ïÖµ}…ïçΩπç•±•Ö—•Ωπ}Öπë}ç’……ïπ—}›ïï≠±Â}…Ω±î(»¿»ÿ∞ƒ±A}Ÿ…	±=ÕçÖ»Å!ÖµµΩπê±}=-MP±=≠±Ö°ΩµÑÅM—Ö—î±Q±Q’±ÕÑ±Ö±Õî∞»¿»ÿ¥¿‰¥¿’Pƒ‰Ë–’h∞–¿ƒ‡‘ÿ‹‹»∞Ã‹∏»‘∞ÿ¿∏‘∞¿∏¿∞±5=11}=9}Q5}IQL±	Ω—ïÖ¥Å…ΩÕ—ï»∞∞¿∏»¿ƒ–Ã––‡–‹‡‡»‹±›ïï¨ƒµÿƒ∏¿∞»¿»ÿ¥¿‡¥Ã¡PƒÿËƒ‘Ë¿¿¨¿¿Ë¿¿∞¿∏¿∞¿∏¿∞¿∏¿∞¿∏¿∞¿∏¿∞¿∏¿∞¿∏¿∞¿∏¿∞¿∏ƒÿ»‘¿¿‘ÿÿ‘‰‰‹‡‹ÿ‡∞»∏ƒ‹––ƒ‡»¿‘ƒ»Ã‰ÿ‹‡∞¿∏¿ƒ‰ÿ‹‘ƒ‡–‘‡‰‹–ƒ‰»–∞¿∏–‰‹‰‰Ã–‰–ÿ‘¿ÿÃÿ∞»‹–∞ƒ»‹‰∞±ôÖ±Õî±—ïÖµ}…ïçΩπç•±•Ö—•Ωπ}Öπë}ç’……ïπ—}›ïï≠±Â}…Ω±î(»¿»ÿ∞ƒ±A|»¡Ÿ·‹±π—°Ωπ‰ÅI’â•º±}1±±Ω…•ëÑ±I±±Ω…•ëÑÅ—±Öπ—•å±Q…’î∞»¿»ÿ¥¿‰¥¿’P»ÃË–’h∞–¿ƒ‡‘ÿÿÃ‹∞–Ã∏‘∞‘‰∏‘∞¿∏¿∞±5%U4±	Ω—ïÖ¥Å…ΩÕ—ï»∞∞¿∏Ã‹Ã‡‡¿‰‘‰‰ÿÿ‘»ƒÿ‘±›ïï¨ƒµÿƒ∏¿∞»¿»ÿ¥¿‡¥Ã¡PƒÿËƒ‘Ë¿¿¨¿¿Ë¿¿∞¿∏¿∞¿∏¿∞¿∏¿∞¿∏¿∞¿∏¿∞¿∏‘‰‰–‘‹–‡‹ƒ‰Ãƒÿ–»∞Ã∏ƒ»¿ÿ»‹»–‡¿‰ƒÿ»ƒÃ∞¿∏¿Ã¿‘»‰¿Ãÿ‡–¿ÿ‘‘–ƒ∞¿∏¿∞¿∏¿∞¿∏¿∞¿∏–‰‘»Ãÿ‰–‘‡‘Ã¿‰–ÿ∞Ã‘»∞ƒ»‡¿∞±ôÖ±Õî±—ïÖµ}…ïçΩπç•±•Ö—•Ωπ}Öπë}ç’……ïπ—}›ïï≠±Â}…Ω±î(»¿»ÿ∞ƒ±A|‡ƒ‹–ÿ‹›±1•Ö¥Å]•±±ÕΩ∏±}5±5Ö…Â±Öπê±I±!Öµ¡—Ω∏±Q…’î∞»¿»ÿ¥¿‰¥¿ŸP¿¿Ë¿¡h∞–¿ƒ‡‘‡–»‹∞‘ƒ∏¿∞‘ÿ∏‘∞¿∏¿∞±5%U4±	Ω—ïÖ¥Å…ΩÕ—ï»∞∞¿∏Ã‹ƒ»ƒ‘‘ƒ‹ÿ‰Ã‘‡±›ïï¨ƒµÿƒ∏¿∞»¿»ÿ¥¿‡¥Ã¡PƒÿËƒ‘Ë¿¿¨¿¿Ë¿¿∞¿∏¿∞¿∏¿∞¿∏¿∞¿∏¿∞¿∏¿∞¿∏ƒ‹»¿»ÿ‰‡–‡–‘Ã»¿‡ÿ∞¿∏‡‹¿¿ÿ¿‡‹¿¿»¿ÿƒ‹Ã∞¿∏¿¿‡‹Ã»–‘–Ã‡¿‰‡‹‰ƒ–∞¿∏ƒ»Ã¿‡Ãƒ‹‡–¿ƒÃ‹–ÿ»∞ƒ∏–‘‹¿‰¿ÿ–‹‡‰‘¿‡‰ƒ∞¿∏¿ƒ–Ã‡»ƒ‹‰»ƒ‡ÿ‡‹–ƒ‰∞¿∏–‰––‡ÿƒÃƒ‹‰¿‰‰‹»∞Ã‘Ã∞ƒ»‡ƒ∞±ôÖ±Õî±—ïÖµ}…ïçΩπç•±•Ö—•Ωπ}Öπë}ç’……ïπ—}›ïï≠±Â}…Ω±î(»¿»ÿ∞ƒ±A|‘…‘‘›‡±ÖŸ•∏ÅM—Ωôôï∞±}%10±%±±•πΩ•Ã±Q±U±Q…’î∞»¿»ÿ¥¿‰¥¿—P¿ƒË¿¡h∞–¿ƒ‡‘‡–»–∞–»∏¿∞‘‘∏‘∞¿∏¿∞±5=11}=9}Q5}IQL±	Ω—ïÖ¥Å…ΩÕ—ï»∞∞¿∏»‡‹‡ƒ‡¿‹‰¿»‘Ã»‘ƒ±›ïï¨ƒµÿƒ∏¿∞»¿»ÿ¥¿‡¥Ã¡PƒÿËƒ‘Ë¿¿¨¿¿Ë¿¿∞¿∏¿∞¿∏¿∞¿∏¿∞¿∏¿∞¿∏¿∞¿∏¿∞¿∏¿∞¿∏¿∞¿∏ƒ‘‹Ã‹‡»»ÿ‡»‘ƒ‡ƒ‹–∞»∏¿ÿ¿Ãƒ‘‘ÿ¿–Ã‹‘¿‡∞¿∏¿»¿‰‹–Ã‡ÃÃÿƒƒ¿ƒ¿‡ÿ∞¿∏–‡‰»‘ÿ¿‡Ã¿Ã‘‘Ã‰ƒ∞»‹‘∞ƒ»‡»∞±ôÖ±Õî±—ïÖµ}…ïçΩπç•±•Ö—•Ωπ}Öπë}ç’……ïπ—}›ïï≠±Â}…Ω±î(»¿»ÿ∞ƒ±A|ƒ——ÿƒ±Öµ¿Å5Öùïî±}9\±9Ω…—°›ïÕ—ï…∏±]H±MΩ’—†ÅÖ≠Ω—ÑÅM—Ö—î±Q…’î∞»¿»ÿ¥¿‰¥¿ŸP¿¿Ë¿¡h∞–¿ƒ‡‘‡–Ãƒ∞»‰∏‘∞–ÿ∏‘∞¿∏¿∞±5=11}=9}Q5}IQL±	Ω—ïÖ¥Å…ΩÕ—ï»∞∞¿∏ÃÃÃ‡‡‰ÿ‰ÿƒÃ–Ã»ƒ±›ïï¨ƒµÿƒ∏¿∞»¿»ÿ¥¿‡¥Ã¡PƒÿËƒ‘Ë¿¿¨¿¿Ë¿¿∞¿∏¿∞¿∏¿∞¿∏¿∞¿∏¿∞¿∏¿∞¿∏¿∞¿∏¿∞¿∏¿∞¿∏ƒ‹–¿‹»‹¿–‹–Ã‘‹––∞»∏¿¿Ãƒ‘‡‹–‡‹‡‰‘‘»ÿ∞¿∏¿ƒ‡‡‹¿‹¿‡Ãƒ¿Ã‹ƒÿ‘»∞¿∏–‡‹ÿƒ»‡»‰–‡–‹‘‰ÿ∞‘ÃÃ∞ƒ»‡Ã∞±ôÖ±Õî±—ïÖµ}…ïçΩπç•±•Ö—•Ωπ}Öπë}ç’……ïπ—}›ïï≠±Â}…Ω±î(»¿»ÿ∞ƒ±A|»Õ‘·ÿƒ±5•çÖ†Å)Ω°πÕΩ∏±}-T±-ÖπÕÖÃ±I±1ΩπúÅ%Õ±ÖπêÅUπ•Ÿï…Õ•—‰±Q…’î∞»¿»ÿ¥¿‰¥¿’P¿¿Ë¿¡h∞–¿ƒ‡‘ÿ‹ÿ‰∞–ÿ∏¿∞‘Ã∏‘∞¿∏¿∞±5%U4±	Ω—ïÖ¥Å…ΩÕ—ï»∞∞¿∏Ã‹»‡‡ƒ‡‹‘‰‡¿Ã‘¿‘±›ïï¨ƒµÿƒ∏¿∞»¿»ÿ¥¿‡¥Ã¡PƒÿËƒ‘Ë¿¿¨¿¿Ë¿¿∞¿∏¿∞¿∏¿∞¿∏¿∞¿∏¿∞¿∏¿∞¿∏–‰––‘–ƒƒ‰¿‰‹‘»‰Ã∞Ã∏¿»Ãƒ‡ƒ‹‘‡–‘‰¿¿Ã‹∞¿∏¿»‰‰‡–Ã‘–»ƒ‡‰¿ƒ‡‰–∞¿∏¿∞¿∏¿∞¿∏¿∞¿∏–‡»»»–Ã¿ƒƒ‘‰Ãƒƒ‹‘∞Ã‘–∞ƒ»‡–∞±ôÖ±Õî±—ïÖµ}…ïçΩπç•±•Ö—•Ωπ}Öπë}ç’……ïπ—}›ïï≠±Â}…Ω±î(»¿»ÿ∞ƒ±A|¿–ÿ¿›Ÿ±1’≠îÅ	…ï›ï»±}%=]±%Ω›Ñ±Q±9Ω…—°ï…∏Å%±±•πΩ•Ã±Q…’î∞»¿»ÿ¥¿‰¥¿’P»¿Ëƒ’h∞–¿ƒ‡‘‡–»ÿ∞Ã‡∏‘∞–‘∏‘∞¿∏¿∞±5=11}=9}Q5}IQL±	Ω—ïÖ¥Å…ΩÕ—ï»∞∞¿∏Ã¿ƒ‘‹–‹ÿ–‹‰»‰»Ãÿ±›ïï¨ƒµÿƒ∏¿∞»¿»ÿ¥¿‡¥Ã¡PƒÿËƒ‘Ë¿¿¨¿¿Ë¿¿∞¿∏¿∞¿∏¿∞¿∏¿∞¿∏¿∞¿∏¿∞¿∏¿∞¿∏¿∞¿∏¿∞¿∏ƒ‘‰––Ã»–‰–¿ƒ¿ÿƒ––∞ƒ∏‰»»Ã‰ÿ‘»»ÿÿ¿ÿ‹–‘∞¿∏¿»¿ÿ‹‰ÿ‹––‡‰–ƒÿ»‰–∞¿∏–‹‘‹ÿ¿‰–‡ÿ¿Ãÿ»ÿÿ‹∞»‹ÿ∞ƒ»‡‘∞±ôÖ±Õî±—ïÖµ}…ïçΩπç•±•Ö—•Ωπ}Öπë}ç’……ïπ—}›ïï≠±Â}…Ω±î(»¿»ÿ∞ƒ±A}Ãƒ»‡Â‘±Öπ—îÅÖ…»±}U±U±E±	ï—°’πîµΩΩ≠µÖ∏±Q…’î∞»¿»ÿ¥¿‰¥¿ÕP»ÃË¿¡h∞–¿ƒ‡‘ÿ‹ÿ‹∞‘¿∏‘∞‘‡∏‘∞¿∏¿¿‹‹¿‘–ÿ–»¿¿ÃÃÃ‰ƒ»±1=\±!% ±	Ω—ïÖ¥Å…ΩÕ—ï»∞∞¿∏Ã‡‡‹‡‰–ÿƒ‹»¿ƒƒ–‰±›ïï¨ƒµÿƒ∏¿∞»¿»ÿ¥¿‡¥Ã¡PƒÿËƒ‘Ë¿¿¨¿¿Ë¿¿∞¿∏‘ƒƒ»ÿƒ»¿‰ÿÿ‰»‹Ãÿ∞¿∏Ãƒ‡‡»¿Ãÿƒ––¿‡»»Ã∞–∏ƒÿ¿‰‹‡ƒ‡Ã¿ƒ‰–‘ƒ∞¿∏¿–¿‘ƒ‡‰‹‘‡‹–ÃÃ»ÿ»ÿ∞¿∏¿ƒÃ–ƒÿ‡–‹‹‡‡‹¿»ÿ‘ÿ∞¿∏ƒ‰ÿ»‡‰–»ÿ–»»–‡‡ƒ–∞¿∏ÿ‰‰‘‡¿‘¿‰»¿ƒ‡¿‹ƒ∞¿∏¿ƒ–»‰¿»Ãÿ‰‹‰ÿ–»‘–‹∞¿∏¿∞¿∏¿∞¿∏¿∞¿∏–‹¿‹‰‹ÿ‘‘‡»‹––ƒ‰∞ƒ»Ã∞ƒ»‡ÿ∞±ôÖ±Õî±—ïÖµ}…ïçΩπç•±•Ö—•Ωπ}Öπë}ç’……ïπ—}›ïï≠±Â}…Ω±î(»¿»ÿ∞ƒ±A|‡Ÿ‹‹‘ƒ±Q…•Õ—Ö∏ÅQ§ùÑ±}U±’â’…∏±E±	ÖÂ±Ω»±Q…’î∞»¿»ÿ¥¿‰¥¿’Pƒ‰ËÃ¡h∞–¿ƒ‡‘ÿÿÃÿ∞Ã»∏‹‘∞‘‡∏‘∞¿∏¿‹‰Ã‘‘»–»‹‰‡–Ã±1=\±!% ±	Ω—ïÖ¥Å…ΩÕ—ï»∞∞»∏¿‘‰‡‡–¿ƒÃ¿ƒ‹‡Ã‡±›ïï¨ƒµÿƒ∏¿∞»¿»ÿ¥¿‡¥Ã¡PƒÿËƒ‘Ë¿¿¨¿¿Ë¿¿∞¿∏¿∞¿∏¿∞¿∏¿∞¿∏¿∞¿∏¿∞¿∏ÿÿ‰Ãƒƒ‰‹‡»–ÿ»‰‡–∞»∏»ÿƒ‡ÿ‘ƒÃƒ‘¿–‘Ã‹Ã∞¿∏¿–¿‘‹»‹‹ƒ–»ÿ‹ÃÃ‘‘∞¿∏¿∞¿∏¿∞¿∏¿∞¿∏–ÿ‰ÿ»Ãƒ–ƒ‹ƒ¿‡‘‘¿ÿ∞ƒ»–∞ƒ»‡‹∞±ôÖ±Õî±—ïÖµ}…ïçΩπç•±•Ö—•Ωπ}Öπë}ç’……ïπ—}›ïï≠±Â}…Ω±î(»¿»ÿ∞ƒ±A|≈Õ‘‡–»±)Ö≠îÅï——î±}MT±…•ÈΩπÑÅM—Ö—î±E±5Ω…ùÖ∏ÅM—Ö—î±Q…’î∞»¿»ÿ¥¿‰¥¿ŸP¿»Ë¿¡h∞–¿ƒ‡‘ÿ‹‹–∞–‹∏¿∞‘»∏‘∞¿∏¿ƒ‰»‡Ãƒ‰‹‰‡ƒ¿»‡‰ÿ‘±1=\±!% ±	Ω—ïÖ¥Å…ΩÕ—ï»∞∞ƒ∏ƒ–Ã‘‘‰–ÿ»–Ãÿƒ‘ÿ»±›ïï¨ƒµÿƒ∏¿∞»¿»ÿ¥¿‡¥Ã¡PƒÿËƒ‘Ë¿¿¨¿¿Ë¿¿∞¿∏¿∞¿∏¿∞¿∏¿∞¿∏¿∞¿∏¿∞¿∏ÿƒ»‘‘¿ÿƒ–‘‰»‘»‡ƒ∞»∏ƒ»–»‹¿¿ÿ‹Ãÿ»‘‡‡‘∞¿∏¿–»ÿÿ–‰‹Ã‘»‘‡‘ÿ»Ã∞¿∏¿∞¿∏¿∞¿∏¿∞¿∏–ÿ‡–ƒÿ‡–‹‡‰ƒÃ‰ÿ»∞ƒ»‘∞ƒ»‡‡∞±ôÖ±Õî±—ïÖµ}…ïçΩπç•±•Ö—•Ωπ}Öπë}ç’……ïπ—}›ïï≠±Â}…Ω±î(»¿»ÿ∞ƒ±A|¡…‡Ÿ±IÂ≠ï∏Å5ΩΩ∏±}]M ±]ÖÕ°•πù—Ω∏±I±]ÖÕ°•πù—Ω∏ÅM—Ö—î±Q…’î∞»¿»ÿ¥¿‰¥¿ŸP»¿Ë¿¡h∞–¿ƒ‡‘‡–Ã‹∞Ã‹∏¿∞‘¿∏‘∞¿∏¿∞±5%U4±	Ω—ïÖ¥Å…ΩÕ—ï»∞∞¿∏Ã‹–»‰‹‘‹¿–»»‹ÿ‰‰‘±›ïï¨ƒµÿƒ∏¿∞»¿»ÿ¥¿‡¥Ã¡PƒÿËƒ‘Ë¿¿¨¿¿Ë¿¿∞¿∏¿∞¿∏¿∞¿∏¿∞¿∏¿∞¿∏¿∞¿∏‘»‰‹–ÿ‰–Ã–»‡‘‘ƒ‹∞»∏‰¿ÿÿ‘ÿƒÃ¿‘»‘»‰»Ã∞¿∏¿»‰–ÿ–¿‹‹ÿ‘¿»ƒ‘»Ã∞¿∏¿∞¿∏¿∞¿∏¿∞¿∏–ÿ‹–‘¿¿‹‡‰‘Ã‡»¿ÿ∞Ã‘‘∞ƒ»‡‰∞±ôÖ±Õî±—ïÖµ}…ïçΩπç•±•Ö—•Ωπ}Öπë}ç’……ïπ—}›ïï≠±Â}…Ω±î(»¿»ÿ∞ƒ±A|‹‡≈ƒ»±»ùµÖ…§ÅQΩ›πÃ±}AUH±A’…ë’î±Q±%πë•ÖπÑÅM—Ö—î±Q…’î∞»¿»ÿ¥¿‰¥¿—P»ÃË¿¡h∞–¿ƒ‡‘‡–Ã‘∞–ÿ∏¿∞‘ÿ∏‘∞¿∏¿∞±5=11}=9}Q5}IQL±	Ω—ïÖ¥Å…ΩÕ—ï»∞∞¿∏»–¿–»ƒ¿»‹Ã‰‹‘–ÿÿ±›ïï¨ƒµÿƒ∏¿∞»¿»ÿ¥¿‡¥Ã¡PƒÿËƒ‘Ë¿¿¨¿¿Ë¿¿∞¿∏¿∞¿∏¿∞¿∏¿∞¿∏¿∞¿∏¿∞¿∏¿∞¿∏¿∞¿∏¿∞¿∏ƒÿ¿‹‡‰–‰ÿƒƒÃ–‡–»‡∞ƒ∏‰Ã»‹‰‹‹‹»–¿‡Ã‡ƒ–∞¿∏¿ƒ‡‡‹¿Ãƒ¿‘ƒ‹¿Ã‰ƒ»∞¿∏–ÿ‹»‰ƒƒÃÿ–‘ÿ‘‘‹»∞»‹‹∞ƒ»‰¿∞±ôÖ±Õî±—ïÖµ}…ïçΩπç•±•Ö—•Ωπ}Öπë}ç’……ïπ—}›ïï≠±Â}…Ω±î(»¿»ÿ∞ƒ±A|‡¿’Õ’±…ïÂÕΩ∏Å1Öâ•Öê±}MT±±Ω…•ëÑÅM—Ö—î±Q±M5T±Q…’î∞»¿»ÿ¥¿‰¥¿›P»ÃËÃ¡h∞–¿ƒ‡‘‡»ƒ»∞»‘∏»‘∞‘Ã∏‘∞¿∏¿∞±5=11}=9}Q5}IQL±	Ω—ïÖ¥Å…ΩÕ—ï»∞∞¿∏»‹‘‡‘»‰–‘––ƒ‰‡‹Ã±›ïï¨ƒµÿƒ∏¿∞»¿»ÿ¥¿‡¥Ã¡PƒÿËƒ‘Ë¿¿¨¿¿Ë¿¿∞¿∏¿∞¿∏¿∞¿∏¿∞¿∏¿∞¿∏¿∞¿∏¿∞¿∏¿∞¿∏¿∞¿∏ƒ‹––‹‘–Ã‘»ƒ‡‘‹¿‹‡∞»∏¿»‡‰ÿÿ‰ƒ–ÿÿƒ–ÃÃÃ∞¿∏¿ƒ–‰ÿƒ–ƒ‰ÿ‘¿¿ÿƒ‰ÿÃ∞¿∏–ÿ‹ƒ–¿ÿ––‘‡‘¿‡‘‡ÿ∞»‹‡∞ƒ»‰ƒ∞±ôÖ±Õî±—ïÖµ}…ïçΩπç•±•Ö—•Ωπ}Öπë}ç’……ïπ—}›ïï≠±Â}…Ω±î(»¿»ÿ∞ƒ±A|»ƒÂ‰‘±)ÖŸΩπ—îÅ]•±±•ÖµÃ±}5±5Ö…Â±Öπê±Q±!Öµ¡—Ω∏±Q…’î∞»¿»ÿ¥¿‰¥¿ŸP¿¿Ë¿¡h∞–¿ƒ‡‘‡–»‹∞‘ƒ∏¿∞‘ÿ∏‘∞¿∏¿∞±5=11}=9}Q5}IQL±	Ω—ïÖ¥Å…ΩÕ—ï»∞∞¿∏»‹‡‰Ã¿¿‘ÃÃ‘ÿ‹»‰‘‘±›ïï¨ƒµÿƒ∏¿∞»¿»ÿ¥¿‡¥Ã¡PƒÿËƒ‘Ë¿¿¨¿¿Ë¿¿∞¿∏¿∞¿∏¿∞¿∏¿∞¿∏¿∞¿∏¿∞¿∏¿∞¿∏¿∞¿∏¿∞¿∏ƒÿƒÃÿ‡‹‡ƒÃ¿‹‹Ã‹‡‘∞ƒ∏‰ƒ¿Ã»‘‘ÿÃ»–ÿƒ‘»‰∞¿∏¿ƒ‡‡‘‘‡»Ã‡ÿ‡ƒ‘‘Ã‘∞¿∏–ÿ‘‘Ãÿ»‡¿‡–ƒ»‡‘Ã∞»‹‰∞ƒ»‰»∞±ôÖ±Õî±—ïÖµ}…ïçΩπç•±•Ö—•Ωπ}Öπë}ç’……ïπ—}›ïï≠±Â}…Ω±î(»¿»ÿ∞ƒ±A|ÿ’	‡ƒÃ¿±)ÖÂ±•∏Å	…Ω›∏±}A%QP±A•—–±I±5•Öµ§Ä°= §±Q…’î∞»¿»ÿ¥¿‰¥¿’PƒÿËÃ¡h∞–¿ƒ‡‘‡»¿‹∞ÃÃ∏¿∞–‰∏‘∞¿∏¿∞±5%U4±	Ω—ïÖ¥Å…ΩÕ—ï»∞∞¿∏Ã‰ÿ‹Ã–‘‰‰‡Ãÿ¿»–ƒÿ±›ïï¨ƒµÿƒ∏¿∞»¿»ÿ¥¿‡¥Ã¡PƒÿËƒ‘Ë¿¿¨¿¿Ë¿¿∞¿∏¿∞¿∏¿∞¿∏¿∞¿∏¿∞¿∏¿∞¿∏ÿ¿‹‹‰‡¿‹»ÿ‰‘‡‘Ã∞»∏‡‡‰‰Ã‘‡‰¿–‹‘–»»∞¿∏¿»‹¿‡ÿ‹»¿–‹ƒ‹ƒ–¿‘‘∞¿∏¿∞¿∏¿∞¿∏¿∞¿∏–‘ƒ‘ƒÃ‰ƒƒ‡‹‹‡»ÿÿ∞Ã‘ÿ∞ƒ»‰Ã∞±ôÖ±Õî±—ïÖµ}…ïçΩπç•±•Ö—•Ωπ}Öπë}ç’……ïπ—}›ïï≠±Â}…Ω±î(»¿»ÿ∞ƒ±A|≈Ã‰…‹±E’•π—ï∏Å)ΩÂπï»±}QQT±Qï·ÖÃÅQïç†±I±â•±ïπîÅ°…•Õ—•Ö∏±Q…’î∞»¿»ÿ¥¿‰¥¿’P»ÃË¿¡h∞–¿ƒ‡‘ÿ‹‹¿∞‘ƒ∏¿∞‘‰∏‘∞¿∏¿∞±5%U4±	Ω—ïÖ¥Å…ΩÕ—ï»∞∞¿∏Ã‘–ÿ‘‰Ã‰ƒ‡ƒÃ‰‹±›ïï¨ƒµÿƒ∏¿∞»¿»ÿ¥¿‡¥Ã¡PƒÿËƒ‘Ë¿¿¨¿¿Ë¿¿∞¿∏¿∞¿∏¿∞¿∏¿∞¿∏¿∞¿∏¿∞¿∏ƒ¿‘–ÿ¿‡‹‘ÿƒ–ƒ‰‰Ã∞¿∏ÿÃ¿ÿƒÿ‹‘»ƒÿ»Ã‘‰ƒ∞¿∏¿¿ÿÿ¿‡‘‡ÿƒ‡––ƒÿ‘–ƒÿ∞¿∏ƒƒƒ»Ã‡¿‡‹¿ƒ‰–ÿƒ»‘∞ƒ∏–»Ã¿‘–¿¿‘‹‘»Ã‘ÿ∞¿∏¿ƒ‘‹Ã‡–»ƒ¿‡ÿƒÃ‹»‰∞¿∏–‘¿ÿ‡‹»¿ÿ–Ã–»‘‘‹‘∞Ã‘‹∞ƒ»‰–∞±ôÖ±Õî±—ïÖµ}…ïçΩπç•±•Ö—•Ωπ}Öπë}ç’……ïπ—}›ïï≠±Â}…Ω±î(»¿»ÿ∞ƒ±A|Õ‘‡’‘ÿ±	Â…Ω∏Å1Ω’•Ã±}1±±Ω…•ëÑ±I±±Ω…•ëÑÅ—±Öπ—•å±Q…’î∞»¿»ÿ¥¿‰¥¿’P»ÃË–’h∞–¿ƒ‡‘ÿÿÃ‹∞–Ã∏‘∞‘‰∏‘∞¿∏¿∞±5%U4±	Ω—ïÖ¥Å…ΩÕ—ï»∞∞¿∏Ãÿ»–ÿ¿»‰»‰ƒ»»ÿ»‹±›ïï¨ƒµÿƒ∏¿∞»¿»ÿ¥¿‡¥Ã¡PƒÿËƒ‘Ë¿¿¨¿¿Ë¿¿∞¿∏¿∞¿∏¿∞¿∏¿∞¿∏¿∞¿∏¿∞¿∏»‰‰‹»‡‹–Ã‘‰ÿ‘‡»∞ƒ∏‘‘ÿ»‡ƒ»ÿ‰‰–ÿ‹‡Ã»∞¿∏¿ƒ‘–¿‘Ã‹‡¿Ãƒÿÿ‹Ã¿»∞¿∏¿ÿÿ»‹ƒ‡‘Ã‹ƒÃ‰‡‰‘∞¿∏‡Ã¿‘‰–»‘‘»»Ãƒ–‰Ã∞¿∏¿¿‡–ƒÃÿ‡–‘»ƒÿ‘‰ÃÃ∞¿∏––‹‡‹Ã‹‡ƒ‘‘¿‰–»‘–∞Ã‘‡∞ƒ»‰‘∞±ôÖ±Õî±—ïÖµ}…ïçΩπç•±•Ö—•Ωπ}Öπë}ç’……ïπ—}›ïï≠±Â}…Ω±î(»¿»ÿ∞ƒ±A}		‡Ÿ±1Ω•åÅQÕ°•âÖπù‘±}QQT±Qï·ÖÃÅQïç†±I±â•±ïπîÅ°…•Õ—•Ö∏±Q…’î∞»¿»ÿ¥¿‰¥¿’P»ÃË¿¡h∞–¿ƒ‡‘ÿ‹‹¿∞‘ƒ∏¿∞‘‰∏‘∞¿∏¿∞±5%U4±	Ω—ïÖ¥Å…ΩÕ—ï»∞∞¿∏Ã–¿ƒ¿‰¿¿‰ÿ‹Ã»‰‡–Ã±›ïï¨ƒµÿƒ∏¿∞»¿»ÿ¥¿‡¥Ã¡PƒÿËƒ‘Ë¿¿¨¿¿Ë¿¿∞¿∏¿∞¿∏¿∞¿∏¿∞¿∏¿∞¿∏¿∞¿∏ÃÃ–Ã‘‹ÿ‹‡‡–‡‘ÿ–‰Ã∞ƒ∏‰‰‰ÃÃ–Ã‹ƒ‡¿–ƒƒ‘–∞¿∏¿»¿‰‘»ƒ––‡¿–ÿÃ–ƒ∞¿∏¿Ã‹‰‘‰–‘ÿƒ‘–ƒƒƒ‡‡∞¿∏–‡‘ÿƒ¿»‘‹‰‰–¿‰ƒ‹–∞¿∏¿¿‘Ã‹¿ÿ‘‰ÿ–ÿ‰¿Ãÿÿ∞¿∏–––Ã‰¿‹–‘‡–Ãƒ‘‰»–∞Ã‘‰∞ƒ»‰ÿ∞±ôÖ±Õî±—ïÖµ}…ïçΩπç•±•Ö—•Ωπ}Öπë}ç’……ïπ—}›ïï≠±Â}…Ω±î(»¿»ÿ∞ƒ±A}ƒ–‘ÿÃÃ‰±9•ç¨ÅŸï…Ã±}5%h±5•ÕÕΩ’…§±E±…≠ÖπÕÖÃµA•πîÅ	±’ôò±Q…’î∞»¿»ÿ¥¿‰¥¿—P¿¿Ë¿¡h∞–¿ƒ‡‘ÿÿÿÃ∞‘‹∏‘∞ÿ¿∏‘∞¿∏¿–ƒ–ƒ‰‡»¿‹‡Ã‡‰ƒÿƒ±1=\±!% ±	Ω—ïÖ¥Å…ΩÕ—ï»∞∞ƒ∏ƒƒ–‹‰»¿¿ÿ‰¿¿‘»ÿ»±›ïï¨ƒµÿƒ∏¿∞»¿»ÿ¥¿‡¥Ã¡PƒÿËƒ‘Ë¿¿¨¿¿Ë¿¿∞¿∏¿∞¿∏¿∞¿∏¿∞¿∏¿∞¿∏¿∞¿∏‘‰‡»»‡ƒÃ‰»ƒ‡–‰‡Ã∞ƒ∏‰‹‰‰‹ƒÿ‰‘¿‡–‰‰¿‡∞¿∏¿–ƒ¿ƒ‘¿ƒ‹‰‹‹ÿƒÿÃ‰∞¿∏¿∞¿∏¿∞¿∏¿∞¿∏–––¿‡‹»‹‹Ã‹–ƒ‰‹–‘∞ƒ»ÿ∞ƒ»‰‹∞±ôÖ±Õî±—ïÖµ}…ïçΩπç•±•Ö—•Ωπ}Öπë}ç’……ïπ—}›ïï≠±Â}…Ω±î(»¿»ÿ∞ƒ±A}–›·±ÖµΩ∏Å!Ö±∞Å)»∏±}5±5Ö…Â±Öπê±Q±!Öµ¡—Ω∏±Q…’î∞»¿»ÿ¥¿‰¥¿ŸP¿¿Ë¿¡h∞–¿ƒ‡‘‡–»‹∞‘ƒ∏¿∞‘ÿ∏‘∞¿∏¿∞±5=11}=9}Q5}IQL±	Ω—ïÖ¥Å…ΩÕ—ï»∞∞¿∏»ÿ‘‹»»ƒ‘¿‘ƒ‡ÿ‘Ã‰±›ïï¨ƒµÿƒ∏¿∞»¿»ÿ¥¿‡¥Ã¡PƒÿËƒ‘Ë¿¿¨¿¿Ë¿¿∞¿∏¿∞¿∏¿∞¿∏¿∞¿∏¿∞¿∏¿∞¿∏¿∞¿∏¿∞¿∏¿∞¿∏ƒ‘Ã‹»‹ÿ–»‹‘Ãÿ¿ƒ‰‡∞ƒ∏‡ƒ‰‡ÿ‹‹‹‰‘ÿ‘‰ÿƒ»∞¿∏¿ƒ‹‰ÿ»‰ÿ»–»ÿ–»ÃÃ‡∞¿∏––Ã–‰»ƒ‰‘»ÿ‡‹Ã‡–∞»‡¿∞ƒ»‰‡∞±ôÖ±Õî±—ïÖµ}…ïçΩπç•±•Ö—•Ωπ}Öπë}ç’……ïπ—}›ïï≠±Â}…Ω±î(»¿»ÿ∞ƒ±A|‰Ãƒ‰‘ÿ¡±QΩπ‰Å	ΩùùÃ±}U-±’≠î±Q±Q’±Öπî±Q…’î∞»¿»ÿ¥¿‰¥¿’Pƒ‰ËÃ¡h∞–¿ƒ‡‘‡»¿‰∞Ã¿∏¿∞‘¿∏‘∞¿∏¿∞±5=11}=9}Q5}IQL±	Ω—ïÖ¥Å…ΩÕ—ï»∞∞¿∏»Ã¿‘‘ÃÃ‰ÿƒÿƒ‘Ãƒÿ±›ïï¨ƒµÿƒ∏¿∞»¿»ÿ¥¿‡¥Ã¡PƒÿËƒ‘Ë¿¿¨¿¿Ë¿¿∞¿∏¿∞¿∏¿∞¿∏¿∞¿∏¿∞¿∏¿∞¿∏¿∞¿∏¿∞¿∏¿∞¿∏ƒ‘Ã¿¿‹Ã–Ã‘Ã‘‘¿¿‘‡∞ƒ∏‰¿–‡‘¿‹–ƒÃÿ‰ÿÃ»‹∞¿∏¿ƒÿ¿¿ƒ»Ã‹»‘ƒ‘‰‹–ÿÃ∞¿∏–Ã‰–‰‰‡–ƒƒ‡»¿–‡ÿÿ∞»‡ƒ∞ƒ»‰‰∞±ôÖ±Õî±—ïÖµ}…ïçΩπç•±•Ö—•Ωπ}Öπë}ç’……ïπ—}›ïï≠±Â}…Ω±î(»¿»ÿ∞ƒ±A}—…	±QÂ±ï»Å°ï……‰±}%9±%πë•ÖπÑ±E±9Ω…—†ÅQï·ÖÃ±Q…’î∞»¿»ÿ¥¿‰¥¿’PƒÿË¿¡h∞–¿ƒ‡‘‡–»‘∞–‡∏¿∞‘‘∏‘∞¿∏¿¿‰ƒƒ–Ã‹ÿ‡»‡‡‘ÿ¿ÿ»±1=\±!% ±	Ω—ïÖ¥Å…ΩÕ—ï»∞∞ƒ∏¿¿‘ƒ‰‰»ÿ–‡¿ƒ»–‘‡±›ïï¨ƒµÿƒ∏¿∞»¿»ÿ¥¿‡¥Ã¡PƒÿËƒ‘Ë¿¿¨¿¿Ë¿¿∞¿∏¿∞¿∏¿∞¿∏¿∞¿∏¿∞¿∏¿∞¿∏‘‡ƒƒ‡¿ƒÿ‘ÃÃ»‰‘ÿ‡∞ƒ∏‰ƒ–ƒÿÃÿ–Ã–ƒ‰––‘ƒ∞¿∏¿–¿ÿ‰ÃÃ»‘Ã‰‰Ã‡Ã‡‘‘∞¿∏¿∞¿∏¿∞¿∏¿∞¿∏–Ã‘‘‹ÿÃƒÿ‹Ã‡»–‹ÿ‘∞ƒ»‹∞ƒÃ¿¿∞±ôÖ±Õî±—ïÖµ}…ïçΩπç•±•Ö—•Ωπ}Öπë}ç’……ïπ—}›ïï≠±Â}…Ω±î(»¿»ÿ∞ƒ±A|–Õ—±ΩΩ¡ï»Å5ç’—ç°Ö∏±}AUH±A’…ë’î±Q±%πë•ÖπÑÅM—Ö—î±Q…’î∞»¿»ÿ¥¿‰¥¿—P»ÃË¿¡h∞–¿ƒ‡‘‡–Ã‘∞–ÿ∏¿∞‘ÿ∏‘∞¿∏¿∞±5=11}=9}Q5}IQL±	Ω—ïÖ¥Å…ΩÕ—ï»∞∞¿∏»»¿‘Ã‰»–ƒ–Ã‘‘‰‘»‘±›ïï¨ƒµÿƒ∏¿∞»¿»ÿ¥¿‡¥Ã¡PƒÿËƒ‘Ë¿¿¨¿¿Ë¿¿∞¿∏¿∞¿∏¿∞¿∏¿∞¿∏¿∞¿∏¿∞¿∏¿∞¿∏¿∞¿∏¿∞¿∏ƒ–‹–‰»‡‰‘ÿ–¿»‰‹Ã‡∞ƒ∏‹‹»‰ÿÃ‹¿ƒƒ‹ÿ»‘‹ÿ∞¿∏¿ƒ‹Ã¿‰‡ƒÿ‰ƒÿÃ¿ÿ‰»∞¿∏–»‡ÿ–‡ƒÿ‹»‘‘‹ÿ–‹∞»‡»∞ƒÃ¿ƒ∞±ôÖ±Õî±—ïÖµ}…ïçΩπç•±•Ö—•Ωπ}Öπë}ç’……ïπ—}›ïï≠±Â}…Ω±î(»¿»ÿ∞ƒ±A|ƒƒ‘≈±1’ç≠‰Å•πÖ‘±}	eT±	eT±I±U—Ö†ÅQïç†±Q…’î∞»¿»ÿ¥¿‰¥¿ŸP¿¿Ë¿¡h∞–¿ƒ‡‘ÿ‹‹‘∞‘»∏‘∞‘–∏‘∞¿∏¿∞±5%U4±	Ω—ïÖ¥Å…ΩÕ—ï»∞∞¿∏Ã»‡‰¿ƒ‰‘Ã¿‡‘¿ÿ‡‹±›ïï¨ƒµÿƒ∏¿∞»¿»ÿ¥¿‡¥Ã¡PƒÿËƒ‘Ë¿¿¨¿¿Ë¿¿∞¿∏¿∞¿∏¿∞¿∏¿∞¿∏¿∞¿∏¿∞¿∏––‰Ãƒ‰‡‘ƒ‡‹‘‡‘»‹‹∞»∏ÿÃ‡ƒ‡Ã‰Ã–‘ƒ–ƒ‰ƒ‘∞¿∏¿»‹Ã¿‘–‘¿‹–‘–Ã‰ƒ–∞¿∏¿∞¿∏¿∞¿∏¿∞¿∏–»‹ÿ‘ƒ¿‰‹‰»–¿‘–∞Ãÿ¿∞ƒÃ¿»∞±ôÖ±Õî±—ïÖµ}…ïçΩπç•±•Ö—•Ωπ}Öπë}ç’……ïπ—}›ïï≠±Â}…Ω±î(»¿»ÿ∞ƒ±A|‡–ƒ‡Â±	Ωë•îÅ	ΩÂëÕ—’∏±}=-MP±=≠±Ö°ΩµÑÅM—Ö—î±Q±Q’±ÕÑ±Ö±Õî∞»¿»ÿ¥¿‰¥¿’Pƒ‰Ë–’h∞–¿ƒ‡‘ÿ‹‹»∞Ã‹∏»‘∞ÿ¿∏‘∞¿∏¿∞±5=11}=9}Q5}IQL±	Ω—ïÖ¥Å…ΩÕ—ï»∞∞¿∏ƒ‹»ƒƒ¿‘Ã¿»‰–‡Ã¿ƒ–±›ïï¨ƒµÿƒ∏¿∞»¿»ÿ¥¿‡¥Ã¡PƒÿËƒ‘Ë¿¿¨¿¿Ë¿¿∞¿∏¿∞¿∏¿∞¿∏¿∞¿∏¿∞¿∏¿∞¿∏¿∞¿∏¿∞¿∏¿∞¿∏ƒÃ‡‡––––»»‘ƒ‹ÿ‰ƒ∞ƒ∏‡‘‹‡‹‘‡‹‡–¿»‹‡ƒÿ∞¿∏¿ƒÿ‡ƒ¿‰‘ÿ‰‘ÿ‹‰ƒ‡ÿ∞¿∏–»‘–‰‹‹‹ƒ‡Ã»‹‰‡Ã‘∞»‡Ã∞ƒÃ¿Ã∞±ôÖ±Õî±—ïÖµ}…ïçΩπç•±•Ö—•Ωπ}Öπë}ç’……ïπ—}›ïï≠±Â}…Ω±î(»¿»ÿ∞ƒ±A|¡‹–‡–‹‘±	Ω›îÅ	ïπ—±ï‰±}=T±=≠±Ö°ΩµÑ±E±UQ@±Q…’î∞»¿»ÿ¥¿‰¥¿’P¿¿Ë¿¡h∞–¿ƒ‡‘ÿÿÿ–∞–ÿ∏¿∞‘¿∏‘∞¿∏¿¿‰‡Ãƒ‡ÿ»‹¿Ã‡‘–ƒƒÿ±1=\±!% ±	Ω—ïÖ¥Å…ΩÕ—ï»∞∞ƒ∏¿ÿ‘¿‡»–ƒ–ÿ‰ƒƒ‹ÿÿ±›ïï¨ƒµÿƒ∏¿∞»¿»ÿ¥¿‡¥Ã¡PƒÿËƒ‘Ë¿¿¨¿¿Ë¿¿∞¿∏¿∞¿∏¿∞¿∏¿∞¿∏¿∞¿∏¿∞¿∏ÿ»Ãÿÿ‹ÃÃÿ‰¿–ƒ»‡‰∞ƒ∏‡ÿÿ¿‡‡‰‘ƒ»‘¿Ã¿ÿ‘∞¿∏¿Ã‰Ã‘Ã–‹¿‹ÿ»¿Ã–»∞¿∏¿∞¿∏¿∞¿∏¿∞¿∏–»»‹»‰‹ƒ‰ÿ‰‹»Ã‘‡Ã∞ƒ»‡∞ƒÃ¿–∞±ôÖ±Õî±—ïÖµ}…ïçΩπç•±•Ö—•Ωπ}Öπë}ç’……ïπ—}›ïï≠±Â}…Ω±î(»¿»ÿ∞ƒ±A|Ãÿ·»…±±ï‡Å5ÖπÕ≠î±}AMT±Aïπ∏ÅM—Ö—î±E±5Ö…Õ°Ö±∞±Q…’î∞»¿»ÿ¥¿‰¥¿’Pƒ‰ËÃ¡h∞–¿ƒ‡‘‡–Ã–∞Ã‰∏‘∞‘–∏‘∞¿∏¿ƒƒ¿Ãƒ»––Ã‡ÿÿ¿–ÃÃ±1=\±!% ±	Ω—ïÖ¥Å…ΩÕ—ï»∞∞¿∏‹ÿ–»‰»»»¿‰»‹ƒ‰‘‘±›ïï¨ƒµÿƒ∏¿∞»¿»ÿ¥¿‡¥Ã¡PƒÿËƒ‘Ë¿¿¨¿¿Ë¿¿∞¿∏¿∞¿∏¿∞¿∏¿∞¿∏¿∞¿∏¿∞¿∏–‰Ã‰‹‰ÿ‡¿»»»¿»‡‰∞ƒ∏‹ƒ‹ÃÿƒÃƒÿ¿¿‰‡‡–ÿ∞¿∏¿Ã‰‡–‘¿ƒ‘ÃÃ»–‘ƒÿ‹‘∞¿∏¿∞¿∏¿∞¿∏¿∞¿∏–ƒ¿‡¿ÿ»»Ã‘‰‘ÿ‰‡‘∞ƒ»‰∞ƒÃ¿‘∞±ôÖ±Õî±—ïÖµ}…ïçΩπç•±•Ö—•Ωπ}Öπë}ç’……ïπ—}›ïï≠±Â}…Ω±î(»¿»ÿ∞ƒ±A|‹ÃÕ—¿±)Öç¨Å9•ç≠ï∞±}5%±5•Öµ§±Q±M—ÖπôΩ…ê±Ö±Õî∞»¿»ÿ¥¿‰¥¿’P¿ƒË¿¡h∞–¿ƒ‡‘‡»¿ÿ∞Ãÿ∏¿∞–‹∏‘∞¿∏¿∞±5=11}=9}Q5}IQL±	Ω—ïÖ¥Å…ΩÕ—ï»∞∞¿∏»ÿ‘‡‘‹ƒ¿––‡Ã–‡ÿ‹ÿ±›ïï¨ƒµÿƒ∏¿∞»¿»ÿ¥¿‡¥Ã¡PƒÿËƒ‘Ë¿¿¨¿¿Ë¿¿∞¿∏¿∞¿∏¿∞¿∏¿∞¿∏¿∞¿∏¿∞¿∏¿∞¿∏¿∞¿∏¿∞¿∏ƒ»‰‡‡‡–¿‡‡»¿ƒ¿ÿ‡Ã∞ƒ∏‹Ã‡»¿ÿƒ–‰Ã»ƒÃ‡ƒ∞¿∏¿ƒ‹¿‘ÿ‰‰‘ƒ‰Ã¿¿ÿ»‘∞¿∏–¿ÿ¿‘¿‰‰–‰ƒ¿»‡»–ÿ∞»‡–∞ƒÃ¿ÿ∞±ôÖ±Õî±—ïÖµ}…ïçΩπç•±•Ö—•Ωπ}Öπë}ç’……ïπ—}›ïï≠±Â}…Ω±î(»¿»ÿ∞ƒ±A}‡»ÿ¡±1’≠îÅMΩ…ïπÕï∏±}9±9ïâ…ÖÕ≠Ñ±Q±=°•º±Q…’î∞»¿»ÿ¥¿‰¥¿’PƒÿË¿¡h∞–¿ƒ‡‘‡–Ã¿∞Ã‘∏‘∞–‹∏‘∞¿∏¿∞±5=11}=9}Q5}IQL±	Ω—ïÖ¥Å…ΩÕ—ï»∞∞¿∏»‡‹ƒ¿¿»‰‰¿‰¿‰ƒ‡–±›ïï¨ƒµÿƒ∏¿∞»¿»ÿ¥¿‡¥Ã¡PƒÿËƒ‘Ë¿¿¨¿¿Ë¿¿∞¿∏¿∞¿∏¿∞¿∏¿∞¿∏¿∞¿∏¿∞¿∏¿∞¿∏¿∞¿∏¿∞¿∏ƒÃ‘–Ã¿ƒ–ÿ»»‘‘––¿ÿ∞ƒ∏ÿ»–ÿÃ‘ÿ–¿»ƒƒ‹»‹‹∞¿∏¿ƒ‹ƒÿ‡‡»»ÿ–‡‹‹‘‘‡∞¿∏–¿¿‰¿ÿÿ–ÿƒÃ‰Ã‹¿Ã∞»‡‘∞ƒÃ¿‹∞±ôÖ±Õî±—ïÖµ}…ïçΩπç•±•Ö—•Ωπ}Öπë}ç’……ïπ—}›ïï≠±Â}…Ω±î(»¿»ÿ∞ƒ±A}ƒ’±5Ö…ç’ÃÅIΩµÖ•∏±}9\±9Ω…—°›ïÕ—ï…∏±I±MΩ’—†ÅÖ≠Ω—ÑÅM—Ö—î±Q…’î∞»¿»ÿ¥¿‰¥¿ŸP¿¿Ë¿¡h∞–¿ƒ‡‘‡–Ãƒ∞»‰∏‘∞–ÿ∏‘∞¿∏¿∞±5%U4±	Ω—ïÖ¥Å…ΩÕ—ï»∞∞¿∏Ã–»‰ÿ‹¿¿ÃÿÃ‡ƒ»Ã‡±›ïï¨ƒµÿƒ∏¿∞»¿»ÿ¥¿‡¥Ã¡PƒÿËƒ‘Ë¿¿¨¿¿Ë¿¿∞¿∏¿∞¿∏¿∞¿∏¿∞¿∏¿∞¿∏¿∞¿∏ƒ¿»¿ÿ‰Ã‹‡¿»ƒ¿ÿ–»–∞¿∏‘¿‹»Ã‘‰Ã‹¿ÿÿ»ƒ–Ã∞¿∏¿¿‘»ÃÃ‡‡‘»‹¿ƒÿ‰Ãÿÿ∞¿∏ƒƒÃ‹¿‡»»‡ÿ¿ÿ–ƒ–ƒ∞ƒ∏Ã¿‡‘¿‡ÿƒ¿ƒƒƒƒÃ‹ÿ∞¿∏¿ƒ»Ã»ÿ‹‹Ã‘ÿ¿‰‹ÿƒÃÃ∞¿∏–¿¿ÿ–ÿÿÃÿÃƒƒ¿»»»ÿ∞Ãÿƒ∞ƒÃ¿‡∞±ôÖ±Õî±—ïÖµ}…ïçΩπç•±•Ö—•Ωπ}Öπë}ç’……ïπ—}›ïï≠±Â}…Ω±î(»¿»ÿ∞ƒ±A}‹ÿ‹Ã¿Ã‹±)Ñù5•ç°Öï∞Å)ΩπïÃ±}5%ML±=±îÅ5•ÕÃ±I±1Ω’•ÕŸ•±±î±Q…’î∞»¿»ÿ¥¿‰¥¿ŸP»ÃËÃ¡h∞–¿ƒ‡‘ÿÿÿƒ∞Ãƒ∏¿∞‘‘∏‘∞¿∏¿∞±5%U4±	Ω—ïÖ¥Å…ΩÕ—ï»∞∞¿∏Ã‡»‰–‘ƒ‰‘ÿÿÿ‹–¿‰±›ïï¨ƒµÿƒ∏¿∞»¿»ÿ¥¿‡¥Ã¡PƒÿËƒ‘Ë¿¿¨¿¿Ë¿¿∞¿∏¿∞¿∏¿∞¿∏¿∞¿∏¿∞¿∏¿∞¿∏–‰ƒÃ‘‰ƒ»–‰‹‹Ã»ÿƒ∞»∏‘ÿ‡‰¿ƒ‰‘‡¿‹ÿ‰ƒ‰‘∞¿∏¿»Ã‡¿ÿ¿Ã»ÿÿÿ‘Ãƒ»»∞¿∏¿∞¿∏¿∞¿∏¿∞¿∏Ã‰‰‹»ÿÃ‰ƒ‡¿ÿ‡‹‰Ã∞Ãÿ»∞ƒÃ¿‰∞±ôÖ±Õî±—ïÖµ}…ïçΩπç•±•Ö—•Ωπ}Öπë}ç’……ïπ—}›ïï≠±Â}…Ω±î(»¿»ÿ∞ƒ±A}Â’ÿ…±π—°Ωπ‰Åï……’çç§±}	±	ΩÕ—Ω∏ÅΩ±±ïùî±I±•πç•ππÖ—§±Ö±Õî∞»¿»ÿ¥¿‰¥¿’Pƒ‰ËÃ¡h∞–¿ƒ‡‘ÿ‹‹‹∞»»∏¿∞‘ƒ∏‘∞¿∏¿∞±5%U4±	Ω—ïÖ¥Å…ΩÕ—ï»∞∞¿∏–ÿ¿ÿƒ‰ÿ‡–ÿ»‘‰Ã–ÿ‹±›ïï¨ƒµÿƒ∏¿∞»¿»ÿ¥¿‡¥Ã¡PƒÿËƒ‘Ë¿¿¨¿¿Ë¿¿∞¿∏¿∞¿∏¿∞¿∏¿∞¿∏¿∞¿∏¿∞¿∏‘‰‹ÿ‡‘–»Ã–‰Ã‹‰‹∞»∏‘‹»‡ƒ‡–Ãƒƒ‡¿»ÃÃ∞¿∏¿»»ÿ‰»»¿ÿ‘‰‡‡‹–‡Ã‡∞¿∏¿∞¿∏¿∞¿∏¿∞¿∏Ã‰Ã–Ã‘¿‡»‹ƒƒ»‹»Ã‹∞ÃÿÃ∞ƒÃƒ¿∞±ôÖ±Õî±—ïÖµ}…ïçΩπç•±•Ö—•Ωπ}Öπë}ç’……ïπ—}›ïï≠±Â}…Ω±î(»¿»ÿ∞ƒ±A}ƒ‰¿‰—ÿ±)ÖÕΩ∏Å1±ï›ï±±Â∏±}QQT±Qï·ÖÃÅQïç†±Q±â•±ïπîÅ°…•Õ—•Ö∏±Q…’î∞»¿»ÿ¥¿‰¥¿’P»ÃË¿¡h∞–¿ƒ‡‘ÿ‹‹¿∞‘ƒ∏¿∞‘‰∏‘∞¿∏¿∞±5=11}=9}Q5}IQL±	Ω—ïÖ¥Å…ΩÕ—ï»∞∞¿∏»‘‘ƒÃ»Ã‘–‰––Ã–Ãƒ±›ïï¨ƒµÿƒ∏¿∞»¿»ÿ¥¿‡¥Ã¡PƒÿËƒ‘Ë¿¿¨¿¿Ë¿¿∞¿∏¿∞¿∏¿∞¿∏¿∞¿∏¿∞¿∏¿∞¿∏¿∞¿∏¿∞¿∏¿∞¿∏ƒ»‘»ÿƒ»ƒ‹»‡‰‹‹‹»–∞ƒ∏ÿ¿»–‘¿¿–¿Ã»ƒÿ¿–∞¿∏¿ƒ‹‹»»–‹ƒƒ¿‰–ƒƒ‰ÿ»∞¿∏Ã‰ƒ‡–ƒ¿–‹‰‹‡–¿‰–∞»‡ÿ∞ƒÃƒƒ∞±ôÖ±Õî±—ïÖµ}…ïçΩπç•±•Ö—•Ωπ}Öπë}ç’……ïπ—}›ïï≠±Â}…Ω±î(»¿»ÿ∞ƒ±A|—ÿÃ‹‡≈±1’≠îÅ9•ç≠ï∞±}5%±5•Öµ§±E±M—ÖπôΩ…ê±Ö±Õî∞»¿»ÿ¥¿‰¥¿’P¿ƒË¿¡h∞–¿ƒ‡‘‡»¿ÿ∞Ãÿ∏¿∞–‹∏‘∞¿∏¿Ã»––»»ƒ––Ã‰–»‰‡‡±1=\±!% ±	Ω—ïÖ¥Å…ΩÕ—ï»∞∞ƒ∏»–‹ƒ¿‡‡‘ÃÿÃ‹–¿‰‡±›ïï¨ƒµÿƒ∏¿∞»¿»ÿ¥¿‡¥Ã¡PƒÿËƒ‘Ë¿¿¨¿¿Ë¿¿∞¿∏¿∞¿∏¿∞¿∏¿∞¿∏¿∞¿∏¿∞¿∏‘–ÿ‰¿–¿Ã¿‹ÿ‰Ã–ÿÃ∞ƒ∏‹¿¿ƒ‘–‰‹–ÿƒ¿‹ÿ–‹∞¿∏¿Ãÿ‹‹‰ƒÃ‘‡Ã‡¿Ã–‡‹‘∞¿∏¿∞¿∏¿∞¿∏¿∞¿∏Ã‰¿ÿ‰¿Ãƒ»–‡‰»‡‘‹∞ƒÃ¿∞ƒÃƒ»∞±ôÖ±Õî±—ïÖµ}…ïçΩπç•±•Ö—•Ωπ}Öπë}ç’……ïπ—}›ïï≠±Â}…Ω±î(»¿»ÿ∞ƒ±A|‡Ã—ÿ‘±-Ö¥ÅM°Öπ≠Ã±}]-±]Ö≠îÅΩ…ïÕ–±]H±≠…Ω∏±Q…’î∞»¿»ÿ¥¿‰¥¿ÕP»ÃË¿¡h∞–¿ƒ‡‘‡»¿–∞Ãÿ∏‘∞–‡∏‘∞¿∏¿∞±5=11}=9}Q5}IQL±	Ω—ïÖ¥Å…ΩÕ—ï»∞∞¿∏Ã¿‹–ÿ‘–Ã‘ÿƒ‹ƒƒ‡‹‘±›ïï¨ƒµÿƒ∏¿∞»¿»ÿ¥¿‡¥Ã¡PƒÿËƒ‘Ë¿¿¨¿¿Ë¿¿∞¿∏¿∞¿∏¿∞¿∏¿∞¿∏¿∞¿∏¿∞¿∏–Ã‡¿–ÿƒ¿Ã‡Ã‹ƒ‡‘‡∞»∏Ã–‘‘ƒ‘‡‡ƒ»Ã‰ƒÃÿÿ∞¿∏¿»‘‰‘ÿÿ¿ÿ¿ƒ‘–‘‘‘ÃÃ∞¿∏¿∞¿∏¿∞¿∏¿∞¿∏Ã‰¿»‰ƒ»»–»ƒÿÿ–ÿ‡ÿ∞‘Ã–∞ƒÃƒÃ∞±—…’î±—ïÖµ}…ïçΩπç•±•Ö—•Ωπ}Öπë}ç’……ïπ—}›ïï≠±Â}…Ω±î(»¿»ÿ∞ƒ±A}Ã»Ãÿ‰‡±ΩππΩ»Å5Ωâï…±‰±}%MT±%Ω›ÑÅM—Ö—î±E±MΩ’—°ïÖÕ–Å5•ÕÕΩ’…§ÅM—Ö—î±Q…’î∞»¿»ÿ¥¿‰¥¿’Pƒ‹Ë¿¡h∞–¿ƒ‡‘ÿ‹‹‰∞–ƒ∏‘∞‘Ã∏‘∞¿∏¿¿‘ƒ–Ã‡‘–Ã‰»‰‰ÿÿ»‹±1=\±!% ±	Ω—ïÖ¥Å…ΩÕ—ï»∞∞¿∏Ã»»¿–Ãÿ»¿‹Ãÿ»‹‘Ã‘±›ïï¨ƒµÿƒ∏¿∞»¿»ÿ¥¿‡¥Ã¡PƒÿËƒ‘Ë¿¿¨¿¿Ë¿¿∞¿∏–¿‰»‰‡ƒ–»‘‡ÃÃ‘‰ƒ‹∞¿∏»‘¿Ã»–‘ÿ‹Ã‘‹‰‘Ãÿ∞Ã∏ƒÿƒÃ‹‹ƒ‹ƒ»‘‹‘Ãƒÿ∞¿∏¿»‹‘ƒ‰‘ÿ‡‰–ƒ»¿ƒ‰»Ã∞¿∏¿ƒ¿ƒ‘ƒ»ÿƒ‹Ã–‘–‘‹ÿ∞¿∏»¿‹ƒ–‰‘‡‹ÿÿ‘ÿƒ»»‡∞¿∏ÿ‘‘»‘‘ƒ‡‡‘ÿ»‹–»‘∞¿∏¿ƒ‘‹ƒ‘‹¿¿‹ÿÃƒ–ÿ‡‘–∞¿∏¿∞¿∏¿∞¿∏¿∞¿∏Ã‡ÿ»¿ƒ‡»–Ãƒ‘‹ƒ‡ÿ∞ƒÃƒ∞ƒÃƒ–∞±ôÖ±Õî±—ïÖµ}…ïçΩπç•±•Ö—•Ωπ}Öπë}ç’……ïπ—}›ïï≠±Â}…Ω±î(»¿»ÿ∞ƒ±A}¿ÕÂÿ–±5•ç°Öï∞Å5ï…ë•πùï»±}5%98±5•ππïÕΩ—Ñ±E±ÖÕ—ï…∏Å%±±•πΩ•Ã±Q…’î∞»¿»ÿ¥¿‰¥¿—P¿¿Ë¿¡h∞–¿ƒ‡‘‡–»»∞–‹∏‘∞‘ƒ∏‘∞¿∏¿¿‰¿–‹‰»¿‹‹‹‰‡–¿–Ã±1=\±!% ±	Ω—ïÖ¥Å…ΩÕ—ï»∞∞¿∏‡ÿƒÿ¿‘Ã¿‹Ã‹ƒƒ¿Ã‘±›ïï¨ƒµÿƒ∏¿∞»¿»ÿ¥¿‡¥Ã¡PƒÿËƒ‘Ë¿¿¨¿¿Ë¿¿∞¿∏¿∞¿∏¿∞¿∏¿∞¿∏¿∞¿∏¿∞¿∏‘–‘»ƒ‡¿Ã–‹ƒƒ‰‘–Ã∞ƒ∏––ÿÃ‰ÿÃ¿ƒƒ–ÃƒƒÃÃ∞¿∏¿Ã‡‹‹‘»–‹Ã‡‡ƒÃ‘‘Ãÿ∞¿∏¿∞¿∏¿∞¿∏¿∞¿∏Ã‹‹»‰ƒƒƒ–––Ãƒ»–ÿ∞ƒÃ»∞ƒÃƒ‘∞±ôÖ±Õî±—ïÖµ}…ïçΩπç•±•Ö—•Ωπ}Öπë}ç’……ïπ—}›ïï≠±Â}…Ω±î(»¿»ÿ∞ƒ±A|ÿ›‡ƒ‘Â±ëë•ÕΩ∏Å=Õ—…ïπùÑ±}%=]±%Ω›Ñ±Q±9Ω…—°ï…∏Å%±±•πΩ•Ã±Q…’î∞»¿»ÿ¥¿‰¥¿’P»¿Ëƒ’h∞–¿ƒ‡‘‡–»ÿ∞Ã‡∏‘∞–‘∏‘∞¿∏¿∞±5=11}=9}Q5}IQL±	Ω—ïÖ¥Å…ΩÕ—ï»∞∞¿∏»Ã‡ÿÃ¿‡‰ƒ¿‰‘ƒ‹»ÿÿ±›ïï¨ƒµÿƒ∏¿∞»¿»ÿ¥¿‡¥Ã¡PƒÿËƒ‘Ë¿¿¨¿¿Ë¿¿∞¿∏¿∞¿∏¿∞¿∏¿∞¿∏¿∞¿∏¿∞¿∏¿∞¿∏¿∞¿∏¿∞¿∏ƒ»ÿƒÿ–ÿ‡Ã»‹–‘ƒÃÿ∞ƒ∏‘»ƒƒ‘‰¿‰ƒ‘Ã¿¿¿Ã∞¿∏¿ƒÿÃÿÃ–ÿ‡–‘ÿ‘¿ÿ‰‰∞¿∏Ã‹ÿ–ÿƒ–¿Ãƒÿÿ‘‘‘‡‘∞»‡‹∞ƒÃƒÿ∞±—…’î±—ïÖµ}…ïçΩπç•±•Ö—•Ωπ}Öπë}ç’……ïπ—}›ïï≠±Â}…Ω±î(»¿»ÿ∞ƒ±A}‰·	ÿ‘±Ω…πï±•’ÃÅ]Ö……ï∏Å%%$±}I%h±…•ÈΩπÑ±I±9Ω…—°ï…∏Å…•ÈΩπÑ±Q…’î∞»¿»ÿ¥¿‰¥¿ŸP¿ƒËÃ¡h∞–¿ƒ‡‘ÿ‹‹Ã∞––∏¿∞‘ÿ∏‘∞¿∏¿∞±5%U4±	Ω—ïÖ¥Å…ΩÕ—ï»∞∞¿∏»‡–‘‰‰‰‰‹ƒƒ¿»‰‹‹ÿ±›ïï¨ƒµÿƒ∏¿∞»¿»ÿ¥¿‡¥Ã¡PƒÿËƒ‘Ë¿¿¨¿¿Ë¿¿∞¿∏¿∞¿∏¿∞¿∏¿∞¿∏¿∞¿∏¿∞¿∏–‘ÿ‰»Ã‘‡–‘–––¿Ã‡‘∞»∏–¿Ã¿‰‡¿‡‰‰ƒ‰ƒÃ‡‡∞¿∏¿»ƒ‰Ã‡»¿Ã‹‡‰»¿ÃÃƒ‹∞¿∏¿∞¿∏¿∞¿∏¿∞¿∏Ã‹ƒ‰Ã‰¿Ãƒ‹»‹ƒÃÃ‡Ã∞Ãÿ–∞ƒÃƒ‹∞±ôÖ±Õî±—ïÖµ}…ïçΩπç•±•Ö—•Ωπ}Öπë}ç’……ïπ—}›ïï≠±Â}…Ω±î(»¿»ÿ∞ƒ±A}	‡ƒ…»»±°ÖπçîÅ9•·Ω∏±}U±U±I±	ï—°’πîµΩΩ≠µÖ∏±Q…’î∞»¿»ÿ¥¿‰¥¿ÕP»ÃË¿¡h∞–¿ƒ‡‘ÿ‹ÿ‹∞‘¿∏‘∞‘‡∏‘∞¿∏¿∞±5%U4±	Ω—ïÖ¥Å…ΩÕ—ï»∞∞¿∏»‡¿ƒ‘‹ƒ»‰»Ã–»‘–‹Ã±›ïï¨ƒµÿƒ∏¿∞»¿»ÿ¥¿‡¥Ã¡PƒÿËƒ‘Ë¿¿¨¿¿Ë¿¿∞¿∏¿∞¿∏¿∞¿∏¿∞¿∏¿∞¿∏¿∞¿∏Ã‡––‘ƒ‡ƒ¿»‰ƒƒƒ‡∞»∏Ãƒ‹‘Ã‰‹‡–‘¿Ãƒ–∞¿∏¿»Ã¿¿Ã‹»‡»‹‰‘‡‹¿–ÿ∞¿∏¿∞¿∏¿∞¿∏¿∞¿∏Ãÿ‰‹‹ÿÃ–‡ƒ»‹‡Ãÿ»∞Ãÿ‘∞ƒÃƒ‡∞±ôÖ±Õî±—ïÖµ}…ïçΩπç•±•Ö—•Ωπ}Öπë}ç’……ïπ—}›ïï≠±Â}…Ω±î(»¿»ÿ∞ƒ±A}¿‰‘Ã—±	…Öïëï∏Å’±±ï»±}I,±…≠ÖπÕÖÃ±E±9Ω…—†Å±ÖâÖµÑ±Q…’î∞»¿»ÿ¥¿‰¥¿’P»¿Ëƒ’h∞–¿ƒ‡‘ÿÿÃ‘∞‘»∏¿∞ÿÃ∏‘∞¿∏¿±1=\±!% ±	Ω—ïÖ¥Å…ΩÕ—ï»∞∞¿∏»‰ƒ‰‰‡ÿ¿¿Ã–Ã‰‘ƒ±›ïï¨ƒµÿƒ∏¿∞»¿»ÿ¥¿‡¥Ã¡PƒÿËƒ‘Ë¿¿¨¿¿Ë¿¿∞¿∏ÃÃ‹ÿƒÃ‹¿‹‡ÿ–‰‘¿ÿ‘∞¿∏»ƒ»‹‘ÿ‹–‰‘‘–‹¿‘‡ÿ∞»∏‡ÿ»Ã‹–‘‡–»‰¿ƒ¿‹–∞¿∏¿»ÿ»‘‡‹‡‘‰Ã‹»‰Ã‡∞¿∏¿¿‡Ã‡‹ÃÃÃ‡‘‡‡‹–ƒ»‡∞¿∏ƒ‡ÿ‹Ã¿»‡¿‰–Ã‘‘ƒ‰Ã∞¿∏ÿ‰‰‡‡‡‘‘‹¿ÿ–ƒ¿‡‡∞¿∏¿ƒÃ‘¿¿¿ÿ–ÃÃƒ‡»‹‡ÿ‡∞¿∏¿∞¿∏¿∞¿∏¿∞¿∏Ãÿ»ƒÃ»¿Ã–‰‘‰»‡Ã‘∞ƒÃÃ∞ƒÃƒ‰∞±ôÖ±Õî±—ïÖµ}…ïçΩπç•±•Ö—•Ωπ}Öπë}ç’……ïπ—}›ïï≠±Â}…Ω±î(»¿»ÿ∞ƒ±A|›–‡¿·±Ö…•’ÃÅ5Ω…Öπ–±}]YT±]ïÕ–ÅY•…ù•π•Ñ±I±ΩÖÕ—Ö∞ÅÖ…Ω±•πÑ±Q…’î∞»¿»ÿ¥¿‰¥¿’PƒÿË¿¡h∞–¿ƒ‡‘ÿ‹‡¿∞Ã‰∏¿∞‘ÿ∏‘∞¿∏¿∞±5%U4±	Ω—ïÖ¥Å…ΩÕ—ï»∞∞¿∏»‹‹Ãÿ–––»‡ƒ‡»»‰‹‘±›ïï¨ƒµÿƒ∏¿∞»¿»ÿ¥¿‡¥Ã¡PƒÿËƒ‘Ë¿¿¨¿¿Ë¿¿∞¿∏¿∞¿∏¿∞¿∏¿∞¿∏¿∞¿∏¿∞¿∏–ƒ‘ƒ»–Ã‰‰ÿƒ‰Ã‰ÿ‰ÿ∞»∏»–»¿‰Ã‡–‘ÿÃ‰‰Ã‹∞¿∏¿»»ÿ»––Ã‘»ÿÃ‡ÿÃ‹Ã‘∞¿∏¿∞¿∏¿∞¿∏¿∞¿∏Ã‘‰‰‘‘‰‰ÿƒ–‹ƒ‹ÿƒ∞Ãÿÿ∞ƒÃ»¿∞±ôÖ±Õî±—ïÖµ}…ïçΩπç•±•Ö—•Ωπ}Öπë}ç’……ïπ—}›ïï≠±Â}…Ω±î(»¿»ÿ∞ƒ±A}¿¿ÿ‡›‡±)’Õ—•∏ÅΩΩ¨±}A%QP±A•—–±I±5•Öµ§Ä°= §±Q…’î∞»¿»ÿ¥¿‰¥¿’PƒÿËÃ¡h∞–¿ƒ‡‘‡»¿‹∞ÃÃ∏¿∞–‰∏‘∞¿∏¿∞±5%U4±	Ω—ïÖ¥Å…ΩÕ—ï»∞∞¿∏Ãƒ–‹¿Ã‹‰¿‰Ã–‡¿‰‹‹±›ïï¨ƒµÿƒ∏¿∞»¿»ÿ¥¿‡¥Ã¡PƒÿËƒ‘Ë¿¿¨¿¿Ë¿¿∞¿∏¿∞¿∏¿∞¿∏¿∞¿∏¿∞¿∏¿∞¿∏–‡»ƒ»ÿ‹Ã‘‡¿ÿ¿Ã‘–∞»∏»‰»Ã‰‡––ÿÃ‡–‹‘‹‘∞¿∏¿»ƒ–‡ÿƒÃÿƒ»»ƒ–¿‰–∞¿∏¿∞¿∏¿∞¿∏¿∞¿∏Ã‘‡ƒ‘ÿÿÿƒÃ‹ƒÃ»ƒ–∞Ãÿ‹∞ƒÃ»ƒ∞±ôÖ±Õî±—ïÖµ}…ïçΩπç•±•Ö—•Ωπ}Öπë}ç’……ïπ—}›ïï≠±Â}…Ω±î(»¿»ÿ∞ƒ±A|Ãÿ‹‡Ã—±1ΩùÖ∏Å	…ΩΩ≠•πú±}14±±ïµÕΩ∏±Q±1MT±Ö±Õî∞»¿»ÿ¥¿‰¥¿’P»ÃËÃ¡h∞–¿ƒ‡‘ÿÿÿ¿∞»¿∏‘∞‘ƒ∏‘∞¿∏¿∞±5=11}=9}Q5}IQL±	Ω—ïÖ¥Å…ΩÕ—ï»∞∞¿∏Ã‡‹»–ƒ¿–ÿÃ‘‡Ã¿‡–±›ïï¨ƒµÿƒ∏¿∞»¿»ÿ¥¿‡¥Ã¡PƒÿËƒ‘Ë¿¿¨¿¿Ë¿¿∞¿∏¿∞¿∏¿∞¿∏¿∞¿∏¿∞¿∏¿∞¿∏¿∞¿∏¿∞¿∏¿∞¿∏ƒÿ‰‘»Ã‰‹Ã‰–ÿÃƒ‰∞ƒ∏‘‡‰Ã‹ÿÃ‹‡¿–‹–ÿ¿‡∞¿∏¿¿–ÿÃƒƒÃƒ‡‡ÿÿƒƒ»ÿ‹∞¿∏Ã‘ÿ»–‡–¿Ã¿‹¿‹Ã»‹∞»‡‡∞ƒÃ»»∞±ôÖ±Õî±—ïÖµ}…ïçΩπç•±•Ö—•Ωπ}Öπë}ç’……ïπ—}›ïï≠±Â}…Ω±î(»¿»ÿ∞ƒ±A|ƒÃ·‘ƒƒ±…ï‹ÅΩ›Ö…–±}Y8±YÖπëï…â•±–±E±’Õ—•∏ÅAïÖ‰±Q…’î∞»¿»ÿ¥¿‰¥¿’P»ÃË¿¡h∞–¿ƒ‡‘ÿÿÿ‰∞–ÿ∏¿∞ÿƒ∏‘∞¿∏¿±1=\±!% ±	Ω—ïÖ¥Å…ΩÕ—ï»∞∞¿∏»‡‹»‘‡ÿƒ‹ÿ¿–ƒ¿ƒ–±›ïï¨ƒµÿƒ∏¿∞»¿»ÿ¥¿‡¥Ã¡PƒÿËƒ‘Ë¿¿¨¿¿Ë¿¿∞¿∏ÃÃÃƒ‡»‘‹¿Ã‘‘»ÿ‘ƒ∞¿∏»ƒ–ƒ‰‡‘Ã‹‘Ã‰‹‰¿ÿ‘∞»∏‡»‹–ÿ‡»¿‘‹‘–‘ƒ∞¿∏¿Ãƒ¿‹‰ƒ–‹ƒ‘‹–‡ÿ‡¿Ã∞¿∏¿¿‹ƒƒ‹‹‹‘‡ƒ¿ÿÃ»‰–‹∞¿∏ƒ‘‡¿»»ƒÃƒ¿¿Ãÿ»Ã‰»∞¿∏‘‡¿ÿÿ‘Ã¿¿»¿»Ãƒ–‰∞¿∏¿ƒ¿‰ƒ¿‡ÿ‰‘ÿƒ‘‡‰‹»ƒ∞¿∏¿∞¿∏¿∞¿∏¿∞¿∏Ã‘Ã‡»‰»‡‡–Ã‰»ÿ–‘∞ƒÃ–∞ƒÃ»Ã∞±ôÖ±Õî±—ïÖµ}…ïçΩπç•±•Ö—•Ωπ}Öπë}ç’……ïπ—}›ïï≠±Â}…Ω±î(»¿»ÿ∞ƒ±A|Â‰ƒ‹ÿ·±ΩπΩŸÖ∏Å)Ω°πÕΩ∏±}5% ±5•ç°•ùÖ∏±I±]ïÕ—ï…∏Å5•ç°•ùÖ∏±Q…’î∞»¿»ÿ¥¿‰¥¿’P»ÃËÃ¡h∞–¿ƒ‡‘‡–»‡∞Ã‡∏¿∞–‡∏‘∞¿∏¿∞±5%U4±	Ω—ïÖ¥Å…ΩÕ—ï»∞∞¿∏»‹–»‹ÿ‰‘»‰‡ƒ»»¿»±›ïï¨ƒµÿƒ∏¿∞»¿»ÿ¥¿‡¥Ã¡PƒÿËƒ‘Ë¿¿¨¿¿Ë¿¿∞¿∏¿∞¿∏¿∞¿∏¿∞¿∏¿∞¿∏¿∞¿∏¿‹»–‹‡ÿ‘‹‡»‰‘Ã‹‰‡∞¿∏–»Ã‹»‰‘¿–‡‹¿ƒ‘–ƒ∞¿∏¿¿––Ã‹‹–‘Ã‹ÿÃ‰‡‘ƒƒ∞¿∏ƒƒÃ‰‰–‹Ãƒ‘‘‹Ã–‹ƒ‹∞ƒ∏¿‰‹‡»‰ÿ‡ÿ»¿‰‘ƒ»‘∞¿∏¿¿‰‰‹‰––ƒ¿Ã‰ÿ‰–»‘∞¿∏Ã‘»ÿ‘Ã‹ÿ‰ƒÿƒ‡‹¿–∞Ãÿ‡∞ƒÃ»–∞±ôÖ±Õî±—ïÖµ}…ïçΩπç•±•Ö—•Ωπ}Öπë}ç’……ïπ—}›ïï≠±Â}…Ω±î(»¿»ÿ∞ƒ±A}Ã‹»¿‘‡ƒ±5Ö…•ºÅIΩâ•πÕΩ∏±}I,±…≠ÖπÕÖÃ±I±9Ω…—†Å±ÖâÖµÑ±Q…’î∞»¿»ÿ¥¿‰¥¿’P»¿Ëƒ’h∞–¿ƒ‡‘ÿÿÃ‘∞‘»∏¿∞ÿÃ∏‘∞¿∏¿∞±5%U4±	Ω—ïÖ¥Å…ΩÕ—ï»∞∞¿∏»ÿ»‘¿‰‡»¿‘––‡¿»‹±›ïï¨ƒµÿƒ∏¿∞»¿»ÿ¥¿‡¥Ã¡PƒÿËƒ‘Ë¿¿¨¿¿Ë¿¿∞¿∏¿∞¿∏¿∞¿∏¿∞¿∏¿∞¿∏¿∞¿∏Ã‘‹Ã‰»ƒ––‰‘‹‘‡Ã‡∞»∏»ÿ‰ƒ»»ÿ––Ã¿‹¿–∞¿∏¿»¿‰––‡‰ÿ¿‹–ÿ¿‹‹∞¿∏¿∞¿∏¿∞¿∏¿∞¿∏Ã‘»‘‡ƒÿ–¿‡‹‡Ã‘¿»∞Ãÿ‰∞ƒÃ»‘∞±ôÖ±Õî±—ïÖµ}…ïçΩπç•±•Ö—•Ωπ}Öπë}ç’……ïπ—}›ïï≠±Â}…Ω±î(»¿»ÿ∞ƒ±A|‡‰ÿ¿¿‹Õ±IÂÖ∏Å	Ωî±}9\±9Ω…—°›ïÕ—ï…∏±E±MΩ’—†ÅÖ≠Ω—ÑÅM—Ö—î±Q…’î∞»¿»ÿ¥¿‰¥¿ŸP¿¿Ë¿¡h∞–¿ƒ‡‘‡–Ãƒ∞»‰∏‘∞–ÿ∏‘∞¿∏¿¿ÿ‹‰ÿ––¿‡‰‘‡‘‘ÿ‹Ã–±1=\±!% ±	Ω—ïÖ¥Å…ΩÕ—ï»∞∞¿∏ÃƒƒÃ‘»ƒƒƒ–‹–¿–‹‡±›ïï¨ƒµÿƒ∏¿∞»¿»ÿ¥¿‡¥Ã¡PƒÿËƒ‘Ë¿¿¨¿¿Ë¿¿∞¿∏–‹‘ÿÃ»¿‹Ã‘‘ÿ‰ÿ‘ÿÃ∞¿∏»‹ÿ¿‡»ƒƒ‰Ã‡¿‡Ãƒ‰∞Ã∏ƒ‘Ãÿ‡ƒÿÿÃ‹‰Ãÿ¿¿Ã∞¿∏¿Ã¿ÃÃ¿Ã¿»‘–‘»»‘ƒ»»∞¿∏¿ƒÃÿ‘ƒ‹¿‹¿¿¿ÃÃ‘»¿‘∞¿∏ƒ‹––‡–ÿ–Ã¿‹ÃÃ‡–‘–∞¿∏‘ƒ–‹»‰ƒ»ÿ‰Ã»ƒ‰ƒ–∞¿∏¿ƒ¿‰»‡‘‰ÿ–––––‰–‘∞¿∏¿∞¿∏¿∞¿∏¿∞¿∏Ã‘¿‡ÿƒ»ÿƒ¿‰»»»‘ƒ‘∞ƒÃ‘∞ƒÃ»ÿ∞±ôÖ±Õî±—ïÖµ}…ïçΩπç•±•Ö—•Ωπ}Öπë}ç’……ïπ—}›ïï≠±Â}…Ω±î(»¿»ÿ∞ƒ±A|Ã‘–·…±	…Ωç¨ÅQ°ΩµÖÃ±}=I±=…ïùΩ∏±E±	Ω•ÕîÅM—Ö—î±Q…’î∞»¿»ÿ¥¿‰¥¿’Pƒ‰ËÃ¡h∞–¿ƒ‡‘‡–ÃÃ∞Ã‡∏¿∞‘ƒ∏‘∞¿∏¿¿ƒÿ‘»ƒÃ‡Ã‹‹ƒ‹–ÿƒ¿»±1=\±!% ±	Ω—ïÖ¥Å…ΩÕ—ï»∞∞¿∏Ãƒƒ‰–‘‹‰»‹¿‹‘–‰Ã‘±›ïï¨ƒµÿƒ∏¿∞»¿»ÿ¥¿‡¥Ã¡PƒÿËƒ‘Ë¿¿¨¿¿Ë¿¿∞¿∏Ã»Ã¿‹¿‘‘‘‘–Ãÿ»‘‡∞¿∏»ƒÿ‡‡–ƒ‡¿–ƒÿ‹‰ƒÿ‹∞»∏‡‹ÿÿ‹»»‘‘»‘ÿ‹‘ÿÃ∞¿∏¿Ã¿¿ÿ¿ƒÿÃ‡»ƒ‹¿ƒ–ƒ∞¿∏¿¿ÿ‰‰ÿ‡ƒ‹»‡‹––ÿÿ»ÿ∞¿∏ƒÿ‘‘‡‰ÿÃ‘ƒ‹‡‹Ã‹»Ã∞¿∏‘‘Ã‘»‘¿»ÿ‰»‘‘ÿ‹∞¿∏¿ƒƒƒ–¿‰‡ÿ–ÃÃ‡‹¿‰¿‘∞¿∏¿∞¿∏¿∞¿∏¿∞¿∏Ã‘¿‘¿‰ƒ–‰‘¿‘–ƒƒÃ–∞ƒÃÿ∞ƒÃ»‹∞±ôÖ±Õî±—ïÖµ}…ïçΩπç•±•Ö—•Ωπ}Öπë}ç’……ïπ—}›ïï≠±Â}…Ω±î(»¿»ÿ∞ƒ±A|ÂÕ–≈±Q°ΩµÖÃÅ5ïÂï»±}%=]±%Ω›Ñ±Q±9Ω…—°ï…∏Å%±±•πΩ•Ã±Q…’î∞»¿»ÿ¥¿‰¥¿’P»¿Ëƒ’h∞–¿ƒ‡‘‡–»ÿ∞Ã‡∏‘∞–‘∏‘∞¿∏¿∞±5=11}=9}Q5}IQL±	Ω—ïÖ¥Å…ΩÕ—ï»∞∞¿∏»»¿ÿ‹‰ƒƒ‡¿–‹‹»Ã–»±›ïï¨ƒµÿƒ∏¿∞»¿»ÿ¥¿‡¥Ã¡PƒÿËƒ‘Ë¿¿¨¿¿Ë¿¿∞¿∏¿∞¿∏¿∞¿∏¿∞¿∏¿∞¿∏¿∞¿∏¿∞¿∏¿∞¿∏¿∞¿∏ƒƒÿÿ‹Ã‘–¿‰¿ÿÿ‹‰‘ÿ∞ƒ∏–¿ÿ‹»‘¿»‹¿–»‡‘–ÿ∞¿∏¿ƒ‘ƒÃ»–‹–ƒÃ––‹ƒ‰‰‡∞¿∏Ã–‡ƒ–¿‡‡‡–ƒ‹‹‰‹∞»‡‰∞ƒÃ»‡∞±ôÖ±Õî±—ïÖµ}…ïçΩπç•±•Ö—•Ωπ}Öπë}ç’……ïπ—}›ïï≠±Â}…Ω±î(»¿»ÿ∞ƒ±A|‰›Ÿƒ‰‘±)ΩÖ≠•¥ÅΩëÕΩ∏±}Q98±QïππïÕÕïî±]H±’…µÖ∏±Q…’î∞»¿»ÿ¥¿‰¥¿’Pƒ‰ËÃ¡h∞–¿ƒ‡‘ÿÿÿÿ∞‘ÿ∏‘∞ÿÿ∏‘∞¿∏¿∞±5=11}=9}Q5}IQL±	Ω—ïÖ¥Å…ΩÕ—ï»∞∞¿∏»»¿‹¿‘‡–‰‰‰‹Ãƒ‘‡»±›ïï¨ƒµÿƒ∏¿∞»¿»ÿ¥¿‡¥Ã¡PƒÿËƒ‘Ë¿¿¨¿¿Ë¿¿∞¿∏¿∞¿∏¿∞¿∏¿∞¿∏¿∞¿∏¿∞¿∏¿∞¿∏¿∞¿∏¿∞¿∏ƒƒ»‹»‘‰–ÿ‘Ã‰ÿ–‡ÿ‹∞ƒ∏–‹»‹Ã»Ãÿ¿Ã‡Ã‹‹‡‹∞¿∏¿ƒ––»‹––ÿ‰‰»‰ƒƒ‰‹‹∞¿∏Ã–ÿ‘ÿÃ‡ÿ–‘Ã‘–‰‡–∞‘Ã‘∞ƒÃ»‰∞±ôÖ±Õî±—ïÖµ}…ïçΩπç•±•Ö—•Ωπ}Öπë}ç’……ïπ—}›ïï≠±Â}…Ω±î(»¿»ÿ∞ƒ±A|›Â’±…Öπ–Å1Ö›±ïÕÃ±}]-±]Ö≠îÅΩ…ïÕ–±E±≠…Ω∏±Q…’î∞»¿»ÿ¥¿‰¥¿ÕP»ÃË¿¡h∞–¿ƒ‡‘‡»¿–∞Ãÿ∏‘∞–‡∏‘∞¿∏¿»ÿ‘ÿÃ¿ÿÃÿÿ‹–ƒ‡‘‘±1=\±!% ±	Ω—ïÖ¥Å…ΩÕ—ï»∞∞ƒ∏¿ƒ‡‰‘‘‡‹‘–‹ƒÃ‹»ÿ±›ïï¨ƒµÿƒ∏¿∞»¿»ÿ¥¿‡¥Ã¡PƒÿËƒ‘Ë¿¿¨¿¿Ë¿¿∞¿∏¿∞¿∏¿∞¿∏¿∞¿∏¿∞¿∏¿∞¿∏–‘‡»‰‹ÿ–‹ÿÃ¿‘¿Ã‡‘∞ƒ∏–‘ÿ‹ƒ¿»Ãÿ‘Ã‹‹‰‹∞¿∏¿ÃÃƒ‹¿ÿÿÃÿ‰»¿‡‰Ã‹∞¿∏¿∞¿∏¿∞¿∏¿∞¿∏Ã––ÿ‰‘¿¿‘‡¿ÿÃƒ‘‰∞ƒÃ‹∞ƒÃÃ¿∞±ôÖ±Õî±—ïÖµ}…ïçΩπç•±•Ö—•Ωπ}Öπë}ç’……ïπ—}›ïï≠±Â}…Ω±î(»¿»ÿ∞ƒ±A}ƒ‘‡–ÿÃ±MÖ¥ÅYÂ°±•ëÖ∞±}]M ±]ÖÕ°•πù—Ω∏±Q±]ÖÕ°•πù—Ω∏ÅM—Ö—î±Q…’î∞»¿»ÿ¥¿‰¥¿ŸP»¿Ë¿¡h∞–¿ƒ‡‘‡–Ã‹∞Ã‹∏¿∞‘¿∏‘∞¿∏¿∞±5=11}=9}Q5}IQL±	Ω—ïÖ¥Å…ΩÕ—ï»∞∞¿∏ƒ‰‹ƒƒ‹¿‘»ÿ‰Ã‰‰‹‡»±›ïï¨ƒµÿƒ∏¿∞»¿»ÿ¥¿‡¥Ã¡PƒÿËƒ‘Ë¿¿¨¿¿Ë¿¿∞¿∏¿∞¿∏¿∞¿∏¿∞¿∏¿∞¿∏¿∞¿∏¿∞¿∏¿∞¿∏¿∞¿∏ƒƒ¿–‰‰Ã–ÿ–»‘‹‘–‰‰∞ƒ∏–»ƒ‰Ã»¿‘»–‘‘‡ÃÃ‹∞¿∏¿ƒ‘»Ã‘¿‡‘–»‘ÿ¿‡»‘ÿ∞¿∏Ã––ƒ¿Ã¿ÿ–»»–‰‡‹‰Ã∞»‰¿∞ƒÃÃƒ∞±ôÖ±Õî±—ïÖµ}…ïçΩπç•±•Ö—•Ωπ}Öπë}ç’……ïπ—}›ïï≠±Â}…Ω±î(»¿»ÿ∞ƒ±A|›—Ã±MÖ¥Å!’Ö…ê±}UM±UM±E±…ïÕπºÅM—Ö—î±Q…’î∞»¿»ÿ¥¿‰¥¿’P¿ƒË¿¡h∞–¿ƒ‡‘‡–Ãÿ∞Ã‹∏‘∞‘ƒ∏‘∞¿∏¿ƒ–¿¿‹ÿ‰»ƒ‰Ã‹–ƒ‡Ã‘±1=\±!% ±	Ω—ïÖ¥Å…ΩÕ—ï»∞∞ƒ∏¿Ã‹‘¿‘»‹–ÿ‘‡‡‘ƒÃ±›ïï¨ƒµÿƒ∏¿∞»¿»ÿ¥¿‡¥Ã¡PƒÿËƒ‘Ë¿¿¨¿¿Ë¿¿∞¿∏¿∞¿∏¿∞¿∏¿∞¿∏¿∞¿∏¿∞¿∏–»–¿¿‰‘ÿ¿‡‡‰–»»ÿ∞ƒ∏–‘»‰‰–¿–¿Ã‹»‰––»∞¿∏¿ÃÃ¿»‰‹¿‡ƒ‡‹‘¿‘»‰∞¿∏¿∞¿∏¿∞¿∏¿∞¿∏Ã–Ã–‹‹ÿ‘Ãƒÿ»Ã»ÿƒ‘∞ƒÃ‡∞ƒÃÃ»∞±ôÖ±Õî±—ïÖµ}…ïçΩπç•±•Ö—•Ωπ}Öπë}ç’……ïπ—}›ïï≠±Â}…Ω±î(»¿»ÿ∞ƒ±A}›–‡‡»»±…Öπ–Å]•±ÕΩ∏±}%9±%πë•ÖπÑ±E±9Ω…—†ÅQï·ÖÃ±Q…’î∞»¿»ÿ¥¿‰¥¿’PƒÿË¿¡h∞–¿ƒ‡‘‡–»‘∞–‡∏¿∞‘‘∏‘∞¿∏¿¿‘ÿ‹–Ãÿ–‰–‰»–‘Ã±1=\±!% ±	Ω—ïÖ¥Å…ΩÕ—ï»∞∞¿∏‹‘¿Ãÿƒƒÿ‰ƒÿ‹Ã‰¿‹±›ïï¨ƒµÿƒ∏¿∞»¿»ÿ¥¿‡¥Ã¡PƒÿËƒ‘Ë¿¿¨¿¿Ë¿¿∞¿∏¿∞¿∏¿∞¿∏¿∞¿∏¿∞¿∏¿∞¿∏–‘‹ÿ¿ƒ‰‰–¿ƒ–‘ÿ‰‹‘∞ƒ∏‘¿‹ƒ–‡‰‰ƒ‘ÿ–ÿÃƒ–∞¿∏¿Ã»¿–¿‘‹‘»‰»–‹ƒ‹ÿ∞¿∏¿∞¿∏¿∞¿∏¿∞¿∏Ã–»‰‘‡Ã‘¿‰ƒƒ»‰Ã‹∞ƒÃ‰∞ƒÃÃÃ∞±ôÖ±Õî±—ïÖµ}…ïçΩπç•±•Ö—•Ωπ}Öπë}ç’……ïπ—}›ïï≠±Â}…Ω±î(»¿»ÿ∞ƒ±A|Ã‹ÿ·ÃÃ‡±)Ω°∏ÅΩ…Õ—ï»±}%10±%±±•πΩ•Ã±I±U±Q…’î∞»¿»ÿ¥¿‰¥¿—P¿ƒË¿¡h∞–¿ƒ‡‘‡–»–∞–»∏¿∞‘‘∏‘∞¿∏¿∞±5%U4±	Ω—ïÖ¥Å…ΩÕ—ï»∞∞¿∏»–‰ÿƒÃ–Ã–ƒ»Ãƒ‡‹‹±›ïï¨ƒµÿƒ∏¿∞»¿»ÿ¥¿‡¥Ã¡PƒÿËƒ‘Ë¿¿¨¿¿Ë¿¿∞¿∏¿∞¿∏¿∞¿∏¿∞¿∏¿∞¿∏¿∞¿∏¿‹¿‘ÿ‘–»–‹‹‹ÃÃ‘Ã‘∞¿∏Ã–‰‹ÿ‘‡ÿ»‡Ãƒÿ¿ÿ–∞¿∏¿¿–¿–‹Ã‘‹‡‰¿‘‰‹‘ÿ–∞¿∏¿‰ƒ»¿¿ƒ»¿ÿ‡‡‹‡ÿ‹‰∞ƒ∏ƒ‰Ã‰–‘‘ƒÃ¿––‡‡ÿÿ∞¿∏¿ƒ»ƒ‘–‘‡¿»‰¿Ã‡ÿÃƒ»∞¿∏Ã–»‹‡»‡‡‹Ãÿ»ÃÃ‰Ãÿ∞Ã‹¿∞ƒÃÃ–∞±ôÖ±Õî±—ïÖµ}…ïçΩπç•±•Ö—•Ωπ}Öπë}ç’……ïπ—}›ïï≠±Â}…Ω±î(»¿»ÿ∞ƒ±A|ÿ≈ƒÿ‡±°Ö…±•îÅ5•Õ≠Ñ±}	eT±	eT±I±U—Ö†ÅQïç†±Q…’î∞»¿»ÿ¥¿‰¥¿ŸP¿¿Ë¿¡h∞–¿ƒ‡‘ÿ‹‹‘∞‘»∏‘∞‘–∏‘∞¿∏¿∞±5%U4±	Ω—ïÖ¥Å…ΩÕ—ï»∞∞¿∏»ÿƒ»¿‡¿ÿ‡Ã‡‡ÿÿ¿»±›ïï¨ƒµÿƒ∏¿∞»¿»ÿ¥¿‡¥Ã¡PƒÿËƒ‘Ë¿¿¨¿¿Ë¿¿∞¿∏¿∞¿∏¿∞¿∏¿∞¿∏¿∞¿∏¿∞¿∏Ã–‹‡ÿ¿‘Ã¿–‡–‘Ãƒ»∞»∏¿–ƒ‡¿Ã‹ÿÃ‡‰‹¿‹∞¿∏¿»»ÿ‡ÿ¿‰‹ÿ–¿‰ƒ¿–‘∞¿∏¿∞¿∏¿∞¿∏¿∞¿∏Ã–¿»‰ÿ‰ÿ»»Ã‘ƒÿ‰‹∞Ã‹ƒ∞ƒÃÃ‘∞±ôÖ±Õî±—ïÖµ}…ïçΩπç•±•Ö—•Ωπ}Öπë}ç’……ïπ—}›ïï≠±Â}…Ω±î(»¿»ÿ∞ƒ±A|‰—»ƒÕ–±(ÅM’…Öçî±}IUQ±I’—ùï…Ã±E±5ÖÕÕÖç°’Õï——Ã±Q…’î∞»¿»ÿ¥¿‰¥¿ÕP»»Ë¿¡h∞–¿ƒ‡‘‡–»Ã∞–ƒ∏¿∞‘»∏‘∞¿∏¿ƒƒ‘‡‘‰ƒÃ–‘»Ãƒ‰Ã‰»±1=\±!% ±	Ω—ïÖ¥Å…ΩÕ—ï»∞∞¿∏‡ÿ–»ÿ‹‰‹‹‘¿ƒÿ–ÿ‹±›ïï¨ƒµÿƒ∏¿∞»¿»ÿ¥¿‡¥Ã¡PƒÿËƒ‘Ë¿¿¨¿¿Ë¿¿∞¿∏¿∞¿∏¿∞¿∏¿∞¿∏¿∞¿∏¿∞¿∏–‰¿ƒ‡ƒ–‡ÿ–‹‰ƒÃƒ‡∞ƒ∏Ãÿ‘¿ÃƒÿÃ‰–‹‘‹Ã»‹∞¿∏¿ÃÃ‹¿ƒ‘ÿ–‹‹ƒƒ‰‰Ã‹∞¿∏¿∞¿∏¿∞¿∏¿∞¿∏ÃÃ‡‹ƒ»‘‘»‘‹–‹ÿ‰‘∞ƒ–¿∞ƒÃÃÿ∞±ôÖ±Õî±—ïÖµ}…ïçΩπç•±•Ö—•Ωπ}Öπë}ç’……ïπ—}›ïï≠±Â}…Ω±î(»¿»ÿ∞ƒ±A|‹‘Ã·	Ã±ÖŸ•∏Å]Âëπï»±}1=T±1Ω’•ÕŸ•±±î±E±=±îÅ5•ÕÃ±Ö±Õî∞»¿»ÿ¥¿‰¥¿ŸP»ÃËÃ¡h∞–¿ƒ‡‘ÿÿÿƒ∞»–∏‘∞‘‘∏‘∞¿∏ƒ¿¿Ã‰‹‰ÿ‰‹‡»»¿ÿƒ–±1=\±!% ±	Ω—ïÖ¥Å…ΩÕ—ï»∞∞»∏¿–ƒ‘¿¿‹–»‹¿‘»»ƒ–±›ïï¨ƒµÿƒ∏¿∞»¿»ÿ¥¿‡¥Ã¡PƒÿËƒ‘Ë¿¿¨¿¿Ë¿¿∞¿∏¿∞¿∏¿∞¿∏¿∞¿∏¿∞¿∏¿∞¿∏–‰‰ƒ‡‡‡‹‡¿‹‹ÿ‡‘–∞ƒ∏‘‹‹Ãƒ¿‹»»‘‰»–ƒ‹»∞¿∏¿»‰‹‘–‘ƒ‡‹‡‹‹–‹‡ƒÿ∞¿∏¿∞¿∏¿∞¿∏¿∞¿∏ÃÃÿ»‘‡ƒ‡–‰‡‘‹»‡ÿ∞ƒ–ƒ∞ƒÃÃ‹∞±ôÖ±Õî±—ïÖµ}…ïçΩπç•±•Ö—•Ωπ}Öπë}ç’……ïπ—}›ïï≠±Â}…Ω±î(»¿»ÿ∞ƒ±A|¡‡¡±ïë…•åÅ]Âç°îÅ%$±}%10±%±±•πΩ•Ã±I±U±Q…’î∞»¿»ÿ¥¿‰¥¿—P¿ƒË¿¡h∞–¿ƒ‡‘‡–»–∞–»∏¿∞‘‘∏‘∞¿∏¿∞±5%U4±	Ω—ïÖ¥Å…ΩÕ—ï»∞∞¿∏»–Ã‰ƒ»ÿ‘‰ÿ‡–Ã‹‹ÿƒ±›ïï¨ƒµÿƒ∏¿∞»¿»ÿ¥¿‡¥Ã¡PƒÿËƒ‘Ë¿¿¨¿¿Ë¿¿∞¿∏¿∞¿∏¿∞¿∏¿∞¿∏¿∞¿∏¿∞¿∏¿‹¿‘ÿ‘–»–‹‹‹ÃÃ‘Ã‘∞¿∏Ã–‰‹ÿ‘‡ÿ»‡Ãƒÿ¿ÿ–∞¿∏¿¿–¿–‹Ã‘‹‡‰¿‘‰‹‘ÿ–∞¿∏¿‡‡ÿ‘‘‰ÿ‹¿»Ãƒƒÿƒƒ∞ƒ∏ƒÿ¿ÿÃ‡‹–‰‘ƒ‘‘‰‘–∞¿∏¿ƒƒ‡ƒ‘‘ƒƒ––¿‡Ã‰‘»‹∞¿∏ÃÃ–‡‹Ãÿ––»–ÿ–‘‡‡∞Ã‹»∞ƒÃÃ‡∞±ôÖ±Õî±—ïÖµ}…ïçΩπç•±•Ö—•Ωπ}Öπë}ç’……ïπ—}›ïï≠±Â}…Ω±î(»¿»ÿ∞ƒ±A|»‘ƒ‹»¡‹±≠•±§ÅMµ•—†Å)»∏±}=I±=…ïùΩ∏±E±	Ω•ÕîÅM—Ö—î±Q…’î∞»¿»ÿ¥¿‰¥¿’Pƒ‰ËÃ¡h∞–¿ƒ‡‘‡–ÃÃ∞Ã‡∏¿∞‘ƒ∏‘∞¿∏¿¿ƒ‹‡–‹‹ÿ»‹Ã»‰‡ƒ‹Ã»±1=\±!% ±	Ω—ïÖ¥Å…ΩÕ—ï»∞∞¿∏»‰ÿ‹ÿƒƒ»‡‘‡‹‰‹‘»ÿ±›ïï¨ƒµÿƒ∏¿∞»¿»ÿ¥¿‡¥Ã¡PƒÿËƒ‘Ë¿¿¨¿¿Ë¿¿∞¿∏ÃÃ‹‡ÿ‹‡ÿ–‰¿¿ƒ‹‘‹Ã∞¿∏»»–‹–‡»ƒ‡‰‹¿––‹–‹∞»∏‰‹»»‰‘¿»¿‘¿‘‘‡–‹∞¿∏¿Ãƒ–Ãÿ‰‡»–¿ƒ»‘»»‡∞¿∏¿¿‹Ãƒ‹»‡ÿ»¿¿‰Ã¿»ƒƒ∞¿∏ƒ»ÿ–––‘¿¿Ãÿ¿‘–‹‹»∞¿∏–»»ÿ‹»‘ÿ»‹‘–‰‰‡¿–∞¿∏¿¿‡‘¿‹»‹–Ã‰ÃÃƒ‘¿ƒ‘∞¿∏¿∞¿∏¿∞¿∏¿∞¿∏ÃÃ¿ÿÃÃÃ–ÿ‡‘‰ÿ‰»ƒ‘∞ƒ–»∞ƒÃÃ‰∞±ôÖ±Õî±—ïÖµ}…ïçΩπç•±•Ö—•Ωπ}Öπë}ç’……ïπ—}›ïï≠±Â}…Ω±î(»¿»ÿ∞ƒ±A|‘»≈·±-ï≠’ÑÅ’µ’Ñ±}]M ±]ÖÕ°•πù—Ω∏±Q±]ÖÕ°•πù—Ω∏ÅM—Ö—î±Q…’î∞»¿»ÿ¥¿‰¥¿ŸP»¿Ë¿¡h∞–¿ƒ‡‘‡–Ã‹∞Ã‹∏¿∞‘¿∏‘∞¿∏¿∞±5=11}=9}Q5}IQL±	Ω—ïÖ¥Å…ΩÕ—ï»∞∞¿∏ƒ‡‡‰‹Ãÿ¿ÿ‡‡‹‹»¿‹±›ïï¨ƒµÿƒ∏¿∞»¿»ÿ¥¿‡¥Ã¡PƒÿËƒ‘Ë¿¿¨¿¿Ë¿¿∞¿∏¿∞¿∏¿∞¿∏¿∞¿∏¿∞¿∏¿∞¿∏¿∞¿∏¿∞¿∏¿∞¿∏ƒ¿‘‰Ã–Ãƒ‘‘ƒƒÿ–¿‹ÿ∞ƒ∏ÃÿÃƒ‡‡ƒ–ƒ–¿‡–Ã¿ÿ∞¿∏¿ƒ–ÿ¿‘ÿ‡»»‡»‘–»‘‡‘∞¿∏Ã»‰‡‡‹»»ÃÃ–‹‹Ã‰Ã–∞»‰ƒ∞ƒÃ–¿∞±ôÖ±Õî±—ïÖµ}…ïçΩπç•±•Ö—•Ωπ}Öπë}ç’……ïπ—}›ïï≠±Â}…Ω±î(»¿»ÿ∞ƒ±A}—Ã›Õ±Öµï…Ω∏ÅÂï»±}MT±…•ÈΩπÑÅM—Ö—î±E±5Ω…ùÖ∏ÅM—Ö—î±Q…’î∞»¿»ÿ¥¿‰¥¿ŸP¿»Ë¿¡h∞–¿ƒ‡‘ÿ‹‹–∞–‹∏¿∞‘»∏‘∞¿∏¿ƒ¿‡‘¿ÿ–ƒ–ƒƒ¿Ã‹¿ÿ‘±1=\±!% ±	Ω—ïÖ¥Å…ΩÕ—ï»∞∞¿∏‹‰‡ƒ»¿‘ÿ‰ÿ»»‡‰Ãƒ±›ïï¨ƒµÿƒ∏¿∞»¿»ÿ¥¿‡¥Ã¡PƒÿËƒ‘Ë¿¿¨¿¿Ë¿¿∞¿∏¿∞¿∏¿∞¿∏¿∞¿∏¿∞¿∏¿∞¿∏–»‹‘ƒ‘Ãÿ‡‡‰‰¿‰Ãƒ∞ƒ∏–‡»‘‡–‘‡‰‘ƒ¿¿‰»‰∞¿∏¿»‰‹‹‹¿ƒ‰‰‰¿ÿ¿¿‹ƒ–∞¿∏¿∞¿∏¿∞¿∏¿∞¿∏Ã»ÿ‰»¿‘‹‡‡‰–ÿƒÃ‘‹∞ƒ–Ã∞ƒÃ–ƒ∞±ôÖ±Õî±—ïÖµ}…ïçΩπç•±•Ö—•Ωπ}Öπë}ç’……ïπ—}›ïï≠±Â}…Ω±î(»¿»ÿ∞ƒ±A}ƒ–≈ÿ±MÖ›Âï»Å]•±≠ï…ÕΩ∏±}QQT±Qï·ÖÃÅQïç†±I±â•±ïπîÅ°…•Õ—•Ö∏±Q…’î∞»¿»ÿ¥¿‰¥¿’P»ÃË¿¡h∞–¿ƒ‡‘ÿ‹‹¿∞‘ƒ∏¿∞‘‰∏‘∞¿∏¿∞±5%U4±	Ω—ïÖ¥Å…ΩÕ—ï»∞∞¿∏»–‘‘¿‡¿‘»¿ÿÃ»ƒƒÃÿ±›ïï¨ƒµÿƒ∏¿∞»¿»ÿ¥¿‡¥Ã¡PƒÿËƒ‘Ë¿¿¨¿¿Ë¿¿∞¿∏¿∞¿∏¿∞¿∏¿∞¿∏¿∞¿∏¿∞¿∏ÃÃ–Ã‘‹ÿ‹‡‡–‡‘ÿ–‰Ã∞ƒ∏‰‰‰ÃÃ–Ã‹ƒ‡¿–ƒƒ‘–∞¿∏¿»¿‰‘»ƒ––‡¿–ÿÃ–ƒ∞¿∏¿∞¿∏¿∞¿∏¿∞¿∏Ã»‘ÿ–ÿÃ¿ÿ¿¿‡»ƒÿ»∞Ã‹Ã∞ƒÃ–»∞±ôÖ±Õî±—ïÖµ}…ïçΩπç•±•Ö—•Ωπ}Öπë}ç’……ïπ—}›ïï≠±Â}…Ω±î(»¿»ÿ∞ƒ±A|≈–‰–‰¿±ÖëîÅQ…Ω——ï»±}I,±…≠ÖπÕÖÃ±E±9Ω…—†Å±ÖâÖµÑ±Q…’î∞»¿»ÿ¥¿‰¥¿’P»¿Ëƒ’h∞–¿ƒ‡‘ÿÿÃ‘∞‘»∏¿∞ÿÃ∏‘∞¿∏¿±1=\±!% ±	Ω—ïÖ¥Å…ΩÕ—ï»∞∞¿∏»ÿ¿»‘‰ÿ»»¿–‘ÿ‰‘–±›ïï¨ƒµÿƒ∏¿∞»¿»ÿ¥¿‡¥Ã¡PƒÿËƒ‘Ë¿¿¨¿¿Ë¿¿∞¿∏Ã¿¿‰ƒÿ‘ÿ‘‹¿‘‹ƒÿ‰‘∞¿∏ƒ‡‰ÿÃƒ¿ƒ‘‰¿‹–‘‘»–∞»∏‘‘ƒ»–ÿ‰ƒ»¿‡–ÿÿƒ∞¿∏¿»Ã–¿–‘‹¿¿‹–‘–––‹–∞¿∏¿¿‹–‹‘ÿÿ‹ƒÃ‘¿‡Ã–ÿÃ∞¿∏ƒÿÿ–ÃÃ‘ƒƒ»‹‘‹‹–‘‡∞¿∏ÿ»Ã‡ƒÃ‹ƒÃ‰¿–‰ÿÿ‘∞¿∏¿ƒ»¿Ã»ÿÿÿ¿Ã–‡‰¿¿ÿ∞¿∏¿∞¿∏¿∞¿∏¿∞¿∏Ã»»‹ÿ‰‡‘‹»–ÿÃƒ‹‰∞ƒ––∞ƒÃ–Ã∞±ôÖ±Õî±—ïÖµ}…ïçΩπç•±•Ö—•Ωπ}Öπë}ç’……ïπ—}›ïï≠±Â}…Ω±î(»¿»ÿ∞ƒ±A}‘‘≈ƒ‹±ï…ïΩ∏ÅΩ±ïµÖ∏±}5%±5•Öµ§±E±M—ÖπôΩ…ê±Ö±Õî∞»¿»ÿ¥¿‰¥¿’P¿ƒË¿¡h∞–¿ƒ‡‘‡»¿ÿ∞Ãÿ∏¿∞–‹∏‘∞¿∏¿»Ã‰ƒ–»Ã‰ÃÃÿƒÿ‘‹‡±1=\±!% ±	Ω—ïÖ¥Å…ΩÕ—ï»∞∞¿∏‰‰ÿƒƒÿ‹‰‘‹¿‡–ÃÃ‘±›ïï¨ƒµÿƒ∏¿∞»¿»ÿ¥¿‡¥Ã¡PƒÿËƒ‘Ë¿¿¨¿¿Ë¿¿∞¿∏¿∞¿∏¿∞¿∏¿∞¿∏¿∞¿∏¿∞¿∏––ÿ»‡¿ƒ»¿Ãƒ‘ƒ»‘ƒ∞ƒ∏Ã‡‹Ã–ÿ–‘ƒ‰ƒ¿‰‘ƒ∞¿∏¿Ã¿¿ƒ»»¿‹Ã–¿ÿ–‘‹ÿ‡∞¿∏¿∞¿∏¿∞¿∏¿∞¿∏Ãƒ‡‡¿‹‡‡‰»Ã–‰ÿ‰‹∞ƒ–‘∞ƒÃ––∞±ôÖ±Õî±—ïÖµ}…ïçΩπç•±•Ö—•Ωπ}Öπë}ç’……ïπ—}›ïï≠±Â}…Ω±î(»¿»ÿ∞ƒ±A|–≈ƒ»‡ÃÃ±-ïππï—†Å]•±±•ÖµÃ±}5MT±5•ç°•ùÖ∏ÅM—Ö—î±I±QΩ±ïëº±Q…’î∞»¿»ÿ¥¿‰¥¿’P¿¿Ë¿¡h∞–¿ƒ‡‘‡–»‰∞»‰∏‹‘∞–‰∏‘∞¿∏¿∞±5%U4±	Ω—ïÖ¥Å…ΩÕ—ï»∞∞¿∏»‡Ã–»»‘‰–‡‡‹ÿ––ÿ±›ïï¨ƒµÿƒ∏¿∞»¿»ÿ¥¿‡¥Ã¡PƒÿËƒ‘Ë¿¿¨¿¿Ë¿¿∞¿∏¿∞¿∏¿∞¿∏¿∞¿∏¿∞¿∏¿∞¿∏–ƒ»‹‹¿‹–‡ÿ‡‰–»ƒ»∞ƒ∏‰‰ƒ‡ƒÃ»ÿ¿‘–‰»Ãÿ∞¿∏¿ƒ‰‡‹‹‰ÿ‰ÿ‰ƒ¿‹‹‰ÃÃ∞¿∏¿∞¿∏¿∞¿∏¿∞¿∏Ãƒ‡––‰ƒ––»¿ƒÃ‰ƒ»∞Ã‹–∞ƒÃ–‘∞±ôÖ±Õî±—ïÖµ}…ïçΩπç•±•Ö—•Ωπ}Öπë}ç’……ïπ—}›ïï≠±Â}…Ω±î(»¿»ÿ∞ƒ±A|»Â¡ÃÃÃ±<ù1Ωπ—ÖîÅïÖ∏±}%=]±%Ω›Ñ±I±9Ω…—°ï…∏Å%±±•πΩ•Ã±Q…’î∞»¿»ÿ¥¿‰¥¿’P»¿Ëƒ’h∞–¿ƒ‡‘‡–»ÿ∞Ã‡∏‘∞–‘∏‘∞¿∏¿∞±5%U4±	Ω—ïÖ¥Å…ΩÕ—ï»∞∞¿∏»‘¿‰‹‰ÿÿÿ¿ÿƒ‰––ÿ±›ïï¨ƒµÿƒ∏¿∞»¿»ÿ¥¿‡¥Ã¡PƒÿËƒ‘Ë¿¿¨¿¿Ë¿¿∞¿∏¿∞¿∏¿∞¿∏¿∞¿∏¿∞¿∏¿∞¿∏¿ÿ‡¿ÿ‹Ã‡–ƒÿ‹‘Ãƒƒ∞¿∏Ã‰‹ƒ¿‡ÿ‹‡Ã»ÿÿ¿–‰∞¿∏¿¿–‹‰‰‹‡‹‘Ã‹ƒ‘»ƒÃ‡∞¿∏¿‡Ã‹¿‰¿‹¿Ã‹‡Ã»»ÿ‰∞ƒ∏¿¿‰»‹–ÿ»‘Ã‰ƒ–¿‡‰∞¿∏¿ƒ¿‡‘‹¿¿ÿ¿‹–ƒ‡ÿ–‡∞¿∏Ãƒ‡»‡‡ƒÿ»–ƒ‡ƒ‘‘‡∞Ã‹‘∞ƒÃ–ÿ∞±ôÖ±Õî±—ïÖµ}…ïçΩπç•±•Ö—•Ωπ}Öπë}ç’……ïπ—}›ïï≠±Â}…Ω±î(»¿»ÿ∞ƒ±A|ƒÿÃÂƒÃ±M°ÖπîÅ5Ö…Õ°Ö±∞±}P±ïΩ…ù•ÑÅQïç†±I±Ω±Ω…Öëº±Q…’î∞»¿»ÿ¥¿‰¥¿—P¿¿Ë¿¡h∞–¿ƒ‡‘ÿ‹‹ÿ∞»‡∏‘∞‘¿∏‘∞¿∏¿∞±5%U4±	Ω—ïÖ¥Å…ΩÕ—ï»∞∞¿∏Ã¿ƒ–ÿÃÿ‰‡‰‹Ã‹‹Ã‰‘±›ïï¨ƒµÿƒ∏¿∞»¿»ÿ¥¿‡¥Ã¡PƒÿËƒ‘Ë¿¿¨¿¿Ë¿¿∞¿∏¿∞¿∏¿∞¿∏¿∞¿∏¿∞¿∏¿∞¿∏Ãÿ–ÃÃƒ‰‡ƒ‡ÿ‹»‹–ÃÃ∞»∏¿ƒÃÿ‡¿Ã‰Ãÿ¿‰‰ƒ––∞¿∏¿ƒ‡»ƒ»ƒ‡¿Ã»ÿ–‰»‹–∞¿∏¿∞¿∏¿∞¿∏¿∞¿∏Ãƒ¿ÿ–ƒƒ»ƒÃƒ‰‰–‹‰∞Ã‹ÿ∞ƒÃ–‹∞±ôÖ±Õî±—ïÖµ}…ïçΩπç•±•Ö—•Ωπ}Öπë}ç’……ïπ—}›ïï≠±Â}…Ω±î(»¿»ÿ∞ƒ±A}›‰ÿ‰‹±1’ç•Ö∏Åπëï…ÕΩ∏Å%%$±}M±MΩ’—†ÅÖ…Ω±•πÑ±E±-ïπ–ÅM—Ö—î±Q…’î∞»¿»ÿ¥¿‰¥¿’PƒÿË–’h∞–¿ƒ‡‘ÿÿÿ‘∞–‘∏¿∞‘Ã∏‘∞¿∏¿¿–¿‹¿‡‘‘Ãÿ‘‘–‹–»»±1=\±!% ±	Ω—ïÖ¥Å…ΩÕ—ï»∞∞¿∏‘‹–¿¿‰ÿ»¿‘‘ÿ»Ã‘»±›ïï¨ƒµÿƒ∏¿∞»¿»ÿ¥¿‡¥Ã¡PƒÿËƒ‘Ë¿¿¨¿¿Ë¿¿∞¿∏¿∞¿∏¿∞¿∏¿∞¿∏¿∞¿∏¿∞¿∏–‘ƒ‰»¿¿ƒ‘Ãÿ–‘–‡»∞ƒ∏ÃÃ‡»–‰‡»ÿ–»Ã‘‘‹»∞¿∏¿»‡‹‘‹‡–‘Ã‹Ãƒ‰‡Ãƒ∞¿∏¿∞¿∏¿∞¿∏¿∞¿∏Ã¿ÿÃ‹»¿‘–‡‡ƒ‘–‘ÿ∞ƒ–ÿ∞ƒÃ–‡∞±ôÖ±Õî±—ïÖµ}…ïçΩπç•±•Ö—•Ωπ}Öπë}ç’……ïπ—}›ïï≠±Â}…Ω±î(»¿»ÿ∞ƒ±A|—›Ã¿±πÈºÅ…©ΩπÑ±}	±	ΩÕ—Ω∏ÅΩ±±ïùî±E±•πç•ππÖ—§±Ö±Õî∞»¿»ÿ¥¿‰¥¿’Pƒ‰ËÃ¡h∞–¿ƒ‡‘ÿ‹‹‹∞»»∏¿∞‘ƒ∏‘∞¿∏¿±1=\±!% ±	Ω—ïÖ¥Å…ΩÕ—ï»∞∞¿∏Ã–‹–‰»‡‰ƒ‡ƒ–‰¿Ãÿ‹±›ïï¨ƒµÿƒ∏¿∞»¿»ÿ¥¿‡¥Ã¡PƒÿËƒ‘Ë¿¿¨¿¿Ë¿¿∞¿∏‘–¿‘‹–»¿‡ƒ¿‘‰ƒƒ‹∞¿∏Ã–»–ƒÃƒ‰‘‘»‰‹ÃÿÃ‹∞Ã∏‰¿ÿ––ƒ‡ƒ–‰ÿ‰‘‡∞¿∏¿»Ãÿ–‹Ã»––¿ƒ»ÿ‰»‡Ã∞¿∏¿ƒÃƒ¿‘ƒÃ–‰–ÿ¿‹‹‰ƒ‘∞¿∏ƒ»‘ÿÃÿƒƒÿ–‰‹‹»‹Ã‡∞¿∏Ã»–»‡‹‹»––‰‘»Ã»ƒ∞¿∏¿¿‘‰‹ƒ‘‹‡¿ÃÃ–ÿ‡‡Ã‡∞¿∏¿∞¿∏¿∞¿∏¿∞¿∏Ã¿ÿ¿¿¿¿‹‘‰¿‡ƒƒ‡ÿ∞ƒ–‹∞ƒÃ–‰∞±ôÖ±Õî±—ïÖµ}…ïçΩπç•±•Ö—•Ωπ}Öπë}ç’……ïπ—}›ïï≠±Â}…Ω±î(»¿»ÿ∞ƒ±A|Ã–»——–±Qï……ï±∞Å5•—ç°ï±∞±}IUQ±I’—ùï…Ã±I±5ÖÕÕÖç°’Õï——Ã±Q…’î∞»¿»ÿ¥¿‰¥¿ÕP»»Ë¿¡h∞–¿ƒ‡‘‡–»Ã∞–ƒ∏¿∞‘»∏‘∞¿∏¿∞±5%U4±	Ω—ïÖ¥Å…ΩÕ—ï»∞∞¿∏»Ã‘Ã‰Ã‘ÿÃ»ÿ»‹‰ƒ»ÿ±›ïï¨ƒµÿƒ∏¿∞»¿»ÿ¥¿‡¥Ã¡PƒÿËƒ‘Ë¿¿¨¿¿Ë¿¿∞¿∏¿∞¿∏¿∞¿∏¿∞¿∏¿∞¿∏¿∞¿∏Ã‹‰–¿‹‡‹–‘ÿ¿‹‰»‡∞ƒ∏‹‹‡ÿ¿‰‹‹ÿ‡‘–ÃÃÃ–∞¿∏¿»ƒƒ‘‘‡ÃƒÃ¿¿ÿÿ‘‹Ã‘∞¿∏¿∞¿∏¿∞¿∏¿∞¿∏Ã¿–‹‰‘‰ÿ‘–‡‰–»‹‡∞Ã‹‹∞ƒÃ‘¿∞±ôÖ±Õî±—ïÖµ}…ïçΩπç•±•Ö—•Ωπ}Öπë}ç’……ïπ—}›ïï≠±Â}…Ω±î(»¿»ÿ∞ƒ±A|’‹‹‰±%ÕÖÖåÅ)ïπÕï∏±}5%h±5•ÕÕΩ’…§±Q±…≠ÖπÕÖÃµA•πîÅ	±’ôò±Q…’î∞»¿»ÿ¥¿‰¥¿—P¿¿Ë¿¡h∞–¿ƒ‡‘ÿÿÿÃ∞‘‹∏‘∞ÿ¿∏‘∞¿∏¿∞±5=11}=9}Q5}IQL±	Ω—ïÖ¥Å…ΩÕ—ï»∞∞¿∏ƒ‹‘‡–‹»‰‹‹»Ã–»–‰‹±›ïï¨ƒµÿƒ∏¿∞»¿»ÿ¥¿‡¥Ã¡PƒÿËƒ‘Ë¿¿¨¿¿Ë¿¿∞¿∏¿∞¿∏¿∞¿∏¿∞¿∏¿∞¿∏¿∞¿∏¿∞¿∏¿∞¿∏¿∞¿∏ƒ¿ÿ–––ƒ»‹Ã‘–¿ƒ‹‰ƒ∞ƒ∏¿–‘»¿ÿ‰ÿ¿‰¿‰‰¿‘Ã∞¿∏¿ƒ‘–‰––»ƒÿ‘‰‰»»ÿ‹‰∞¿∏Ã¿Ã‰ÃƒÃ‘Ã–¿–‘––‘∞»‰»∞ƒÃ‘ƒ∞±ôÖ±Õî±—ïÖµ}…ïçΩπç•±•Ö—•Ωπ}Öπë}ç’……ïπ—}›ïï≠±Â}…Ω±î(»¿»ÿ∞ƒ±A|…ÿ¿‡»±’Õ—•∏ÅM•µµΩπÃ±}]M ±]ÖÕ°•πù—Ω∏±Q±]ÖÕ°•πù—Ω∏ÅM—Ö—î±Q…’î∞»¿»ÿ¥¿‰¥¿ŸP»¿Ë¿¡h∞–¿ƒ‡‘‡–Ã‹∞Ã‹∏¿∞‘¿∏‘∞¿∏¿∞±5=11}=9}Q5}IQL±	Ω—ïÖ¥Å…ΩÕ—ï»∞∞¿∏ƒ‹¿‹¿‹‰Ã–¿‘ƒ»ƒƒ»±›ïï¨ƒµÿƒ∏¿∞»¿»ÿ¥¿‡¥Ã¡PƒÿËƒ‘Ë¿¿¨¿¿Ë¿¿∞¿∏¿∞¿∏¿∞¿∏¿∞¿∏¿∞¿∏¿∞¿∏¿∞¿∏¿∞¿∏¿∞¿∏¿‰‘ÿ‰–‰‰Ã‡Ã‘ƒ»»‰‘∞ƒ∏»Ãƒ–»ÿ¿‰‹‰Ã‹ÿƒ‰‹∞¿∏¿ƒÃƒ‰Ã‰Ãÿ‰ƒ–‰ƒ‡ÿ‘‘∞¿∏»‰‡¿¿ƒ»»‘ƒƒ‡Ã‰ÿ‰∞»‰Ã∞ƒÃ‘»∞±ôÖ±Õî±—ïÖµ}…ïçΩπç•±•Ö—•Ωπ}Öπë}ç’……ïπ—}›ïï≠±Â}…Ω±î(»¿»ÿ∞ƒ±A|»Ÿ…‰Õ±!Ω±ëï∏Åï…•πï»±}A%QP±A•—–±E±5•Öµ§Ä°= §±Q…’î∞»¿»ÿ¥¿‰¥¿’PƒÿËÃ¡h∞–¿ƒ‡‘‡»¿‹∞ÃÃ∏¿∞–‰∏‘∞¿∏¿ƒÃ‘–ÿÿ‹‰‡¿–‹‰‡¿Ãÿ±1=\±!% ±	Ω—ïÖ¥Å…ΩÕ—ï»∞∞¿∏‰»‰–‹¿‘‡–‡Ã¿ÿ–‘»±›ïï¨ƒµÿƒ∏¿∞»¿»ÿ¥¿‡¥Ã¡PƒÿËƒ‘Ë¿¿¨¿¿Ë¿¿∞¿∏¿∞¿∏¿∞¿∏¿∞¿∏¿∞¿∏¿∞¿∏–‹–‰‰¿–‰‡ÿ‰Ã‰ÿ»»∞ƒ∏Ã–‹‰‡ÿÃƒ‡ƒƒÿ––ƒ∞¿∏¿»ÿ‰–‹–‡–‡ÿ‘‰»Ã¿»∞¿∏¿∞¿∏¿∞¿∏¿∞¿∏»‰ÿ–‡Ã‘–ƒ¿¿‹ƒ‡»»∞ƒ–‡∞ƒÃ‘Ã∞±ôÖ±Õî±—ïÖµ}…ïçΩπç•±•Ö—•Ωπ}Öπë}ç’……ïπ—}›ïï≠±Â}…Ω±î(»¿»ÿ∞ƒ±A|‡ÂÃÿ‰±5ÖÕΩ∏ÅA°•±±•¡Ã±}Q98±QïππïÕÕïî±E±’…µÖ∏±Q…’î∞»¿»ÿ¥¿‰¥¿’Pƒ‰ËÃ¡h∞–¿ƒ‡‘ÿÿÿÿ∞‘ÿ∏‘∞ÿÿ∏‘∞¿∏¿±1=\±!% ±	Ω—ïÖ¥Å…ΩÕ—ï»∞∞¿∏»–¿»ƒÿƒƒ‹»»»Ã–‹‡–±›ïï¨ƒµÿƒ∏¿∞»¿»ÿ¥¿‡¥Ã¡PƒÿËƒ‘Ë¿¿¨¿¿Ë¿¿∞¿∏Ã»‡‹»¿»–‰‰‡¿ƒ¿‡‘‹∞¿∏»ƒÃ»‘‹‡Ã‘»‰‡¿ÿƒÃÃ∞»∏‹‘Ã‰–Ã‘»Ã‹‹ÿ‘‘¿ÿ∞¿∏¿»‹¿ÿ‘‹–ƒÃ»‹‘ƒ‰»ÿÿ∞¿∏¿¿‹‘‡ƒ»‹ƒ‹Ãƒ–‰–‡‘‹∞¿∏ƒƒ»ƒ»ÿ‰‰»‘––Ã‰¿ÿ‘∞¿∏Ã‹‘‘–Ã»‘–‘‘Ã»»ÿ‹–∞¿∏¿¿‹‰–Ã¿ƒ»ƒ‡¿––‹–‡ƒ∞¿∏¿∞¿∏¿∞¿∏¿∞¿∏»‰ÿ¿‘ƒ‡ÃÃ¿ÿ‹ÿ‘ƒ‹ÿ∞ƒ–‰∞ƒÃ‘–∞±ôÖ±Õî±—ïÖµ}…ïçΩπç•±•Ö—•Ωπ}Öπë}ç’……ïπ—}›ïï≠±Â}…Ω±î(»¿»ÿ∞ƒ±A}ƒ·Ã–±!’ëÕΩ∏Å-’…±Öπê±}%MT±%Ω›ÑÅM—Ö—î±E±MΩ’—°ïÖÕ–Å5•ÕÕΩ’…§ÅM—Ö—î±Q…’î∞»¿»ÿ¥¿‰¥¿’Pƒ‹Ë¿¡h∞–¿ƒ‡‘ÿ‹‹‰∞–ƒ∏‘∞‘Ã∏‘∞¿∏¿¿––‘‘»––ƒ‡»‹‹¿Ã‰‹‘±1=\±!% ±	Ω—ïÖ¥Å…ΩÕ—ï»∞∞¿∏»‘¿Ã–‹Ã–ÿÿ–»ÿ»‹ÿ–±›ïï¨ƒµÿƒ∏¿∞»¿»ÿ¥¿‡¥Ã¡PƒÿËƒ‘Ë¿¿¨¿¿Ë¿¿∞¿∏Ãÿƒƒ»ƒ¿‘‘–‰ÿ–»‰‹∞¿∏»»ƒÿ‰‘»‘¿–ƒ‰ƒ‘ƒ–»∞»∏‡ƒÃ‘ƒÃ–ƒ¿‡‘ƒÃ»ÿ‹∞¿∏¿»–»‡¿ÃÃ––»‡–ƒÿÃ‘‘∞¿∏¿¿‡‰‘ÿÃ‰ƒÃ‹¿‘ƒ¿‹ÿ–∞¿∏ƒ»»‡ƒÃ»¿‹ÿ‘‹–¿‡‡–∞¿∏Ã‡‡–‡»‘¿‡‰Ãÿ‹‘ƒ‡∞¿∏¿¿‰Ãƒ‹–¿¿»‘ÿ‹‹Ã»‹Ã∞¿∏¿∞¿∏¿∞¿∏¿∞¿∏»‰‘–‘‡ƒÃ‘»ƒƒ‘»»‘Ã∞ƒ‘¿∞ƒÃ‘‘∞±ôÖ±Õî±—ïÖµ}…ïçΩπç•±•Ö—•Ωπ}Öπë}ç’……ïπ—}›ïï≠±Â}…Ω±î(»¿»ÿ∞ƒ±A}‘‹≈ƒÃ‡±Q…Ω‰Å!’°∏±}YP±Y•…ù•π•ÑÅQïç†±E±Y5$±Q…’î∞»¿»ÿ¥¿‰¥¿’P»ÃËÃ¡h∞–¿ƒ‡‘‡»ƒƒ∞‘–∏‘∞‘‹∏‘∞¿∏¿ƒ¿»‰‹ÿ–‰‡¿‡‹¿¿‡¿‹±1=\±!% ±	Ω—ïÖ¥Å…ΩÕ—ï»∞∞¿∏ÿÿƒƒ‹Ã–»¿ƒ¿‰‘ƒ‡»±›ïï¨ƒµÿƒ∏¿∞»¿»ÿ¥¿‡¥Ã¡PƒÿËƒ‘Ë¿¿¨¿¿Ë¿¿∞¿∏¿∞¿∏¿∞¿∏¿∞¿∏¿∞¿∏¿∞¿∏Ã‡‘¿‡»ƒ‹‘ÿ‰ÿ‹‹‹‹∞ƒ∏»‡ƒ¿ÿ‡‘Ã‘ƒ‡‰ƒ–‰‘∞¿∏¿»‹‡‘ÿ‡–»‹ƒƒ––Ã‰‹Ã∞¿∏¿∞¿∏¿∞¿∏¿∞¿∏»‰‘»–‹‰¿‰‹‡‹‘‹‡‹ÿ∞ƒ‘ƒ∞ƒÃ‘ÿ∞±ôÖ±Õî±—ïÖµ}…ïçΩπç•±•Ö—•Ωπ}Öπë}ç’……ïπ—}›ïï≠±Â}…Ω±î(»¿»ÿ∞ƒ±A|»‘·	≈±)Öç≠ÕΩ∏Å]ÖÕÕï…Õ—…Ω¥±}%9±%πë•ÖπÑ±]H±9Ω…—†ÅQï·ÖÃ±Q…’î∞»¿»ÿ¥¿‰¥¿’PƒÿË¿¡h∞–¿ƒ‡‘‡–»‘∞–‡∏¿∞‘‘∏‘∞¿∏¿∞±5=11}=9}Q5}IQL±	Ω—ïÖ¥Å…ΩÕ—ï»∞∞¿∏ƒ‡‰‹»»Ã–Ã–¿Ã‰ÃÃ‡±›ïï¨ƒµÿƒ∏¿∞»¿»ÿ¥¿‡¥Ã¡PƒÿËƒ‘Ë¿¿¨¿¿Ë¿¿∞¿∏¿∞¿∏¿∞¿∏¿∞¿∏¿∞¿∏¿∞¿∏¿∞¿∏¿∞¿∏¿∞¿∏ƒƒ–¿‹‰ƒÿ‡‹»»‡¿‰ƒ‘∞¿∏ÿ‹ƒ‹‰–¿‰‹–ÿ‹ÿÿÃ‰∞¿∏¿ƒ‡‰‘‹¿‡‡¿‰Ã‘¿‹Ãÿ»∞¿∏»‰‘¿¿ƒƒ¿‹¿Ã¿ÿƒ‰‹∞‘Ãÿ∞ƒÃ‘‹∞±ôÖ±Õî±—ïÖµ}…ïçΩπç•±•Ö—•Ωπ}Öπë}ç’……ïπ—}›ïï≠±Â}…Ω±î(»¿»ÿ∞ƒ±A|‹»ƒ‹·	±1’≠îÅIïÂπΩ±ëÃ±}YP±Y•…ù•π•ÑÅQïç†±Q±Y5$±Q…’î∞»¿»ÿ¥¿‰¥¿’P»ÃËÃ¡h∞–¿ƒ‡‘‡»ƒƒ∞‘–∏‘∞‘‹∏‘∞¿∏¿∞±5=11}=9}Q5}IQL±	Ω—ïÖ¥Å…ΩÕ—ï»∞∞¿∏ƒ‰‡ƒ–»ÿÿ‰»‹‰ƒ‰¿‰±›ïï¨ƒµÿƒ∏¿∞»¿»ÿ¥¿‡¥Ã¡PƒÿËƒ‘Ë¿¿¨¿¿Ë¿¿∞¿∏¿∞¿∏¿∞¿∏¿∞¿∏¿∞¿∏¿∞¿∏¿‹‹ƒ¿–‹¿ƒ»–‡»–‘‰ƒ∞¿∏–Ã»ƒ¿‡‘¿‡‡–‘‹‹‘»∞¿∏¿¿–‘ÿÿ–‹»‡‰–‹‰–‘¿–∞¿∏¿‹‘¿Ã‰»ƒ¿‘Ã¿¿»Ã¿‡∞¿∏‰»‰‘¿–‘‹‹‰‡–ƒƒ»‘∞¿∏¿¿‰»ÿ‘¿–¿»––‘‡‘Ã‘–∞¿∏»‰–ƒ‡‰‘‰‡¿–‰»‰ƒ∞»‰–∞ƒÃ‘‡∞±ôÖ±Õî±—ïÖµ}…ïçΩπç•±•Ö—•Ωπ}Öπë}ç’……ïπ—}›ïï≠±Â}…Ω±î(»¿»ÿ∞ƒ±A}≈—·‡±Q…Ω‰Å1ï•ùâï»±}U1±U1±I±Ö±•ôΩ…π•Ñ±Ö±Õî∞»¿»ÿ¥¿‰¥¿ŸP¿»ËÃ¡h∞–¿ƒ‡‘‡»ƒ¿∞»‹∏‘∞‘Ã∏‘∞¿∏¿∞±5%U4±	Ω—ïÖ¥Å…ΩÕ—ï»∞∞¿∏»ÿÃƒ»»ÿƒ‹¿‘ÃÃ¿‰‡ÿ±›ïï¨ƒµÿƒ∏¿∞»¿»ÿ¥¿‡¥Ã¡PƒÿËƒ‘Ë¿¿¨¿¿Ë¿¿∞¿∏¿∞¿∏¿∞¿∏¿∞¿∏¿∞¿∏¿∞¿∏Ã‹‘‘–»»¿¿‡Ã‘‡‡¿ƒ–∞ƒ∏‰»‹»‹‡Ã‹¿‡‡¿‹¿‘‹∞¿∏¿ƒÿ‡ƒ‘¿–ÿÃƒƒÃƒ–‹»∞¿∏¿∞¿∏¿∞¿∏¿∞¿∏»‰Ãÿƒ‡ƒƒ–‰‘‘‰‘‡‰∞Ã‹‡∞ƒÃ‘‰∞±ôÖ±Õî±—ïÖµ}…ïçΩπç•±•Ö—•Ωπ}Öπë}ç’……ïπ—}›ïï≠±Â}…Ω±î(»¿»ÿ∞ƒ±A|‡‰·‘‘‘–±5ÖÕΩ∏Å5ç-ïπÈ•î±}	±	ΩÕ—Ω∏ÅΩ±±ïùî±E±•πç•ππÖ—§±Ö±Õî∞»¿»ÿ¥¿‰¥¿’Pƒ‰ËÃ¡h∞–¿ƒ‡‘ÿ‹‹‹∞»»∏¿∞‘ƒ∏‘∞¿∏¿±1=\±!% ±	Ω—ïÖ¥Å…ΩÕ—ï»∞∞¿∏ÃÃ»Ã‡–‘¿‘»ƒ–»‘‘‡±›ïï¨ƒµÿƒ∏¿∞»¿»ÿ¥¿‡¥Ã¡PƒÿËƒ‘Ë¿¿¨¿¿Ë¿¿∞¿∏‘ƒ‹¿‹¿‰‡ƒÿÿÿ‘»–»∞¿∏Ã»‹‘»‘ÿÿ‘»‡‰ÃƒÃ¿–∞Ã∏‹Ãÿ‘‰ÿ‘ƒ‡ÿÿÿ‘‘–∞¿∏¿»»ÿƒ‰ƒ‹‰‡ÿ»¿‡Ãÿÿ∞¿∏¿ƒ»‘Ã‘Ã–ÿ–‹¿ƒÿƒ–‡–∞¿∏ƒ»¿ƒ‹Ãÿ‹ÿÿ‘¿¿¿¿ƒ–∞¿∏Ãƒ¿ƒ‡‡»‘‡»ƒ»‡Ã¿‡∞¿∏¿¿‘‹ƒƒ‰––»¿‘‰»ÿ‹ƒÿ∞¿∏¿∞¿∏¿∞¿∏¿∞¿∏»‰»ÿ‰‘‹»–‹‡ƒÿ‹‡‹∞ƒ‘»∞ƒÃÿ¿∞±—…’î±—ïÖµ}…ïçΩπç•±•Ö—•Ωπ}Öπë}ç’……ïπ—}›ïï≠±Â}…Ω±î(»¿»ÿ∞ƒ±A|›≈±iÖπîÅMµ•—†±}!=T±!Ω’Õ—Ω∏±I±=…ïùΩ∏ÅM—Ö—î±Q…’î∞»¿»ÿ¥¿‰¥¿’PƒÿË¿¡h∞–¿ƒ‡‘ÿ‹‹‡∞Ãÿ∏¿∞‘ƒ∏‘∞¿∏¿∞±5%U4±	Ω—ïÖ¥Å…ΩÕ—ï»∞∞¿∏»»‰ÿ‹–¿‰‹‡ÿÃ¿‡‰‘‹±›ïï¨ƒµÿƒ∏¿∞»¿»ÿ¥¿‡¥Ã¡PƒÿËƒ‘Ë¿¿¨¿¿Ë¿¿∞¿∏¿∞¿∏¿∞¿∏¿∞¿∏¿∞¿∏¿∞¿∏Ã–‰ÿ»‰ÿÿ‹‘‹‹‰‰‹‘‹∞ƒ∏‡‡‰»Ã¿–Ã¿–Ã¿»–ƒ∞¿∏¿ƒÿ‹Ã‹–‘–¿ƒ‘ƒƒÿÿƒ∞¿∏¿∞¿∏¿∞¿∏¿∞¿∏»‡‰Ã–‹‹ÿ‹ƒÃÃ‹»Ã‡∞Ã‹‰∞ƒÃÿƒ∞±ôÖ±Õî±—ïÖµ}…ïçΩπç•±•Ö—•Ωπ}Öπë}ç’……ïπ—}›ïï≠±Â}…Ω±î(»¿»ÿ∞ƒ±A}»‹ÿ¿‡ÿÃ±%ÕÖÖåÅ]•±ÕΩ∏±}=1<±Ω±Ω…Öëº±E±ïΩ…ù•ÑÅQïç†±Ö±Õî∞»¿»ÿ¥¿‰¥¿—P¿¿Ë¿¡h∞–¿ƒ‡‘ÿ‹‹ÿ∞»»∏¿∞‘¿∏‘∞¿∏¿¿‰ÿ¿‰–Ã‡‡‘¿‰ÿ–Ã‰±1=\±!% ±	Ω—ïÖ¥Å…ΩÕ—ï»∞∞ƒ∏¿¿¿Ã‰Ã‹ÿÃÃ‹–‡–»Ã±›ïï¨ƒµÿƒ∏¿∞»¿»ÿ¥¿‡¥Ã¡PƒÿËƒ‘Ë¿¿¨¿¿Ë¿¿∞¿∏¿∞¿∏¿∞¿∏¿∞¿∏¿∞¿∏¿∞¿∏‘–––ƒƒ‹‹ÿÃ‰‹ƒƒ»‘∞ƒ∏ÃÃ‘¿»ÿ‘ƒ––‰–‹–ÃÃ∞¿∏¿»‘‹‹ƒÃ»‘Ã–‹ƒ‡‘‹ÿ‹∞¿∏¿∞¿∏¿∞¿∏¿∞¿∏»‡‡ƒÃ¿ÿ¿Ã‘Ã»‘‡‡‰ÿ∞ƒ‘Ã∞ƒÃÿ»∞±ôÖ±Õî±—ïÖµ}…ïçΩπç•±•Ö—•Ωπ}Öπë}ç’……ïπ—}›ïï≠±Â}…Ω±î(»¿»ÿ∞ƒ±A|»Â‘’±Ö…Ω∏Å]•±±•ÖµÃ±}1±±Ω…•ëÑ±E±±Ω…•ëÑÅ—±Öπ—•å±Q…’î∞»¿»ÿ¥¿‰¥¿’P»ÃË–’h∞–¿ƒ‡‘ÿÿÃ‹∞–Ã∏‘∞‘‰∏‘∞¿∏¿±1=\±!% ±	Ω—ïÖ¥Å…ΩÕ—ï»∞∞¿∏»Ã–ƒ–ÿ–»»¿‹ÿ¿‡¿»‹±›ïï¨ƒµÿƒ∏¿∞»¿»ÿ¥¿‡¥Ã¡PƒÿËƒ‘Ë¿¿¨¿¿Ë¿¿∞¿∏ÃÃ‹ƒ–¿‡–‘¿‡»Ã‹‰Ã∞¿∏»ƒ¿‰‘ƒÿÃƒ‘‹‡‰‰ƒ‡Ã∞»∏ÿ‰ÿÃ–‡‰¿–¿»»‡‡∞¿∏¿»ÿ‹ÿ‘¿¿–¿–‘»‰»ÿ–∞¿∏¿ƒ¿‰»¿‹–‹‰»‡‘‹¿¿–∞¿∏ƒƒ‘–‘¿Ã–ƒÃ‡ƒ»Ã¿–‘∞¿∏Ã‘ÿ–‘‡¿ƒÃ¿¿‡»‹ÿ‹∞¿∏¿¿‹»‰Ã‰Ã‰ÿ–¿¿»‡ÃÃƒ∞¿∏¿∞¿∏¿∞¿∏¿∞¿∏»‡Ã–¿»ÿÿÃ‘‘–‘ƒÃ–∞ƒ‘–∞ƒÃÿÃ∞±ôÖ±Õî±—ïÖµ}…ïçΩπç•±•Ö—•Ωπ}Öπë}ç’……ïπ—}›ïï≠±Â}…Ω±î(»¿»ÿ∞ƒ±A|…»›–Ÿ±5(Å°•…ù›•∏±}1±±ÖâÖµÑ±]H±ÖÕ–ÅÖ…Ω±•πÑ±Q…’î∞»¿»ÿ¥¿‰¥¿’PƒÿË¿¡h∞–¿ƒ‡‘ÿÿÃ–∞–ƒ∏¿∞‘Ã∏‘∞¿∏¿∞±5=11}=9}Q5}IQL±	Ω—ïÖ¥Å…ΩÕ—ï»∞∞¿∏ƒ‰‡»‹Ã»Ã‘ƒ‹‘‰‡ƒ‹±›ïï¨ƒµÿƒ∏¿∞»¿»ÿ¥¿‡¥Ã¡PƒÿËƒ‘Ë¿¿¨¿¿Ë¿¿∞¿∏¿∞¿∏¿∞¿∏¿∞¿∏¿∞¿∏¿∞¿∏¿∞¿∏¿∞¿∏¿∞¿∏ƒ¿–¿ÿÿÃ¿ƒÿƒ‰‘Ã‡¿‰∞¿∏‰»‰Ã–ƒ‹‰‰‘–‡–‰–Ã∞¿∏¿ƒ–ƒ‰‰¿–ƒ–‡‰¿‘–Ã–‘∞¿∏»‡»ƒ‰–‹Ã¿‘¿‡‹ƒÃÿ∞‘Ã‹∞ƒÃÿ–∞±ôÖ±Õî±—ïÖµ}…ïçΩπç•±•Ö—•Ωπ}Öπë}ç’……ïπ—}›ïï≠±Â}…Ω±î(»¿»ÿ∞ƒ±A|≈¡ÿ‰Ã‡±-Ö±ïàÅππï—–±}U±U±E±	ï—°’πîµΩΩ≠µÖ∏±Q…’î∞»¿»ÿ¥¿‰¥¿ÕP»ÃË¿¡h∞–¿ƒ‡‘ÿ‹ÿ‹∞‘¿∏‘∞‘‡∏‘∞¿∏¿¿––‹ÿ‡‰–‰–‘–‘¿ƒ‹‹±1=\±!% ±	Ω—ïÖ¥Å…ΩÕ—ï»∞∞¿∏»»‰¿Ã‰ÿ‰‹¿‘¿ÿ‘Ã‹‹±›ïï¨ƒµÿƒ∏¿∞»¿»ÿ¥¿‡¥Ã¡PƒÿËƒ‘Ë¿¿¨¿¿Ë¿¿∞¿∏Ã¿ƒƒ‡‰¿¿‡‹»¿Ã‘ÃÃ∞¿∏ƒ‡‹‡»¿»ƒƒÿ‹ÿ‡ƒ»»Ã∞»∏–‘ƒ»‹Ãƒ‡‘‡‰‘»»»–∞¿∏¿»Ã‡‹¿ƒ»‹ÃÃ‡Ã»‰‰»∞¿∏¿¿‹‰¿Ã‰‰‹¿Ã‘‘‹ÿ‘–‡∞¿∏ƒƒ‘ÿÃÿ¿Ã»Ã»»Ã–»»‡∞¿∏–ƒ»ƒ»‰‹ÿ¿‡‹ÿ‹‡»ÿ∞¿∏¿¿‡–ƒ‡‘ƒ‰»¿¿‰¿»ÿƒ∞¿∏¿∞¿∏¿∞¿∏¿∞¿∏»‹‹Ã‘ƒ‘Ãƒ¿–ÿÿ–ÿ∞ƒ‘‘∞ƒÃÿ‘∞±ôÖ±Õî±—ïÖµ}…ïçΩπç•±•Ö—•Ωπ}Öπë}ç’……ïπ—}›ïï≠±Â}…Ω±î(»¿»ÿ∞ƒ±A|¡ÃŸ…	±	…ÖπëΩ∏ÅMµ•—†±}=I±=…ïùΩ∏±I±	Ω•ÕîÅM—Ö—î±Q…’î∞»¿»ÿ¥¿‰¥¿’Pƒ‰ËÃ¡h∞–¿ƒ‡‘‡–ÃÃ∞Ã‡∏¿∞‘ƒ∏‘∞¿∏¿∞±5%U4±	Ω—ïÖ¥Å…ΩÕ—ï»∞∞¿∏»»–ƒ‡ÿ–––¿¿¿¿‰‰‘–±›ïï¨ƒµÿƒ∏¿∞»¿»ÿ¥¿‡¥Ã¡PƒÿËƒ‘Ë¿¿¨¿¿Ë¿¿∞¿∏¿∞¿∏¿∞¿∏¿∞¿∏¿∞¿∏¿∞¿∏Ã¿‡‡‘»¿‡‘»‘»‡»–‹∞ƒ∏‹–Ãƒÿ¿Ã‰ƒ‡ƒ¿ÿƒÃÃ∞¿∏¿ƒÿÿÃ‘‡ƒ‰»»¿ÿ–‰ƒ‘‘∞¿∏¿∞¿∏¿∞¿∏¿∞¿∏»‹–ƒÃ¿‰‘–‘¿–‰‘ÿÃ∞Ã‡¿∞ƒÃÿÿ∞±ôÖ±Õî±—ïÖµ}…ïçΩπç•±•Ö—•Ωπ}Öπë}ç’……ïπ—}›ïï≠±Â}…Ω±î(»¿»ÿ∞ƒ±A}≈…»±-•±±•Ö∏ÅMΩµâî±}=I±=…ïùΩ∏±I±	Ω•ÕîÅM—Ö—î±Q…’î∞»¿»ÿ¥¿‰¥¿’Pƒ‰ËÃ¡h∞–¿ƒ‡‘‡–ÃÃ∞Ã‡∏¿∞‘ƒ∏‘∞¿∏¿∞±5%U4±	Ω—ïÖ¥Å…ΩÕ—ï»∞∞¿∏»»–ƒ‡ÿ–––¿¿¿¿‰‰‘–±›ïï¨ƒµÿƒ∏¿∞»¿»ÿ¥¿‡¥Ã¡PƒÿËƒ‘Ë¿¿¨¿¿Ë¿¿∞¿∏¿∞¿∏¿∞¿∏¿∞¿∏¿∞¿∏¿∞¿∏Ã¿‡‡‘»¿‡‘»‘»‡»–‹∞ƒ∏‹–Ãƒÿ¿Ã‰ƒ‡ƒ¿ÿƒÃÃ∞¿∏¿ƒÿÿÃ‘‡ƒ‰»»¿ÿ–‰ƒ‘‘∞¿∏¿∞¿∏¿∞¿∏¿∞¿∏»‹–ƒÃ¿‰‘–‘¿–‰‘ÿÃ∞Ã‡ƒ∞ƒÃÿ‹∞±ôÖ±Õî±—ïÖµ}…ïçΩπç•±•Ö—•Ωπ}Öπë}ç’……ïπ—}›ïï≠±Â}…Ω±î(»¿»ÿ∞ƒ±A|ƒ–›‰ÿ±Q…ÖëÖ…•Ö∏Å	Ö±∞±}=I±=…ïùΩ∏±I±	Ω•ÕîÅM—Ö—î±Q…’î∞»¿»ÿ¥¿‰¥¿’Pƒ‰ËÃ¡h∞–¿ƒ‡‘‡–ÃÃ∞Ã‡∏¿∞‘ƒ∏‘∞¿∏¿∞±5%U4±	Ω—ïÖ¥Å…ΩÕ—ï»∞∞¿∏»»–ƒ‡ÿ–––¿¿¿¿‰‰‘–±›ïï¨ƒµÿƒ∏¿∞»¿»ÿ¥¿‡¥Ã¡PƒÿËƒ‘Ë¿¿¨¿¿Ë¿¿∞¿∏¿∞¿∏¿∞¿∏¿∞¿∏¿∞¿∏¿∞¿∏Ã¿‡‡‘»¿‡‘»‘»‡»–‹∞ƒ∏‹–Ãƒÿ¿Ã‰ƒ‡ƒ¿ÿƒÃÃ∞¿∏¿ƒÿÿÃ‘‡ƒ‰»»¿ÿ–‰ƒ‘‘∞¿∏¿∞¿∏¿∞¿∏¿∞¿∏»‹–ƒÃ¿‰‘–‘¿–‰‘ÿÃ∞Ã‡»∞ƒÃÿ‡∞±ôÖ±Õî±—ïÖµ}…ïçΩπç•±•Ö—•Ωπ}Öπë}ç’……ïπ—}›ïï≠±Â}…Ω±î(»¿»ÿ∞ƒ±A|»Ã›ÿ–…±]ÂÖ—–Å…ç°ï»±}%MT±%Ω›ÑÅM—Ö—î±I±MΩ’—°ïÖÕ–Å5•ÕÕΩ’…§ÅM—Ö—î±Q…’î∞»¿»ÿ¥¿‰¥¿’Pƒ‹Ë¿¡h∞–¿ƒ‡‘ÿ‹‹‰∞–ƒ∏‘∞‘Ã∏‘∞¿∏¿∞±5%U4±	Ω—ïÖ¥Å…ΩÕ—ï»∞∞¿∏»ƒ¿»‘‘‘‰‰‘‡‰–¿–‰ÿ±›ïï¨ƒµÿƒ∏¿∞»¿»ÿ¥¿‡¥Ã¡PƒÿËƒ‘Ë¿¿¨¿¿Ë¿¿∞¿∏¿∞¿∏¿∞¿∏¿∞¿∏¿∞¿∏¿∞¿∏»‰–‘‘‹–¿ÿƒ»–‘‰‰∞ƒ∏‘‹–ÿ‡»»ÿ¿Ã‹ƒ‹‡‹ÿ∞¿∏¿ƒ‰Ã‘‡‰–¿ƒ‰‡ÃÃ‘‡‹–∞¿∏¿∞¿∏¿∞¿∏¿∞¿∏»‹Ãÿ»ƒ‡ÿ‹»»‹ƒ‰–∞Ã‡Ã∞ƒÃÿ‰∞±ôÖ±Õî±—ïÖµ}…ïçΩπç•±•Ö—•Ωπ}Öπë}ç’……ïπ—}›ïï≠±Â}…Ω±î(»¿»ÿ∞ƒ±A}Ã≈Ã¡±QÖŸ•ï∏ÅM–∏Å±Ö•»±}=MT±=°•ºÅM—Ö—î±E±	Ö±∞ÅM—Ö—î±Q…’î∞»¿»ÿ¥¿‰¥¿’PƒÿËÃ¡h∞–¿ƒ‡‘‡–Ã»∞‘Ã∏‘∞‘ÿ∏‘∞¿∏¿¿»ƒÿ–‡¿–ƒƒƒ‰ƒƒ‘‡Ã±1=\±!% ±	Ω—ïÖ¥Å…ΩÕ—ï»∞∞¿∏‹‡ƒ»¿¿ƒ–‹‰‰ÿ»‰»ÿ±›ïï¨ƒµÿƒ∏¿∞»¿»ÿ¥¿‡¥Ã¡PƒÿËƒ‘Ë¿¿¨¿¿Ë¿¿∞¿∏¿∞¿∏¿∞¿∏¿∞¿∏¿∞¿∏¿∞¿∏Ã–‹»¿‡‹‰ƒ‘»Ã‹‰–‰∞ƒ∏¿‡‹Ã‡––‹ƒ‰¿–‡ÃÃÃ∞¿∏¿»‹––ÿ»‰ÿÿ‡Ã‡ƒ–‘‡‹∞¿∏¿∞¿∏¿∞¿∏¿∞¿∏»‹Ã–ƒÿ»»‹»‰ÃÃ‹¿‰∞ƒ‘ÿ∞ƒÃ‹¿∞±ôÖ±Õî±—ïÖµ}…ïçΩπç•±•Ö—•Ωπ}Öπë}ç’……ïπ—}›ïï≠±Â}…Ω±î(»¿»ÿ∞ƒ±A|ÕŸ¡»¿±	…Ωë•îÅ5ç]°Ω…—ï»±}5MMP±5•ÕÕ•ÕÕ•¡¡§ÅM—Ö—î±E±U0Å5Ωπ…Ωî±Q…’î∞»¿»ÿ¥¿‰¥¿’P»ÃËÃ¡h∞–¿ƒ‡‘ÿÿÿ»∞–»∏‘∞‘ÿ∏‘∞¿∏¿¿‘ƒÃ‡–ƒ¿»––Ã‹‰‡ÃÃ±1=\±!% ±	Ω—ïÖ¥Å…ΩÕ—ï»∞∞¿∏»»‡‘‡Ã‘‘ƒ–‰‹»–Ã‘»±›ïï¨ƒµÿƒ∏¿∞»¿»ÿ¥¿‡¥Ã¡PƒÿËƒ‘Ë¿¿¨¿¿Ë¿¿∞¿∏Ãÿ»»ÿ‰‹¿ÿ‘‰‘‘‰‹–Ã∞¿∏»»‹–¿ÿ»‹»‹ÿ‘‹‹‘ÿ‰∞»∏‡‡‡Ã–‰ƒÃƒ»–¿–ƒ‘‹∞¿∏¿»‰¿»‘‰‘»¿Ã–‰»‘‡¿Ã∞¿∏¿¿‰‹¿Ã‡–‹Ã‡ÿ‡‘‰‡ÿÃ∞¿∏¿ÿ‡»‹‹Ã‘ƒÃ‹‡–‘‹»‘∞¿∏ƒ‰»––‹¿‘ƒ»‘‘‘ÿ‡ÿÿ∞¿∏¿¿–‹‰ƒÿÃ‡‹‘¿‡‘»‹ƒ‹∞¿∏¿∞¿∏¿∞¿∏¿∞¿∏»ÿ‰‰»‡–ÿÃÿÃÃƒÃÃƒÿ∞ƒ‘‹∞ƒÃ‹ƒ∞±ôÖ±Õî±—ïÖµ}…ïçΩπç•±•Ö—•Ωπ}Öπë}ç’……ïπ—}›ïï≠±Â}…Ω±î(»¿»ÿ∞ƒ±A}—Ã¡‘±ïÖ∏µQÖÂ±Ω»Å°Ö¡µÖ∏±}0±Ö±•ôΩ…π•Ñ±I±U1±Q…’î∞»¿»ÿ¥¿‰¥¿ŸP¿»ËÃ¡h∞–¿ƒ‡‘‡»ƒ¿∞»ÿ∏¿∞‘Ã∏‘∞¿∏¿∞±5%U4±	Ω—ïÖ¥Å…ΩÕ—ï»∞∞¿∏»ÿ–ÿ––»ÃÃƒ‰ƒ–ÿ»Ã±›ïï¨ƒµÿƒ∏¿∞»¿»ÿ¥¿‡¥Ã¡PƒÿËƒ‘Ë¿¿¨¿¿Ë¿¿∞¿∏¿∞¿∏¿∞¿∏¿∞¿∏¿∞¿∏¿∞¿∏Ãÿ‘‘»ƒ‹Ã–‡‰¿‘‡–Ã∞ƒ∏‘–‹‡Ã‰ÿ‘ÿ–»¿Ã‘¿‘∞¿∏¿ƒ‡‘Ãƒÿ‹ÿ‹‹»¿¿ƒ‡Ã∞¿∏¿∞¿∏¿∞¿∏¿∞¿∏»ÿ‘‰‹–¿»ÿ»‹–¿–ÿ¿–∞Ã‡–∞ƒÃ‹»∞±ôÖ±Õî±—ïÖµ}…ïçΩπç•±•Ö—•Ωπ}Öπë}ç’……ïπ—}›ïï≠±Â}…Ω±î(»¿»ÿ∞ƒ±A}¿‡ƒƒ‹≈±)ÖÂëï∏ÅAÖ…≠ï»±}0±Ö±•ôΩ…π•Ñ±I±U1±Q…’î∞»¿»ÿ¥¿‰¥¿ŸP¿»ËÃ¡h∞–¿ƒ‡‘‡»ƒ¿∞»ÿ∏¿∞‘Ã∏‘∞¿∏¿∞±5%U4±	Ω—ïÖ¥Å…ΩÕ—ï»∞∞¿∏»ÿ–‘ƒÿ‹ÿ¿‘‰»‹ƒ–‘±›ïï¨ƒµÿƒ∏¿∞»¿»ÿ¥¿‡¥Ã¡PƒÿËƒ‘Ë¿¿¨¿¿Ë¿¿∞¿∏¿∞¿∏¿∞¿∏¿∞¿∏¿∞¿∏¿∞¿∏Ãÿ‘‘»ƒ‹Ã–‡‰¿‘‡–Ã∞ƒ∏‘–ÿ‘‡ƒÃ‡»‰»ÿÿ‡–ÿ∞¿∏¿ƒ‡‘Ãƒÿ‹ÿ‹‹»¿¿ƒ‡Ã∞¿∏¿∞¿∏¿∞¿∏¿∞¿∏»ÿ‘‡–‡ƒ‰‡‰»–ÿ‹‰‘∞Ã‡‘∞ƒÃ‹Ã∞±ôÖ±Õî±—ïÖµ}…ïçΩπç•±•Ö—•Ωπ}Öπë}ç’……ïπ—}›ïï≠±Â}…Ω±î(»¿»ÿ∞ƒ±A|…‘¿…¡±	…Öë‰Å!Ö…–±}Q5T±Qï·ÖÃÅô4±E±5•ÕÕΩ’…§ÅM—Ö—î±Q…’î∞»¿»ÿ¥¿‰¥¿’P»ÃË¿¡h∞–¿ƒ‡‘ÿÿÿ‡∞–‹∏‘∞‘Ã∏‘∞¿∏¿¿–‹‰–‰‡ÿÃ»‡‡‘»‘ƒ‘±1=\±!% ±	Ω—ïÖ¥Å…ΩÕ—ï»∞∞¿∏‹‡Ãƒ‡ƒ»––»»‰ÿ‹»‹±›ïï¨ƒµÿƒ∏¿∞»¿»ÿ¥¿‡¥Ã¡PƒÿËƒ‘Ë¿¿¨¿¿Ë¿¿∞¿∏¿∞¿∏¿∞¿∏¿∞¿∏¿∞¿∏¿∞¿∏ÃÃ‰‰ÿ‡»‡–¿‡‰‰‹ÿ¿–∞ƒ∏ƒ–‡‹–‹¿¿ƒ¿ƒ‘‡‘–∞¿∏¿»‘ƒƒ¿ÿ‹‰‹»‰ƒ‡‘‡Ã‹∞¿∏¿∞¿∏¿∞¿∏¿∞¿∏»ÿ‘‘Ã‡‹‹‡–‹ÿ‹¿¿–Ã∞ƒ‘‡∞ƒÃ‹–∞±ôÖ±Õî±—ïÖµ}…ïçΩπç•±•Ö—•Ωπ}Öπë}ç’……ïπ—}›ïï≠±Â}…Ω±î(»¿»ÿ∞ƒ±A}Õ‹‰Â±	±Ö≠îÅ	Ö…πï—–±}-MT±-ÖπÕÖÃÅM—Ö—î±E±9•ç°Ω±±Ã±Q…’î∞»¿»ÿ¥¿‰¥¿’P»ÃË¿¡h∞–¿ƒ‡‘ÿ‹‹ƒ∞–‡∏¿∞‘‘∏‘∞¿∏¿¿ƒ¿‰»»ƒ–‡‘ƒ¿ƒ‹‘ÿ¿‰±1=\±!% ±	Ω—ïÖ¥Å…ΩÕ—ï»∞∞¿∏ÿ–‘»‰ÿ»‹‰‹‘»‹‰‹±›ïï¨ƒµÿƒ∏¿∞»¿»ÿ¥¿‡¥Ã¡PƒÿËƒ‘Ë¿¿¨¿¿Ë¿¿∞¿∏¿∞¿∏¿∞¿∏¿∞¿∏¿∞¿∏¿∞¿∏Ãƒ‹¿‡¿–‡‰‹Ã‘»¿»Ãÿ∞ƒ∏»‘‹Ã»–ÿÿÿ‘ÿ‹‹‘ƒÃ∞¿∏¿»Ã»‰Ã¿‘¿¿ÿ¿»ƒ»‘‘ÿ∞¿∏¿∞¿∏¿∞¿∏¿∞¿∏»ÿ‘–‰¿‹ÿ‹¿ƒ‡¿‘¿‘∞ƒ‘‰∞ƒÃ‹‘∞±ôÖ±Õî±—ïÖµ}…ïçΩπç•±•Ö—•Ωπ}Öπë}ç’……ïπ—}›ïï≠±Â}…Ω±î(»¿»ÿ∞ƒ±A}‡≈…	ÿ±]•±∞Å…•ôô•∏±}1±±Ω…•ëÑ±E±±Ω…•ëÑÅ—±Öπ—•å±Q…’î∞»¿»ÿ¥¿‰¥¿’P»ÃË–’h∞–¿ƒ‡‘ÿÿÃ‹∞–Ã∏‘∞‘‰∏‘∞¿∏¿±1=\±!% ±	Ω—ïÖ¥Å…ΩÕ—ï»∞∞¿∏»ƒ‹¿ƒÃ‹‘‹¿–ÿƒ»Ã»‘±›ïï¨ƒµÿƒ∏¿∞»¿»ÿ¥¿‡¥Ã¡PƒÿËƒ‘Ë¿¿¨¿¿Ë¿¿∞¿∏Ãƒ»–‹»¿¿»‹‘‰»‹‡ÃÃ∞¿∏ƒ‰‘‘ƒÿƒ–ÿÃ–ƒ‘¿–ÿÿ∞»∏–‰‰¿‘‘¿‡ƒ‹‹‹Ã¿Ã–∞¿∏¿»–‡¿ÿ‘‡‰ƒƒ‘ƒ–‰»‹ÿ∞¿∏¿ƒ¿ƒ»ƒÿÿ‡‡ƒƒ‡–‘–¿‘∞¿∏ƒ¿‹¿¿»‹‘‘–»ÿ‘¿ÿ»‡∞¿∏ÃÃ¿Ã‹‘‹ƒ‰Ã‹Ã‘»–‹∞¿∏¿¿ÿ‹ÿ¿»Ãÿ‹Ã‰‘Ã‡–‘‘∞¿∏¿∞¿∏¿∞¿∏¿∞¿∏»ÿ»ÿÿ‘‡‡Ã»‰––»‹∞ƒÿ¿∞ƒÃ‹ÿ∞±ôÖ±Õî±—ïÖµ}…ïçΩπç•±•Ö—•Ωπ}Öπë}ç’……ïπ—}›ïï≠±Â}…Ω±î(»¿»ÿ∞ƒ±A|—Ã‘…¿±Qïëë‰Å)Ö……Ö…ê±}9±9Ω—…îÅÖµî±E±]•ÕçΩπÕ•∏±Q…’î∞»¿»ÿ¥¿‰¥¿ŸP»ÃËÃ¡h∞–¿ƒ‡‘‡–Ã‡∞Ã–∏¿∞–‹∏‘∞¿∏¿¿ƒƒ–¿‹»ƒ‡‰‘‡‰–‡¿‹‹±1=\±!% ±	Ω—ïÖ¥Å…ΩÕ—ï»∞∞¿∏ÿ‰Ã¿‹Ãƒ‘¿‹»‡‰‹‰ƒ±›ïï¨ƒµÿƒ∏¿∞»¿»ÿ¥¿‡¥Ã¡PƒÿËƒ‘Ë¿¿¨¿¿Ë¿¿∞¿∏¿∞¿∏¿∞¿∏¿∞¿∏¿∞¿∏¿∞¿∏Ãƒ‡ƒ‡‹‰‹ƒÿÿ»ƒ–»‘∞ƒ∏ƒ»––ÃÃ‘–‘‰‰‘‹–‹‘∞¿∏¿»–‘‰¿‘ÿÿ‘ƒÿ»‡»ÿ‘‹∞¿∏¿∞¿∏¿∞¿∏¿∞¿∏»‘‰‰‡ÿ‹‘Ãÿ‰‹»‹¿‹∞ƒÿƒ∞ƒÃ‹‹∞±ôÖ±Õî±—ïÖµ}…ïçΩπç•±•Ö—•Ωπ}Öπë}ç’……ïπ—}›ïï≠±Â}…Ω±î(»¿»ÿ∞ƒ±A|Õ’›ƒ‰±5ÖÕΩ∏Å1Öπî±}]%M±]•ÕçΩπÕ•∏±I±9Ω—…îÅÖµî±Ö±Õî∞»¿»ÿ¥¿‰¥¿ŸP»ÃËÃ¡h∞–¿ƒ‡‘‡–Ã‡∞ƒÃ∏‘∞–‹∏‘∞¿∏¿∞±5%U4±	Ω—ïÖ¥Å…ΩÕ—ï»∞∞¿∏»‹Ã‘‹ƒ‡‘Ã‡‘‹‰ƒ–»‹±›ïï¨ƒµÿƒ∏¿∞»¿»ÿ¥¿‡¥Ã¡PƒÿËƒ‘Ë¿¿¨¿¿Ë¿¿∞¿∏¿∞¿∏¿∞¿∏¿∞¿∏¿∞¿∏¿∞¿∏ƒ‹‹¿‘¿ƒ–¿–Ã»‹¿ƒ‡‹∞¿∏‹¿‹»–‰»‰‘ƒÃ‡ƒ‡ÿ‹∞¿∏¿¿‘‹‰‡‰‹Ã»»ƒ‰ƒÃ‡ÿ‘∞¿∏¿‹ƒ‰–‘¿‘‘‘»Ã¿¿‹Ã∞¿∏ÿÿ‰‘ÿ¿ÿ––»‹¿¿‡‹Ã∞¿∏¿¿»–»‘‰ÿÿ–‹ƒ»¿¿‹Ã¿‹∞¿∏»‘‡‰‹‘ÿ‡‹ÿ»»‘»»»‹∞Ã‡ÿ∞ƒÃ‹‡∞±ôÖ±Õî±—ïÖµ}…ïçΩπç•±•Ö—•Ωπ}Öπë}ç’……ïπ—}›ïï≠±Â}…Ω±î(»¿»ÿ∞ƒ±A}…		–‘±Ö…—ï»Å!Ω±Õ›Ω…—†±}AUH±A’…ë’î±I±%πë•ÖπÑÅM—Ö—î±Q…’î∞»¿»ÿ¥¿‰¥¿—P»ÃË¿¡h∞–¿ƒ‡‘‡–Ã‘∞–ÿ∏¿∞‘ÿ∏‘∞¿∏¿∞±5%U4±	Ω—ïÖ¥Å…ΩÕ—ï»∞∞¿∏ƒ‰ÿÃ‡‹‹‹Ã‡Ã‹ÿ‘‰‹±›ïï¨ƒµÿƒ∏¿∞»¿»ÿ¥¿‡¥Ã¡PƒÿËƒ‘Ë¿¿¨¿¿Ë¿¿∞¿∏¿∞¿∏¿∞¿∏¿∞¿∏¿∞¿∏¿∞¿∏Ãƒ»‘‹‘‰‡‹‹Ã»–‘Ãƒ‘∞ƒ∏ÿÿ‹ÃÿÃ¿–ÿÃ‰ÿƒ–ÿ–∞¿∏¿ƒ–‰ÿ‰‡ÿ»‰Ã‰‰»‰‡‰‹∞¿∏¿∞¿∏¿∞¿∏¿∞¿∏»‘ÿ‘‘‘–‡»»‹‰ƒ‰–∞Ã‡‹∞ƒÃ‹‰∞±ôÖ±Õî±—ïÖµ}…ïçΩπç•±•Ö—•Ωπ}Öπë}ç’……ïπ—}›ïï≠±Â}…Ω±î(»¿»ÿ∞ƒ±A|Õ‘»—–‹±-ÖÂêÅΩôôµÖ∏±}5MT±5•ç°•ùÖ∏ÅM—Ö—î±E±QΩ±ïëº±Q…’î∞»¿»ÿ¥¿‰¥¿’P¿¿Ë¿¡h∞–¿ƒ‡‘‡–»‰∞»‰∏‹‘∞–‰∏‘∞¿∏¿ƒ‹»»¿ÿ‡–‘‰‹‹¿ƒ‹‘ÿ±1=\±!% ±	Ω—ïÖ¥Å…ΩÕ—ï»∞∞¿∏‹»‰‡¿ÿ‰‘»Ã¿»ƒ»‰±›ïï¨ƒµÿƒ∏¿∞»¿»ÿ¥¿‡¥Ã¡PƒÿËƒ‘Ë¿¿¨¿¿Ë¿¿∞¿∏¿∞¿∏¿∞¿∏¿∞¿∏¿∞¿∏¿∞¿∏Ã‰–‰¿ƒ»ÃÃ‰‹ÿ‹–‹»∞ƒ∏ƒ»‰‰‡‹‹¿‘‰‹¿–Ã¿‰∞¿∏¿»Ã‡‡–‡ÿ‰ÃÃ»ÿƒ‡––ÿ∞¿∏¿∞¿∏¿∞¿∏¿∞¿∏»‘ÿÃ¿‹‰‡ÿ‘‰»‹‘Ã‡∞ƒÿ»∞ƒÃ‡¿∞±ôÖ±Õî±—ïÖµ}…ïçΩπç•±•Ö—•Ωπ}Öπë}ç’……ïπ—}›ïï≠±Â}…Ω±î(»¿»ÿ∞ƒ±A|ŸÂ‡›ÿ±5Ωπ—îÅ!Ö……•ÕΩ∏±}I,±…≠ÖπÕÖÃ±]H±9Ω…—†Å±ÖâÖµÑ±Q…’î∞»¿»ÿ¥¿‰¥¿’P»¿Ëƒ’h∞–¿ƒ‡‘ÿÿÃ‘∞‘»∏¿∞ÿÃ∏‘∞¿∏¿∞±5=11}=9}Q5}IQL±	Ω—ïÖ¥Å…ΩÕ—ï»∞∞¿∏ƒÃ‡‹¿ƒ‹¿–»ÿ‹¿Ã»ÿ‘±›ïï¨ƒµÿƒ∏¿∞»¿»ÿ¥¿‡¥Ã¡PƒÿËƒ‘Ë¿¿¨¿¿Ë¿¿∞¿∏¿∞¿∏¿∞¿∏¿∞¿∏¿∞¿∏¿∞¿∏¿∞¿∏¿∞¿∏¿∞¿∏¿‡ƒ‡¿‡‡ƒƒ‹‹»‹»ƒ–»∞ƒ∏ƒƒÃƒÿÿÿ‡‡‹»‹‰‹ÿ∞¿∏¿ƒ¿ƒÿ–‰Ã‘ÿ‘¿Ã‘‰‰»–∞¿∏»‘–ƒƒ‘¿‰–‘–‹ÿ‹‡‘‘∞‘Ã‡∞ƒÃ‡ƒ∞±ôÖ±Õî±—ïÖµ}…ïçΩπç•±•Ö—•Ωπ}Öπë}ç’……ïπ—}›ïï≠±Â}…Ω±î(»¿»ÿ∞ƒ±A|ƒ≈Â	±)Ö≠îÅΩπ•ù±•º±}	±	ΩÕ—Ω∏ÅΩ±±ïùî±E±•πç•ππÖ—§±Ö±Õî∞»¿»ÿ¥¿‰¥¿’Pƒ‰ËÃ¡h∞–¿ƒ‡‘ÿ‹‹‹∞»»∏¿∞‘ƒ∏‘∞¿∏¿±1=\±!% ±	Ω—ïÖ¥Å…ΩÕ—ï»∞∞¿∏»‡‹¿‘‰Ã–‘–ƒ»Ãƒƒ‡±›ïï¨ƒµÿƒ∏¿∞»¿»ÿ¥¿‡¥Ã¡PƒÿËƒ‘Ë¿¿¨¿¿Ë¿¿∞¿∏––ÿ‘ÿƒÃ¿»Ã–‡Ãÿƒ‰–∞¿∏»‡»‡ÿÃ¿‹–‘ÿ‡¿–Ãƒ∞Ã∏»»‹¿ÿ¿ÿ»‰‹‘‹–‹‰Ã∞¿∏¿ƒ‰‘Ã–‹–ÿ»––‘»ÿ‡∞¿∏¿ƒ¿‡»‘‰‡ƒ¿–»–ƒ»ƒ‰–∞¿∏ƒ¿Ã‹‡ÿÃ‘‹ƒ¿ÿ‡ƒ‡»‰∞¿∏»ÿ‹‡‡‰‡‘‰Ãÿ‘ÿ»ÿ‘–∞¿∏¿¿–‰ÃÃ¿–»‹»ÃÃ¿¿Ã–‘∞¿∏¿∞¿∏¿∞¿∏¿∞¿∏»‘»‹‡»ÿ‹ƒ–¿»Ã‘‡‰∞ƒÿÃ∞ƒÃ‡»∞±ôÖ±Õî±—ïÖµ}…ïçΩπç•±•Ö—•Ωπ}Öπë}ç’……ïπ—}›ïï≠±Â}…Ω±î(»¿»ÿ∞ƒ±A|Ã»—’Ã»±°Ö…±ïÃÅQÖ¡±•∏±}5MT±5•ç°•ùÖ∏ÅM—Ö—î±]H±QΩ±ïëº±Q…’î∞»¿»ÿ¥¿‰¥¿’P¿¿Ë¿¡h∞–¿ƒ‡‘‡–»‰∞»‰∏‹‘∞–‰∏‘∞¿∏¿∞±5=11}=9}Q5}IQL±	Ω—ïÖ¥Å…ΩÕ—ï»∞∞¿∏ƒÃ»‘»‹–¿‹‹‘‘ƒ¿ÿ–ÿ±›ïï¨ƒµÿƒ∏¿∞»¿»ÿ¥¿‡¥Ã¡PƒÿËƒ‘Ë¿¿¨¿¿Ë¿¿∞¿∏¿∞¿∏¿∞¿∏¿∞¿∏¿∞¿∏¿∞¿∏¿∞¿∏¿∞¿∏¿∞¿∏¿‡‡Ã‰‡ÿ–¿‰¿‡»Ã¿‹–∞ƒ∏¿‹‹–Ã‘»ÿÃÿ‡ÿ‹‰‘∞¿∏¿¿‰–ƒ‡¿¿‰Ã‡‡»ƒ¿‰¿»∞¿∏»‘»ÿ‘¿»»Ãÿ¿ÿƒ‹‘‹∞‘Ã‰∞ƒÃ‡Ã∞±—…’î±—ïÖµ}…ïçΩπç•±•Ö—•Ωπ}Öπë}ç’……ïπ—}›ïï≠±Â}…Ω±î(»¿»ÿ∞ƒ±A|–‡‡Ã‡‰‘»±ÖâîÅMÖ›ç°’¨±}=T±=≠±Ö°ΩµÑ±I±UQ@±Q…’î∞»¿»ÿ¥¿‰¥¿’P¿¿Ë¿¡h∞–¿ƒ‡‘ÿÿÿ–∞–ÿ∏¿∞‘¿∏‘∞¿∏¿∞±5%U4±	Ω—ïÖ¥Å…ΩÕ—ï»∞∞¿∏ƒ‰‹–¿–‘¿ÿÿ¿Ã¿–‰»‡±›ïï¨ƒµÿƒ∏¿∞»¿»ÿ¥¿‡¥Ã¡PƒÿËƒ‘Ë¿¿¨¿¿Ë¿¿∞¿∏¿∞¿∏¿∞¿∏¿∞¿∏¿∞¿∏¿∞¿∏Ãƒ¿¿Ã‡‘–‡ÿÿ‡‰‡‹¿ÿ∞ƒ∏‘ÿÿÃ¿‘¿»‘ÿ‰ÿ–‘¿–∞¿∏¿ƒ‘‰ƒ‘‘‰¿ÿƒ‘‰‰Ãƒÿ∞¿∏¿∞¿∏¿∞¿∏¿∞¿∏»‘»ƒ»–¿–ÿ»ÿ‘ÿ¿–¿Ã∞Ã‡‡∞ƒÃ‡–∞±ôÖ±Õî±—ïÖµ}…ïçΩπç•±•Ö—•Ωπ}Öπë}ç’……ïπ—}›ïï≠±Â}…Ω±î(»¿»ÿ∞ƒ±A}	≈‹‡‡±)Öç¨ÅΩ±ï‰±}]-±]Ö≠îÅΩ…ïÕ–±]H±≠…Ω∏±Q…’î∞»¿»ÿ¥¿‰¥¿ÕP»ÃË¿¡h∞–¿ƒ‡‘‡»¿–∞Ãÿ∏‘∞–‡∏‘∞¿∏¿∞±5=11}=9}Q5}IQL±	Ω—ïÖ¥Å…ΩÕ—ï»∞∞¿∏ƒÃƒ‘ƒƒƒ»ƒÿ‰‹–ÿÃ‘±›ïï¨ƒµÿƒ∏¿∞»¿»ÿ¥¿‡¥Ã¡PƒÿËƒ‘Ë¿¿¨¿¿Ë¿¿∞¿∏¿∞¿∏¿∞¿∏¿∞¿∏¿∞¿∏¿∞¿∏¿∞¿∏¿∞¿∏¿∞¿∏¿‡‡‹Ã¿Ãƒ‘»»‹‰‡ƒ»ÿ∞ƒ∏»¿»‹‹‘–‰‰»‰‰‰ÿ¿ÿ∞¿∏¿¿‹ƒ¿ÿ‹–ÿ–‰ƒ‘ÿ»»ÃÃ∞¿∏»‘ƒÿ–‡Ã––ƒ¿‹Ã‘¿‹∞‘–¿∞ƒÃ‡‘∞±—…’î±—ïÖµ}…ïçΩπç•±•Ö—•Ωπ}Öπë}ç’……ïπ—}›ïï≠±Â}…Ω±î(»¿»ÿ∞ƒ±A|Õ‡—’±-’…–ÅMµ•—†±}9±9Ω—…îÅÖµî±I±]•ÕçΩπÕ•∏±Q…’î∞»¿»ÿ¥¿‰¥¿ŸP»ÃËÃ¡h∞–¿ƒ‡‘‡–Ã‡∞Ã–∏¿∞–‹∏‘∞¿∏¿∞±5%U4±	Ω—ïÖ¥Å…ΩÕ—ï»∞∞¿∏»»¿»‰ÃÃ‘ÿÿÿ‡ƒ–Ã»Ã±›ïï¨ƒµÿƒ∏¿∞»¿»ÿ¥¿‡¥Ã¡PƒÿËƒ‘Ë¿¿¨¿¿Ë¿¿∞¿∏¿∞¿∏¿∞¿∏¿∞¿∏¿∞¿∏¿∞¿∏»–‰‹ÿ–‡¿‘¿‹–‹–‰∞ƒ∏–‡‰Ãƒÿ‘–ƒ‘‘Ã‡»ƒ∞¿∏¿ƒÿ¿‹‘‡‹ƒ––‡‰¿–»‡∞¿∏¿∞¿∏¿∞¿∏¿∞¿∏»–‘Ã‡ÿ‡‡»‡–‡‡¿‹‹‹∞Ã‡‰∞ƒÃ‡ÿ∞±ôÖ±Õî±—ïÖµ}…ïçΩπç•±•Ö—•Ωπ}Öπë}ç’……ïπ—}›ïï≠±Â}…Ω±î(»¿»ÿ∞ƒ±A|»Â·‘¿±Öπ•ï∞Åπëï…ÕΩ∏±}9\±9Ω…—°›ïÕ—ï…∏±I±MΩ’—†ÅÖ≠Ω—ÑÅM—Ö—î±Q…’î∞»¿»ÿ¥¿‰¥¿ŸP¿¿Ë¿¡h∞–¿ƒ‡‘‡–Ãƒ∞»‰∏‘∞–ÿ∏‘∞¿∏¿∞±5%U4±	Ω—ïÖ¥Å…ΩÕ—ï»∞∞¿∏»ƒƒ‰‹Ã‰Ã‘‹ÿ–‹‰¿‰Ã±›ïï¨ƒµÿƒ∏¿∞»¿»ÿ¥¿‡¥Ã¡PƒÿËƒ‘Ë¿¿¨¿¿Ë¿¿∞¿∏¿∞¿∏¿∞¿∏¿∞¿∏¿∞¿∏¿∞¿∏Ã¿ÿ»¿‡ƒÃ–¿ÿÃƒ‰»‰‹∞ƒ∏‘ƒ‹‹‰‡‰ÿ‡»ÿ‰Ãÿ–‹∞¿∏¿ƒ‘‘‘––––ƒ‹ÃÃ‰–Ãÿ»∞¿∏¿∞¿∏¿∞¿∏¿∞¿∏»–‘ƒ¿ÿ‘ÿƒ‡ÿ‹Ã¿»ÿ‹∞Ã‰¿∞ƒÃ‡‹∞±ôÖ±Õî±—ïÖµ}…ïçΩπç•±•Ö—•Ωπ}Öπë}ç’……ïπ—}›ïï≠±Â}…Ω±î(»¿»ÿ∞ƒ±A|¡—Ã‰ƒ¿±•πºÅ-Ö±•Ö≠µÖπ•Ã±}IUQ±I’—ùï…Ã±]H±5ÖÕÕÖç°’Õï——Ã±Q…’î∞»¿»ÿ¥¿‰¥¿ÕP»»Ë¿¡h∞–¿ƒ‡‘‡–»Ã∞–ƒ∏¿∞‘»∏‘∞¿∏¿∞±5=11}=9}Q5}IQL±	Ω—ïÖ¥Å…ΩÕ—ï»∞∞¿∏ƒ»‡ÿ»ƒƒ‰‘‘‹‘¿Ã‡‰±›ïï¨ƒµÿƒ∏¿∞»¿»ÿ¥¿‡¥Ã¡PƒÿËƒ‘Ë¿¿¨¿¿Ë¿¿∞¿∏¿∞¿∏¿∞¿∏¿∞¿∏¿∞¿∏¿∞¿∏¿∞¿∏¿∞¿∏¿∞¿∏¿‡¿Ã‰‘–¿ÿÿ»Ã‘¿‰ÿ»∞ƒ∏¿»¿¿‘‘ÿ»Ã‹¿‰‰Ã»∞¿∏¿ƒ¿Ã‹‘¿ÃÃ–‹‘‘–‘‹ƒÿ∞¿∏»––ÿ‘ƒƒÿ‰‡–‹‹‹‹ƒÃ∞‘–ƒ∞ƒÃ‡‡∞±ôÖ±Õî±—ïÖµ}…ïçΩπç•±•Ö—•Ωπ}Öπë}ç’……ïπ—}›ïï≠±Â}…Ω±î(»¿»ÿ∞ƒ±A|‡Ã¡Ÿÿ±5•ç°Öï∞ÅQ°ΩµÖÃÅ%%$±}IUQ±I’—ùï…Ã±]H±5ÖÕÕÖç°’Õï——Ã±Q…’î∞»¿»ÿ¥¿‰¥¿ÕP»»Ë¿¡h∞–¿ƒ‡‘‡–»Ã∞–ƒ∏¿∞‘»∏‘∞¿∏¿∞±5=11}=9}Q5}IQL±	Ω—ïÖ¥Å…ΩÕ—ï»∞∞¿∏ƒ»‡ÿ»ƒƒ‰‘‘‹‘¿Ã‡‰±›ïï¨ƒµÿƒ∏¿∞»¿»ÿ¥¿‡¥Ã¡PƒÿËƒ‘Ë¿¿¨¿¿Ë¿¿∞¿∏¿∞¿∏¿∞¿∏¿∞¿∏¿∞¿∏¿∞¿∏¿∞¿∏¿∞¿∏¿∞¿∏¿‡¿Ã‰‘–¿ÿÿ»Ã‘¿‰ÿ»∞ƒ∏¿»¿¿‘‘ÿ»Ã‹¿‰‰Ã»∞¿∏¿ƒ¿Ã‹‘¿ÃÃ–‹‘‘–‘‹ƒÿ∞¿∏»––ÿ‘ƒƒÿ‰‡–‹‹‹‹ƒÃ∞‘–»∞ƒÃ‡‰∞±ôÖ±Õî±—ïÖµ}…ïçΩπç•±•Ö—•Ωπ}Öπë}ç’……ïπ—}›ïï≠±Â}…Ω±î(»¿»ÿ∞ƒ±A}	’Ã–≈±Yï…πΩ∏Å±±ï∏Å%%$±}IUQ±I’—ùï…Ã±]H±5ÖÕÕÖç°’Õï——Ã±Q…’î∞»¿»ÿ¥¿‰¥¿ÕP»»Ë¿¡h∞–¿ƒ‡‘‡–»Ã∞–ƒ∏¿∞‘»∏‘∞¿∏¿∞±5=11}=9}Q5}IQL±	Ω—ïÖ¥Å…ΩÕ—ï»∞∞¿∏ƒ»‡ÿ»ƒƒ‰‘‘‹‘¿Ã‡‰±›ïï¨ƒµÿƒ∏¿∞»¿»ÿ¥¿‡¥Ã¡PƒÿËƒ‘Ë¿¿¨¿¿Ë¿¿∞¿∏¿∞¿∏¿∞¿∏¿∞¿∏¿∞¿∏¿∞¿∏¿∞¿∏¿∞¿∏¿∞¿∏¿‡¿Ã‰‘–¿ÿÿ»Ã‘¿‰ÿ»∞ƒ∏¿»¿¿‘‘ÿ»Ã‹¿‰‰Ã»∞¿∏¿ƒ¿Ã‹‘¿ÃÃ–‹‘‘–‘‹ƒÿ∞¿∏»––ÿ‘ƒƒÿ‰‡–‹‹‹‹ƒÃ∞‘–Ã∞ƒÃ‰¿∞±ôÖ±Õî±—ïÖµ}…ïçΩπç•±•Ö—•Ωπ}Öπë}ç’……ïπ—}›ïï≠±Â}…Ω±î(»¿»ÿ∞ƒ±A}Ã‰Õ±)ÖçΩàÅ-π’—†±}-MT±-ÖπÕÖÃÅM—Ö—î±E±9•ç°Ω±±Ã±Q…’î∞»¿»ÿ¥¿‰¥¿’P»ÃË¿¡h∞–¿ƒ‡‘ÿ‹‹ƒ∞–‡∏¿∞‘‘∏‘∞¿∏¿¿¿‰‘‘ÿ»‡‰Ãÿ‹‡‡‰‹ÿ‹±1=\±!% ±	Ω—ïÖ¥Å…ΩÕ—ï»∞∞¿∏‘‡–ÿ‰‹–‡Ã»ÿ‹Ã‰¿‹±›ïï¨ƒµÿƒ∏¿∞»¿»ÿ¥¿‡¥Ã¡PƒÿËƒ‘Ë¿¿¨¿¿Ë¿¿∞¿∏¿∞¿∏¿∞¿∏¿∞¿∏¿∞¿∏¿∞¿∏»‡‹Ã¿Ã‰–ƒ¿‡ÿÃ‰¿–ÿ∞ƒ∏ƒÃ‰»‘ƒ»ƒƒ¿–ÿ‘¿ƒ∞¿∏¿»ƒƒ¿‘ÿÃ‘¿¿¿‹‡ÿ∞¿∏¿∞¿∏¿∞¿∏¿∞¿∏»–¿‘‘‡‰Ãƒƒ¿‰Ãÿÿƒ∞ƒÿ–∞ƒÃ‰ƒ∞±ôÖ±Õî±—ïÖµ}…ïçΩπç•±•Ö—•Ωπ}Öπë}ç’……ïπ—}›ïï≠±Â}…Ω±î(»¿»ÿ∞ƒ±A|»…ƒ‡ÿ’±5•ç°Öï∞ÅQï……‰Å%%$±}Q`±Qï·ÖÃ±I±Qï·ÖÃÅM—Ö—î±Q…’î∞»¿»ÿ¥¿‰¥¿’Pƒ‰ËÃ¡h∞–¿ƒ‡‘ÿÿÿ‹∞–‘∏¿∞‘‰∏‘∞¿∏¿∞±5%U4±	Ω—ïÖ¥Å…ΩÕ—ï»∞∞¿∏ƒ‹‘Ã¿‰»ÿÃ–‘Ã‹Ãÿ»–±›ïï¨ƒµÿƒ∏¿∞»¿»ÿ¥¿‡¥Ã¡PƒÿËƒ‘Ë¿¿¨¿¿Ë¿¿∞¿∏¿∞¿∏¿∞¿∏¿∞¿∏¿∞¿∏¿∞¿∏»‹»‰Ã‘ÃÃÃ»Ãƒƒ‰Ã–∞ƒ∏Ã‰‡¿ÃÃ¿ÿ‘‹‘‡–Ã‘‰∞¿∏¿ƒ‘–‰‰ÿ»–ÿƒ¿‡ƒ‘‡–∞¿∏¿∞¿∏¿∞¿∏¿∞¿∏»Ã»‡¿ƒ¿‘–»–¿‹Ã‡ÿÃ∞Ã‰ƒ∞ƒÃ‰»∞±ôÖ±Õî±—ïÖµ}…ïçΩπç•±•Ö—•Ωπ}Öπë}ç’……ïπ—}›ïï≠±Â}…Ω±î(»¿»ÿ∞ƒ±A|ƒ≈‹·–‹±QÖÂëï∏µŸÖ∏Å-ÖÖ›Ñ±}1±±ÖâÖµÑ±E±ÖÕ–ÅÖ…Ω±•πÑ±Q…’î∞»¿»ÿ¥¿‰¥¿’PƒÿË¿¡h∞–¿ƒ‡‘ÿÿÃ–∞–ƒ∏¿∞‘Ã∏‘∞¿∏¿»ƒ–‘»‰–ÿ¿‹‹ÿ¿ƒ‘‰»±1=\±!% ±	Ω—ïÖ¥Å…ΩÕ—ï»∞∞¿∏ÿ‘‘»»ÿ‰‹ÿ‰¿»ÿÿÿÃ±›ïï¨ƒµÿƒ∏¿∞»¿»ÿ¥¿‡¥Ã¡PƒÿËƒ‘Ë¿¿¨¿¿Ë¿¿∞¿∏¿∞¿∏¿∞¿∏¿∞¿∏¿∞¿∏¿∞¿∏Ã¿‡‘¿¿ÿÿÃ¿¿ÿ‡‰¿»∞¿∏‡‰–‘Ã‘ƒ–––Ã‰‹ƒ‡‰∞¿∏¿»Ã‘»»‡‡‡‡»ÿ––Ã»‘Ã∞¿∏¿∞¿∏¿∞¿∏¿∞¿∏»Ã¿‘‰¿‡–‹–¿»ÿÃƒ–»∞ƒÿ‘∞ƒÃ‰Ã∞±ôÖ±Õî±—ïÖµ}…ïçΩπç•±•Ö—•Ωπ}Öπë}ç’……ïπ—}›ïï≠±Â}…Ω±î(»¿»ÿ∞ƒ±A|‹≈¿‰Ã‡±Ö¥Å]•±±•ÖµÃ±}9±9Ω—…îÅÖµî±]H±]•ÕçΩπÕ•∏±Q…’î∞»¿»ÿ¥¿‰¥¿ŸP»ÃËÃ¡h∞–¿ƒ‡‘‡–Ã‡∞Ã–∏¿∞–‹∏‘∞¿∏¿∞±5=11}=9}Q5}IQL±	Ω—ïÖ¥Å…ΩÕ—ï»∞∞¿∏ƒÃ‡‡‹‹‡‘»‡‡–‘¿ÃÃ‡±›ïï¨ƒµÿƒ∏¿∞»¿»ÿ¥¿‡¥Ã¡PƒÿËƒ‘Ë¿¿¨¿¿Ë¿¿∞¿∏¿∞¿∏¿∞¿∏¿∞¿∏¿∞¿∏¿∞¿∏¿∞¿∏¿∞¿∏¿∞¿∏¿‹‡–‘ÿÿÿƒƒÿ––»‘ƒ‡∞¿∏‰»–‡‰‰»‘¿¿–‘‰‘ÿ–∞¿∏¿¿‰‰Ã‹‡ƒÿ‰‡–‰‘¿Ã‹‰∞¿∏»Ã¿‘‹Ã–‡‡¿‹‡‹»Ã¿‡∞‘––∞ƒÃ‰–∞±ôÖ±Õî±—ïÖµ}…ïçΩπç•±•Ö—•Ωπ}Öπë}ç’……ïπ—}›ïï≠±Â}…Ω±î(»¿»ÿ∞ƒ±A}‰ƒ‘‹…±)ï…ΩµîÅ	ï——•ÃÅ)»∏±}9±9Ω—…îÅÖµî±]H±]•ÕçΩπÕ•∏±Q…’î∞»¿»ÿ¥¿‰¥¿ŸP»ÃËÃ¡h∞–¿ƒ‡‘‡–Ã‡∞Ã–∏¿∞–‹∏‘∞¿∏¿∞±5=11}=9}Q5}IQL±	Ω—ïÖ¥Å…ΩÕ—ï»∞∞¿∏ƒÃ‡‡‹‹‡‘»‡‡–‘¿ÃÃ‡±›ïï¨ƒµÿƒ∏¿∞»¿»ÿ¥¿‡¥Ã¡PƒÿËƒ‘Ë¿¿¨¿¿Ë¿¿∞¿∏¿∞¿∏¿∞¿∏¿∞¿∏¿∞¿∏¿∞¿∏¿∞¿∏¿∞¿∏¿∞¿∏¿‹‡–‘ÿÿÿƒƒÿ––»‘ƒ‡∞¿∏‰»–‡‰‰»‘¿¿–‘‰‘ÿ–∞¿∏¿¿‰‰Ã‹‡ƒÿ‰‡–‰‘¿Ã‹‰∞¿∏»Ã¿‘‹Ã–‡‡¿‹‡‹»Ã¿‡∞‘–‘∞ƒÃ‰‘∞±ôÖ±Õî±—ïÖµ}…ïçΩπç•±•Ö—•Ωπ}Öπë}ç’……ïπ—}›ïï≠±Â}…Ω±î(»¿»ÿ∞ƒ±A}	¿Â‘ÿ±1ΩùÖ∏ÅMÖ±ëÖ—î±}9±9Ω—…îÅÖµî±]H±]•ÕçΩπÕ•∏±Q…’î∞»¿»ÿ¥¿‰¥¿ŸP»ÃËÃ¡h∞–¿ƒ‡‘‡–Ã‡∞Ã–∏¿∞–‹∏‘∞¿∏¿∞±5=11}=9}Q5}IQL±	Ω—ïÖ¥Å…ΩÕ—ï»∞∞¿∏ƒÃ‡‡‹‹‡‘»‡‡–‘¿ÃÃ‡±›ïï¨ƒµÿƒ∏¿∞»¿»ÿ¥¿‡¥Ã¡PƒÿËƒ‘Ë¿¿¨¿¿Ë¿¿∞¿∏¿∞¿∏¿∞¿∏¿∞¿∏¿∞¿∏¿∞¿∏¿∞¿∏¿∞¿∏¿∞¿∏¿‹‡–‘ÿÿÿƒƒÿ––»‘ƒ‡∞¿∏‰»–‡‰‰»‘¿¿–‘‰‘ÿ–∞¿∏¿¿‰‰Ã‹‡ƒÿ‰‡–‰‘¿Ã‹‰∞¿∏»Ã¿‘‹Ã–‡‡¿‹‡‹»Ã¿‡∞‘–ÿ∞ƒÃ‰ÿ∞±ôÖ±Õî±—ïÖµ}…ïçΩπç•±•Ö—•Ωπ}Öπë}ç’……ïπ—}›ïï≠±Â}…Ω±î(»¿»ÿ∞ƒ±A}ÂÂƒ’±5Ö—–Å)ïôôï…‰±}9±9Ω—…îÅÖµî±]H±]•ÕçΩπÕ•∏±Q…’î∞»¿»ÿ¥¿‰¥¿ŸP»ÃËÃ¡h∞–¿ƒ‡‘‡–Ã‡∞Ã–∏¿∞–‹∏‘∞¿∏¿∞±5=11}=9}Q5}IQL±	Ω—ïÖ¥Å…ΩÕ—ï»∞∞¿∏ƒÃ‡‡‹‹‡‘»‡‡–‘¿ÃÃ‡±›ïï¨ƒµÿƒ∏¿∞»¿»ÿ¥¿‡¥Ã¡PƒÿËƒ‘Ë¿¿¨¿¿Ë¿¿∞¿∏¿∞¿∏¿∞¿∏¿∞¿∏¿∞¿∏¿∞¿∏¿∞¿∏¿∞¿∏¿∞¿∏¿‹‡–‘ÿÿÿƒƒÿ––»‘ƒ‡∞¿∏‰»–‡‰‰»‘¿¿–‘‰‘ÿ–∞¿∏¿¿‰‰Ã‹‡ƒÿ‰‡–‰‘¿Ã‹‰∞¿∏»Ã¿‘‹Ã–‡‡¿‹‡‹»Ã¿‡∞‘–‹∞ƒÃ‰‹∞±ôÖ±Õî±—ïÖµ}…ïçΩπç•±•Ö—•Ωπ}Öπë}ç’……ïπ—}›ïï≠±Â}…Ω±î(»¿»ÿ∞ƒ±A|‹—¡ƒ±°…•ÃÅïπÕΩ∏±}14±±ïµÕΩ∏±E±1MT±Ö±Õî∞»¿»ÿ¥¿‰¥¿’P»ÃËÃ¡h∞–¿ƒ‡‘ÿÿÿ¿∞»¿∏‘∞‘ƒ∏‘∞¿∏¿ƒ‘»‡»‡–‹»ÿ‰‡»––Ã–±1=\±!% ±	Ω—ïÖ¥Å…ΩÕ—ï»∞∞¿∏‰–‘‹Ã–‡ƒƒ‘‡»»‘‘ÿ±›ïï¨ƒµÿƒ∏¿∞»¿»ÿ¥¿‡¥Ã¡PƒÿËƒ‘Ë¿¿¨¿¿Ë¿¿∞¿∏¿∞¿∏¿∞¿∏¿∞¿∏¿∞¿∏¿∞¿∏–ƒ»‡ƒÿƒƒƒ‰¿ÿƒÃ¿‘∞ƒ∏ƒ–¿ƒ‰‰‡‹‹¿‹‘ƒƒ¿‘∞¿∏¿ƒ‰–ƒ»‘Ã‡–ƒ‡¿¿‰‰‡∞¿∏¿∞¿∏¿∞¿∏¿∞¿∏»Ã¿–‰‘»ƒ‡»ƒ‘‘‹¿‰‘∞ƒÿÿ∞ƒÃ‰‡∞±ôÖ±Õî±—ïÖµ}…ïçΩπç•±•Ö—•Ωπ}Öπë}ç’……ïπ—}›ïï≠±Â}…Ω±î(»¿»ÿ∞ƒ±A|‘Â¿»‘‡±!’π—ï»Å	Ö…πïÃ±}Q98±QïππïÕÕïî±I±’…µÖ∏±Q…’î∞»¿»ÿ¥¿‰¥¿’Pƒ‰ËÃ¡h∞–¿ƒ‡‘ÿÿÿÿ∞‘ÿ∏‘∞ÿÿ∏‘∞¿∏¿∞±5%U4±	Ω—ïÖ¥Å…ΩÕ—ï»∞∞¿∏ƒÿÿ–––Ã‘‹–¿¿‘‰»–ÿ±›ïï¨ƒµÿƒ∏¿∞»¿»ÿ¥¿‡¥Ã¡PƒÿËƒ‘Ë¿¿¨¿¿Ë¿¿∞¿∏¿∞¿∏¿∞¿∏¿∞¿∏¿∞¿∏¿∞¿∏»–‡‰¿ÿ¿ƒ¿‡–ÿ‡–‰–∞ƒ∏–¿ƒ‡»»ÿÃ‰¿¿»‡»–Ã∞¿∏¿ƒ–ÃÃ–‰Ã¿‘–Ã‘ÿ‹‰‹∞¿∏¿∞¿∏¿∞¿∏¿∞¿∏»»ÿƒ‰ƒ‡–‹ƒÿƒÿ‰¿»‘∞Ã‰»∞ƒÃ‰‰∞±ôÖ±Õî±—ïÖµ}…ïçΩπç•±•Ö—•Ωπ}Öπë}ç’……ïπ—}›ïï≠±Â}…Ω±î(»¿»ÿ∞ƒ±A|Õ‘‰‹»‘Ã±Ω…•∏Å	ï……‰±}AUH±A’…ë’î±E±%πë•ÖπÑÅM—Ö—î±Q…’î∞»¿»ÿ¥¿‰¥¿—P»ÃË¿¡h∞–¿ƒ‡‘‡–Ã‘∞–ÿ∏¿∞‘ÿ∏‘∞¿∏¿¿»¿»‰‡Ã‡Ãÿ‡‡‘»–Ãÿ±1=\±!% ±	Ω—ïÖ¥Å…ΩÕ—ï»∞∞¿∏‘¿¿ÿÃƒ‰‡ƒ––‰ƒ‡ƒ±›ïï¨ƒµÿƒ∏¿∞»¿»ÿ¥¿‡¥Ã¡PƒÿËƒ‘Ë¿¿¨¿¿Ë¿¿∞¿∏¿∞¿∏¿∞¿∏¿∞¿∏¿∞¿∏¿∞¿∏ÃÃ‹‹‹‰‘¿‰ƒ‘ÃÃƒ»ÿ∞ƒ∏¿ÿ‡¿‹‘‡ÿÿ‹»¿‹¿–ÿ∞¿∏¿ƒ‰‹Ã‰‡‡¿ƒÃ–»–––Ã∞¿∏¿∞¿∏¿∞¿∏¿∞¿∏»»‘»–ÿ‡ÿ‹–‹‹‘Ã‹¿Ã∞ƒÿ‹∞ƒ–¿¿∞±ôÖ±Õî±—ïÖµ}…ïçΩπç•±•Ö—•Ωπ}Öπë}ç’……ïπ—}›ïï≠±Â}…Ω±î(»¿»ÿ∞ƒ±A}	’›±)’ëêÅπëï…ÕΩ∏±}5%±5•Öµ§±E±M—ÖπôΩ…ê±Ö±Õî∞»¿»ÿ¥¿‰¥¿’P¿ƒË¿¡h∞–¿ƒ‡‘‡»¿ÿ∞Ãÿ∏¿∞–‹∏‘∞¿∏¿ƒ‘–‡–‹¿ƒÃ¿ÿƒÃ¿‰‰»±1=\±!% ±	Ω—ïÖ¥Å…ΩÕ—ï»∞∞¿∏ÿ‰‡ƒÃ‘–‹¿‘¿‹Ã–‹±›ïï¨ƒµÿƒ∏¿∞»¿»ÿ¥¿‡¥Ã¡PƒÿËƒ‘Ë¿¿¨¿¿Ë¿¿∞¿∏¿∞¿∏¿∞¿∏¿∞¿∏¿∞¿∏¿∞¿∏Ãƒ»‹‹‡‘ÿ–‡Ã‰‘‹¿Ã∞¿∏‰‹»ÃÃƒ‘»‰‰Ãƒ–¿‘‹∞¿∏¿»ƒ¿Ã–»ÿÿ‡–‡¿ƒ‰‰‹Ã∞¿∏¿∞¿∏¿∞¿∏¿∞¿∏»»Ã–Ã‡‹‘–¿‡ƒ»ÿ¿–∞ƒÿ‡∞ƒ–¿ƒ∞±ôÖ±Õî±—ïÖµ}…ïçΩπç•±•Ö—•Ωπ}Öπë}ç’……ïπ—}›ïï≠±Â}…Ω±î(»¿»ÿ∞ƒ±A|Ã¿‡»»…‹±]Ö±≠ï»Å!Ω›Ö…ê±}5%ML±=±îÅ5•ÕÃ±E±1Ω’•ÕŸ•±±î±Q…’î∞»¿»ÿ¥¿‰¥¿ŸP»ÃËÃ¡h∞–¿ƒ‡‘ÿÿÿƒ∞Ãƒ∏¿∞‘‘∏‘∞¿∏¿ƒ–‘–‹»‹ÿÃ»‡‘¿ƒ––ÿ±1=\±!% ±	Ω—ïÖ¥Å…ΩÕ—ï»∞∞¿∏‹Ã‰‘‹‘Ãÿÿ‹ƒ‡‡–‰±›ïï¨ƒµÿƒ∏¿∞»¿»ÿ¥¿‡¥Ã¡PƒÿËƒ‘Ë¿¿¨¿¿Ë¿¿∞¿∏¿∞¿∏¿∞¿∏¿∞¿∏¿∞¿∏¿∞¿∏ÃÃ–‹–Ã¿–‘ÿ‰»ÿ¿‡‡∞ƒ∏¿Ã‡‡‡Ã‰‰–‘»‹ƒƒ‹‘∞¿∏¿ƒ‰‡¿‰‹¿‘ƒ‰‡¿Ã‹–ÿ‘∞¿∏¿∞¿∏¿∞¿∏¿∞¿∏»»»‹–ÿÿÃ¿ÿ–¿‰Ãÿ‘‘∞ƒÿ‰∞ƒ–¿»∞±ôÖ±Õî±—ïÖµ}…ïçΩπç•±•Ö—•Ωπ}Öπë}ç’……ïπ—}›ïï≠±Â}…Ω±î(»¿»ÿ∞ƒ±A}ƒ‘‹–Ã¿»±Qï…•ƒÅ5Ö±±Ω…‰±}MT±±Ω…•ëÑÅM—Ö—î±]H±M5T±Q…’î∞»¿»ÿ¥¿‰¥¿›P»ÃËÃ¡h∞–¿ƒ‡‘‡»ƒ»∞»‘∏»‘∞‘Ã∏‘∞¿∏¿∞±5=11}=9}Q5}IQL±	Ω—ïÖ¥Å…ΩÕ—ï»∞∞¿∏ƒÃ¿‡‰ƒ‹‘»ÿ¿‹ƒÿ‡‰Ã±›ïï¨ƒµÿƒ∏¿∞»¿»ÿ¥¿‡¥Ã¡PƒÿËƒ‘Ë¿¿¨¿¿Ë¿¿∞¿∏¿∞¿∏¿∞¿∏¿∞¿∏¿∞¿∏¿∞¿∏¿∞¿∏¿∞¿∏¿∞¿∏¿‡»‹‡‡»‰ÿ‹Ã‘ÿÿ¿‡»∞¿∏‰ÿ»‹–ƒÃ––¿¿»‰ÿ–Ã∞¿∏¿¿‹¿‰‰ƒÿ‡ƒÃ»Ãƒ‡–‰∞¿∏»»ƒÿ‘‹–Ã‰‰»‰‡ÿ‡»∞‘–‡∞ƒ–¿Ã∞±ôÖ±Õî±—ïÖµ}…ïçΩπç•±•Ö—•Ωπ}Öπë}ç’……ïπ—}›ïï≠±Â}…Ω±î(»¿»ÿ∞ƒ±A|¡‡‰¿Ÿ–±	ïππï—–Å5ï…ïë•—†±}AUH±A’…ë’î±E±%πë•ÖπÑÅM—Ö—î±Q…’î∞»¿»ÿ¥¿‰¥¿—P»ÃË¿¡h∞–¿ƒ‡‘‡–Ã‘∞–ÿ∏¿∞‘ÿ∏‘∞¿∏¿¿ƒ‰‡‡‡–Ãƒ¿¿¿ƒ‹‰–‰‡±1=\±!% ±	Ω—ïÖ¥Å…ΩÕ—ï»∞∞¿∏–‰ƒ–»ƒ‡‹‡Ã‰¿ƒÿƒ‹‹±›ïï¨ƒµÿƒ∏¿∞»¿»ÿ¥¿‡¥Ã¡PƒÿËƒ‘Ë¿¿¨¿¿Ë¿¿∞¿∏¿∞¿∏¿∞¿∏¿∞¿∏¿∞¿∏¿∞¿∏ÃÃƒ‘ÿ‘Ã‰‘Ã‡ƒ‘ƒ»ÿ∞ƒ∏¿–‡–»ÿ‘»‘ƒ––‹Ãÿ∞¿∏¿ƒ‰Ã‹ÿ‹»ÿ–‡ÿƒÿÃ‡‘Ã∞¿∏¿∞¿∏¿∞¿∏¿∞¿∏»»ƒƒ¿Ã¿ƒƒ–Ãƒ–‘ÿ‹»∞ƒ‹¿∞ƒ–¿–∞±ôÖ±Õî±—ïÖµ}…ïçΩπç•±•Ö—•Ωπ}Öπë}ç’……ïπ—}›ïï≠±Â}…Ω±î(»¿»ÿ∞ƒ±A|≈Õ·±-ï•ÕïÖ∏Å!ïπëï…ÕΩ∏±}!=T±!Ω’Õ—Ω∏±E±=…ïùΩ∏ÅM—Ö—î±Q…’î∞»¿»ÿ¥¿‰¥¿’PƒÿË¿¡h∞–¿ƒ‡‘ÿ‹‹‡∞Ãÿ∏¿∞‘ƒ∏‘∞¿∏¿¿ƒ‡Ã‡Ã‘‹¿»ÃÃ»¿‘Ã»‹±1=\±!% ±	Ω—ïÖ¥Å…ΩÕ—ï»∞∞¿∏ÿƒ‘¿‹‘–‡‰–––‡–»‘±›ïï¨ƒµÿƒ∏¿∞»¿»ÿ¥¿‡¥Ã¡PƒÿËƒ‘Ë¿¿¨¿¿Ë¿¿∞¿∏¿∞¿∏¿∞¿∏¿∞¿∏¿∞¿∏¿∞¿∏Ã»‡‹¿–ƒ‹‹¿‡‹‰Ã¿‘–∞ƒ∏¿‘»‰ƒ¿ÿ»»‘‘ƒƒÃ–»∞¿∏¿ƒ‰»‹‰‰»–‘ÿ‘ÿ¿‘»ƒ∞¿∏¿∞¿∏¿∞¿∏¿∞¿∏»»¿‰‹¿ÿ¿‰ÿ–‡‹––ÿ‡∞ƒ‹ƒ∞ƒ–¿‘∞±ôÖ±Õî±—ïÖµ}…ïçΩπç•±•Ö—•Ωπ}Öπë}ç’……ïπ—}›ïï≠±Â}…Ω±î(»¿»ÿ∞ƒ±A}¿»‘‰±IÂÖ∏ÅA’ù±•Õ§±}U±ïΩ…ù•Ñ±E±QïππïÕÕïîÅM—Ö—î±Q…’î∞»¿»ÿ¥¿‰¥¿’Pƒ‰Ë¿¡h∞–¿ƒ‡‘ÿÿ‘‡∞‘ƒ∏‘∞‘ÿ∏‘∞¿∏¿ƒ»‘‹‡¿ÿ‹ÿ‹»‹¿‘Ãÿ‰±1=\±!% ±	Ω—ïÖ¥Å…ΩÕ—ï»∞∞¿∏‡–‘»»‘‘‘‰‡–ÿÿÿ‘‘±›ïï¨ƒµÿƒ∏¿∞»¿»ÿ¥¿‡¥Ã¡PƒÿËƒ‘Ë¿¿¨¿¿Ë¿¿∞¿∏¿∞¿∏¿∞¿∏¿∞¿∏¿∞¿∏¿∞¿∏»‰‘‘‰ÿƒÃ‹ÿ¿ƒ–Ã¿‡∞¿∏‰¿¿–‘ƒÃ‘‘»‘ÿ‰–‡ÿ∞¿∏¿»ƒ‹–¿»¿‹‘‰ƒ¿»»‘‘∞¿∏¿∞¿∏¿∞¿∏¿∞¿∏»»¿–‡ÿÃ‡ƒ¿‹ƒ‡Ã¿»∞ƒ‹»∞ƒ–¿ÿ∞±ôÖ±Õî±—ïÖµ}…ïçΩπç•±•Ö—•Ωπ}Öπë}ç’……ïπ—}›ïï≠±Â}…Ω±î(»¿»ÿ∞ƒ±A}—	‡¡±1±ΩÂêÅ)ΩπïÃÅ%%$±}QQT±Qï·ÖÃÅQïç†±E±â•±ïπîÅ°…•Õ—•Ö∏±Q…’î∞»¿»ÿ¥¿‰¥¿’P»ÃË¿¡h∞–¿ƒ‡‘ÿ‹‹¿∞‘ƒ∏¿∞‘‰∏‘∞¿∏¿ƒÃ‘–Ã¿ÿ‰¿ƒƒÃ‹¿»–Ã±1=\±!% ±	Ω—ïÖ¥Å…ΩÕ—ï»∞∞¿∏‹‹‡ÿ»–‡‹‰‰ÿÿ‘‹»‡±›ïï¨ƒµÿƒ∏¿∞»¿»ÿ¥¿‡¥Ã¡PƒÿËƒ‘Ë¿¿¨¿¿Ë¿¿∞¿∏¿∞¿∏¿∞¿∏¿∞¿∏¿∞¿∏¿∞¿∏»ÿ‡¿»ƒ‘‡‘‘»–Ã‘‡‡∞¿∏‰‘ƒÃ‹Ãƒ‘¿‘ÃÃÿÃ‘‡∞¿∏¿»¿‘ƒ–‹ƒƒƒ‹‰‹‹‰»ÿÿ∞¿∏¿∞¿∏¿∞¿∏¿∞¿∏»ƒ‡»»‘‘‡»ƒÃ»¿Ã‰»∞ƒ‹Ã∞ƒ–¿‹∞±ôÖ±Õî±—ïÖµ}…ïçΩπç•±•Ö—•Ωπ}Öπë}ç’……ïπ—}›ïï≠±Â}…Ω±î(»¿»ÿ∞ƒ±A}‡ÃŸ¡±…•åÅ%πù›ï…ÕΩ∏±}9±9ïâ…ÖÕ≠Ñ±Q±=°•º±Q…’î∞»¿»ÿ¥¿‰¥¿’PƒÿË¿¡h∞–¿ƒ‡‘‡–Ã¿∞Ã‘∏‘∞–‹∏‘∞¿∏¿∞±5=11}=9}Q5}IQL±	Ω—ïÖ¥Å…ΩÕ—ï»∞∞¿∏ƒ‘‘–¿ÿ‰¿ÿ¿»–‹ƒ»‡Ã±›ïï¨ƒµÿƒ∏¿∞»¿»ÿ¥¿‡¥Ã¡PƒÿËƒ‘Ë¿¿¨¿¿Ë¿¿∞¿∏¿∞¿∏¿∞¿∏¿∞¿∏¿∞¿∏¿∞¿∏¿∞¿∏¿∞¿∏¿∞¿∏¿‹ÃÃ¿‡ƒ¿‡‰‘‹ƒ–‘‰‡∞¿∏‡‹‰–ƒ»‘»»ÿ¿¿¿‡–ƒ∞¿∏¿¿‰»‰Ã–‘–ÿ––ƒ‡––¿‰∞¿∏»ƒ‹¿ƒ¿¿‡‰¿‡»»ÿ¿‡Ã∞»‰‘∞ƒ–¿‡∞±ôÖ±Õî±—ïÖµ}…ïçΩπç•±•Ö—•Ωπ}Öπë}ç’……ïπ—}›ïï≠±Â}…Ω±î(»¿»ÿ∞ƒ±A}·ÿ‡–±	±Ö≠îÅ!ïâï…–±}9±9Ω—…îÅÖµî±E±]•ÕçΩπÕ•∏±Q…’î∞»¿»ÿ¥¿‰¥¿ŸP»ÃËÃ¡h∞–¿ƒ‡‘‡–Ã‡∞Ã–∏¿∞–‹∏‘∞¿∏¿¿¿‡––‡ÿƒÿ»‘‘–ƒ‘ƒ»Ã±1=\±!% ±	Ω—ïÖ¥Å…ΩÕ—ï»∞∞¿∏‘‹ÿ»‡–¿ÿ‘‘‡ƒ‘ƒ¿–±›ïï¨ƒµÿƒ∏¿∞»¿»ÿ¥¿‡¥Ã¡PƒÿËƒ‘Ë¿¿¨¿¿Ë¿¿∞¿∏¿∞¿∏¿∞¿∏¿∞¿∏¿∞¿∏¿∞¿∏»ÿ–‘‹¿–»–‡Ã»‡»‰‡Ã∞¿∏‰Ã–‰‘ÿÃÃ‡‘ÿ–ƒƒ‡∞¿∏¿»¿––ÿ‡ÃÃ‰‹‹ƒ»ƒ–‡»∞¿∏¿∞¿∏¿∞¿∏¿∞¿∏»ƒÿƒ‹ÿÿÃ‹‹ƒ‰ƒ–¿‹∞ƒ‹–∞ƒ–¿‰∞±ôÖ±Õî±—ïÖµ}…ïçΩπç•±•Ö—•Ωπ}Öπë}ç’……ïπ—}›ïï≠±Â}…Ω±î(»¿»ÿ∞ƒ±A|ƒ’	¿Ã±Iïùù•îÅ…•Õç°≠πïç°–±}	eT±	eT±]H±U—Ö†ÅQïç†±Q…’î∞»¿»ÿ¥¿‰¥¿ŸP¿¿Ë¿¡h∞–¿ƒ‡‘ÿ‹‹‘∞‘»∏‘∞‘–∏‘∞¿∏¿∞±5=11}=9}Q5}IQL±	Ω—ïÖ¥Å…ΩÕ—ï»∞∞¿∏ƒƒ‹»ÿ–––‘ÿ‘¿ÿ‘‘Ã–±›ïï¨ƒµÿƒ∏¿∞»¿»ÿ¥¿‡¥Ã¡PƒÿËƒ‘Ë¿¿¨¿¿Ë¿¿∞¿∏¿∞¿∏¿∞¿∏¿∞¿∏¿∞¿∏¿∞¿∏¿∞¿∏¿∞¿∏¿∞¿∏¿‹¿Ã‘ƒ»ÿƒ‹‹‰ƒ‘¿‘Ã∞¿∏‰Ãÿ¿––‡¿Ã‡–‰¿‰‘–∞¿∏¿¿‡––Ã‰‘»ƒ‘‘»‘‡‡Ãƒ∞¿∏»ƒ–ÿƒ‰–‘‘¿‰‘ÿƒÃ¿Ã∞‘–‰∞ƒ–ƒ¿∞±ôÖ±Õî±—ïÖµ}…ïçΩπç•±•Ö—•Ωπ}Öπë}ç’……ïπ—}›ïï≠±Â}…Ω±î(»¿»ÿ∞ƒ±A}»ÿ‹Â·±•ëÖ∏Å…Ö‰±}9\±9Ω…—°›ïÕ—ï…∏±E±MΩ’—†ÅÖ≠Ω—ÑÅM—Ö—î±Q…’î∞»¿»ÿ¥¿‰¥¿ŸP¿¿Ë¿¡h∞–¿ƒ‡‘‡–Ãƒ∞»‰∏‘∞–ÿ∏‘∞¿∏¿¿–‹‘–ƒ‰ƒ‘‹¿‘ÿ‘ƒ‹‰±1=\±!% ±	Ω—ïÖ¥Å…ΩÕ—ï»∞∞¿∏ƒ‰»ƒÿÃ‘ÿ‹»‹ÿ¿ÿ¿ÿ‘±›ïï¨ƒµÿƒ∏¿∞»¿»ÿ¥¿‡¥Ã¡PƒÿËƒ‘Ë¿¿¨¿¿Ë¿¿∞¿∏Ã‘ÿ»‘ÿƒ‡‰‘‰Ã¿ÿ‰»∞¿∏»¿‰‰ƒ¿‘‘»‹‡¿‘‰‡‰‘∞»∏–ÿ‡‹‡‘–¿»‘‹‰‰Ã‡‹∞¿∏¿»»‹ƒ‹‡‰ƒ‡ÿÃÿ‡Ã‡‘–∞¿∏¿ƒ¿»»‘Ã‘ƒ–‘‰ƒ‡–¿Ã‰∞¿∏¿–‰–ƒÿ»‡ÿ–‰‹‰‡ÿÿ‰∞¿∏ƒ–‘‹‹‹‡‡Ãÿ‰‰‹»–ƒ–∞¿∏¿¿Ã¿‰‘ƒƒ‡‘Ã‘–¿–¿‘»Ã∞¿∏¿∞¿∏¿∞¿∏¿∞¿∏»ƒ»‘–ÿƒÃƒÿ‡ƒƒ–‘ÿ‹∞ƒ‹‘∞ƒ–ƒƒ∞±ôÖ±Õî±—ïÖµ}…ïçΩπç•±•Ö—•Ωπ}Öπë}ç’……ïπ—}›ïï≠±Â}…Ω±î(»¿»ÿ∞ƒ±A}‘…Õ‹‹±)Ω…ëÖ∏ÅMçΩ—–±}5±5Ö…Â±Öπê±]H±!Öµ¡—Ω∏±Q…’î∞»¿»ÿ¥¿‰¥¿ŸP¿¿Ë¿¡h∞–¿ƒ‡‘‡–»‹∞‘ƒ∏¿∞‘ÿ∏‘∞¿∏¿∞±5=11}=9}Q5}IQL±	Ω—ïÖ¥Å…ΩÕ—ï»∞∞¿∏ƒ»‹»‰¿»‘‡‘‰ƒ¿‘»‹»±›ïï¨ƒµÿƒ∏¿∞»¿»ÿ¥¿‡¥Ã¡PƒÿËƒ‘Ë¿¿¨¿¿Ë¿¿∞¿∏¿∞¿∏¿∞¿∏¿∞¿∏¿∞¿∏¿∞¿∏¿∞¿∏¿∞¿∏¿∞¿∏¿‹Ãÿ–¿‰–‰»–ƒ‘–‹»‹∞¿∏‡‹ƒ‹‡¿ÿ‰»¿ƒÃ‘Ã»ÿ∞¿∏¿¿‡ÿ¿–‡‰¿‰ÿ‘–ÿ¿‡ÿ–∞¿∏»ƒ»––‡Ãÿ–»Ã‘ÿÿ‘‹∞‘‘¿∞ƒ–ƒ»∞±ôÖ±Õî±—ïÖµ}…ïçΩπç•±•Ö—•Ωπ}Öπë}ç’……ïπ—}›ïï≠±Â}…Ω±î(»¿»ÿ∞ƒ±A|›	Â±°ÖÕîÅ	Â…ê±}14±±ïµÕΩ∏±]H±1MT±Ö±Õî∞»¿»ÿ¥¿‰¥¿’P»ÃËÃ¡h∞–¿ƒ‡‘ÿÿÿ¿∞»¿∏‘∞‘ƒ∏‘∞¿∏¿∞±5=11}=9}Q5}IQL±	Ω—ïÖ¥Å…ΩÕ—ï»∞∞¿∏»Ã¿‡»Ã»‘‹ÿ‹ƒÃ‹–ƒ‘±›ïï¨ƒµÿƒ∏¿∞»¿»ÿ¥¿‡¥Ã¡PƒÿËƒ‘Ë¿¿¨¿¿Ë¿¿∞¿∏¿∞¿∏¿∞¿∏¿∞¿∏¿∞¿∏¿∞¿∏¿∞¿∏¿∞¿∏¿∞¿∏ƒ¿ƒ¿–‡Ãÿ‡–ƒ‰‡¿‡‘ÿ∞¿∏‰–‹Ã‡ƒ‘‹‹ƒ‹‹ÿƒÿƒ∞¿∏¿¿»‹ÿ¿–‡–ÿ¿‰‡–‹‘‰ÿ∞¿∏»ƒ»Ã–‰–ÃÃ‹‰ÿÿ‘‘‹‹∞‘‘ƒ∞ƒ–ƒÃ∞±ôÖ±Õî±—ïÖµ}…ïçΩπç•±•Ö—•Ωπ}Öπë}ç’……ïπ—}›ïï≠±Â}…Ω±î(»¿»ÿ∞ƒ±A}…‰‘Ã±±Ö…¨ÅMÖπëï…ÕΩ∏±}14±±ïµÕΩ∏±]H±1MT±Ö±Õî∞»¿»ÿ¥¿‰¥¿’P»ÃËÃ¡h∞–¿ƒ‡‘ÿÿÿ¿∞»¿∏‘∞‘ƒ∏‘∞¿∏¿∞±5=11}=9}Q5}IQL±	Ω—ïÖ¥Å…ΩÕ—ï»∞∞¿∏»Ã¿‡»Ã»‘‹ÿ‹ƒÃ‹–ƒ‘±›ïï¨ƒµÿƒ∏¿∞»¿»ÿ¥¿‡¥Ã¡PƒÿËƒ‘Ë¿¿¨¿¿Ë¿¿∞¿∏¿∞¿∏¿∞¿∏¿∞¿∏¿∞¿∏¿∞¿∏¿∞¿∏¿∞¿∏¿∞¿∏ƒ¿ƒ¿–‡Ãÿ‡–ƒ‰‡¿‡‘ÿ∞¿∏‰–‹Ã‡ƒ‘‹‹ƒ‹‹ÿƒÿƒ∞¿∏¿¿»‹ÿ¿–‡–ÿ¿‰‡–‹‘‰ÿ∞¿∏»ƒ»Ã–‰–ÃÃ‹‰ÿÿ‘‘‹‹∞‘‘»∞ƒ–ƒ–∞±ôÖ±Õî±—ïÖµ}…ïçΩπç•±•Ö—•Ωπ}Öπë}ç’……ïπ—}›ïï≠±Â}…Ω±î(»¿»ÿ∞ƒ±A}ÿ»¿‘ƒ¿‘±ŸÖπÃÅ°’âÑ±}AUH±A’…ë’î±E±%πë•ÖπÑÅM—Ö—î±Q…’î∞»¿»ÿ¥¿‰¥¿—P»ÃË¿¡h∞–¿ƒ‡‘‡–Ã‘∞–ÿ∏¿∞‘ÿ∏‘∞¿∏¿¿ƒ‡‰¿ÿ¿¿ƒÿ‹‹¿¿ƒƒ»ƒ±1=\±!% ±	Ω—ïÖ¥Å…ΩÕ—ï»∞∞¿∏–ÿ‡ÿƒ‡‰‘ƒƒ»–»‘¿‰‘±›ïï¨ƒµÿƒ∏¿∞»¿»ÿ¥¿‡¥Ã¡PƒÿËƒ‘Ë¿¿¨¿¿Ë¿¿∞¿∏¿∞¿∏¿∞¿∏¿∞¿∏¿∞¿∏¿∞¿∏Ãƒÿƒ‡¿ƒƒ‡ÿ–»»ƒ‘‰ÿ∞¿∏‰‰‰‹‹‹‘¿Ã¿‰‹¿Ã»ƒ∞¿∏¿ƒ‡–‹‹ÿ¿‡‡Ã‘ÿÃ‹–Ã–∞¿∏¿∞¿∏¿∞¿∏¿∞¿∏»ƒ¿‡–Ã–¿ÃÃ»Ã‘»‹‡∞ƒ‹ÿ∞ƒ–ƒ‘∞±ôÖ±Õî±—ïÖµ}…ïçΩπç•±•Ö—•Ωπ}Öπë}ç’……ïπ—}›ïï≠±Â}…Ω±î(»¿»ÿ∞ƒ±A}‹»’Õ¿±)ÖÂÕ°Ω∏ÅA±Ö—–±}%10±%±±•πΩ•Ã±]H±U±Q…’î∞»¿»ÿ¥¿‰¥¿—P¿ƒË¿¡h∞–¿ƒ‡‘‡–»–∞–»∏¿∞‘‘∏‘∞¿∏¿∞±5=11}=9}Q5}IQL±	Ω—ïÖ¥Å…ΩÕ—ï»∞∞¿∏ƒ‘‹ÿ‡»–»‡ƒ¿ÿ¿‘»ÿ»±›ïï¨ƒµÿƒ∏¿∞»¿»ÿ¥¿‡¥Ã¡PƒÿËƒ‘Ë¿¿¨¿¿Ë¿¿∞¿∏¿∞¿∏¿∞¿∏¿∞¿∏¿∞¿∏¿∞¿∏»–‘‡‰‘ƒÿ‰–‡‹»‰––»∞ƒ∏»ƒ‡‹»‘¿‹‹–‡ÃÃÃÃ‡∞¿∏¿ƒ–¿‰‰ƒ¿Ã‘‰‡‡Ãÿ–¿»∞¿∏¿∞¿∏¿∞¿∏¿∞¿∏»¿ÿ–ÿ‹ƒ»‰Ã–ƒÃ‘ƒ‡∞‘‘Ã∞ƒ–ƒÿ∞±ôÖ±Õî±—ïÖµ}…ïçΩπç•±•Ö—•Ωπ}Öπë}ç’……ïπ—}›ïï≠±Â}…Ω±î(»¿»ÿ∞ƒ±A|ƒ–‘»…·±	…ÖÂëï∏ÅΩ›±ï»µ9•çΩ±ΩÕ§±}5% ±5•ç°•ùÖ∏±E±]ïÕ—ï…∏Å5•ç°•ùÖ∏±Q…’î∞»¿»ÿ¥¿‰¥¿’P»ÃËÃ¡h∞–¿ƒ‡‘‡–»‡∞Ã‡∏¿∞–‡∏‘∞¿∏¿¿‘–‘Ãƒƒ¿‘––»Ã‡»‘ÿ±1=\±!% ±	Ω—ïÖ¥Å…ΩÕ—ï»∞∞¿∏ÿ»–Ã‹ƒÃƒ‰‰‰‹‡‘‡ƒ±›ïï¨ƒµÿƒ∏¿∞»¿»ÿ¥¿‡¥Ã¡PƒÿËƒ‘Ë¿¿¨¿¿Ë¿¿∞¿∏¿∞¿∏¿∞¿∏¿∞¿∏¿∞¿∏¿∞¿∏»‘‹‹Ã‡‹ÿ‘‡ƒ‰ƒ–‰–‘∞¿∏‡‰‹‡ƒÃ»»ÿ»‘ƒ‹Ã¿‘∞¿∏¿ƒ‰–ÃÃ‡ÿ‡ÿ–Ã»‹Ã¿‘ÿ∞¿∏¿∞¿∏¿∞¿∏¿∞¿∏»¿ÿÃ‡–‘Ã––‡–‡ƒƒ–»∞ƒ‹‹∞ƒ–ƒ‹∞±ôÖ±Õî±—ïÖµ}…ïçΩπç•±•Ö—•Ωπ}Öπë}ç’……ïπ—}›ïï≠±Â}…Ω±î(»¿»ÿ∞ƒ±A}’–¿Â±9ΩÖ†Å…’ââÃ±}9±9Ω—…îÅÖµî±E±]•ÕçΩπÕ•∏±Q…’î∞»¿»ÿ¥¿‰¥¿ŸP»ÃËÃ¡h∞–¿ƒ‡‘‡–Ã‡∞Ã–∏¿∞–‹∏‘∞¿∏¿¿¿‹‡‡ÿƒƒÿ–¿‹»ÿÃ‡»‰±1=\±!% ±	Ω—ïÖ¥Å…ΩÕ—ï»∞∞¿∏‘–‰‹»ƒ»¿ÿ‹––‰ƒƒ‡±›ïï¨ƒµÿƒ∏¿∞»¿»ÿ¥¿‡¥Ã¡PƒÿËƒ‘Ë¿¿¨¿¿Ë¿¿∞¿∏¿∞¿∏¿∞¿∏¿∞¿∏¿∞¿∏¿∞¿∏»‘»Ã‹‘–‡‰ÿƒ––ƒƒÃÿ∞¿∏‡‰ƒ‡ÿƒ¿‹‘‹‡‡–‘ÿ‹∞¿∏¿ƒ‰‘¿–Ã‹ƒ¿‘–‹¿‘ÿƒ‡∞¿∏¿∞¿∏¿∞¿∏¿∞¿∏»¿ÿ»ƒ»ÃÃÃ‰¿‹¿‹‰Ã‡∞ƒ‹‡∞ƒ–ƒ‡∞±ôÖ±Õî±—ïÖµ}…ïçΩπç•±•Ö—•Ωπ}Öπë}ç’……ïπ—}›ïï≠±Â}…Ω±î(»¿»ÿ∞ƒ±A}≈Ÿ‡¿¿±…Öçï∏Å!Ö……•Ã±}5MMP±5•ÕÕ•ÕÕ•¡¡§ÅM—Ö—î±]H±U0Å5Ωπ…Ωî±Q…’î∞»¿»ÿ¥¿‰¥¿’P»ÃËÃ¡h∞–¿ƒ‡‘ÿÿÿ»∞–»∏‘∞‘ÿ∏‘∞¿∏¿∞±5=11}=9}Q5}IQL±	Ω—ïÖ¥Å…ΩÕ—ï»∞∞¿∏ƒƒ‡––‡Ã‰»»‹‡Ã‘‰»»±›ïï¨ƒµÿƒ∏¿∞»¿»ÿ¥¿‡¥Ã¡PƒÿËƒ‘Ë¿¿¨¿¿Ë¿¿∞¿∏¿∞¿∏¿∞¿∏¿∞¿∏¿∞¿∏¿∞¿∏¿∞¿∏¿∞¿∏¿∞¿∏¿ÿÿ‘–ƒ‘‘»ƒ¿ÿ‰––‘Ã∞¿∏‡ÿ‹‰‰‡‹‡Ã‘‘¿¿ƒ»ƒ∞¿∏¿¿‡‹ÿ‘‡‡»‹»‹»––»‡∞¿∏»¿‘‰Ãÿ‹»ÿ‡»‘–ƒƒ–»∞‘‘–∞ƒ–ƒ‰∞±ôÖ±Õî±—ïÖµ}…ïçΩπç•±•Ö—•Ωπ}Öπë}ç’……ïπ—}›ïï≠±Â}…Ω±î(»¿»ÿ∞ƒ±A|ƒ‡‘—ÿ·±Iï—–Åπëï…Õï∏±}Q`±Qï·ÖÃ±]H±Qï·ÖÃÅM—Ö—î±Q…’î∞»¿»ÿ¥¿‰¥¿’Pƒ‰ËÃ¡h∞–¿ƒ‡‘ÿÿÿ‹∞–‘∏¿∞‘‰∏‘∞¿∏¿∞±5=11}=9}Q5}IQL±	Ω—ïÖ¥Å…ΩÕ—ï»∞∞¿∏ƒ»‰‡¿‘¿‹–‡–‰‹»ƒƒ‹±›ïï¨ƒµÿƒ∏¿∞»¿»ÿ¥¿‡¥Ã¡PƒÿËƒ‘Ë¿¿¨¿¿Ë¿¿∞¿∏¿∞¿∏¿∞¿∏¿∞¿∏¿∞¿∏¿∞¿∏¿∞¿∏¿∞¿∏¿∞¿∏¿ÿ‹¿ÿ»‹‘‹ƒÿ‡‰ƒ‡¿‹∞¿∏‹‘‘–Ã‡‹ƒƒ–‘ƒ¿¿‹Ã∞¿∏¿ƒ¿Ã‰‰»‰‡ƒÃƒ¿¿‰Ã‰ÿ∞¿∏»¿‘¿¿»–ƒ‹ƒ¿¿¿‹‘»∞‘‘‘∞ƒ–»¿∞±ôÖ±Õî±—ïÖµ}…ïçΩπç•±•Ö—•Ωπ}Öπë}ç’……ïπ—}›ïï≠±Â}…Ω±î(»¿»ÿ∞ƒ±A}ƒ‡—›±…§ÅAÖ—‘±}U-±’≠î±E±Q’±Öπî±Q…’î∞»¿»ÿ¥¿‰¥¿’Pƒ‰ËÃ¡h∞–¿ƒ‡‘‡»¿‰∞Ã¿∏¿∞‘¿∏‘∞¿∏¿ƒ¿ÿ–‰‹¿¿‘¿Ãƒ–¿–»‘±1=\±!% ±	Ω—ïÖ¥Å…ΩÕ—ï»∞∞¿∏‹ƒ‘Ã»¿‰¿‹‡‰ƒ‰»Ã‰±›ïï¨ƒµÿƒ∏¿∞»¿»ÿ¥¿‡¥Ã¡PƒÿËƒ‘Ë¿¿¨¿¿Ë¿¿∞¿∏¿∞¿∏¿∞¿∏¿∞¿∏¿∞¿∏¿∞¿∏Ã»ÿ––»ƒ»ÿ»Ãÿ¿»ÿÿ∞¿∏‡‘–ƒÿ‰¿Ã‘‡‡»ƒ¿ƒ–∞¿∏¿ƒ‰‰»»‡‡‡»ÿ‘‡–‰Ã–ÿ∞¿∏¿∞¿∏¿∞¿∏¿∞¿∏»¿–‰‘–»ÃÃƒ‡ÃÃ¿ÿ»»∞ƒ‹‰∞ƒ–»ƒ∞±ôÖ±Õî±—ïÖµ}…ïçΩπç•±•Ö—•Ωπ}Öπë}ç’……ïπ—}›ïï≠±Â}…Ω±î(»¿»ÿ∞ƒ±A|¿¿≈¡±)ΩπÖÃÅ]•±±•ÖµÃ±}UM±UM±E±…ïÕπºÅM—Ö—î±Q…’î∞»¿»ÿ¥¿‰¥¿’P¿ƒË¿¡h∞–¿ƒ‡‘‡–Ãÿ∞Ã‹∏‘∞‘ƒ∏‘∞¿∏¿¿–‘‹Ã‹»ÿÿ‹ÿ‰ƒ‰‰Ãƒ±1=\±!% ±	Ω—ïÖ¥Å…ΩÕ—ï»∞∞¿∏ÿ¿¿Ã‹‰‰Ã‘ƒ‘Ã‹–‹–±›ïï¨ƒµÿƒ∏¿∞»¿»ÿ¥¿‡¥Ã¡PƒÿËƒ‘Ë¿¿¨¿¿Ë¿¿∞¿∏¿∞¿∏¿∞¿∏¿∞¿∏¿∞¿∏¿∞¿∏»‘»‰‡¿»‹‘ÿ–‹‡ÿ––∞¿∏‡ÿÿ‰ƒƒÿÿƒÃ»–‡¿‡ƒ∞¿∏¿ƒ‰‹¿ÿ‹‡Ãÿ–‰ÿ‹‰‡ÿ–∞¿∏¿∞¿∏¿∞¿∏¿∞¿∏»¿–‰Ãƒ‡ÿ‡¿Ã¿‘ÿ¿¿»∞ƒ‡¿∞ƒ–»»∞±ôÖ±Õî±—ïÖµ}…ïçΩπç•±•Ö—•Ωπ}Öπë}ç’……ïπ—}›ïï≠±Â}…Ω±î(»¿»ÿ∞ƒ±A}ÿÂ›»‰±)ï…Õ°Ö’∏Å9ï›—Ω∏±}%10±%±±•πΩ•Ã±E±U±Q…’î∞»¿»ÿ¥¿‰¥¿—P¿ƒË¿¡h∞–¿ƒ‡‘‡–»–∞–»∏¿∞‘‘∏‘∞¿∏¿¿»–‰¿‰»‘Ãƒ‘ÃÃ‹‘¿‘–±1=\±!% ±	Ω—ïÖ¥Å…ΩÕ—ï»∞∞¿∏‘‘–»–»‡ƒ‹‰–»ƒÃ¿‹±›ïï¨ƒµÿƒ∏¿∞»¿»ÿ¥¿‡¥Ã¡PƒÿËƒ‘Ë¿¿¨¿¿Ë¿¿∞¿∏¿∞¿∏¿∞¿∏¿∞¿∏¿∞¿∏¿∞¿∏»‡ÿÿ‹‘Ã‹ÿÃÃ‘‰‰‰ƒ‘∞¿∏‡–Ã–Ã‹‰ÃÃ‰‹ƒ‘Ãÿ‹∞¿∏¿»¿¿‹‹‘Ã»‡ÿ‘ÿÃ–¿ƒ‡∞¿∏¿∞¿∏¿∞¿∏¿∞¿∏»¿–‡¿‡‰‰¿‘‰¿‰‘‹‹‡∞ƒ‡ƒ∞ƒ–»Ã∞±ôÖ±Õî±—ïÖµ}…ïçΩπç•±•Ö—•Ωπ}Öπë}ç’……ïπ—}›ïï≠±Â}…Ω±î(»¿»ÿ∞ƒ±A|Ã‹‰≈Ã’±	…ïŸ•∏ÅΩ±∞±}%=]±%Ω›Ñ±I±9Ω…—°ï…∏Å%±±•πΩ•Ã±Q…’î∞»¿»ÿ¥¿‰¥¿’P»¿Ëƒ’h∞–¿ƒ‡‘‡–»ÿ∞Ã‡∏‘∞–‘∏‘∞¿∏¿∞±5%U4±	Ω—ïÖ¥Å…ΩÕ—ï»∞∞¿∏ƒÿÃ¿ÿ–‰‘‹¿ÿƒ‡»¿ƒƒ±›ïï¨ƒµÿƒ∏¿∞»¿»ÿ¥¿‡¥Ã¡PƒÿËƒ‘Ë¿¿¨¿¿Ë¿¿∞¿∏¿∞¿∏¿∞¿∏¿∞¿∏¿∞¿∏¿∞¿∏»¿–»¿»ƒ‘»‘¿»‘‰Ã–ÿ∞ƒ∏ƒ‡‰»‡¿ƒƒÿÃƒƒÿ»–»∞¿∏¿ƒ–Ã¿‡ÿ‘»ÿ‘‹Ãƒ–‘»ÿ∞¿∏¿∞¿∏¿∞¿∏¿∞¿∏»¿–‹‹‰‰»‹‘‹‘¿–‰ÿ∞Ã‰Ã∞ƒ–»–∞±ôÖ±Õî±—ïÖµ}…ïçΩπç•±•Ö—•Ωπ}Öπë}ç’……ïπ—}›ïï≠±Â}…Ω±î(»¿»ÿ∞ƒ±A|‡——¿ƒ–±Q‰Å!Ö›≠•πÃ±}M5T±M5T±E±±Ω…•ëÑÅM—Ö—î±Ö±Õî∞»¿»ÿ¥¿‰¥¿›P»ÃËÃ¡h∞–¿ƒ‡‘‡»ƒ»∞»‡∏»‘∞‘Ã∏‘∞¿∏¿¿–‡ƒ–‰ÿƒ¿ƒ‡–¿–¿»ƒ±1=\±!% ±	Ω—ïÖ¥Å…ΩÕ—ï»∞∞¿∏ÿ»»Ã‰‡»‰Ãÿÿ»Ã‘¿‹±›ïï¨ƒµÿƒ∏¿∞»¿»ÿ¥¿‡¥Ã¡PƒÿËƒ‘Ë¿¿¨¿¿Ë¿¿∞¿∏¿∞¿∏¿∞¿∏¿∞¿∏¿∞¿∏¿∞¿∏ÃƒÃ»‘‹ÿƒ‹‰‰‹Ã‡–‰∞¿∏‰ƒÿ‰‹¿ÿÃ‡‘¿»‘Ãÿ»∞¿∏¿ƒ‡‡–‘»¿ƒ–‘–‰»–‡‹∞¿∏¿∞¿∏¿∞¿∏¿∞¿∏»¿–‹ÿ‡»‹»‘‹‰‡¿»‡‘∞ƒ‡»∞ƒ–»‘∞±ôÖ±Õî±—ïÖµ}…ïçΩπç•±•Ö—•Ωπ}Öπë}ç’……ïπ—}›ïï≠±Â}…Ω±î(»¿»ÿ∞ƒ±A}·»‹±Q…ïÂÕΩ∏Å	Ω’…ù’ï–±}	eT±	eT±E±U—Ö†ÅQïç†±Q…’î∞»¿»ÿ¥¿‰¥¿ŸP¿¿Ë¿¡h∞–¿ƒ‡‘ÿ‹‹‘∞‘»∏‘∞‘–∏‘∞¿∏¿¿»»‰‡Ã»¿ÿ‰‰‘‘‰Ã‹ƒ‡±1=\±!% ±	Ω—ïÖ¥Å…ΩÕ—ï»∞∞¿∏‘ƒ‘»»Ã‡‡‰¿¿‘ƒ‘‘ƒ±›ïï¨ƒµÿƒ∏¿∞»¿»ÿ¥¿‡¥Ã¡PƒÿËƒ‘Ë¿¿¨¿¿Ë¿¿∞¿∏¿∞¿∏¿∞¿∏¿∞¿∏¿∞¿∏¿∞¿∏»‘ƒ‡‡»»Ã¿»Ã»Ã‡‰»∞¿∏‡‡–ÿ‰Ã»ƒ‰‹ƒÃ‘ÿ‰∞¿∏¿ƒ‰ƒ‰‹–¿‰ƒ–»ƒ¿–‡»Ã∞¿∏¿∞¿∏¿∞¿∏¿∞¿∏»¿Ãÿ‘Ã‹‹ÿ‡»Ã‰‡‘‡Ã∞ƒ‡Ã∞ƒ–»ÿ∞±ôÖ±Õî±—ïÖµ}…ïçΩπç•±•Ö—•Ωπ}Öπë}ç’……ïπ—}›ïï≠±Â}…Ω±î(»¿»ÿ∞ƒ±A}	‡‘’±]•±±•Ö¥Å•ï……º±}M5T±M5T±I±±Ω…•ëÑÅM—Ö—î±Ö±Õî∞»¿»ÿ¥¿‰¥¿›P»ÃËÃ¡h∞–¿ƒ‡‘‡»ƒ»∞»‡∏»‘∞‘Ã∏‘∞¿∏¿∞±5%U4±	Ω—ïÖ¥Å…ΩÕ—ï»∞∞¿∏»¿ƒ–Ã¿Ã¿‘‡‹‰»‰–»±›ïï¨ƒµÿƒ∏¿∞»¿»ÿ¥¿‡¥Ã¡PƒÿËƒ‘Ë¿¿¨¿¿Ë¿¿∞¿∏¿∞¿∏¿∞¿∏¿∞¿∏¿∞¿∏¿∞¿∏»‘–ÿ‡ÿÃ‹»–»‹‘»‹‡∞ƒ∏»ÿ‹Ã‘ÿ‰¿‘»¿Ãƒ‘––∞¿∏¿ƒ»–‰¿‡–‹‡¿–¿¿Ã–¿‹∞¿∏¿∞¿∏¿∞¿∏¿∞¿∏»¿ƒÿ‡¿‹‹‹Ã––ÃÃ‘‡‹∞Ã‰–∞ƒ–»‹∞±ôÖ±Õî±—ïÖµ}…ïçΩπç•±•Ö—•Ωπ}Öπë}ç’……ïπ—}›ïï≠±Â}…Ω±î(»¿»ÿ∞ƒ±A}»›ŸÿÃ±M—ïï±îÅA•ÈÈï±±Ñ±}]-±]Ö≠îÅΩ…ïÕ–±E±≠…Ω∏±Q…’î∞»¿»ÿ¥¿‰¥¿ÕP»ÃË¿¡h∞–¿ƒ‡‘‡»¿–∞Ãÿ∏‘∞–‡∏‘∞¿∏¿ƒ»¿‡‡Ã‘ÿ‰ÿ»Ã‡‡ÃƒÃ±1=\±!% ±	Ω—ïÖ¥Å…ΩÕ—ï»∞∞¿∏‘‘–¿»‘‹¿»ƒ‘Ã¿ƒ‹Ã±›ïï¨ƒµÿƒ∏¿∞»¿»ÿ¥¿‡¥Ã¡PƒÿËƒ‘Ë¿¿¨¿¿Ë¿¿∞¿∏¿∞¿∏¿∞¿∏¿∞¿∏¿∞¿∏¿∞¿∏»ÿ‹ÿ‡–‘‹»‡‡Ã‹‡‡‡∞¿∏‡‘¿‡–ƒ‰Ã‘Ãÿ–‹‹‡Ã∞¿∏¿ƒ‰Ã‹––‹»¿¿»ƒ‰–Ã‡∞¿∏¿∞¿∏¿∞¿∏¿∞¿∏»¿ƒÃÃƒ¿»‘‘–‰ÿ––ƒ∞ƒ‡–∞ƒ–»‡∞±ôÖ±Õî±—ïÖµ}…ïçΩπç•±•Ö—•Ωπ}Öπë}ç’……ïπ—}›ïï≠±Â}…Ω±î(»¿»ÿ∞ƒ±A|—’–›‡±M°Ö’∏ÅQï……‰Å%$±}5%h±5•ÕÕΩ’…§±]H±…≠ÖπÕÖÃµA•πîÅ	±’ôò±Q…’î∞»¿»ÿ¥¿‰¥¿—P¿¿Ë¿¡h∞–¿ƒ‡‘ÿÿÿÃ∞‘‹∏‘∞ÿ¿∏‘∞¿∏¿∞±5=11}=9}Q5}IQL±	Ω—ïÖ¥Å…ΩÕ—ï»∞∞¿∏ƒƒÿÃ‡–Ã‹¿‹–¿ÿ¿–»»±›ïï¨ƒµÿƒ∏¿∞»¿»ÿ¥¿‡¥Ã¡PƒÿËƒ‘Ë¿¿¨¿¿Ë¿¿∞¿∏¿∞¿∏¿∞¿∏¿∞¿∏¿∞¿∏¿∞¿∏¿∞¿∏¿∞¿∏¿∞¿∏¿‹¿––‰‰–ÿ‡ÿ‘‰ƒ‘–‰∞¿∏ÿ‰ƒ‹ÿ‰»‘ÿ‹¿»¿‘–‰∞¿∏¿ƒ¿»‘–‰ÿ‡‘‰¿‘¿‰–ÿ–∞¿∏»¿ƒƒ‘ÿÿ‡–¿‹‰ƒ‹‹‹‡∞‘‘ÿ∞ƒ–»‰∞±ôÖ±Õî±—ïÖµ}…ïçΩπç•±•Ö—•Ωπ}Öπë}ç’……ïπ—}›ïï≠±Â}…Ω±î(»¿»ÿ∞ƒ±A}»‹›‰–±°…•ÃÅÖŸ•ÃÅ)»∏±}MQ8±M—ÖπôΩ…ê±I±5•Öµ§±Q…’î∞»¿»ÿ¥¿‰¥¿’P¿ƒË¿¡h∞–¿ƒ‡‘‡»¿ÿ∞ƒƒ∏‘∞–‹∏‘∞¿∏¿∞±5%U4±	Ω—ïÖ¥Å…ΩÕ—ï»∞∞¿∏»Ã‡‰ÿÃÿƒƒÃ»‘‰–ƒ‹±›ïï¨ƒµÿƒ∏¿∞»¿»ÿ¥¿‡¥Ã¡PƒÿËƒ‘Ë¿¿¨¿¿Ë¿¿∞¿∏¿∞¿∏¿∞¿∏¿∞¿∏¿∞¿∏¿∞¿∏ƒ¿Ã‘–¿ÿ‡‹»Ã–‰ÿ–‹»∞¿∏Ã‹‡»‡‘‹Ã»Ãƒ‰ÿ––∞¿∏¿¿Ãƒ¿‰»–ÿÃÃ‰ƒ‘‘‰‰¿ÿ∞¿∏¿‹Ã‹ÿ¿‰Ã‡»ƒÃ‰»–ÿ∞¿∏‘‘‡¿‘ÿ‡‹»‘‹‰ƒ‰–»∞¿∏¿¿»Ã‡–»‡Ã»ƒ‡‘–‘‹¿‹ÿ∞¿∏»¿¿Ã‘ÿÃ‹ÿ¿‘¿¿ƒ‡ÿ∞Ã‰‘∞ƒ–Ã¿∞±ôÖ±Õî±—ïÖµ}…ïçΩπç•±•Ö—•Ωπ}Öπë}ç’……ïπ—}›ïï≠±Â}…Ω±î(»¿»ÿ∞ƒ±A|–‡Â‹ÿ‹¿±AïÂ—Ω∏ÅÖ±ÈΩπî±}AMT±Aïπ∏ÅM—Ö—î±E±5Ö…Õ°Ö±∞±Q…’î∞»¿»ÿ¥¿‰¥¿’Pƒ‰ËÃ¡h∞–¿ƒ‡‘‡–Ã–∞Ã‰∏‘∞‘–∏‘∞¿∏¿¿‹‹ÿ»‘¿¿‹»‘ƒ‰‹ƒ‘ƒ±1=\±!% ±	Ω—ïÖ¥Å…ΩÕ—ï»∞∞¿∏‘ƒ»Ã»‹–Ãÿ‡‘‰ÿ¿–‡±›ïï¨ƒµÿƒ∏¿∞»¿»ÿ¥¿‡¥Ã¡PƒÿËƒ‘Ë¿¿¨¿¿Ë¿¿∞¿∏¿∞¿∏¿∞¿∏¿∞¿∏¿∞¿∏¿∞¿∏»Ã‰‡‡ƒ¿–‡ÿ¿¿Ã‘»»‘∞¿∏‡ÃÃ‰ÿÿÃ‘–‰¿ƒ–ƒ‘∞¿∏¿ƒ‰Ã–‰ƒ¿Ã‹¿»Ã¿ƒ»∞¿∏¿∞¿∏¿∞¿∏¿∞¿∏ƒ‰‰–‰ƒ»‘‹‹¿Ã‰–‡‹∞ƒ‡‘∞ƒ–Ãƒ∞±ôÖ±Õî±—ïÖµ}…ïçΩπç•±•Ö—•Ωπ}Öπë}ç’……ïπ—}›ïï≠±Â}…Ω±î(»¿»ÿ∞ƒ±A|Âÿ¡‹±5Ö±•¨Å±Ö…¨±}M±MΩ’—†ÅÖ…Ω±•πÑ±]H±-ïπ–ÅM—Ö—î±Q…’î∞»¿»ÿ¥¿‰¥¿’PƒÿË–’h∞–¿ƒ‡‘ÿÿÿ‘∞–‘∏¿∞‘Ã∏‘∞¿∏¿∞±5=11}=9}Q5}IQL±	Ω—ïÖ¥Å…ΩÕ—ï»∞∞¿∏ƒÃ»ÿ–‘Ã–Ã‘Ã»‹ÿ–»‘±›ïï¨ƒµÿƒ∏¿∞»¿»ÿ¥¿‡¥Ã¡PƒÿËƒ‘Ë¿¿¨¿¿Ë¿¿∞¿∏¿∞¿∏¿∞¿∏¿∞¿∏¿∞¿∏¿∞¿∏¿∞¿∏¿∞¿∏¿∞¿∏¿ÿÃ‡¿ÿ–¿–‡Ã–»‰‹»∞¿∏‡‹‘–Ã‘‘‰Ã‰‰ƒÃ¿Ãÿ∞¿∏¿¿‡¿ƒÿÃ»‰‘‘ƒ‡ƒÿ»–Ã∞¿∏ƒ‰‰––‹‰–ƒ‘––Ã»‘¿»∞‘‘‹∞ƒ–Ã»∞±ôÖ±Õî±—ïÖµ}…ïçΩπç•±•Ö—•Ωπ}Öπë}ç’……ïπ—}›ïï≠±Â}…Ω±î(»¿»ÿ∞ƒ±A|–Õ‘…±Ö…ÕΩ∏Å	ΩÂê±}%10±%±±•πΩ•Ã±E±U±Q…’î∞»¿»ÿ¥¿‰¥¿—P¿ƒË¿¡h∞–¿ƒ‡‘‡–»–∞–»∏¿∞‘‘∏‘∞¿∏¿¿»–¿‘ÿÃ‹‘ÿƒ‹»‡»‰ÿ±1=\±!% ±	Ω—ïÖ¥Å…ΩÕ—ï»∞∞¿∏‘Ã‰¿–¿‘‹»–¿‘‡»Ã‰±›ïï¨ƒµÿƒ∏¿∞»¿»ÿ¥¿‡¥Ã¡PƒÿËƒ‘Ë¿¿¨¿¿Ë¿¿∞¿∏¿∞¿∏¿∞¿∏¿∞¿∏¿∞¿∏¿∞¿∏»‹‡‡ƒ»ƒ‰‰ƒ‡‡Ã‡»‡‘∞¿∏‡»¿Ã¿ÃÃ‰‹‹ƒ–‘»‘∞¿∏¿ƒ‰‘»ÿ‡»‰ƒ–¿ÿ–‰‘ƒ‘∞¿∏¿∞¿∏¿∞¿∏¿∞¿∏ƒ‰‰ƒ‰ƒÃƒ–ÿƒ‘Ã–‰ÿ∞ƒ‡ÿ∞ƒ–ÃÃ∞±ôÖ±Õî±—ïÖµ}…ïçΩπç•±•Ö—•Ωπ}Öπë}ç’……ïπ—}›ïï≠±Â}…Ω±î(»¿»ÿ∞ƒ±A|ƒ‘¡ÃÃƒ±5•≠ï‰Å-ïïπî±}MT±…•ÈΩπÑÅM—Ö—î±E±5Ω…ùÖ∏ÅM—Ö—î±Q…’î∞»¿»ÿ¥¿‰¥¿ŸP¿»Ë¿¡h∞–¿ƒ‡‘ÿ‹‹–∞–‹∏¿∞‘»∏‘∞¿∏¿¿‘‘‘‡»‡‘»–‡‰ƒ»–‹‹±1=\±!% ±	Ω—ïÖ¥Å…ΩÕ—ï»∞∞¿∏–‡‘‡–ÿ‡–‘»Ã¿»ÿÿ‹±›ïï¨ƒµÿƒ∏¿∞»¿»ÿ¥¿‡¥Ã¡PƒÿËƒ‘Ë¿¿¨¿¿Ë¿¿∞¿∏¿∞¿∏¿∞¿∏¿∞¿∏¿∞¿∏¿∞¿∏»ÿ¿»–‘ƒÃ»Ã–»‡‹ƒ‡Ã∞¿∏‰¿»‘¿ÿ‘‘–‹‰Ã‡‡»ÿ∞¿∏¿ƒ‡ƒ»ÿ–»Ã»ƒÿ‘ƒÿ‹∞¿∏¿∞¿∏¿∞¿∏¿∞¿∏ƒ‰‰¿¿‰ƒ‰–‹‹‡–‡‡–‹∞ƒ‡‹∞ƒ–Ã–∞±ôÖ±Õî±—ïÖµ}…ïçΩπç•±•Ö—•Ωπ}Öπë}ç’……ïπ—}›ïï≠±Â}…Ω±î(»¿»ÿ∞ƒ±A|›¡¿¡ÿ±]ÂÖ—–Å	Ω°¥±}%MT±%Ω›ÑÅM—Ö—î±E±MΩ’—°ïÖÕ–Å5•ÕÕΩ’…§ÅM—Ö—î±Q…’î∞»¿»ÿ¥¿‰¥¿’Pƒ‹Ë¿¡h∞–¿ƒ‡‘ÿ‹‹‰∞–ƒ∏‘∞‘Ã∏‘∞¿∏¿±1=\±!% ±	Ω—ïÖ¥Å…ΩÕ—ï»∞∞¿∏ƒÿ‹¿‘‡ƒÿ‡ÿƒÃ‡‘‡¿‘±›ïï¨ƒµÿƒ∏¿∞»¿»ÿ¥¿‡¥Ã¡PƒÿËƒ‘Ë¿¿¨¿¿Ë¿¿∞¿∏»–¿‰‹‡¿‹‹¿ƒ»‘‘‰ƒÿ∞¿∏ƒ–‹‰Ã‡–ÿÿÃ‡Ã»¿ƒÿ‡∞ƒ∏‡‹‹–‹Ã¿‘‘»‰‰‡‹‡‡∞¿∏¿ƒÿ»¿»–¿ƒ–ƒ»‡Ã‰‰ÿ∞¿∏¿¿‘‰‹ÿÿ–‰–‡»–‘‡Ã‡‡∞¿∏¿‡ƒ‰‘Ã‰Ã»‘ƒ‡ƒƒ‰‘∞¿∏»‘‰»Ãÿ‘»ÿƒ‹‹‰¿–ÿÿ∞¿∏¿¿ÿ»ƒ‹‘‘»‹¿‡Ã»¿‰‘Ã∞¿∏¿∞¿∏¿∞¿∏¿∞¿∏ƒ‰‹ƒÿ¿‡–‹»–‡ÿƒ»‡»∞ƒ‡‡∞ƒ–Ã‘∞±ôÖ±Õî±—ïÖµ}…ïçΩπç•±•Ö—•Ωπ}Öπë}ç’……ïπ—}›ïï≠±Â}…Ω±î(»¿»ÿ∞ƒ±A}¿ÂÃ—ƒ±Ω…ï‰ÅÖ•±ï‰±}A%QP±A•—–±E±5•Öµ§Ä°= §±Q…’î∞»¿»ÿ¥¿‰¥¿’PƒÿËÃ¡h∞–¿ƒ‡‘‡»¿‹∞ÃÃ∏¿∞–‰∏‘∞¿∏¿ƒ¿¿»¿ƒÿ–‰ƒÿÿ¿ÿ»»Ã±1=\±!% ±	Ω—ïÖ¥Å…ΩÕ—ï»∞∞¿∏‹ƒÿ‡¿‘ƒ¿‡‡–‘‡Ã‡‰±›ïï¨ƒµÿƒ∏¿∞»¿»ÿ¥¿‡¥Ã¡PƒÿËƒ‘Ë¿¿¨¿¿Ë¿¿∞¿∏¿∞¿∏¿∞¿∏¿∞¿∏¿∞¿∏¿∞¿∏Ãƒ–Ã‰‹»»»ÿƒÃ¿»‹¿‘∞¿∏‡‰»»Ã‘¿ƒ–‘‰‡ƒ¿ÿ‡∞¿∏¿ƒ‹‡Ãÿ‘‰‹ÿƒ‰–»ƒ‰ÿ–∞¿∏¿∞¿∏¿∞¿∏¿∞¿∏ƒ‰ÿ»–Ã¿‡‹ƒ‹ÿÃ–»–‡∞ƒ‡‰∞ƒ–Ãÿ∞±ôÖ±Õî±—ïÖµ}…ïçΩπç•±•Ö—•Ωπ}Öπë}ç’……ïπ—}›ïï≠±Â}…Ω±î(»¿»ÿ∞ƒ±A|…‘Ÿ±Ω±îÅïπÕΩ∏±}U-±’≠î±I±Q’±Öπî±Q…’î∞»¿»ÿ¥¿‰¥¿’Pƒ‰ËÃ¡h∞–¿ƒ‡‘‡»¿‰∞Ã¿∏¿∞‘¿∏‘∞¿∏¿∞±5%U4±	Ω—ïÖ¥Å…ΩÕ—ï»∞∞¿∏ƒ‡ƒ‰»‘‘ÿ¿ƒÿ»¿‡‘¿‘±›ïï¨ƒµÿƒ∏¿∞»¿»ÿ¥¿‡¥Ã¡PƒÿËƒ‘Ë¿¿¨¿¿Ë¿¿∞¿∏¿∞¿∏¿∞¿∏¿∞¿∏¿∞¿∏¿∞¿∏»ÿÃÿ»ƒÿÃ»ƒƒÃ–‰¿ÿ∞ƒ∏ƒÿƒÿ‹‘‘Ãƒ‘‰¿Ã‹–‡∞¿∏¿ƒÃƒÿ‹‹¿‡Ã‹–‘‘‘‡»ÿ∞¿∏¿∞¿∏¿∞¿∏¿∞¿∏ƒ‰‘ƒ‹Ã‡¿Ã–¿ÿÃ‹»––∞Ã‰ÿ∞ƒ–Ã‹∞±ôÖ±Õî±—ïÖµ}…ïçΩπç•±•Ö—•Ωπ}Öπë}ç’……ïπ—}›ïï≠±Â}…Ω±î(»¿»ÿ∞ƒ±A|»‡…‹Ã‰»±QÖËÅ]•±±•ÖµÃÅ)»∏±}	d±	ÖÂ±Ω»±]H±’â’…∏±Ö±Õî∞»¿»ÿ¥¿‰¥¿’Pƒ‰ËÃ¡h∞–¿ƒ‡‘ÿÿÃÿ∞»‘∏‹‘∞‘‡∏‘∞¿∏¿∞±5=11}=9}Q5}IQL±	Ω—ïÖ¥Å…ΩÕ—ï»∞∞¿∏ƒ»‘‹¿‘ÿ‘Ãÿ‡‘‰‰‰ÿ»±›ïï¨ƒµÿƒ∏¿∞»¿»ÿ¥¿‡¥Ã¡PƒÿËƒ‘Ë¿¿¨¿¿Ë¿¿∞¿∏¿∞¿∏¿∞¿∏¿∞¿∏¿∞¿∏¿∞¿∏¿∞¿∏¿∞¿∏¿∞¿∏¿ÿÿ»–‰‰ƒƒƒ‘ÿƒ‰‰¿Ã∞¿∏‡»ƒ‰‘¿‰‹ƒƒÿ‡Ãÿƒ‰∞¿∏¿¿‹‹–Ã‘¿ƒ‹‹‹‹ƒƒƒÿ–∞¿∏ƒ‰–‰¿ÿ¿ƒ‡‰Ã‰Ã¿»»Ã∞‘‘‡∞ƒ–Ã‡∞±ôÖ±Õî±—ïÖµ}…ïçΩπç•±•Ö—•Ωπ}Öπë}ç’……ïπ—}›ïï≠±Â}…Ω±î(»¿»ÿ∞ƒ±A|¿Õ’Õ±5ÖÕΩ∏Å	…Ö‰±}I%h±…•ÈΩπÑ±E±9Ω…—°ï…∏Å…•ÈΩπÑ±Q…’î∞»¿»ÿ¥¿‰¥¿ŸP¿ƒËÃ¡h∞–¿ƒ‡‘ÿ‹‹Ã∞––∏¿∞‘ÿ∏‘∞¿∏¿¿ƒ‘‰–ÿƒÃƒÿÿ‹‡‡ÿ¿ƒ‘±1=\±!% ±	Ω—ïÖ¥Å…ΩÕ—ï»∞∞¿∏‘–‹‹‹‹‘–ƒ‡‘ÿ‹–‹‡±›ïï¨ƒµÿƒ∏¿∞»¿»ÿ¥¿‡¥Ã¡PƒÿËƒ‘Ë¿¿¨¿¿Ë¿¿∞¿∏¿∞¿∏¿∞¿∏¿∞¿∏¿∞¿∏¿∞¿∏»‡»‹ƒ¿–‰–‰‹ƒÃ–»‰∞¿∏‡‡Ã‡‘‡Ãƒ‘‰‹»¿‡‡–∞¿∏¿ƒ‹–¿‡ƒ‰ÿ¿¿ÿ–‡–‡ƒ∞¿∏¿∞¿∏¿∞¿∏¿∞¿∏ƒ‰»‡Ã‘¿¿‹ÿÃÿƒƒ‹‹»∞ƒ‰¿∞ƒ–Ã‰∞±ôÖ±Õî±—ïÖµ}…ïçΩπç•±•Ö—•Ωπ}Öπë}ç’……ïπ—}›ïï≠±Â}…Ω±î(»¿»ÿ∞ƒ±A}Â≈ƒ–»±•Ö∏Å5ç-ï±Ÿï‰±}UM±UM±I±…ïÕπºÅM—Ö—î±Q…’î∞»¿»ÿ¥¿‰¥¿’P¿ƒË¿¡h∞–¿ƒ‡‘‡–Ãÿ∞Ã‹∏‘∞‘ƒ∏‘∞¿∏¿∞±5%U4±	Ω—ïÖ¥Å…ΩÕ—ï»∞∞¿∏ƒ‘–ÿ–ƒ¿ƒÿ‰»‹‰ÿÿÿ–±›ïï¨ƒµÿƒ∏¿∞»¿»ÿ¥¿‡¥Ã¡PƒÿËƒ‘Ë¿¿¨¿¿Ë¿¿∞¿∏¿∞¿∏¿∞¿∏¿∞¿∏¿∞¿∏¿∞¿∏ƒ‰‰‘¿‰¿»––‰‹‘ƒ‘∞ƒ∏ƒ–‰»–‡Ã‡¿–‘ƒÿ»‰ÿ∞¿∏¿ƒ»ÿ‹–Ã‡–ƒ‰ÿ»‡»–‰ÿ∞¿∏¿∞¿∏¿∞¿∏¿∞¿∏ƒ‰¿‰‹ƒƒ–Ã»»»‡‘‹‰–∞Ã‰‹∞ƒ––¿∞±ôÖ±Õî±—ïÖµ}…ïçΩπç•±•Ö—•Ωπ}Öπë}ç’……ïπ—}›ïï≠±Â}…Ω±î(»¿»ÿ∞ƒ±A|Õ	Ÿ‡±Ωµ•π•ƒÅAΩπëï»±}=1<±Ω±Ω…Öëº±E±ïΩ…ù•ÑÅQïç†±Ö±Õî∞»¿»ÿ¥¿‰¥¿—P¿¿Ë¿¡h∞–¿ƒ‡‘ÿ‹‹ÿ∞»»∏¿∞‘¿∏‘∞¿∏¿¿‘‡Ã‰»‹ÿƒ–Ã‡–»‰‡‹±1=\±!% ±	Ω—ïÖ¥Å…ΩÕ—ï»∞∞¿∏ÿ‰ÿ‹‹‹¿‘‰–¿Ã‘‘‘–±›ïï¨ƒµÿƒ∏¿∞»¿»ÿ¥¿‡¥Ã¡PƒÿËƒ‘Ë¿¿¨¿¿Ë¿¿∞¿∏¿∞¿∏¿∞¿∏¿∞¿∏¿∞¿∏¿∞¿∏Ã‘ÿ‘–ƒ‰‡¿‡‘ÿƒÿ–‹∞¿∏‡‹–Ã»‘Ãƒ‘ƒ‘ÿ‹ÿ¿Ã∞¿∏¿ƒÿ‡‹‹‰‘‡‘Ãÿ¿ÿƒ‰ÿ–∞¿∏¿∞¿∏¿∞¿∏¿∞¿∏ƒ‡‡‹¿¿»‡»‹Ã»¿–‹‡∞ƒ‰ƒ∞ƒ––ƒ∞±ôÖ±Õî±—ïÖµ}…ïçΩπç•±•Ö—•Ωπ}Öπë}ç’……ïπ—}›ïï≠±Â}…Ω±î(»¿»ÿ∞ƒ±A}ƒ…·‘¿±5•ç°Öï∞ÅïŸï»±}QQT±Qï·ÖÃÅQïç†±]H±â•±ïπîÅ°…•Õ—•Ö∏±Q…’î∞»¿»ÿ¥¿‰¥¿’P»ÃË¿¡h∞–¿ƒ‡‘ÿ‹‹¿∞‘ƒ∏¿∞‘‰∏‘∞¿∏¿∞±5=11}=9}Q5}IQL±	Ω—ïÖ¥Å…ΩÕ—ï»∞∞¿∏ƒ»»Ã¿‰‰‘»»ƒ»‹»‘‹ƒ±›ïï¨ƒµÿƒ∏¿∞»¿»ÿ¥¿‡¥Ã¡PƒÿËƒ‘Ë¿¿¨¿¿Ë¿¿∞¿∏¿∞¿∏¿∞¿∏¿∞¿∏¿∞¿∏¿∞¿∏¿∞¿∏¿∞¿∏¿∞¿∏¿ÿ¿¿–‰‰‡»‹¿¿‹‰Ã–‰∞¿∏‹ÿ‡»ƒƒ–ƒÿ‹ÿ‹–‹ÃÃ∞¿∏¿¿‡–‰ÿƒƒ‡¿¿–‰Ã»‰‰‘∞¿∏ƒ‡‹‡–‹‡Ã»–¿‹ƒÃ‡‡∞‘‘‰∞ƒ––»∞±ôÖ±Õî±—ïÖµ}…ïçΩπç•±•Ö—•Ωπ}Öπë}ç’……ïπ—}›ïï≠±Â}…Ω±î(»¿»ÿ∞ƒ±A|–Âƒƒ‘·±-Ö…ÕΩ∏ÅΩ‡±}U1±U1±I±Ö±•ôΩ…π•Ñ±Ö±Õî∞»¿»ÿ¥¿‰¥¿ŸP¿»ËÃ¡h∞–¿ƒ‡‘‡»ƒ¿∞»‹∏‘∞‘Ã∏‘∞¿∏¿∞±5%U4±	Ω—ïÖ¥Å…ΩÕ—ï»∞∞¿∏ƒÿ‹Ã‹‰»––‹ƒ‘‹ƒ»‰‹±›ïï¨ƒµÿƒ∏¿∞»¿»ÿ¥¿‡¥Ã¡PƒÿËƒ‘Ë¿¿¨¿¿Ë¿¿∞¿∏¿∞¿∏¿∞¿∏¿∞¿∏¿∞¿∏¿∞¿∏»Ã‡‰‡ƒ–¿¿‘Ãƒ‰»Ã‡∞ƒ∏»»»–‹‰‹ÿÃ‘Ã¿ƒ‘‡∞¿∏¿ƒ¿‹ÿÿÿ»»‹ÿ‰‡¿‡‡Ã‘∞¿∏¿∞¿∏¿∞¿∏¿∞¿∏ƒ‡ÿ‡–‹‹ƒ»‰‹ƒ‡ÿ‡‡Ã∞Ã‰‡∞ƒ––Ã∞±ôÖ±Õî±—ïÖµ}…ïçΩπç•±•Ö—•Ωπ}Öπë}ç’……ïπ—}›ïï≠±Â}…Ω±î(»¿»ÿ∞ƒ±A|»·ÂÕ‰±=ÕçÖ»ÅI•ΩÃ±}I%h±…•ÈΩπÑ±E±9Ω…—°ï…∏Å…•ÈΩπÑ±Q…’î∞»¿»ÿ¥¿‰¥¿ŸP¿ƒËÃ¡h∞–¿ƒ‡‘ÿ‹‹Ã∞––∏¿∞‘ÿ∏‘∞¿∏¿¿ƒ‰»Ã»‡–»¿‡–‹‰‹»‡ÿ±1=\±!% ±	Ω—ïÖ¥Å…ΩÕ—ï»∞∞¿∏‘‰»–ƒ¿¿‰¿‹–‡‡ƒƒ‡±›ïï¨ƒµÿƒ∏¿∞»¿»ÿ¥¿‡¥Ã¡PƒÿËƒ‘Ë¿¿¨¿¿Ë¿¿∞¿∏¿∞¿∏¿∞¿∏¿∞¿∏¿∞¿∏¿∞¿∏»‹ƒƒ‰»»Ã‹ƒƒ‹‘–‹¿Ã∞¿∏‡–‹‡–‹‰‘ƒ–¿‰–‰‡Ã∞¿∏¿ƒÿÿ‰‡‰–‹ƒÿ‹Ã–ƒÃ¿Ã∞¿∏¿∞¿∏¿∞¿∏¿∞¿∏ƒ‡–‰‹‡–‹‡ƒ––‰‰‹ÿ‘∞ƒ‰»∞ƒ–––∞±ôÖ±Õî±—ïÖµ}…ïçΩπç•±•Ö—•Ωπ}Öπë}ç’……ïπ—}›ïï≠±Â}…Ω±î(»¿»ÿ∞ƒ±A}»ƒ‰¿Ã–Ã±	…ï—–Å	…Ω›∏±}5%h±5•ÕÕΩ’…§±E±…≠ÖπÕÖÃµA•πîÅ	±’ôò±Q…’î∞»¿»ÿ¥¿‰¥¿—P¿¿Ë¿¡h∞–¿ƒ‡‘ÿÿÿÃ∞‘‹∏‘∞ÿ¿∏‘∞¿∏¿¿‹‰¿ÃÃ‡‰¿»‡–ÿ¿¿»±1=\±!% ±	Ω—ïÖ¥Å…ΩÕ—ï»∞∞¿∏Ã‹¿¿‡–»Ã¿‹»Ã‘‹‡‰Ã±›ïï¨ƒµÿƒ∏¿∞»¿»ÿ¥¿‡¥Ã¡PƒÿËƒ‘Ë¿¿¨¿¿Ë¿¿∞¿∏¿∞¿∏¿∞¿∏¿∞¿∏¿∞¿∏¿∞¿∏»–‡‘–‘‘‹–‘Ã‰‡‡Ã»–∞¿∏‡»»ÿƒ‹‰–‘¿¿–ƒ‰ÿ‡∞¿∏¿ƒ‹¿–¿–‰¿‰‹ÿƒƒ–¿Ã∞¿∏¿∞¿∏¿∞¿∏¿∞¿∏ƒ‡–‘¿–‹–¿Ã‘‹ƒ¿Ã‡‘∞ƒ‰Ã∞ƒ––‘∞±ôÖ±Õî±—ïÖµ}…ïçΩπç•±•Ö—•Ωπ}Öπë}ç’……ïπ—}›ïï≠±Â}…Ω±î(»¿»ÿ∞ƒ±A|‹¿¿‡‡Õ	±-ïπëÖ±∞ÅQÖµâ±•πú±}U,±-ïπ—’ç≠‰±E±eΩ’πùÕ—Ω›∏ÅM—Ö—î±Q…’î∞»¿»ÿ¥¿‰¥¿’Pƒ‹Ë¿¡h∞–¿ƒ‡‘ÿÿ‘‰∞–Ã∏¿∞ÿ»∏‘∞¿∏¿±1=\±!% ±	Ω—ïÖ¥Å…ΩÕ—ï»∞∞¿∏ƒ‘¿‘‘Ãƒ»»–Ã‹‰ÿ¿ƒ‡±›ïï¨ƒµÿƒ∏¿∞»¿»ÿ¥¿‡¥Ã¡PƒÿËƒ‘Ë¿¿¨¿¿Ë¿¿∞¿∏»ƒ‹ÿ¿»Ã–‡‹‘ƒ–»¿ÿ‡∞¿∏ƒÃ»Ã–‹¿‰‹‘‹ÿÿÿ¿‹‹∞ƒ∏‹ƒƒ¿Ã‰‡‹–‰ƒƒƒ‰‡ÿ∞¿∏¿ƒÿ‘Ã‘‘ÿÃÃ‹ÿ»»»Ã‰Ã∞¿∏¿¿‹»ÃÃ‹‘»ÿÃ»‰‘‡»»ÿ∞¿∏¿‡Ã‘–¿‘»–ƒ¿»Ã»ÿÿƒ∞¿∏»‘‰ƒ‰‰–ÿÃ»ÿ‘‘‹‰‘∞¿∏¿¿‘ƒ‡ƒ¿»‰‡ÿ‰‹‹‰ÿ‡‰∞¿∏¿∞¿∏¿∞¿∏¿∞¿∏ƒ‡–Ã‘ÿ»»ƒ–ƒÃÿƒ‘Ã‡∞ƒ‰–∞ƒ––ÿ∞±ôÖ±Õî±—ïÖµ}…ïçΩπç•±•Ö—•Ωπ}Öπë}ç’……ïπ—}›ïï≠±Â}…Ω±î(»¿»ÿ∞ƒ±A|·»‹’ÿ±•±±Ω∏Å’ôò±}-MT±-ÖπÕÖÃÅM—Ö—î±E±9•ç°Ω±±Ã±Q…’î∞»¿»ÿ¥¿‰¥¿’P»ÃË¿¡h∞–¿ƒ‡‘ÿ‹‹ƒ∞–‡∏¿∞‘‘∏‘∞¿∏¿¿¿ÿ‰‰–»‘ÿ»¿‰‹Ãÿ¿Ã‘±1=\±!% ±	Ω—ïÖ¥Å…ΩÕ—ï»∞∞¿∏–––Ã¿Ã‘‹ÿ–¿–ÿÃ–‹‘±›ïï¨ƒµÿƒ∏¿∞»¿»ÿ¥¿‡¥Ã¡PƒÿËƒ‘Ë¿¿¨¿¿Ë¿¿∞¿∏¿∞¿∏¿∞¿∏¿∞¿∏¿∞¿∏¿∞¿∏»ƒ‡Ãƒ‡ÃƒÃÿ–‘‹ƒÃ‡‰∞¿∏‡ÿ‘‹¿ƒÃ»‹‘ÿ‰‹–‰‘∞¿∏¿ƒÿ¿Ã‹‡‡ƒ‹‹‰¿Ã»ƒ‹»∞¿∏¿∞¿∏¿∞¿∏¿∞¿∏ƒ‡»‹‰‹–»Ã–Ãƒƒÿ‹‰‡∞ƒ‰‘∞ƒ––‹∞±ôÖ±Õî±—ïÖµ}…ïçΩπç•±•Ö—•Ωπ}Öπë}ç’……ïπ—}›ïï≠±Â}…Ω±î(»¿»ÿ∞ƒ±A|›	Â‹›±Qï……‰Å]Ö±≠ï»Å%%$±}U-±’≠î±E±Q’±Öπî±Q…’î∞»¿»ÿ¥¿‰¥¿’Pƒ‰ËÃ¡h∞–¿ƒ‡‘‡»¿‰∞Ã¿∏¿∞‘¿∏‘∞¿∏¿¿‰ƒ–ÿ»»‡ƒ‡–ÿ»ÿ¿ÿ‹±1=\±!% ±	Ω—ïÖ¥Å…ΩÕ—ï»∞∞¿∏ÿÃÿÿ–‹‘–‡»»ÿƒÃ¿‡±›ïï¨ƒµÿƒ∏¿∞»¿»ÿ¥¿‡¥Ã¡PƒÿËƒ‘Ë¿¿¨¿¿Ë¿¿∞¿∏¿∞¿∏¿∞¿∏¿∞¿∏¿∞¿∏¿∞¿∏»‰¿‘Ã‡‰–ƒÃ‘»¿»‡–ÿ∞¿∏‹ÿ¿»»–ÿ‰‰‡¿Ã¿‰‡ÿ∞¿∏¿ƒ‹‹Ãƒ‹¿Ãƒƒƒ»‡‹Ã‹‹∞¿∏¿∞¿∏¿∞¿∏¿∞¿∏ƒ‡»–ƒ»ÿ‡‡ÿ–‡¿Ã–ƒ»∞ƒ‰ÿ∞ƒ––‡∞±ôÖ±Õî±—ïÖµ}…ïçΩπç•±•Ö—•Ωπ}Öπë}ç’……ïπ—}›ïï≠±Â}…Ω±î(»¿»ÿ∞ƒ±A}–·Õ±ÖÂ±Ω∏ÅM•πù±ï—Ω∏±}M5T±M5T±]H±±Ω…•ëÑÅM—Ö—î±Ö±Õî∞»¿»ÿ¥¿‰¥¿›P»ÃËÃ¡h∞–¿ƒ‡‘‡»ƒ»∞»‡∏»‘∞‘Ã∏‘∞¿∏¿∞±5=11}=9}Q5}IQL±	Ω—ïÖ¥Å…ΩÕ—ï»∞∞¿∏ƒƒ–»‘‰ÃÃƒ‘‹Ã‹¿‹»‘±›ïï¨ƒµÿƒ∏¿∞»¿»ÿ¥¿‡¥Ã¡PƒÿËƒ‘Ë¿¿¨¿¿Ë¿¿∞¿∏¿∞¿∏¿∞¿∏¿∞¿∏¿∞¿∏¿∞¿∏¿∞¿∏¿∞¿∏¿∞¿∏¿‹ƒ»‘‰ƒƒ‹‡¿ƒ‡ÿ‡ƒ–∞¿∏‹‰‘‰–‘‰Ã¿‡ÿ–ƒ‰‹ÿ∞¿∏¿¿–‰––ƒ»¿»ÿ‰‰ÿ‹»‹ƒ∞¿∏ƒ‡¿‘ƒ‡–Ã»‘¿‡¿‰ƒ‘‘∞‘ÿ¿∞ƒ––‰∞±ôÖ±Õî±—ïÖµ}…ïçΩπç•±•Ö—•Ωπ}Öπë}ç’……ïπ—}›ïï≠±Â}…Ω±î(»¿»ÿ∞ƒ±A|ÃÃ›ÿ‹‰±!ï±ÖµÖ∏ÅÖÕ’ùÑ±}Q5T±Qï·ÖÃÅô4±E±5•ÕÕΩ’…§ÅM—Ö—î±Q…’î∞»¿»ÿ¥¿‰¥¿’P»ÃË¿¡h∞–¿ƒ‡‘ÿÿÿ‡∞–‹∏‘∞‘Ã∏‘∞¿∏¿¿ƒ‘‘»¿ƒ‰‰ÿÿ‹ƒ–¿ÿ¿Ã±1=\±!% ±	Ω—ïÖ¥Å…ΩÕ—ï»∞∞¿∏–‹¿–¿‹–¿‘‡‰Ãƒ»¿»±›ïï¨ƒµÿƒ∏¿∞»¿»ÿ¥¿‡¥Ã¡PƒÿËƒ‘Ë¿¿¨¿¿Ë¿¿∞¿∏¿∞¿∏¿∞¿∏¿∞¿∏¿∞¿∏¿∞¿∏»Ã¿ƒƒ‹Ã¿»‘ƒ»¿»Ãÿ∞¿∏‹‹‹‘ÿ»–ƒ‡Ã‘‰‘–¿‰∞¿∏¿ƒÿ‰‰ÿ‡‡‘ƒÿ»Ãÿ–‰‡∞¿∏¿∞¿∏¿∞¿∏¿∞¿∏ƒ‹‰‹Ã‹‘‘»‡ƒ¿ƒ–Ã‰‹∞ƒ‰‹∞ƒ–‘¿∞±ôÖ±Õî±—ïÖµ}…ïçΩπç•±•Ö—•Ωπ}Öπë}ç’……ïπ—}›ïï≠±Â}…Ω±î(»¿»ÿ∞ƒ±A|‘’…‡ÃÃ±aÖŸ•ï»ÅM—ïÖ…∏±}IUQ±I’—ùï…Ã±E±5ÖÕÕÖç°’Õï——Ã±Q…’î∞»¿»ÿ¥¿‰¥¿ÕP»»Ë¿¡h∞–¿ƒ‡‘‡–»Ã∞–ƒ∏¿∞‘»∏‘∞¿∏¿¿Ã‡ÃÃ–ƒ»ƒÿ‘‰ÿ‰–‡–‹±1=\±!% ±	Ω—ïÖ¥Å…ΩÕ—ï»∞∞¿∏––‘ƒƒ¿ÃÃ¿‘ÿ‘‹‘ÃÃ±›ïï¨ƒµÿƒ∏¿∞»¿»ÿ¥¿‡¥Ã¡PƒÿËƒ‘Ë¿¿¨¿¿Ë¿¿∞¿∏¿∞¿∏¿∞¿∏¿∞¿∏¿∞¿∏¿∞¿∏»‘‡‘Ã¿–‡¿––»–»ÿ‡∞¿∏‹ƒ‰‰–»¿‰Ã‘¿–ƒ‹‘»∞¿∏¿ƒ‹‹‹–‡¿‹‡–ÿ»‘‡ƒ»∞¿∏¿∞¿∏¿∞¿∏¿∞¿∏ƒ‹‡ÿ–Ã¿‘ÿ–»‹‰ÿÿ»–∞ƒ‰‡∞ƒ–‘ƒ∞±ôÖ±Õî±—ïÖµ}…ïçΩπç•±•Ö—•Ωπ}Öπë}ç’……ïπ—}›ïï≠±Â}…Ω±î(»¿»ÿ∞ƒ±A|ŸÃ‰‹Õ±Ö±ïàÅ’ππ•πù°Ö¥±}5%ML±=±îÅ5•ÕÃ±]H±1Ω’•ÕŸ•±±î±Q…’î∞»¿»ÿ¥¿‰¥¿ŸP»ÃËÃ¡h∞–¿ƒ‡‘ÿÿÿƒ∞Ãƒ∏¿∞‘‘∏‘∞¿∏¿∞±5=11}=9}Q5}IQL±	Ω—ïÖ¥Å…ΩÕ—ï»∞∞¿∏ƒ¿ÿÃ‰–‰»¿»–Ã‡Ã‘‰±›ïï¨ƒµÿƒ∏¿∞»¿»ÿ¥¿‡¥Ã¡PƒÿËƒ‘Ë¿¿¨¿¿Ë¿¿∞¿∏¿∞¿∏¿∞¿∏¿∞¿∏¿∞¿∏¿∞¿∏¿∞¿∏¿∞¿∏¿∞¿∏¿‘‡ÿÃ»¿‡Ã‰‰ƒ¿Ã‘¿–∞¿∏‡ÿ–‰Ã‡‹ÿÃ‘ÃÃ‘‰‡‹∞¿∏¿¿‘Ãƒ¿¿ƒ‰Ã»ƒÃ‡‘»¿ÿ∞¿∏ƒ‹ÿ‰‡ÿ¿‹ÿ»‹»‹¿ÿƒÃ∞‘ÿƒ∞ƒ–‘»∞±ôÖ±Õî±—ïÖµ}…ïçΩπç•±•Ö—•Ωπ}Öπë}ç’……ïπ—}›ïï≠±Â}…Ω±î(»¿»ÿ∞ƒ±A|Ÿÿ‰–’‘±•±±Ω∏Å±ô…ïê±}5%ML±=±îÅ5•ÕÃ±]H±1Ω’•ÕŸ•±±î±Q…’î∞»¿»ÿ¥¿‰¥¿ŸP»ÃËÃ¡h∞–¿ƒ‡‘ÿÿÿƒ∞Ãƒ∏¿∞‘‘∏‘∞¿∏¿∞±5=11}=9}Q5}IQL±	Ω—ïÖ¥Å…ΩÕ—ï»∞∞¿∏ƒ¿ÿÃ‰–‰»¿»–Ã‡Ã‘‰±›ïï¨ƒµÿƒ∏¿∞»¿»ÿ¥¿‡¥Ã¡PƒÿËƒ‘Ë¿¿¨¿¿Ë¿¿∞¿∏¿∞¿∏¿∞¿∏¿∞¿∏¿∞¿∏¿∞¿∏¿∞¿∏¿∞¿∏¿∞¿∏¿‘‡ÿÃ»¿‡Ã‰‰ƒ¿Ã‘¿–∞¿∏‡ÿ–‰Ã‡‹ÿÃ‘ÃÃ‘‰‡‹∞¿∏¿¿‘Ãƒ¿¿ƒ‰Ã»ƒÃ‡‘»¿ÿ∞¿∏ƒ‹ÿ‰‡ÿ¿‹ÿ»‹»‹¿ÿƒÃ∞‘ÿ»∞ƒ–‘Ã∞±ôÖ±Õî±—ïÖµ}…ïçΩπç•±•Ö—•Ωπ}Öπë}ç’……ïπ—}›ïï≠±Â}…Ω±î(»¿»ÿ∞ƒ±A}Â›»–±π—°Ωπ‰ÅÖŸ…Ω‹±}5%h±5•ÕÕΩ’…§±I±…≠ÖπÕÖÃµA•πîÅ	±’ôò±Q…’î∞»¿»ÿ¥¿‰¥¿—P¿¿Ë¿¡h∞–¿ƒ‡‘ÿÿÿÃ∞‘‹∏‘∞ÿ¿∏‘∞¿∏¿∞±5%U4±	Ω—ïÖ¥Å…ΩÕ—ï»∞∞¿∏ƒÃ»ÿ‰¿‘‹ÿ––‘ƒ¿»‹±›ïï¨ƒµÿƒ∏¿∞»¿»ÿ¥¿‡¥Ã¡PƒÿËƒ‘Ë¿¿¨¿¿Ë¿¿∞¿∏¿∞¿∏¿∞¿∏¿∞¿∏¿∞¿∏¿∞¿∏ƒ‰‹ÿ‹‰»‰–Ã‹»»‰–‡‹∞ƒ∏ƒ¿ƒ–‰Ã‹‘¿Ã‹¿¿¿‡»∞¿∏¿ƒƒ¿ÿ¿‘‹‹‹‰»‹¿»ƒÃ∞¿∏¿∞¿∏¿∞¿∏¿∞¿∏ƒ‹ÿ‘ƒ»‡–ƒ‹‰Ã»ƒÃÿ∞Ã‰‰∞ƒ–‘–∞±ôÖ±Õî±—ïÖµ}…ïçΩπç•±•Ö—•Ωπ}Öπë}ç’……ïπ—}›ïï≠±Â}…Ω±î(»¿»ÿ∞ƒ±A|‹ÿ¿—»‘±5Ö‡Å	…Ω›∏±}]YT±]ïÕ–ÅY•…ù•π•Ñ±E±ΩÖÕ—Ö∞ÅÖ…Ω±•πÑ±Q…’î∞»¿»ÿ¥¿‰¥¿’PƒÿË¿¡h∞–¿ƒ‡‘ÿ‹‡¿∞Ã‰∏¿∞‘ÿ∏‘∞¿∏¿¿ÿ‹‘‡‹–¿»‰‡–¿‡ÿ‰Ã±1=\±!% ±	Ω—ïÖ¥Å…ΩÕ—ï»∞∞¿∏Ã–¿ÿƒ‰»‡‰¿‘‰»‰¿–‘±›ïï¨ƒµÿƒ∏¿∞»¿»ÿ¥¿‡¥Ã¡PƒÿËƒ‘Ë¿¿¨¿¿Ë¿¿∞¿∏¿∞¿∏¿∞¿∏¿∞¿∏¿∞¿∏¿∞¿∏»–»Ã‡‘‹–‡Ãÿ‰‘‹‡–ÿ∞¿∏‹‡ƒÿ–‘»‰»»ƒ‰¿‡–Ã∞¿∏¿ƒÿ»»ÃÃ‘‘»‘‘–‡¿ƒƒ∞¿∏¿∞¿∏¿∞¿∏¿∞¿∏ƒ‹‘‘¿–ÿÿ¿‹‘–‹‡‰ƒ∞ƒ‰‰∞ƒ–‘‘∞±ôÖ±Õî±—ïÖµ}…ïçΩπç•±•Ö—•Ωπ}Öπë}ç’……ïπ—}›ïï≠±Â}…Ω±î(»¿»ÿ∞ƒ±A|›	‹–¿‰ÿ±MïÖ∏ÅÕ°ïπôï±ëï»±}IUQ±I’—ùï…Ã±E±5ÖÕÕÖç°’Õï——Ã±Q…’î∞»¿»ÿ¥¿‰¥¿ÕP»»Ë¿¡h∞–¿ƒ‡‘‡–»Ã∞–ƒ∏¿∞‘»∏‘∞¿∏¿¿ÃÃ‰¿»Ã¿‰‘–¿»¿¿Ã‰±1=\±!% ±	Ω—ïÖ¥Å…ΩÕ—ï»∞∞¿∏–ƒÿƒ¿ƒ‰‡»»Ã‡‡‰¿¿ÿ±›ïï¨ƒµÿƒ∏¿∞»¿»ÿ¥¿‡¥Ã¡PƒÿËƒ‘Ë¿¿¨¿¿Ë¿¿∞¿∏¿∞¿∏¿∞¿∏¿∞¿∏¿∞¿∏¿∞¿∏»‘Ã‹‰‹Ã‘–¿ƒ‰¿‘ƒ»∞¿∏‹¿ÿ‹ÿƒ‘Ãƒ‡ƒ–‹ÿ»Ã∞¿∏¿ƒ‹––‰Ã‰¿¿‹‘»ÃÃÃ¿–∞¿∏¿∞¿∏¿∞¿∏¿∞¿∏ƒ‹‘Ã‹»–‰ÃÿÃ»‡‹ÿ¿‘∞»¿¿∞ƒ–‘ÿ∞±ôÖ±Õî±—ïÖµ}…ïçΩπç•±•Ö—•Ωπ}Öπë}ç’……ïπ—}›ïï≠±Â}…Ω±î(»¿»ÿ∞ƒ±A}‰¡·±5(Å5Ω……•Ã±}Q`±Qï·ÖÃ±E±Qï·ÖÃÅM—Ö—î±Q…’î∞»¿»ÿ¥¿‰¥¿’Pƒ‰ËÃ¡h∞–¿ƒ‡‘ÿÿÿ‹∞–‘∏¿∞‘‰∏‘∞¿∏¿¿»‡‹‰ƒ‘‹‹¿‘‘¿ÿÃ‘ÿ±1=\±!% ±	Ω—ïÖ¥Å…ΩÕ—ï»∞∞¿∏ÿÿÃÿ‹‘‰¿‡ÿÿ»‹»‹±›ïï¨ƒµÿƒ∏¿∞»¿»ÿ¥¿‡¥Ã¡PƒÿËƒ‘Ë¿¿¨¿¿Ë¿¿∞¿∏¿∞¿∏¿∞¿∏¿∞¿∏¿∞¿∏¿∞¿∏»–Ã‡––¿¿»‘ÿ‹‰ÿ»Ã‡∞¿∏‹–Ã‹‘ƒ‡‹‹‰‹–»‡–»∞¿∏¿ƒÿ‘‘¿‘¿ƒ»‡¿Ã¿ƒ‘‡ÿ∞¿∏¿∞¿∏¿∞¿∏¿∞¿∏ƒ‹Ãÿ‹‡ƒ‰‘–‹‰»Ã‹‰ÿ∞»¿ƒ∞ƒ–‘‹∞±ôÖ±Õî±—ïÖµ}…ïçΩπç•±•Ö—•Ωπ}Öπë}ç’……ïπ—}›ïï≠±Â}…Ω±î(»¿»ÿ∞ƒ±A|¿¡‘›ƒ±-ï±ëï∏ÅIÂÖ∏±}YP±Y•…ù•π•ÑÅQïç†±E±Y5$±Q…’î∞»¿»ÿ¥¿‰¥¿’P»ÃËÃ¡h∞–¿ƒ‡‘‡»ƒƒ∞‘–∏‘∞‘‹∏‘∞¿∏¿¿‘Ã‘–‰‘‹‹ƒ‘¿‡»ÿ‹‘±1=\±!% ±	Ω—ïÖ¥Å…ΩÕ—ï»∞∞¿∏Ã‡‡ÿÃ‰Ã‘‘‰Ã–ÿ»ÃÃ–±›ïï¨ƒµÿƒ∏¿∞»¿»ÿ¥¿‡¥Ã¡PƒÿËƒ‘Ë¿¿¨¿¿Ë¿¿∞¿∏¿∞¿∏¿∞¿∏¿∞¿∏¿∞¿∏¿∞¿∏»»ÿÃ‘»»–ÿƒÿ»–‘¿‡∞¿∏‹‘Ã¿ƒ‘»»Ã¿‘‡Ã‘»»∞¿∏¿ƒÿÃ‹–Ã»¿Ã‡Ã»»‹‹‘ÿ∞¿∏¿∞¿∏¿∞¿∏¿∞¿∏ƒ‹Ã‘–‹–––ÿ¿‘»¿ƒ‹‹∞»¿»∞ƒ–‘‡∞±ôÖ±Õî±—ïÖµ}…ïçΩπç•±•Ö—•Ωπ}Öπë}ç’……ïπ—}›ïï≠±Â}…Ω±î(»¿»ÿ∞ƒ±A}ÿ‡ƒ¡±±•©Ö†ÅQ°ΩµÖÃ±}=T±=≠±Ö°ΩµÑ±]H±UQ@±Q…’î∞»¿»ÿ¥¿‰¥¿’P¿¿Ë¿¡h∞–¿ƒ‡‘ÿÿÿ–∞–ÿ∏¿∞‘¿∏‘∞¿∏¿∞±5=11}=9}Q5}IQL±	Ω—ïÖ¥Å…ΩÕ—ï»∞∞¿∏ƒ¿‘ÿ‰–‡‡‘¿‡‡‰»ÿ±›ïï¨ƒµÿƒ∏¿∞»¿»ÿ¥¿‡¥Ã¡PƒÿËƒ‘Ë¿¿¨¿¿Ë¿¿∞¿∏¿∞¿∏¿∞¿∏¿∞¿∏¿∞¿∏¿∞¿∏¿∞¿∏¿∞¿∏¿∞¿∏¿‘‰¿‹‹ƒ‹ƒ‰‰‡ƒ‹‰‰‹∞¿∏‹ƒ»–ÃÃ‘‘‡‹ƒƒÿ‹»»∞¿∏¿¿‹ƒ–Ã‡‘‹‰»‘‹‹ÿ‰‰‡–∞¿∏ƒ‹Ãƒ‡Ãÿ‹‘–»–¿¿‰»∞‘ÿÃ∞ƒ–‘‰∞±ôÖ±Õî±—ïÖµ}…ïçΩπç•±•Ö—•Ωπ}Öπë}ç’……ïπ—}›ïï≠±Â}…Ω±î(»¿»ÿ∞ƒ±A}‡Ÿ–‡‹±]°•—–Å9ï›âÖ’ï»±}=T±=≠±Ö°ΩµÑ±E±UQ@±Q…’î∞»¿»ÿ¥¿‰¥¿’P¿¿Ë¿¡h∞–¿ƒ‡‘ÿÿÿ–∞–ÿ∏¿∞‘¿∏‘∞¿∏¿¿»¿ÃƒÃ»¿ƒ‹‘»ÿ‘‡»ƒ‘±1=\±!% ±	Ω—ïÖ¥Å…ΩÕ—ï»∞∞¿∏Ã‡ƒ»¿‘‹»‰»¿‘ƒ‰±›ïï¨ƒµÿƒ∏¿∞»¿»ÿ¥¿‡¥Ã¡PƒÿËƒ‘Ë¿¿¨¿¿Ë¿¿∞¿∏¿∞¿∏¿∞¿∏¿∞¿∏¿∞¿∏¿∞¿∏»‘‘ƒÃÃ‡‡ƒÿÿ»–‰»»Ã∞¿∏‹ÿÃÃ‰ƒ‹‹‡‹Ã‹‰ƒ»‘∞¿∏¿ƒÿ¿‰‡‰‹Ã»ƒ‘‡Ã»‘–‘∞¿∏¿∞¿∏¿∞¿∏¿∞¿∏ƒ‹»‰ÃÃ¿ƒ‹ƒÿ‡‹‡ÿ‘∞»¿Ã∞ƒ–ÿ¿∞±ôÖ±Õî±—ïÖµ}…ïçΩπç•±•Ö—•Ωπ}Öπë}ç’……ïπ—}›ïï≠±Â}…Ω±î(»¿»ÿ∞ƒ±A|‰¡	»Ÿ–±5•ç°Öï∞Å…Öπ–±}MT±±Ω…•ëÑÅM—Ö—î±E±M5T±Q…’î∞»¿»ÿ¥¿‰¥¿›P»ÃËÃ¡h∞–¿ƒ‡‘‡»ƒ»∞»‘∏»‘∞‘Ã∏‘∞¿∏¿ÃÃÿ–ƒÃ–ÿ‰‘‹ƒ‘‹‘ƒ‘±1=\±!% ±	Ω—ïÖ¥Å…ΩÕ—ï»∞∞¿∏‹‰–‡‹–‰‡»‡‡––‹‘Ã±›ïï¨ƒµÿƒ∏¿∞»¿»ÿ¥¿‡¥Ã¡PƒÿËƒ‘Ë¿¿¨¿¿Ë¿¿∞¿∏¿∞¿∏¿∞¿∏¿∞¿∏¿∞¿∏¿∞¿∏»‹¿–‹»Ã‡ƒ‡ÿ––‰‹‡∞¿∏‹ÿ‹–ƒ–Ã‘»‘ÿ‰‹‹‡ƒ∞¿∏¿ƒ‘‰‡‹ÿ–ƒ‡»‹‡Ã¿»ÿÃ∞¿∏¿∞¿∏¿∞¿∏¿∞¿∏ƒ‹»ÿÿ‹»‡ÿ»»Ã‰‘‰Ã‡∞»¿–∞ƒ–ÿƒ∞±ôÖ±Õî±—ïÖµ}…ïçΩπç•±•Ö—•Ωπ}Öπë}ç’……ïπ—}›ïï≠±Â}…Ω±î(»¿»ÿ∞ƒ±A|Õÿ»–‹¿‹±ÖππΩ∏Å)ΩπïÃ±}]-±]Ö≠îÅΩ…ïÕ–±E±≠…Ω∏±Q…’î∞»¿»ÿ¥¿‰¥¿ÕP»ÃË¿¡h∞–¿ƒ‡‘‡»¿–∞Ãÿ∏‘∞–‡∏‘∞¿∏¿ƒƒ»ÿ‹ƒ‘ÿ»‹‘‰ÿ»Ã‹ƒ±1=\±!% ±	Ω—ïÖ¥Å…ΩÕ—ï»∞∞¿∏‘¿‡»‹‘‰‰‹ƒƒ–Ã»¿‡±›ïï¨ƒµÿƒ∏¿∞»¿»ÿ¥¿‡¥Ã¡PƒÿËƒ‘Ë¿¿¨¿¿Ë¿¿∞¿∏¿∞¿∏¿∞¿∏¿∞¿∏¿∞¿∏¿∞¿∏»»‡ÿ¿‡»»–‹‡Ã‡¿‡ÿÿ∞¿∏‹»ÿÿÃÿ‡ƒƒ¿‹‰ƒ‘‘‘∞¿∏¿ƒÿ‘–ÿ»¿–Ã‹Ã–ƒ–»ƒ‘∞¿∏¿∞¿∏¿∞¿∏¿∞¿∏ƒ‹ƒ‰–¿‰¿‹Ã–‡–¿¿‡–∞»¿‘∞ƒ–ÿ»∞±ôÖ±Õî±—ïÖµ}…ïçΩπç•±•Ö—•Ωπ}Öπë}ç’……ïπ—}›ïï≠±Â}…Ω±î(»¿»ÿ∞ƒ±A}Âÿ‡ÿÕ±5•ç°Öï∞Å!ïπëï…ÕΩ∏Å%%$±}QQT±Qï·ÖÃÅQïç†±I±â•±ïπîÅ°…•Õ—•Ö∏±Q…’î∞»¿»ÿ¥¿‰¥¿’P»ÃË¿¡h∞–¿ƒ‡‘ÿ‹‹¿∞‘ƒ∏¿∞‘‰∏‘∞¿∏¿∞±5%U4±	Ω—ïÖ¥Å…ΩÕ—ï»∞∞¿∏ƒ»‡‡–¿‘ƒ¿»‹ƒ‰»‘‹‘±›ïï¨ƒµÿƒ∏¿∞»¿»ÿ¥¿‡¥Ã¡PƒÿËƒ‘Ë¿¿¨¿¿Ë¿¿∞¿∏¿∞¿∏¿∞¿∏¿∞¿∏¿∞¿∏¿∞¿∏ƒ‹‘‹ÿ‡ƒ»ÿ¿»Ãÿÿ‘‘‹∞ƒ∏¿‘¿ƒ»»‡‘‰‰»‘‡¿–ÿ∞¿∏¿ƒ¿‰‹‰Ã–»ƒ‰ÿ‹‡ƒÃ¿ÿ∞¿∏¿∞¿∏¿∞¿∏¿∞¿∏ƒ‹¿‡‡‡ÃÃ‰ƒ‹Ã»ÿ‡Ã∞–¿¿∞ƒ–ÿÃ∞±ôÖ±Õî±—ïÖµ}…ïçΩπç•±•Ö—•Ωπ}Öπë}ç’……ïπ—}›ïï≠±Â}…Ω±î(»¿»ÿ∞ƒ±A}Ã‘‹—‰‘±9Ö—°Ö∏Å	ï…π°Ö…ê±}5±5Ö…Â±Öπê±E±!Öµ¡—Ω∏±Q…’î∞»¿»ÿ¥¿‰¥¿ŸP¿¿Ë¿¡h∞–¿ƒ‡‘‡–»‹∞‘ƒ∏¿∞‘ÿ∏‘∞¿∏¿¿¿–‘‰ÿ‡‰ÿ¿ÿ‰‰ÿƒƒ‡±1=\±!% ±	Ω—ïÖ¥Å…ΩÕ—ï»∞∞¿∏–Ã‹ÿÃÿ‹–ƒÃ–‹»Ã¿‡‘±›ïï¨ƒµÿƒ∏¿∞»¿»ÿ¥¿‡¥Ã¡PƒÿËƒ‘Ë¿¿¨¿¿Ë¿¿∞¿∏¿∞¿∏¿∞¿∏¿∞¿∏¿∞¿∏¿∞¿∏»‘ÃƒÿÿÃƒƒÃ‹»¿ÿÿ–∞¿∏‹‘‰–‰–»¿ÿÿ‰ÿÃ¿‰Ã∞¿∏¿ƒ‘ÿ‹–‰»ƒ‰»¿–‰‘ÿ‰‘∞¿∏¿∞¿∏¿∞¿∏¿∞¿∏ƒÿ‰‰‰‡‰‘»ƒ‰»ÿ¿‘ƒ∞»¿ÿ∞ƒ–ÿ–∞±ôÖ±Õî±—ïÖµ}…ïçΩπç•±•Ö—•Ωπ}Öπë}ç’……ïπ—}›ïï≠±Â}…Ω±î(»¿»ÿ∞ƒ±A|–Ãÿ≈·	±)ï…ïµ•Ö†Å)ΩπïÃ±}9±9ïâ…ÖÕ≠Ñ±]H±=°•º±Q…’î∞»¿»ÿ¥¿‰¥¿’PƒÿË¿¡h∞–¿ƒ‡‘‡–Ã¿∞Ã‘∏‘∞–‹∏‘∞¿∏¿∞±5=11}=9}Q5}IQL±	Ω—ïÖ¥Å…ΩÕ—ï»∞∞¿∏ƒ»ƒ»‡–‹ƒ‰‰»ƒ‹––‰Ã±›ïï¨ƒµÿƒ∏¿∞»¿»ÿ¥¿‡¥Ã¡PƒÿËƒ‘Ë¿¿¨¿¿Ë¿¿∞¿∏¿∞¿∏¿∞¿∏¿∞¿∏¿∞¿∏¿∞¿∏¿∞¿∏¿∞¿∏¿∞¿∏¿‘‹»ƒ»¿‡‹»»‘¿––‡∞¿∏ÿ‡ÿÃ»»‹‰ƒƒ¿¿‡Ãÿ‰∞¿∏¿¿‹»‘»‰»ƒ»¿ƒ‡‡¿‡‘ÿ‘∞¿∏ƒÿ‰Ãÿƒ‡‰Ã‘–ÿ–ƒÃÿ»∞‘ÿ–∞ƒ–ÿ‘∞±ôÖ±Õî±—ïÖµ}…ïçΩπç•±•Ö—•Ωπ}Öπë}ç’……ïπ—}›ïï≠±Â}…Ω±î(»¿»ÿ∞ƒ±A|»’≈Õ±•ÑÅ	ï±∞±}Q`±Qï·ÖÃ±E±Qï·ÖÃÅM—Ö—î±Q…’î∞»¿»ÿ¥¿‰¥¿’Pƒ‰ËÃ¡h∞–¿ƒ‡‘ÿÿÿ‹∞–‘∏¿∞‘‰∏‘∞¿∏¿¿ƒƒÿ‰‰¿‹‹‘ƒ––Ã‡ÿƒ‘±1=\±!% ±	Ω—ïÖ¥Å…ΩÕ—ï»∞∞¿∏‘Ãÿ‡‘‡¿‡‡‡‰‹ÿ–ƒ»±›ïï¨ƒµÿƒ∏¿∞»¿»ÿ¥¿‡¥Ã¡PƒÿËƒ‘Ë¿¿¨¿¿Ë¿¿∞¿∏¿∞¿∏¿∞¿∏¿∞¿∏¿∞¿∏¿∞¿∏»Ã‹‹»Ãÿ»¿ƒ–‹‹ÃÃ–ÿ∞¿∏‹»‘¿‡–¿ƒ‹¿‡Ãÿ¿ƒ‘∞¿∏¿ƒÿƒÃ‘¿‰¿ÿ»–»–ÿƒ‹‹∞¿∏¿∞¿∏¿∞¿∏¿∞¿∏ƒÿ‰Ãƒ‡‰–‘–‘Ã‡Ã‹»»∞»¿‹∞ƒ–ÿÿ∞±ôÖ±Õî±—ïÖµ}…ïçΩπç•±•Ö—•Ωπ}Öπë}ç’……ïπ—}›ïï≠±Â}…Ω±î(»¿»ÿ∞ƒ±A|ƒÃÕ‹…–±ÖŸ•∏ÅM•ë›Ö»±}5%h±5•ÕÕΩ’…§±E±…≠ÖπÕÖÃµA•πîÅ	±’ôò±Q…’î∞»¿»ÿ¥¿‰¥¿—P¿¿Ë¿¡h∞–¿ƒ‡‘ÿÿÿÃ∞‘‹∏‘∞ÿ¿∏‘∞¿∏¿¿‹‹‘‡‡‰¿–ÿ‘Ãÿƒ–¿ÿ±1=\±!% ±	Ω—ïÖ¥Å…ΩÕ—ï»∞∞¿∏Ã‘ÿ¿ÿƒ‡‡‹‡‡ƒƒ–––±›ïï¨ƒµÿƒ∏¿∞»¿»ÿ¥¿‡¥Ã¡PƒÿËƒ‘Ë¿¿¨¿¿Ë¿¿∞¿∏¿∞¿∏¿∞¿∏¿∞¿∏¿∞¿∏¿∞¿∏»»‹¿‹ÿ‰‘‹ÃÃ–ÿƒÿ‘‘∞¿∏‹‘ƒ‘ÿ»ÿ‡‹ÿÃ»ÿ‰‡‡∞¿∏¿ƒ‘‘ÿ‡‘‡–‹‘Ã‘‘¿¿‘∞¿∏¿∞¿∏¿∞¿∏¿∞¿∏ƒÿ‡‘ÿ‹‹‹‹»‡–‘‹¿ƒ‹∞»¿‡∞ƒ–ÿ‹∞±ôÖ±Õî±—ïÖµ}…ïçΩπç•±•Ö—•Ωπ}Öπë}ç’……ïπ—}›ïï≠±Â}…Ω±î(»¿»ÿ∞ƒ±A|≈‡…	‹±1’≠îÅÖ…πï‰±}!=T±!Ω’Õ—Ω∏±E±=…ïùΩ∏ÅM—Ö—î±Q…’î∞»¿»ÿ¥¿‰¥¿’PƒÿË¿¡h∞–¿ƒ‡‘ÿ‹‹‡∞Ãÿ∏¿∞‘ƒ∏‘∞¿∏¿¿¿Ã»‡‘ÿ‹‹‹‡–ƒƒ‹‘ÿ‹±1=\±!% ±	Ω—ïÖ¥Å…ΩÕ—ï»∞∞¿∏ÃƒÃ»–‰‰‰¿»ÿƒ¿»‰ÿ±›ïï¨ƒµÿƒ∏¿∞»¿»ÿ¥¿‡¥Ã¡PƒÿËƒ‘Ë¿¿¨¿¿Ë¿¿∞¿∏¿∞¿∏¿∞¿∏¿∞¿∏¿∞¿∏¿∞¿∏»–‡‹¿ƒÿ‘ÿƒ–¿¿Ã‰‹∞¿∏‹‰ÿÿ–‘»Ã»‘–‡‘‰¿»∞¿∏¿ƒ–‘‡‹–»‰‰‡‹¿–‰‰–∞¿∏¿∞¿∏¿∞¿∏¿∞¿∏ƒÿ‹ƒ‡‰ƒ¿Ãƒ‹‹ƒ‘‡ÿ‡∞»¿‰∞ƒ–ÿ‡∞±ôÖ±Õî±—ïÖµ}…ïçΩπç•±•Ö—•Ωπ}Öπë}ç’……ïπ—}›ïï≠±Â}…Ω±î(»¿»ÿ∞ƒ±A|‹Ÿ≈‡‹‡±5Ö—–Å!ïπëï…ÕΩ∏±}YP±Y•…ù•π•ÑÅQïç†±Q±Y5$±Q…’î∞»¿»ÿ¥¿‰¥¿’P»ÃËÃ¡h∞–¿ƒ‡‘‡»ƒƒ∞‘–∏‘∞‘‹∏‘∞¿∏¿∞±5=11}=9}Q5}IQL±	Ω—ïÖ¥Å…ΩÕ—ï»∞∞¿∏ƒ¿‹‘¿Ã‹––‡ÿÿ–‘–Ãÿ±›ïï¨ƒµÿƒ∏¿∞»¿»ÿ¥¿‡¥Ã¡PƒÿËƒ‘Ë¿¿¨¿¿Ë¿¿∞¿∏¿∞¿∏¿∞¿∏¿∞¿∏¿∞¿∏¿∞¿∏¿∞¿∏¿∞¿∏¿∞¿∏¿‘‘‡»ƒ‡‘ƒ‹Ã‘‹–‡‡ÿ∞¿∏ÿ‰ƒ–ÿ¿‹»»ÿ–ÿ‹ƒ‹‡∞¿∏¿¿ÿ‡‰»»‡ÿ¿Ã‘ÿ¿ÿƒ‹‹∞¿∏ƒÿÿÃ»ƒÿ–¿»ƒ–¿‘‹‹∞»‰ÿ∞ƒ–ÿ‰∞±ôÖ±Õî±—ïÖµ}…ïçΩπç•±•Ö—•Ωπ}Öπë}ç’……ïπ—}›ïï≠±Â}…Ω±î(»¿»ÿ∞ƒ±A|‹ÿ‘Â›‹±MΩ±ΩµΩ∏ÅΩÂî±}5±5Ö…Â±Öπê±I±!Öµ¡—Ω∏±Q…’î∞»¿»ÿ¥¿‰¥¿ŸP¿¿Ë¿¡h∞–¿ƒ‡‘‡–»‹∞‘ƒ∏¿∞‘ÿ∏‘∞¿∏¿∞±5%U4±	Ω—ïÖ¥Å…ΩÕ—ï»∞∞¿∏ƒ»‘–‹»ƒ»‹‰ƒÃ‘‘‘‹‘±›ïï¨ƒµÿƒ∏¿∞»¿»ÿ¥¿‡¥Ã¡PƒÿËƒ‘Ë¿¿¨¿¿Ë¿¿∞¿∏¿∞¿∏¿∞¿∏¿∞¿∏¿∞¿∏¿∞¿∏»¿»‡ƒ–¿‰‰ÿÿ‘ÿ»‘∞ƒ∏¿»‘‹‹»‡‘‡ÿÃ‹ƒ‰ÃÃ∞¿∏¿ƒ¿»‰‘»‹Ã‘‡‘‰ÿ–‡–Ã∞¿∏¿∞¿∏¿∞¿∏¿∞¿∏ƒÿ–Ã–‡‰»‹Ã‹‰‘¿‡–∞–¿ƒ∞ƒ–‹¿∞±ôÖ±Õî±—ïÖµ}…ïçΩπç•±•Ö—•Ωπ}Öπë}ç’……ïπ—}›ïï≠±Â}…Ω±î(»¿»ÿ∞ƒ±A}·¿…	±iÖ•êÅ1Ω—–±}MeH±MÂ…Öç’Õî±E±9ï‹Å!Öµ¡Õ°•…î±Q…’î∞»¿»ÿ¥¿‰¥¿’PƒÿË¿¡h∞–¿ƒ‡‘‡»¿‡∞––∏‘∞‘‘∏‘∞¿∏¿¿ƒ–‘‰‘¿ÿ»»ÃÃ‘¿‘¿‡‡±1=\±!% ±	Ω—ïÖ¥Å…ΩÕ—ï»∞∞¿∏ƒÃÿƒÿÿ‰‹‹‹‘‹ÿ¿‹––±›ïï¨ƒµÿƒ∏¿∞»¿»ÿ¥¿‡¥Ã¡PƒÿËƒ‘Ë¿¿¨¿¿Ë¿¿∞¿∏ƒ‡¿‡Ã»ƒÿƒ‘Ã»»‡ÿÿ‘∞¿∏ƒƒ–‘¿ƒ‰ƒ‘ÿ‹‹–‡ƒÃ»∞ƒ∏–Ã‹ƒ‘‡‰–Ã‘»‰‡»‰∞¿∏¿ƒ–‘Ã–‘»‡Ã–‹ÿ–‘»»∞¿∏¿¿–‰–ƒ‰‰¿‹»‘–¿‰‘¿ÿ∞¿∏¿‹‡‡ƒ»»–»‡‡‹Ã‘‘–»∞¿∏»ƒ‹‰»‘‘»–ƒ»‹‹‰‡Ã∞¿∏¿¿‘»»¿ÿÿƒ¿–ÿƒ‘–»‡∞¿∏¿∞¿∏¿∞¿∏¿∞¿∏ƒÿÃ‹‰‡‰‰‰¿‰ÿ¿‹¿¿–∞»ƒ¿∞ƒ–‹ƒ∞±ôÖ±Õî±—ïÖµ}…ïçΩπç•±•Ö—•Ωπ}Öπë}ç’……ïπ—}›ïï≠±Â}…Ω±î(»¿»ÿ∞ƒ±A|ÿÕ‹‹»Ã‘±Ö…ëï±∞Å]•±±•ÖµÃ±}5±5Ö…Â±Öπê±E±!Öµ¡—Ω∏±Q…’î∞»¿»ÿ¥¿‰¥¿ŸP¿¿Ë¿¡h∞–¿ƒ‡‘‡–»‹∞‘ƒ∏¿∞‘ÿ∏‘∞¿∏¿±1=\±!% ±	Ω—ïÖ¥Å…ΩÕ—ï»∞∞¿∏–ƒ‹ÿ––‘‰Ã»‹ÿ‰ƒÃ¿ÿ±›ïï¨ƒµÿƒ∏¿∞»¿»ÿ¥¿‡¥Ã¡PƒÿËƒ‘Ë¿¿¨¿¿Ë¿¿∞¿∏¿∞¿∏¿∞¿∏¿∞¿∏¿∞¿∏¿∞¿∏»–ƒÿ¿ƒƒ‘»ÿÃÃ‡»ÿ‰‘∞¿∏‹»–‹‰‡‰–ÿ–Ã‰‡‹»ƒ∞¿∏¿ƒ–‰‘‡‡‘‰ƒ‡‰‡‡Ã‹»‡∞¿∏¿∞¿∏¿∞¿∏¿∞¿∏ƒÿ»»ÃÃ¿–‰‹‡Ã»‡‰ÿ∞»ƒƒ∞ƒ–‹»∞±ôÖ±Õî±—ïÖµ}…ïçΩπç•±•Ö—•Ωπ}Öπë}ç’……ïπ—}›ïï≠±Â}…Ω±î(»¿»ÿ∞ƒ±A}ÿƒ‡¿–Â±)Öç¨ÅÖ¡Ö±ë§±}5±5Ö…Â±Öπê±E±!Öµ¡—Ω∏±Q…’î∞»¿»ÿ¥¿‰¥¿ŸP¿¿Ë¿¡h∞–¿ƒ‡‘‡–»‹∞‘ƒ∏¿∞‘ÿ∏‘∞¿∏¿±1=\±!% ±	Ω—ïÖ¥Å…ΩÕ—ï»∞∞¿∏–ƒ‹ÿ––‘‰Ã»‹ÿ‰ƒÃ¿ÿ±›ïï¨ƒµÿƒ∏¿∞»¿»ÿ¥¿‡¥Ã¡PƒÿËƒ‘Ë¿¿¨¿¿Ë¿¿∞¿∏¿∞¿∏¿∞¿∏¿∞¿∏¿∞¿∏¿∞¿∏»–ƒÿ¿ƒƒ‘»ÿÃÃ‡»ÿ‰‘∞¿∏‹»–‹‰‡‰–ÿ–Ã‰‡‹»ƒ∞¿∏¿ƒ–‰‘‡‡‘‰ƒ‡‰‡‡Ã‹»‡∞¿∏¿∞¿∏¿∞¿∏¿∞¿∏ƒÿ»»ÃÃ¿–‰‹‡Ã»‡‰ÿ∞»ƒ»∞ƒ–‹Ã∞±ôÖ±Õî±—ïÖµ}…ïçΩπç•±•Ö—•Ωπ}Öπë}ç’……ïπ—}›ïï≠±Â}…Ω±î(»¿»ÿ∞ƒ±A|·’¡ƒÃ±	…ÖÂ±ï∏ÅIΩΩπï‰±}-T±-ÖπÕÖÃ±E±1ΩπúÅ%Õ±ÖπêÅUπ•Ÿï…Õ•—‰±Q…’î∞»¿»ÿ¥¿‰¥¿’P¿¿Ë¿¡h∞–¿ƒ‡‘ÿ‹ÿ‰∞–ÿ∏¿∞‘Ã∏‘∞¿∏¿±1=\±!% ±	Ω—ïÖ¥Å…ΩÕ—ï»∞∞¿∏ƒÃ‡–‹ÿ»ÿ»‹¿‘ƒ‘‰ÿ‹±›ïï¨ƒµÿƒ∏¿∞»¿»ÿ¥¿‡¥Ã¡PƒÿËƒ‘Ë¿¿¨¿¿Ë¿¿∞¿∏»»ÿÃÃÃ»ƒ‡ƒƒ‰Ãÿÿÿ∞¿∏ƒ–»–¿‘ƒ‰‹‰Ã‡ÿ‹–‘‹∞ƒ∏‡ƒ‹––»ÿ–ƒ‹¿ÿ»‘Ã∞¿∏¿ƒ‰‡Ã»‰ƒ‹–»ÿ‰‘Ã–Ã∞¿∏¿¿‘»‹‘ÿ‘¿‘–‡Ã–ƒ‡ƒÃ∞¿∏¿ƒ‹¿ƒÃ‡ÿ‹»‡‹Ã‘‰‹–»∞¿∏¿ÿƒ–ÿ–‡‘‡‰Ã»Ãÿÿ‹ÿ∞¿∏¿¿ƒ»ÿ‹ÿ‹ÿƒ¿Ãƒƒ–‹‰‡‘∞¿∏¿∞¿∏¿∞¿∏¿∞¿∏ƒÿ¿‘¿ÿ»ÿ‹ÃÃ‰ÿ–‹‘∞»ƒÃ∞ƒ–‹–∞±ôÖ±Õî±—ïÖµ}…ïçΩπç•±•Ö—•Ωπ}Öπë}ç’……ïπ—}›ïï≠±Â}…Ω±î(»¿»ÿ∞ƒ±A|Ÿ»·–‰‹±ΩππΩ»Å!Öπ•≠Ñ±}-T±-ÖπÕÖÃ±E±1ΩπúÅ%Õ±ÖπêÅUπ•Ÿï…Õ•—‰±Q…’î∞»¿»ÿ¥¿‰¥¿’P¿¿Ë¿¡h∞–¿ƒ‡‘ÿ‹ÿ‰∞–ÿ∏¿∞‘Ã∏‘∞¿∏¿±1=\±!% ±	Ω—ïÖ¥Å…ΩÕ—ï»∞∞¿∏ƒÃ‡–‹ÿ»ÿ»‹¿‘ƒ‘‰ÿ‹±›ïï¨ƒµÿƒ∏¿∞»¿»ÿ¥¿‡¥Ã¡PƒÿËƒ‘Ë¿¿¨¿¿Ë¿¿∞¿∏»»ÿÃÃÃ»ƒ‡ƒƒ‰Ãÿÿÿ∞¿∏ƒ–»–¿‘ƒ‰‹‰Ã‡ÿ‹–‘‹∞ƒ∏‡ƒ‹––»ÿ–ƒ‹¿ÿ»‘Ã∞¿∏¿ƒ‰‡Ã»‰ƒ‹–»ÿ‰‘Ã–Ã∞¿∏¿¿‘»‹‘ÿ‘¿‘–‡Ã–ƒ‡ƒÃ∞¿∏¿ƒ‹¿ƒÃ‡ÿ‹»‡‹Ã‘‰‹–»∞¿∏¿ÿƒ–ÿ–‡‘‡‰Ã»Ãÿÿ‹ÿ∞¿∏¿¿ƒ»ÿ‹ÿ‹ÿƒ¿Ãƒƒ–‹‰‡‘∞¿∏¿∞¿∏¿∞¿∏¿∞¿∏ƒÿ¿‘¿ÿ»ÿ‹ÃÃ‰ÿ–‹‘∞»ƒ–∞ƒ–‹‘∞±ôÖ±Õî±—ïÖµ}…ïçΩπç•±•Ö—•Ωπ}Öπë}ç’……ïπ—}›ïï≠±Â}…Ω±î(»¿»ÿ∞ƒ±A|»‰Âÿ±Ö∏Å5Ö°Ö∏±}U-±’≠î±E±Q’±Öπî±Q…’î∞»¿»ÿ¥¿‰¥¿’Pƒ‰ËÃ¡h∞–¿ƒ‡‘‡»¿‰∞Ã¿∏¿∞‘¿∏‘∞¿∏¿¿‹‡¿Ã‹ÿƒ‘ÿ¿‹‡ÃÃ–ƒ±1=\±!% ±	Ω—ïÖ¥Å…ΩÕ—ï»∞∞¿∏‘‘‰–¿¿»ÃÃ––‘Ã»¿‹±›ïï¨ƒµÿƒ∏¿∞»¿»ÿ¥¿‡¥Ã¡PƒÿËƒ‘Ë¿¿¨¿¿Ë¿¿∞¿∏¿∞¿∏¿∞¿∏¿∞¿∏¿∞¿∏¿∞¿∏»‘‘»‡ÿ‘–»‡‹ÿ»Ãÿÿ–∞¿∏ÿÿ‹‰‡Ã»ƒ»‘‹»‰¿ƒ‹∞¿∏¿ƒ‘‘‡¿»Ã‘‹¿ƒ¿ƒÿÃ»ÿ∞¿∏¿∞¿∏¿∞¿∏¿∞¿∏ƒÿ¿»‹‰‹Ã‘–ÿÃÃ‡‡ƒ–∞»ƒ‘∞ƒ–‹ÿ∞±ôÖ±Õî±—ïÖµ}…ïçΩπç•±•Ö—•Ωπ}Öπë}ç’……ïπ—}›ïï≠±Â}…Ω±î(»¿»ÿ∞ƒ±A}‘‡ÂÿÃ–±5•ç°Öï∞Å±ÖÂ—Ω∏Å%$±}%10±%±±•πΩ•Ã±E±U±Q…’î∞»¿»ÿ¥¿‰¥¿—P¿ƒË¿¡h∞–¿ƒ‡‘‡–»–∞–»∏¿∞‘‘∏‘∞¿∏¿¿ƒ‡‹‰‹‘‘–‡»‹»‰‡–‘±1=\±!% ±	Ω—ïÖ¥Å…ΩÕ—ï»∞∞¿∏–Ã»‹‰‘–ƒ‰‡¿Ã»‰‘‰±›ïï¨ƒµÿƒ∏¿∞»¿»ÿ¥¿‡¥Ã¡PƒÿËƒ‘Ë¿¿¨¿¿Ë¿¿∞¿∏¿∞¿∏¿∞¿∏¿∞¿∏¿∞¿∏¿∞¿∏»»Ã‡‘‡ƒ‡»–»‡‘‘ÿÃ»∞¿∏ÿ‘‡ÿ»ƒ»¿‡‹‡ƒ¿¿Ã‹∞¿∏¿ƒ‘ÿ‹‡¿‡ƒ‡‘ƒÃ¿‡–¿»∞¿∏¿∞¿∏¿∞¿∏¿∞¿∏ƒ‘‰‰Ã¿ÿƒƒ‰‡‘‰‘¿‡∞»ƒÿ∞ƒ–‹‹∞±ôÖ±Õî±—ïÖµ}…ïçΩπç•±•Ö—•Ωπ}Öπë}ç’……ïπ—}›ïï≠±Â}…Ω±î(»¿»ÿ∞ƒ±A}»¿‡‰‹¿±)Â…Ω∏Å!’ù°±ï‰±}]YT±]ïÕ–ÅY•…ù•π•Ñ±E±ΩÖÕ—Ö∞ÅÖ…Ω±•πÑ±Q…’î∞»¿»ÿ¥¿‰¥¿’PƒÿË¿¡h∞–¿ƒ‡‘ÿ‹‡¿∞Ã‰∏¿∞‘ÿ∏‘∞¿∏¿¿‡‘–‹¿‡¿ÿ–‡»Ã¿»¿‡±1=\±!% ±	Ω—ïÖ¥Å…ΩÕ—ï»∞∞¿∏Ã‹ÿ‰¿‰»ƒ¿‰‘‘ÃÃ»»±›ïï¨ƒµÿƒ∏¿∞»¿»ÿ¥¿‡¥Ã¡PƒÿËƒ‘Ë¿¿¨¿¿Ë¿¿∞¿∏¿∞¿∏¿∞¿∏¿∞¿∏¿∞¿∏¿∞¿∏»ƒ‰‰‘‰Ã–‡ƒ‹¿¿Ã‡‰‡∞¿∏‹¿‰Ã»–ÿÿƒ‹‘‘‡–‡–∞¿∏¿ƒ–‹»»Ãƒ»ƒ–‘‘Ãÿ–»‡∞¿∏¿∞¿∏¿∞¿∏¿∞¿∏ƒ‘‰»ÿÿÃÃ‰¿–‡‡¿ÃÃ‡∞»ƒ‹∞ƒ–‹‡∞±ôÖ±Õî±—ïÖµ}…ïçΩπç•±•Ö—•Ωπ}Öπë}ç’……ïπ—}›ïï≠±Â}…Ω±î(»¿»ÿ∞ƒ±A|‡Ã‘Ã–‘»‡±1ïºÅ!ÖππÖ∏±}5MT±5•ç°•ùÖ∏ÅM—Ö—î±E±QΩ±ïëº±Q…’î∞»¿»ÿ¥¿‰¥¿’P¿¿Ë¿¡h∞–¿ƒ‡‘‡–»‰∞»‰∏‹‘∞–‰∏‘∞¿∏¿¿‰–ÿ‹Ã‹¿¿Ã‹‘‡‰‰Ã±1=\±!% ±	Ω—ïÖ¥Å…ΩÕ—ï»∞∞¿∏––‘‡ÿ––‡¿ÿÃ‘‘»‹ÿ–±›ïï¨ƒµÿƒ∏¿∞»¿»ÿ¥¿‡¥Ã¡PƒÿËƒ‘Ë¿¿¨¿¿Ë¿¿∞¿∏¿∞¿∏¿∞¿∏¿∞¿∏¿∞¿∏¿∞¿∏»–ƒ»‘‡‰ƒ‘ƒÿƒ¿¿‘ÿ∞¿∏ÿ‰¿Ã–‡‡Ã‡»»¿‘»ÿƒ∞¿∏¿ƒ–‘‰»¿‰‡Ã‰‡ÿ‡»ÿ‘ÿ∞¿∏¿∞¿∏¿∞¿∏¿∞¿∏ƒ‘ÿ‘‡‹–‹–»ƒ–ƒ–‡‘–∞»ƒ‡∞ƒ–‹‰∞±ôÖ±Õî±—ïÖµ}…ïçΩπç•±•Ö—•Ωπ}Öπë}ç’……ïπ—}›ïï≠±Â}…Ω±î(»¿»ÿ∞ƒ±A|»—¡’±QÂ±ï»Å(∏Å]•±±•ÖµÃ±}U±ïΩ…ù•Ñ±]H±QïππïÕÕïîÅM—Ö—î±Q…’î∞»¿»ÿ¥¿‰¥¿’Pƒ‰Ë¿¡h∞–¿ƒ‡‘ÿÿ‘‡∞‘ƒ∏‘∞‘ÿ∏‘∞¿∏¿∞±5=11}=9}Q5}IQL±	Ω—ïÖ¥Å…ΩÕ—ï»∞∞¿∏ƒƒ¿ƒ‰‘‰‡–Ã–¿ƒ»»–‘±›ïï¨ƒµÿƒ∏¿∞»¿»ÿ¥¿‡¥Ã¡PƒÿËƒ‘Ë¿¿¨¿¿Ë¿¿∞¿∏¿∞¿∏¿∞¿∏¿∞¿∏¿∞¿∏¿∞¿∏¿∞¿∏¿∞¿∏¿∞¿∏¿ÿ–‡‡ÿ¿‡ƒ–‰‹‹‡Ãƒ∞¿∏Ã‰‘ƒ–‡–‹‘‰‹¿»¿ÿ‰‹∞¿∏¿¿‡ÿ‹‡‡»––‘–‹ÿ‡¿‰ƒ∞¿∏ƒ‘ÿ–‹Ã‡‹‘‡»Ã–ƒ»Ã‘∞‘ÿ‘∞ƒ–‡¿∞±ôÖ±Õî±—ïÖµ}…ïçΩπç•±•Ö—•Ωπ}Öπë}ç’……ïπ—}›ïï≠±Â}…Ω±î(»¿»ÿ∞ƒ±A|Ã‰Ã›Ÿ±5Ö‡Å1Ö›…ïπçî±}5±5Ö…Â±Öπê±E±!Öµ¡—Ω∏±Q…’î∞»¿»ÿ¥¿‰¥¿ŸP¿¿Ë¿¡h∞–¿ƒ‡‘‡–»‹∞‘ƒ∏¿∞‘ÿ∏‘∞¿∏¿±1=\±!% ±	Ω—ïÖ¥Å…ΩÕ—ï»∞∞¿∏Ã‰‰–‡ÿƒÃ»ÿ‰‰ÿ‘ÿ±›ïï¨ƒµÿƒ∏¿∞»¿»ÿ¥¿‡¥Ã¡PƒÿËƒ‘Ë¿¿¨¿¿Ë¿¿∞¿∏¿∞¿∏¿∞¿∏¿∞¿∏¿∞¿∏¿∞¿∏»Ãƒ¿‰ÿ‹‘–ÿ‰Ã»»‘‡‘∞¿∏ÿ‰Ã»‡‘‰–‡‹ÿ‡‘‹Ã–∞¿∏¿ƒ–Ã¿‡–‹–¿¿‹‹ƒ–‡‹–∞¿∏¿∞¿∏¿∞¿∏¿∞¿∏ƒ‘‘ƒ‹‰–Ã‡‰»Ãƒ–ÿÿ∞»ƒ‰∞ƒ–‡ƒ∞±ôÖ±Õî±—ïÖµ}…ïçΩπç•±•Ö—•Ωπ}Öπë}ç’……ïπ—}›ïï≠±Â}…Ω±î(»¿»ÿ∞ƒ±A|‹‹≈‰…‹±	ΩëîÅMΩ’≠’¿±}9±9ïâ…ÖÕ≠Ñ±E±=°•º±Q…’î∞»¿»ÿ¥¿‰¥¿’PƒÿË¿¡h∞–¿ƒ‡‘‡–Ã¿∞Ã‘∏‘∞–‹∏‘∞¿∏¿±1=\±!% ±	Ω—ïÖ¥Å…ΩÕ—ï»∞∞¿∏ƒÃ–‘‘‘ÿ–‰‰‹‰–ƒƒ‰±›ïï¨ƒµÿƒ∏¿∞»¿»ÿ¥¿‡¥Ã¡PƒÿËƒ‘Ë¿¿¨¿¿Ë¿¿∞¿∏ƒ‡‡ƒƒ‹‡‰‡»‹»‡‘–ƒ∞¿∏ƒ»‘ƒ‘–‹ÿƒÿÿ¿ÿ‡––‡∞ƒ∏–‡‡ÿ‘¿ÿ‹‡ƒ–‰‹ÿ‘‘∞¿∏¿ƒ‘‡–»‰‹Ã¿»–‡ƒ–‹ÿ‡∞¿∏¿¿–Ã‰¿‘ƒÃÃÿ»»‡‰‰‡‘∞¿∏¿–‡–‡‘‘‰»–‘ƒ‘»‹¿»‘∞¿∏ƒ–‘ƒ‡–‹»ƒ‡‘¿»––‡–∞¿∏¿¿Ã–‰‘‡‘‰Ã–‹‰»–»‘–‘∞¿∏¿∞¿∏¿∞¿∏¿∞¿∏ƒ‘–¿»ƒ¿Ã–ƒÃ‘‘»‰‹∞»»¿∞ƒ–‡»∞±ôÖ±Õî±—ïÖµ}…ïçΩπç•±•Ö—•Ωπ}Öπë}ç’……ïπ—}›ïï≠±Â}…Ω±î(»¿»ÿ∞ƒ±A|‘Ã›	Õ±I•ç†Å	ï±•∏±}MeH±MÂ…Öç’Õî±E±9ï‹Å!Öµ¡Õ°•…î±Q…’î∞»¿»ÿ¥¿‰¥¿’PƒÿË¿¡h∞–¿ƒ‡‘‡»¿‡∞––∏‘∞‘‘∏‘∞¿∏¿¿ƒÃ‹»–‘¿‰‹ÿ–‘»ÿ‹‡ÿ±1=\±!% ±	Ω—ïÖ¥Å…ΩÕ—ï»∞∞¿∏ƒ»‹‡‘ÿ‡‡¿‹‘‰Ãÿ»Ã‡±›ïï¨ƒµÿƒ∏¿∞»¿»ÿ¥¿‡¥Ã¡PƒÿËƒ‘Ë¿¿¨¿¿Ë¿¿∞¿∏ƒÿ‰‹‰ÿ»¿‘Ã»‰‰ÿÃ‰∞¿∏ƒ¿‹‘ƒ–¿¿‰‹‡‡––––ƒ∞ƒ∏Ã–‰–‘¿‰ÿÿ¿»¿‡ÿ»‹∞¿∏¿ƒÃÿ–‹‘¿–ÿƒ‡‘Ãƒÿ‹‘∞¿∏¿¿–ÿ–¿Ã‡‹ÃÃÃ‰‹‡ÿ‡∞¿∏¿‹–¿¿»–Ã»»ƒÃ‘ƒ–‹∞¿∏»¿–ÿ»‘‡¿‹Ãƒƒ‘‡‹‰–∞¿∏¿¿–‰¿»¿‘¿‹ÿ¿–Ã‹‹‰ÿ∞¿∏¿∞¿∏¿∞¿∏¿∞¿∏ƒ‘Ã‡¿»‘‘‘¿‹–‹ÿ‡ƒ∞»»ƒ∞ƒ–‡Ã∞±ôÖ±Õî±—ïÖµ}…ïçΩπç•±•Ö—•Ωπ}Öπë}ç’……ïπ—}›ïï≠±Â}…Ω±î(»¿»ÿ∞ƒ±A|Ã‰Â¿≈	±IÖµÖ…•Ö∏ÅQ•±±µÖ∏±}Q5T±Qï·ÖÃÅô4±I±5•ÕÕΩ’…§ÅM—Ö—î±Q…’î∞»¿»ÿ¥¿‰¥¿’P»ÃË¿¡h∞–¿ƒ‡‘ÿÿÿ‡∞–‹∏‘∞‘Ã∏‘∞¿∏¿∞±5%U4±	Ω—ïÖ¥Å…ΩÕ—ï»∞∞¿∏ƒƒ‹–ƒÃ‡ÿ–‹‡‰»–‘‡±›ïï¨ƒµÿƒ∏¿∞»¿»ÿ¥¿‡¥Ã¡PƒÿËƒ‘Ë¿¿¨¿¿Ë¿¿∞¿∏¿∞¿∏¿∞¿∏¿∞¿∏¿∞¿∏¿∞¿∏ƒÿÃ‡‰Ã‘ƒ‘¿‘‘‡ƒ–ƒ‘∞¿∏‰»‰»–ƒÃ‡‹–‘‡‡‰‡Ã∞¿∏¿¿‰‡ÿ‰‹‡»ƒ‰ƒ‰‘Ã¿Ã–∞¿∏¿∞¿∏¿∞¿∏¿∞¿∏ƒ‘»ƒ–»‡Ãƒ‡‰‹ÿ¿‡¿‘∞–¿»∞ƒ–‡–∞±ôÖ±Õî±—ïÖµ}…ïçΩπç•±•Ö—•Ωπ}Öπë}ç’……ïπ—}›ïï≠±Â}…Ω±î(»¿»ÿ∞ƒ±A}›–Ÿ–±IÂëï»Å!ÖÂïÃ±}=I±=…ïùΩ∏±E±	Ω•ÕîÅM—Ö—î±Q…’î∞»¿»ÿ¥¿‰¥¿’Pƒ‰ËÃ¡h∞–¿ƒ‡‘‡–ÃÃ∞Ã‡∏¿∞‘ƒ∏‘∞¿∏¿±1=\±!% ±	Ω—ïÖ¥Å…ΩÕ—ï»∞∞¿∏ƒÃ‘‰ƒ‘¿ƒÃ‰ƒƒ¿––Ã±›ïï¨ƒµÿƒ∏¿∞»¿»ÿ¥¿‡¥Ã¡PƒÿËƒ‘Ë¿¿¨¿¿Ë¿¿∞¿∏ƒ‘–‹–ƒÿ‹‰‡‹¿ÿƒ»‹‹∞¿∏ƒ¿»‰ÃÃ–‡‘–Ã‹»–‘ƒÿ∞ƒ∏Ãÿƒ»‰‘»ÿ–‘‡‘ƒƒ»∞¿∏¿ƒ–Ã‰‹‰‹¿»–‡‹»–ƒƒ»∞¿∏¿¿ÃÃ‘ƒ»‹‡¿–‡ƒ‡ƒ‹–ÿ∞¿∏¿‘‹‰ƒ¿‰¿ÿÿ‡‘»‡‹ÿ‘∞¿∏ƒ‰Ã‘‡ƒ‹‹‰ƒ»Ãƒ‹‹–‡∞¿∏¿¿Ã‡‰ÿ»‡ÿ»‰»ÿÿ»‡Ã‘‘∞¿∏¿∞¿∏¿∞¿∏¿∞¿∏ƒ‘ƒ–»‡Ã¿‰ƒ‰‡–ƒÃ‰ÿ∞»»»∞ƒ–‡‘∞±ôÖ±Õî±—ïÖµ}…ïçΩπç•±•Ö—•Ωπ}Öπë}ç’……ïπ—}›ïï≠±Â}…Ω±î(»¿»ÿ∞ƒ±A|»‹‹¿‘‹‰‘±-Â•Ω∏Å…ÖÂïÃ±}0±Ö±•ôΩ…π•Ñ±]H±U1±Q…’î∞»¿»ÿ¥¿‰¥¿ŸP¿»ËÃ¡h∞–¿ƒ‡‘‡»ƒ¿∞»ÿ∏¿∞‘Ã∏‘∞¿∏¿∞±5=11}=9}Q5}IQL±	Ω—ïÖ¥Å…ΩÕ—ï»∞∞¿∏¿‰Ã‹–¿Ã‘‡¿ƒ¿ÿ‘‹¿‘±›ïï¨ƒµÿƒ∏¿∞»¿»ÿ¥¿‡¥Ã¡PƒÿËƒ‘Ë¿¿¨¿¿Ë¿¿∞¿∏¿∞¿∏¿∞¿∏¿∞¿∏¿∞¿∏¿∞¿∏¿∞¿∏¿∞¿∏¿∞¿∏¿‘‡‹¿‰–‡¿‡¿‘‡ÿ‡Ã‰–∞¿∏ÿÿ‡Ã–‡ÿ»ƒ‹‹‘–‰ÿ‘∞¿∏¿¿–ƒ‡‘ƒ»‘ÿ‡¿ƒÿ»‹ÿƒ∞¿∏ƒ‘¿ÿ‘‘¿‰‹¿ÿ–Ã‰–ÿ»∞‘ÿÿ∞ƒ–‡ÿ∞±ôÖ±Õî±—ïÖµ}…ïçΩπç•±•Ö—•Ωπ}Öπë}ç’……ïπ—}›ïï≠±Â}…Ω±î(»¿»ÿ∞ƒ±A}»‹‹‰Õ±)’Õ—Â∏Å5Ö…—•∏±}=MT±=°•ºÅM—Ö—î±E±	Ö±∞ÅM—Ö—î±Q…’î∞»¿»ÿ¥¿‰¥¿’PƒÿËÃ¡h∞–¿ƒ‡‘‡–Ã»∞‘Ã∏‘∞‘ÿ∏‘∞¿∏¿¿¿––»‰ƒ‹¿‡ÿ»»–»»Ã»±1=\±!% ±	Ω—ïÖ¥Å…ΩÕ—ï»∞∞¿∏–¿‡¿»Ã¿‰Ã–‘‘‹ƒ‹»±›ïï¨ƒµÿƒ∏¿∞»¿»ÿ¥¿‡¥Ã¡PƒÿËƒ‘Ë¿¿¨¿¿Ë¿¿∞¿∏¿∞¿∏¿∞¿∏¿∞¿∏¿∞¿∏¿∞¿∏ƒ‡‰¿–¿‘»»Ã‰‡‡»‹‰∞¿∏‘‰»¿Ã–‰ƒ‡‘‹ƒ‰‹Ã‘∞¿∏¿ƒ–‰–ÃÃ–‰ÃÃ»–¿»‰»Ã∞¿∏¿∞¿∏¿∞¿∏¿∞¿∏ƒ–‡‡ÿÃ‘‡‹‡‘ƒÿƒ–‰∞»»Ã∞ƒ–‡‹∞±ôÖ±Õî±—ïÖµ}…ïçΩπç•±•Ö—•Ωπ}Öπë}ç’……ïπ—}›ïï≠±Â}…Ω±î(»¿»ÿ∞ƒ±A}≈·Ã‡»±)ï—–Å9•‘±}=T±=≠±Ö°ΩµÑ±E±UQ@±Q…’î∞»¿»ÿ¥¿‰¥¿’P¿¿Ë¿¡h∞–¿ƒ‡‘ÿÿÿ–∞–ÿ∏¿∞‘¿∏‘∞¿∏¿¿»¿‹‰‡ÃƒÃ‘‡‰¿ÃÃ¿‰Ã±1=\±!% ±	Ω—ïÖ¥Å…ΩÕ—ï»∞∞¿∏Ã‹Ã»‹»–‘‹‹ƒ»‡ÿÿÃ±›ïï¨ƒµÿƒ∏¿∞»¿»ÿ¥¿‡¥Ã¡PƒÿËƒ‘Ë¿¿¨¿¿Ë¿¿∞¿∏¿∞¿∏¿∞¿∏¿∞¿∏¿∞¿∏¿∞¿∏»ƒ‡‘‹»ÿ¿ÿÿƒ‹–Ã‘ƒÃ∞¿∏ÿ‘Ã‰‰‘‰‹»¿‡»‘‡‡‰∞¿∏¿ƒÃ‹‰ƒ‰‘ÃƒÃ‹Ã‡‹»»–∞¿∏¿∞¿∏¿∞¿∏¿∞¿∏ƒ–‡ƒ‘ƒÃƒÿ¿Ã»‘‡»»‘∞»»–∞ƒ–‡‡∞±ôÖ±Õî±—ïÖµ}…ïçΩπç•±•Ö—•Ωπ}Öπë}ç’……ïπ—}›ïï≠±Â}…Ω±î(»¿»ÿ∞ƒ±A|ƒ¡¿ÕÃ±)Ω…ëÂ∏Å	…•ëùï›Ö—ï»±}U±U±]H±	ï—°’πîµΩΩ≠µÖ∏±Q…’î∞»¿»ÿ¥¿‰¥¿ÕP»ÃË¿¡h∞–¿ƒ‡‘ÿ‹ÿ‹∞‘¿∏‘∞‘‡∏‘∞¿∏¿∞±5=11}=9}Q5}IQL±	Ω—ïÖ¥Å…ΩÕ—ï»∞∞¿∏ƒƒƒ‰‹‘ÃÃ¿Ã»ƒ––‡¿ÿ±›ïï¨ƒµÿƒ∏¿∞»¿»ÿ¥¿‡¥Ã¡PƒÿËƒ‘Ë¿¿¨¿¿Ë¿¿∞¿∏¿∞¿∏¿∞¿∏¿∞¿∏¿∞¿∏¿∞¿∏ƒ‘–»‹–ƒÿ‰‡‰Ãƒƒ‰ƒ»∞¿∏‰»ÿ»–‹–‘¿»‡ƒ»ÿ¿ƒ∞¿∏¿¿‰ƒ‰‘ƒƒ‹‹ƒ‘ÿ‡¿ƒ∞¿∏¿∞¿∏¿∞¿∏¿∞¿∏ƒ–‹‹‰‘–‘ƒÃ»»»¿ÿÿ»∞‘ÿ‹∞ƒ–‡‰∞±ôÖ±Õî±—ïÖµ}…ïçΩπç•±•Ö—•Ωπ}Öπë}ç’……ïπ—}›ïï≠±Â}…Ω±î(»¿»ÿ∞ƒ±A|»‡‡ƒ‹Â»±ÖŸ•Ω∏Å°Öπë±ï»±}%9±%πë•ÖπÑ±]H±9Ω…—†ÅQï·ÖÃ±Q…’î∞»¿»ÿ¥¿‰¥¿’PƒÿË¿¡h∞–¿ƒ‡‘‡–»‘∞–‡∏¿∞‘‘∏‘∞¿∏¿∞±5=11}=9}Q5}IQL±	Ω—ïÖ¥Å…ΩÕ—ï»∞∞¿∏¿‰–‹ƒ¿Ã‘‰¿»‡Ã‘–‡‘±›ïï¨ƒµÿƒ∏¿∞»¿»ÿ¥¿‡¥Ã¡PƒÿËƒ‘Ë¿¿¨¿¿Ë¿¿∞¿∏¿∞¿∏¿∞¿∏¿∞¿∏¿∞¿∏¿∞¿∏¿∞¿∏¿∞¿∏¿∞¿∏¿‘ÿ‰–‡‰¿ƒÃ‰‹Ã‰‘‰‰–∞¿∏ÃÃ‘ÃÿÃ¿Ãƒƒÿ‡»‹‹Ã‹∞¿∏¿¿‰–ÿÃ–‹–‡ƒ‰ÃÃ–Ãÿ∞¿∏ƒ–‹»ÿÿ¿‘Ã–Ã¿»»‰‰∞‘ÿ‡∞ƒ–‰¿∞±—…’î±—ïÖµ}…ïçΩπç•±•Ö—•Ωπ}Öπë}ç’……ïπ—}›ïï≠±Â}…Ω±î(»¿»ÿ∞ƒ±A}ƒ‰ÿ‹·‡±)ÖçΩàÅ	ï±∞±}%9±%πë•ÖπÑ±E±9Ω…—†ÅQï·ÖÃ±Q…’î∞»¿»ÿ¥¿‰¥¿’PƒÿË¿¡h∞–¿ƒ‡‘‡–»‘∞–‡∏¿∞‘‘∏‘∞¿∏¿¿»‘‡ÿÃ‹ÃƒÃ‹‹‹‘ƒ¿–±1=\±!% ±	Ω—ïÖ¥Å…ΩÕ—ï»∞∞¿∏ÃÃ‰–‰¿‹‹‰¿‰‘»‹‰ÿ–±›ïï¨ƒµÿƒ∏¿∞»¿»ÿ¥¿‡¥Ã¡PƒÿËƒ‘Ë¿¿¨¿¿Ë¿¿∞¿∏¿∞¿∏¿∞¿∏¿∞¿∏¿∞¿∏¿∞¿∏ƒ‰ÿ»‡–‹‹¿ÿ»–ÿ‹‰––∞¿∏ÿ–ÿ–‹‰ÿ‡‹‘Ãÿƒ‰‰∞¿∏¿ƒÃ‹–Ã‘‘»Ã‹‘‹¿Ã–‡ƒ∞¿∏¿∞¿∏¿∞¿∏¿∞¿∏ƒ–‹ƒ¿‰»‡Ã¿¿‹‡–¿‡∞»»‘∞ƒ–‰ƒ∞±ôÖ±Õî±—ïÖµ}…ïçΩπç•±•Ö—•Ωπ}Öπë}ç’……ïπ—}›ïï≠±Â}…Ω±î(»¿»ÿ∞ƒ±A|›…±-ÖÕîÅŸÖπÃ±}AMT±Aïπ∏ÅM—Ö—î±E±5Ö…Õ°Ö±∞±Q…’î∞»¿»ÿ¥¿‰¥¿’Pƒ‰ËÃ¡h∞–¿ƒ‡‘‡–Ã–∞Ã‰∏‘∞‘–∏‘∞¿∏¿¿‘ƒ‡‘‹¿‰‰ÿÃ‰ƒ¿‹ÿ±1=\±!% ±	Ω—ïÖ¥Å…ΩÕ—ï»∞∞¿∏Ã‹¿‹Ã‹Ã¿»‹ƒƒÿ‰ÿ»‘±›ïï¨ƒµÿƒ∏¿∞»¿»ÿ¥¿‡¥Ã¡PƒÿËƒ‘Ë¿¿¨¿¿Ë¿¿∞¿∏¿∞¿∏¿∞¿∏¿∞¿∏¿∞¿∏¿∞¿∏ƒ‹Ã‘‡‘‰ÿ‘‹‰Ã–Ãƒ‡Ã∞¿∏ÿ¿Ã–‡ÿ¿¿»‹–‹‡‘Ã∞¿∏¿ƒ–¿¿ƒÿ‘‰‡‹ÿ‡Ã‹Ã–‘∞¿∏¿∞¿∏¿∞¿∏¿∞¿∏ƒ––Ã‘‡‘‘‰‘Ã‘‡¿‰–∞»»ÿ∞ƒ–‰»∞±ôÖ±Õî±—ïÖµ}…ïçΩπç•±•Ö—•Ωπ}Öπë}ç’……ïπ—}›ïï≠±Â}…Ω±î(»¿»ÿ∞ƒ±A}‘ƒÂ’–±)Ω°∏ÅMÖπëï…Ã±}	eT±	eT±E±U—Ö†ÅQïç†±Q…’î∞»¿»ÿ¥¿‰¥¿ŸP¿¿Ë¿¡h∞–¿ƒ‡‘ÿ‹‹‘∞‘»∏‘∞‘–∏‘∞¿∏¿¿ƒÿ»ƒ»¿‘‡ÿƒƒ–‹ÿÃ»Ã±1=\±!% ±	Ω—ïÖ¥Å…ΩÕ—ï»∞∞¿∏Ã‹‰‹‡»–‰ÿ¿–¿‹‰ÿ¿ÿ±›ïï¨ƒµÿƒ∏¿∞»¿»ÿ¥¿‡¥Ã¡PƒÿËƒ‘Ë¿¿¨¿¿Ë¿¿∞¿∏¿∞¿∏¿∞¿∏¿∞¿∏¿∞¿∏¿∞¿∏ƒ‹‹–‹¿»ÃÃ‹–»‘‘‘»–∞¿∏ÿ»ÃÃÃÃ‡ƒ‡‰Ãÿ‘‰ƒƒ∞¿∏¿ƒÃ‘»ÿ¿Ã‡»‹‡ƒƒ‹ƒÃ‡∞¿∏¿∞¿∏¿∞¿∏¿∞¿∏ƒ–Ã–‡‰ÿƒƒ‘ÿ»Ãÿƒ‰‘∞»»‹∞ƒ–‰Ã∞±ôÖ±Õî±—ïÖµ}…ïçΩπç•±•Ö—•Ωπ}Öπë}ç’……ïπ—}›ïï≠±Â}…Ω±î(»¿»ÿ∞ƒ±A|≈»—±1ÖπëΩ∏Å’ç≠›Ω…—†±}M±MΩ’—†ÅÖ…Ω±•πÑ±E±-ïπ–ÅM—Ö—î±Q…’î∞»¿»ÿ¥¿‰¥¿’PƒÿË–’h∞–¿ƒ‡‘ÿÿÿ‘∞–‘∏¿∞‘Ã∏‘∞¿∏¿¿Ã‘Ã‹Ã–»‘–ƒƒ»‰‰‡‡‹±1=\±!% ±	Ω—ïÖ¥Å…ΩÕ—ï»∞∞¿∏–Ãÿ––ÿÿƒÃÃ–‡ƒ‘‰ÿ‘±›ïï¨ƒµÿƒ∏¿∞»¿»ÿ¥¿‡¥Ã¡PƒÿËƒ‘Ë¿¿¨¿¿Ë¿¿∞¿∏¿∞¿∏¿∞¿∏¿∞¿∏¿∞¿∏¿∞¿∏»ƒƒÿ–¿–»‘ÿÿ‰‡ƒÿÿ–∞¿∏ÿ»ÿ‹»¿‰‰‹‹ƒ‘–»‘ƒ∞¿∏¿ƒÃ–ÿ‹ÿ‰‡‹‹»Ãÿ¿‰Ã–∞¿∏¿∞¿∏¿∞¿∏¿∞¿∏ƒ–Ã–‹‡»‰»–¿‘‹¿‡ƒ–∞»»‡∞ƒ–‰–∞±ôÖ±Õî±—ïÖµ}…ïçΩπç•±•Ö—•Ωπ}Öπë}ç’……ïπ—}›ïï≠±Â}…Ω±î(»¿»ÿ∞ƒ±A|‹¿‘‡Ã›±)ΩÕï¡†Åâ’∏±}1MT±1MT±I±±ïµÕΩ∏±Q…’î∞»¿»ÿ¥¿‰¥¿’P»ÃËÃ¡h∞–¿ƒ‡‘ÿÿÿ¿∞Ãƒ∏¿∞‘ƒ∏‘∞¿∏¿∞±5%U4±	Ω—ïÖ¥Å…ΩÕ—ï»∞∞¿∏ƒ»»–¿Ã‡‡¿ƒ‹ÿ‰ƒ‰–Ã±›ïï¨ƒµÿƒ∏¿∞»¿»ÿ¥¿‡¥Ã¡PƒÿËƒ‘Ë¿¿¨¿¿Ë¿¿∞¿∏¿∞¿∏¿∞¿∏¿∞¿∏¿∞¿∏¿∞¿∏ƒ‹‡ÿ‡ÿ»‘ÿ‰‹Ã–ÿ‘»∞¿∏‡‘–ÿ‘Ã‹–‘‹‡‘ÿ¿ÿ»∞¿∏¿¿‰‘‰Ã‡»¿‰‡‰‡‰‹‡–‰∞¿∏¿∞¿∏¿∞¿∏¿∞¿∏ƒ–Ã¿»‡Ã¿¿‘ƒ‹‰–‹‹–∞–¿Ã∞ƒ–‰‘∞±ôÖ±Õî±—ïÖµ}…ïçΩπç•±•Ö—•Ωπ}Öπë}ç’……ïπ—}›ïï≠±Â}…Ω±î(»¿»ÿ∞ƒ±A}ƒƒ…‹‡±9ï•∞ÅMÖ±ŸÖùîÅ%%$±}M±MΩ’—†ÅÖ…Ω±•πÑ±I±-ïπ–ÅM—Ö—î±Q…’î∞»¿»ÿ¥¿‰¥¿’PƒÿË–’h∞–¿ƒ‡‘ÿÿÿ‘∞–‘∏¿∞‘Ã∏‘∞¿∏¿∞±5%U4±	Ω—ïÖ¥Å…ΩÕ—ï»∞∞¿∏ƒƒ¿¿‹ÿÃ»ƒ¿Ãƒ‰¿‹Ã±›ïï¨ƒµÿƒ∏¿∞»¿»ÿ¥¿‡¥Ã¡PƒÿËƒ‘Ë¿¿¨¿¿Ë¿¿∞¿∏¿∞¿∏¿∞¿∏¿∞¿∏¿∞¿∏¿∞¿∏ƒ‹‘»Ãÿ‰ƒ‡‹‹ƒ–ƒ¿–‡∞¿∏‡‹ÿÿ»‰‰¿‰»‘‡Ã»ÿÃ∞¿∏¿¿‰ƒ‘¿¿ƒ–Ã‹Ã»»Ã‹‡‡∞¿∏¿∞¿∏¿∞¿∏¿∞¿∏ƒ–»‘ÿÃ¿‹‹ƒÿ‘ƒ‹‘Ãÿ∞–¿–∞ƒ–‰ÿ∞±ôÖ±Õî±—ïÖµ}…ïçΩπç•±•Ö—•Ωπ}Öπë}ç’……ïπ—}›ïï≠±Â}…Ω±î(»¿»ÿ∞ƒ±A}…‰–»Ã‹±’——ï»Å]ΩΩëÃ±}M±MΩ’—†ÅÖ…Ω±•πÑ±E±-ïπ–ÅM—Ö—î±Q…’î∞»¿»ÿ¥¿‰¥¿’PƒÿË–’h∞–¿ƒ‡‘ÿÿÿ‘∞–‘∏¿∞‘Ã∏‘∞¿∏¿¿Ã–‡‰‹–‡‡Ã»»»¿‹Ãƒ‘±1=\±!% ±	Ω—ïÖ¥Å…ΩÕ—ï»∞∞¿∏–»‹‘ƒ»‰ƒ»»‘»‰ÃÃ‘Ã±›ïï¨ƒµÿƒ∏¿∞»¿»ÿ¥¿‡¥Ã¡PƒÿËƒ‘Ë¿¿¨¿¿Ë¿¿∞¿∏¿∞¿∏¿∞¿∏¿∞¿∏¿∞¿∏¿∞¿∏»¿‡‘‡‹ƒ‰‹ÿÿ‹ÿ‘‘Ã»∞¿∏ÿƒ‹ÿ‹‰ÿƒ–‰Ã‹–‡–∞¿∏¿ƒÃ»‹Ã–¿‹ƒ‡ƒÃ‰ÃÃ–ÿ∞¿∏¿∞¿∏¿∞¿∏¿∞¿∏ƒ–ƒ–¿‡–¿–‘‡»ƒ¿‡‘∞»»‰∞ƒ–‰‹∞±ôÖ±Õî±—ïÖµ}…ïçΩπç•±•Ö—•Ωπ}Öπë}ç’……ïπ—}›ïï≠±Â}…Ω±î(»¿»ÿ∞ƒ±A}≈—ƒ±QÅ5Öπ’µÖ±ï’πÑ±}=I±=…ïùΩ∏±E±	Ω•ÕîÅM—Ö—î±Q…’î∞»¿»ÿ¥¿‰¥¿’Pƒ‰ËÃ¡h∞–¿ƒ‡‘‡–ÃÃ∞Ã‡∏¿∞‘ƒ∏‘∞¿∏¿±1=\±!% ±	Ω—ïÖ¥Å…ΩÕ—ï»∞∞¿∏ƒ»‘‰‹¿¿ƒ»‡‰ÃƒÿÃ±›ïï¨ƒµÿƒ∏¿∞»¿»ÿ¥¿‡¥Ã¡PƒÿËƒ‘Ë¿¿¨¿¿Ë¿¿∞¿∏ƒ–Ã–ƒ‰ƒƒ‹‰»‡‡ÿ¿ÿ∞¿∏¿‰‘–¿ƒ‹ÿÿ‰‰¿ÿƒ‹–‰∞ƒ∏»ÿƒÿ‡‡»‰–¿¿‘‹ƒÃ‹∞¿∏¿ƒÃÃ–––ÿ¿»Ã¿‘»–‹‰∞¿∏¿¿Ãƒ¿ÿ¿ÿ»‘‡ƒ»–ƒÿƒ‰»∞¿∏¿‘Ãÿ‹Ã‘»Ã»ÿ‰»‰ƒ¿ƒ∞¿∏ƒ‹‰–ƒ‹»‘‡ÿ‰‰‘Ã¿Ã‘∞¿∏¿¿Ãÿƒƒƒ‰»ƒ‹Ãÿ‡‹‘¿‹∞¿∏¿∞¿∏¿∞¿∏¿∞¿∏ƒ–¿Ã–‡ƒ‡‰¿ƒÃƒÿ–ƒ‡∞»Ã¿∞ƒ–‰‡∞±ôÖ±Õî±—ïÖµ}…ïçΩπç•±•Ö—•Ωπ}Öπë}ç’……ïπ—}›ïï≠±Â}…Ω±î(»¿»ÿ∞ƒ±A}¿¿≈‹ÿ±…Ö‰ÅAï—ï…ÕΩ∏±}YP±Y•…ù•π•ÑÅQïç†±I±Y5$±Q…’î∞»¿»ÿ¥¿‰¥¿’P»ÃËÃ¡h∞–¿ƒ‡‘‡»ƒƒ∞‘–∏‘∞‘‹∏‘∞¿∏¿∞±5%U4±	Ω—ïÖ¥Å…ΩÕ—ï»∞∞¿∏ƒ¿ÿ–‰‰‘¿¿»»‡ƒ¿»‘‡±›ïï¨ƒµÿƒ∏¿∞»¿»ÿ¥¿‡¥Ã¡PƒÿËƒ‘Ë¿¿¨¿¿Ë¿¿∞¿∏¿∞¿∏¿∞¿∏¿∞¿∏¿∞¿∏¿∞¿∏ƒ‘»‰ƒ‹‘ÿ‡‹‡–»‡‘‹‡∞¿∏‡‘‘–»Ãÿ‰‘–»‰ƒ‘‰‘∞¿∏¿¿‰ƒƒ‹–‹‰¿Ã‘¿Ã»»‡ÿ∞¿∏¿∞¿∏¿∞¿∏¿∞¿∏ƒ–¿»–‹»–Ã‹‘Ãƒ¿‰ÿ‘∞–¿‘∞ƒ–‰‰∞±ôÖ±Õî±—ïÖµ}…ïçΩπç•±•Ö—•Ωπ}Öπë}ç’……ïπ—}›ïï≠±Â}…Ω±î(»¿»ÿ∞ƒ±A}»‘‹›‘±Ö…ÕΩ∏Å	ï…ùï»±}Q`±Qï·ÖÃ±I±Qï·ÖÃÅM—Ö—î±Q…’î∞»¿»ÿ¥¿‰¥¿’Pƒ‰ËÃ¡h∞–¿ƒ‡‘ÿÿÿ‹∞–‘∏¿∞‘‰∏‘∞¿∏¿∞±5%U4±	Ω—ïÖ¥Å…ΩÕ—ï»∞∞¿∏ƒ¿‘Ãÿ‡‡¿¿‡‰‘‡»ƒ–‹±›ïï¨ƒµÿƒ∏¿∞»¿»ÿ¥¿‡¥Ã¡PƒÿËƒ‘Ë¿¿¨¿¿Ë¿¿∞¿∏¿∞¿∏¿∞¿∏¿∞¿∏¿∞¿∏¿∞¿∏ƒÿÃ‹ÿƒƒ‰‰‰Ã‡‹ƒÿ¿‘∞¿∏‡Ã‰‘–»‹‡‘‡‡‘‘ƒ»ƒ∞¿∏¿¿‰Ã»‰Ã‰Ãÿ»»»¿‹¿–‡∞¿∏¿∞¿∏¿∞¿∏¿∞¿∏ƒÃ‰‰Ã¿ÿ–¿Ã»ƒ‹‰Ã‘∞–¿ÿ∞ƒ‘¿¿∞±ôÖ±Õî±—ïÖµ}…ïçΩπç•±•Ö—•Ωπ}Öπë}ç’……ïπ—}›ïï≠±Â}…Ω±î(»¿»ÿ∞ƒ±A|–»…‡ÿ±AÖ…≠ï»ÅA’ç≠ï—–±}5MMP±5•ÕÕ•ÕÕ•¡¡§ÅM—Ö—î±E±U0Å5Ωπ…Ωî±Q…’î∞»¿»ÿ¥¿‰¥¿’P»ÃËÃ¡h∞–¿ƒ‡‘ÿÿÿ»∞–»∏‘∞‘ÿ∏‘∞¿∏¿±1=\±!% ±	Ω—ïÖ¥Å…ΩÕ—ï»∞∞¿∏ƒƒ‡ƒ‡¿‡‘‡ÿ»Ã‹‰‡Ã±›ïï¨ƒµÿƒ∏¿∞»¿»ÿ¥¿‡¥Ã¡PƒÿËƒ‘Ë¿¿¨¿¿Ë¿¿∞¿∏ƒ‡‹»‰‡–‘¿Ã‡–ÿ‹–ÿÿ∞¿∏ƒƒ‹‘‹»ƒ‡‰»Ãƒ‹Ã‰‡»∞ƒ∏–‰ÃÃƒÿ–ÿƒ‹–ÿ–ƒ‰‰∞¿∏¿ƒ‘¿¿ÿ‡ƒ‡‹‡ƒ‰‡¿‡Ãÿ∞¿∏¿¿‘¿ƒ‹¿»ÃÃ‘Ã‹¿¿ƒ‡‹∞¿∏¿Ã‘Ã¿¿ÃÃ‘»‰Ãÿ––‰ÿ‘∞¿∏¿‰‰–‰‹‹‡‡¿–Ã¿‘Ã‡‹∞¿∏¿¿»–‹‹Ã–Ã‘»‹–‡Ã»‡‘∞¿∏¿∞¿∏¿∞¿∏¿∞¿∏ƒÃ‰‘‘ÿ‹‘¿»ƒÃ»‡‘¿ÿ∞»Ãƒ∞ƒ‘¿ƒ∞±ôÖ±Õî±—ïÖµ}…ïçΩπç•±•Ö—•Ωπ}Öπë}ç’……ïπ—}›ïï≠±Â}…Ω±î(»¿»ÿ∞ƒ±A}Ÿ»›±µÖ»ùîÅ±ΩŸï»±}AMT±Aïπ∏ÅM—Ö—î±I±5Ö…Õ°Ö±∞±Q…’î∞»¿»ÿ¥¿‰¥¿’Pƒ‰ËÃ¡h∞–¿ƒ‡‘‡–Ã–∞Ã‰∏‘∞‘–∏‘∞¿∏¿∞±5%U4±	Ω—ïÖ¥Å…ΩÕ—ï»∞∞¿∏ƒ¿ÿ–‡»ƒ»‹‰–‡‘‡ÿÃÿ±›ïï¨ƒµÿƒ∏¿∞»¿»ÿ¥¿‡¥Ã¡PƒÿËƒ‘Ë¿¿¨¿¿Ë¿¿∞¿∏¿∞¿∏¿∞¿∏¿∞¿∏¿∞¿∏¿∞¿∏ƒ–ƒ‘»–»‹ÿÿƒÿƒ»‡‰Ã∞¿∏‡»‹Ã‡‡¿‰ÿ¿»ƒ‰‘‘‘∞¿∏¿¿‰Ã–¿‰ÿ»»‘‹¿¿Ã‹ƒƒ∞¿∏¿∞¿∏¿∞¿∏¿∞¿∏ƒÃ‡‹‡–‘‡Ãƒ––»ƒ‹‡»∞–¿‹∞ƒ‘¿»∞±ôÖ±Õî±—ïÖµ}…ïçΩπç•±•Ö—•Ωπ}Öπë}ç’……ïπ—}›ïï≠±Â}…Ω±î(»¿»ÿ∞ƒ±A}‘‹·»»±)ï…ïµ‰Å]ÖÕ°•πù—Ω∏±}AMT±Aïπ∏ÅM—Ö—î±I±5Ö…Õ°Ö±∞±Q…’î∞»¿»ÿ¥¿‰¥¿’Pƒ‰ËÃ¡h∞–¿ƒ‡‘‡–Ã–∞Ã‰∏‘∞‘–∏‘∞¿∏¿∞±5%U4±	Ω—ïÖ¥Å…ΩÕ—ï»∞∞¿∏ƒ¿ÿ–‡»ƒ»‹‰–‡‘‡ÿÃÿ±›ïï¨ƒµÿƒ∏¿∞»¿»ÿ¥¿‡¥Ã¡PƒÿËƒ‘Ë¿¿¨¿¿Ë¿¿∞¿∏¿∞¿∏¿∞¿∏¿∞¿∏¿∞¿∏¿∞¿∏ƒ–ƒ‘»–»‹ÿÿƒÿƒ»‡‰Ã∞¿∏‡»‹Ã‡‡¿‰ÿ¿»ƒ‰‘‘‘∞¿∏¿¿‰Ã–¿‰ÿ»»‘‹¿¿Ã‹ƒƒ∞¿∏¿∞¿∏¿∞¿∏¿∞¿∏ƒÃ‡‹‡–‘‡Ãƒ––»ƒ‹‡»∞–¿‡∞ƒ‘¿Ã∞±ôÖ±Õî±—ïÖµ}…ïçΩπç•±•Ö—•Ωπ}Öπë}ç’……ïπ—}›ïï≠±Â}…Ω±î(»¿»ÿ∞ƒ±A}‘·‹≈Ã±A°•±±•¿Å]…•ù°–Å%%$±}1MT±1MT±]H±±ïµÕΩ∏±Q…’î∞»¿»ÿ¥¿‰¥¿’P»ÃËÃ¡h∞–¿ƒ‡‘ÿÿÿ¿∞Ãƒ∏¿∞‘ƒ∏‘∞¿∏¿∞±5=11}=9}Q5}IQL±	Ω—ïÖ¥Å…ΩÕ—ï»∞∞¿∏ƒƒƒ‘ÿ–‹‰‡‹–¿‰ƒ‘ƒ‡±›ïï¨ƒµÿƒ∏¿∞»¿»ÿ¥¿‡¥Ã¡PƒÿËƒ‘Ë¿¿¨¿¿Ë¿¿∞¿∏¿∞¿∏¿∞¿∏¿∞¿∏¿∞¿∏¿∞¿∏¿∞¿∏¿∞¿∏¿∞¿∏¿‘–ƒ‹ƒ»‰Ã‹¿ÿÿ‰Ã¿‰‘∞¿∏‘ƒ‰‘ƒ–ƒ–ƒƒ‹Ã–¿¿‡∞¿∏¿¿‘Ã»Ãÿ»ÿ–»ÿ»¿‡‹‰»∞¿∏ƒÃ‡¿ÿ––ÿÿÃ‡ƒ»‡‘‰–∞‘ÿ‰∞ƒ‘¿–∞±—…’î±—ïÖµ}…ïçΩπç•±•Ö—•Ωπ}Öπë}ç’……ïπ—}›ïï≠±Â}…Ω±î(»¿»ÿ∞ƒ±A|…¡‰‡±)Ω°∏ÅÖÈÈÖπ•ùÑ±}1±±ÖâÖµÑ±E±ÖÕ–ÅÖ…Ω±•πÑ±Q…’î∞»¿»ÿ¥¿‰¥¿’PƒÿË¿¡h∞–¿ƒ‡‘ÿÿÃ–∞–ƒ∏¿∞‘Ã∏‘∞¿∏¿ƒ»‘––¿ÿƒÃÃ–‡‡‰‡‘‡±1=\±!% ±	Ω—ïÖ¥Å…ΩÕ—ï»∞∞¿∏Ã‰¿»ÿ‹Ã‰‰–¿»‘ƒ‹ÿ±›ïï¨ƒµÿƒ∏¿∞»¿»ÿ¥¿‡¥Ã¡PƒÿËƒ‘Ë¿¿¨¿¿Ë¿¿∞¿∏¿∞¿∏¿∞¿∏¿∞¿∏¿∞¿∏¿∞¿∏ƒ‡Ã‹–‰ÿ‡ÿÃ¿ÿ‡‘ƒÃ‘∞¿∏‘Ã»‡¿–‘Ã–ÿƒÃ»¿‡»∞¿∏¿ƒ–¿ƒ¿‹–»‹‰‰‘‡ƒ––»∞¿∏¿∞¿∏¿∞¿∏¿∞¿∏ƒÃ‹Ã––‰ƒ¿»‘‡‡¿‰–ÿ∞»Ã»∞ƒ‘¿‘∞±ôÖ±Õî±—ïÖµ}…ïçΩπç•±•Ö—•Ωπ}Öπë}ç’……ïπ—}›ïï≠±Â}…Ω±î(»¿»ÿ∞ƒ±A|‰‘≈‹Õ	±-Ö±•∞ÅQΩ›πïÃ±}]-±]Ö≠îÅΩ…ïÕ–±I±≠…Ω∏±Q…’î∞»¿»ÿ¥¿‰¥¿ÕP»ÃË¿¡h∞–¿ƒ‡‘‡»¿–∞Ãÿ∏‘∞–‡∏‘∞¿∏¿∞±5%U4±	Ω—ïÖ¥Å…ΩÕ—ï»∞∞¿∏ƒ¿‹‹‹»–ƒƒÃ‹‰Ã¿Ã»Ã±›ïï¨ƒµÿƒ∏¿∞»¿»ÿ¥¿‡¥Ã¡PƒÿËƒ‘Ë¿¿¨¿¿Ë¿¿∞¿∏¿∞¿∏¿∞¿∏¿∞¿∏¿∞¿∏¿∞¿∏ƒ‘ÃƒÃ–Ã‰Ã‘‘»‹»‰Ã–∞¿∏‡»»ÃÃÿÿƒ¿»»ƒ‡‡‘ÿ∞¿∏¿¿‰¿‰–‘‡–»¿ÿ¿»‹‰‘ƒ∞¿∏¿∞¿∏¿∞¿∏¿∞¿∏ƒÃÿ‡¿ƒƒÿÿ»‘‡Ã‘ÿ»‡∞–¿‰∞ƒ‘¿ÿ∞±ôÖ±Õî±—ïÖµ}…ïçΩπç•±•Ö—•Ωπ}Öπë}ç’……ïπ—}›ïï≠±Â}…Ω±î(»¿»ÿ∞ƒ±A|ÿ–¿Â¿‘»±IÂÖ∏Å!ïπ±ï‰±}]-±]Ö≠îÅΩ…ïÕ–±I±≠…Ω∏±Q…’î∞»¿»ÿ¥¿‰¥¿ÕP»ÃË¿¡h∞–¿ƒ‡‘‡»¿–∞Ãÿ∏‘∞–‡∏‘∞¿∏¿∞±5%U4±	Ω—ïÖ¥Å…ΩÕ—ï»∞∞¿∏ƒ¿‹‹‹»–ƒƒÃ‹‰Ã¿Ã»Ã±›ïï¨ƒµÿƒ∏¿∞»¿»ÿ¥¿‡¥Ã¡PƒÿËƒ‘Ë¿¿¨¿¿Ë¿¿∞¿∏¿∞¿∏¿∞¿∏¿∞¿∏¿∞¿∏¿∞¿∏ƒ‘ÃƒÃ–Ã‰Ã‘‘»‹»‰Ã–∞¿∏‡»»ÃÃÿÿƒ¿»»ƒ‡‡‘ÿ∞¿∏¿¿‰¿‰–‘‡–»¿ÿ¿»‹‰‘ƒ∞¿∏¿∞¿∏¿∞¿∏¿∞¿∏ƒÃÿ‡¿ƒƒÿÿ»‘‡Ã‘ÿ»‡∞–ƒ¿∞ƒ‘¿‹∞±ôÖ±Õî±—ïÖµ}…ïçΩπç•±•Ö—•Ωπ}Öπë}ç’……ïπ—}›ïï≠±Â}…Ω±î(»¿»ÿ∞ƒ±A|‡–’≈±Ö…•’ÃÅQÖÂ±Ω»±}YP±Y•…ù•π•ÑÅQïç†±I±Y5$±Q…’î∞»¿»ÿ¥¿‰¥¿’P»ÃËÃ¡h∞–¿ƒ‡‘‡»ƒƒ∞‘–∏‘∞‘‹∏‘∞¿∏¿∞±5%U4±	Ω—ïÖ¥Å…ΩÕ—ï»∞∞¿∏ƒ¿ÃÃ‹Ãÿ»ƒ‘»Ã‹Ãƒ‰±›ïï¨ƒµÿƒ∏¿∞»¿»ÿ¥¿‡¥Ã¡PƒÿËƒ‘Ë¿¿¨¿¿Ë¿¿∞¿∏¿∞¿∏¿∞¿∏¿∞¿∏¿∞¿∏¿∞¿∏ƒ–‡–»‰»ÿ‡ƒ‹–‹ÿ‰‡–∞¿∏‡Ã¿Ãƒÿ¿‘‰ƒ‹‹¿‹–ƒ∞¿∏¿¿‡‡–‰‡‹¿‡‰ƒ–¿ÿƒ‘Ã∞¿∏¿∞¿∏¿∞¿∏¿∞¿∏ƒÃÿƒÃ¿‡Ãƒ»ÿÿƒ––Ã–∞–ƒƒ∞ƒ‘¿‡∞±ôÖ±Õî±—ïÖµ}…ïçΩπç•±•Ö—•Ωπ}Öπë}ç’……ïπ—}›ïï≠±Â}…Ω±î(»¿»ÿ∞ƒ±A}‹ƒ»’±)Ω°∏Å	’ï—Ω‹±}YP±Y•…ù•π•ÑÅQïç†±I±Y5$±Q…’î∞»¿»ÿ¥¿‰¥¿’P»ÃËÃ¡h∞–¿ƒ‡‘‡»ƒƒ∞‘–∏‘∞‘‹∏‘∞¿∏¿∞±5%U4±	Ω—ïÖ¥Å…ΩÕ—ï»∞∞¿∏ƒ¿ÃÃ‹Ãÿ»ƒ‘»Ã‹Ãƒ‰±›ïï¨ƒµÿƒ∏¿∞»¿»ÿ¥¿‡¥Ã¡PƒÿËƒ‘Ë¿¿¨¿¿Ë¿¿∞¿∏¿∞¿∏¿∞¿∏¿∞¿∏¿∞¿∏¿∞¿∏ƒ–‡–»‰»ÿ‡ƒ‹–‹ÿ‰‡–∞¿∏‡Ã¿Ãƒÿ¿‘‰ƒ‹‹¿‹–ƒ∞¿∏¿¿‡‡–‰‡‹¿‡‰ƒ–¿ÿƒ‘Ã∞¿∏¿∞¿∏¿∞¿∏¿∞¿∏ƒÃÿƒÃ¿‡Ãƒ»ÿÿƒ––Ã–∞–ƒ»∞ƒ‘¿‰∞±ôÖ±Õî±—ïÖµ}…ïçΩπç•±•Ö—•Ωπ}Öπë}ç’……ïπ—}›ïï≠±Â}…Ω±î(»¿»ÿ∞ƒ±A}≈›±-ÖπîÅ…ç°ï»±}UQ ±U—Ö†±E±%ëÖ°º±Q…’î∞»¿»ÿ¥¿‰¥¿—P¿ƒË¿¡h∞–¿ƒ‡‘ÿ‹ÿ‡∞–‘∏¿∞‘ÿ∏‘∞¿∏¿¿–‰¿‹¿–‰‹¿»»¿‘Ãÿÿ±1=\±!% ±	Ω—ïÖ¥Å…ΩÕ—ï»∞∞¿∏–ƒ‰‡¿ƒÃÃ‰»Ã‰‘Ã‘ÿÿ±›ïï¨ƒµÿƒ∏¿∞»¿»ÿ¥¿‡¥Ã¡PƒÿËƒ‘Ë¿¿¨¿¿Ë¿¿∞¿∏¿∞¿∏¿∞¿∏¿∞¿∏¿∞¿∏¿∞¿∏ƒÿ‡ÿ–‡–ƒƒÃ‘¿‰ƒ‘‡∞¿∏ÿ–¿Ã»»¿ƒÿÃ‰»‘Ã‘ÿ∞¿∏¿ƒƒÿ–‘¿‰ƒ»ÿ‘–Ã¿‰¿‡∞¿∏¿∞¿∏¿∞¿∏¿∞¿∏ƒÃÃ‰¿»‹–‰»Ãƒ‡Ã‰∞»ÃÃ∞ƒ‘ƒ¿∞±ôÖ±Õî±—ïÖµ}…ïçΩπç•±•Ö—•Ωπ}Öπë}ç’……ïπ—}›ïï≠±Â}…Ω±î(»¿»ÿ∞ƒ±A}¿›‹Õ±—°Ö∏Å-ï±±’¥±}M±MΩ’—†ÅÖ…Ω±•πÑ±I±-ïπ–ÅM—Ö—î±Q…’î∞»¿»ÿ¥¿‰¥¿’PƒÿË–’h∞–¿ƒ‡‘ÿÿÿ‘∞–‘∏¿∞‘Ã∏‘∞¿∏¿∞±5%U4±	Ω—ïÖ¥Å…ΩÕ—ï»∞∞¿∏ƒ¿ÃÃ‹–‹ÿ»¿ƒ»ƒÿ‡‡‰±›ïï¨ƒµÿƒ∏¿∞»¿»ÿ¥¿‡¥Ã¡PƒÿËƒ‘Ë¿¿¨¿¿Ë¿¿∞¿∏¿∞¿∏¿∞¿∏¿∞¿∏¿∞¿∏¿∞¿∏ƒÿ–‘ÿ‡Ãƒ‘‰¿‰‘‘ÃÃ∞¿∏‡»Ã»‘‰‹‡Ãÿ‰ƒ‰¿–‡∞¿∏¿¿‡‘‰»‰‘»ƒÃ‡‹‹‹‰Ã∞¿∏¿∞¿∏¿∞¿∏¿∞¿∏ƒÃÃ‡‡Ãÿ‰ƒ»¿ƒ‡‘‡¿ÿ∞–ƒÃ∞ƒ‘ƒƒ∞±ôÖ±Õî±—ïÖµ}…ïçΩπç•±•Ö—•Ωπ}Öπë}ç’……ïπ—}›ïï≠±Â}…Ω±î(»¿»ÿ∞ƒ±A|—‘‡‰¿‘ƒ±ïÖ∏Åï9Ωâ•±î±}MT±±Ω…•ëÑÅM—Ö—î±E±M5T±Q…’î∞»¿»ÿ¥¿‰¥¿›P»ÃËÃ¡h∞–¿ƒ‡‘‡»ƒ»∞»‘∏»‘∞‘Ã∏‘∞¿∏¿»‡‹‘¿ÿ‡–‡‡¿‹Ã»‡Ãÿ±1=\±!% ±	Ω—ïÖ¥Å…ΩÕ—ï»∞∞¿∏ÿ‹¿¿‘‰ƒÿ‹¿ƒÿ‰Ã‡–±›ïï¨ƒµÿƒ∏¿∞»¿»ÿ¥¿‡¥Ã¡PƒÿËƒ‘Ë¿¿¨¿¿Ë¿¿∞¿∏¿∞¿∏¿∞¿∏¿∞¿∏¿∞¿∏¿∞¿∏»¿‰ÿ‘‹»‡¿‰»Ã»‘‘Ã∞¿∏‘‰–‡ÿ»‰‹‹‡–ÿ‰¿–∞¿∏¿ƒ»Ã‰»‡‘ÿ‡ÿÃ‘‹‡»–ƒ∞¿∏¿∞¿∏¿∞¿∏¿∞¿∏ƒÃÃ‡–Ã–Ã‡‰ÿÿƒ‘‰‡ÿ∞»Ã–∞ƒ‘ƒ»∞±ôÖ±Õî±—ïÖµ}…ïçΩπç•±•Ö—•Ωπ}Öπë}ç’……ïπ—}›ïï≠±Â}…Ω±î(»¿»ÿ∞ƒ±A}‰‡‡’ƒ‹±-Ö…±îÅ1Öçï‰Å)»∏±}Q`±Qï·ÖÃ±E±Qï·ÖÃÅM—Ö—î±Q…’î∞»¿»ÿ¥¿‰¥¿’Pƒ‰ËÃ¡h∞–¿ƒ‡‘ÿÿÿ‹∞–‘∏¿∞‘‰∏‘∞¿∏¿¿¿ÿ‹ƒ¿Ã‘‡‹‘Ã‡‡¿Ã¿‘±1=\±!% ±	Ω—ïÖ¥Å…ΩÕ—ï»∞∞¿∏–»–‰‘‡‡¿ƒƒ‡ƒ‰–¿‹±›ïï¨ƒµÿƒ∏¿∞»¿»ÿ¥¿‡¥Ã¡PƒÿËƒ‘Ë¿¿¨¿¿Ë¿¿∞¿∏¿∞¿∏¿∞¿∏¿∞¿∏¿∞¿∏¿∞¿∏ƒ‡»‰‰Ãÿ–‡ÿÿ‹»¿‡»ƒ∞¿∏‘‘‡ƒ‘ƒÃ‰Ã‘‰‹¿‰‹‰∞¿∏¿ƒ»–»¿Ã‡‘‰»ƒ‘ÿ‹¿‡ÿ∞¿∏¿∞¿∏¿∞¿∏¿∞¿∏ƒÃ¿ÃÃ‹–‘–‡‡‰ƒƒ»Ã∞»Ã‘∞ƒ‘ƒÃ∞±ôÖ±Õî±—ïÖµ}…ïçΩπç•±•Ö—•Ωπ}Öπë}ç’……ïπ—}›ïï≠±Â}…Ω±î(»¿»ÿ∞ƒ±A|Â¿ÿ‰—±-ÖπïÖ∞ÅM›ïï—›Âπî±}=1<±Ω±Ω…Öëº±E±ïΩ…ù•ÑÅQïç†±Ö±Õî∞»¿»ÿ¥¿‰¥¿—P¿¿Ë¿¡h∞–¿ƒ‡‘ÿ‹‹ÿ∞»»∏¿∞‘¿∏‘∞¿∏¿¿––‰¿»‰‘‡Ã‹»¿‘‰–‹±1=\±!% ±	Ω—ïÖ¥Å…ΩÕ—ï»∞∞¿∏‘Ã‡Ãƒƒƒƒ‘»»ƒ»‰ÿ‹±›ïï¨ƒµÿƒ∏¿∞»¿»ÿ¥¿‡¥Ã¡PƒÿËƒ‘Ë¿¿¨¿¿Ë¿¿∞¿∏¿∞¿∏¿∞¿∏¿∞¿∏¿∞¿∏¿∞¿∏»–»¿‘ÿ‹‡–‹Ãƒ–‘‡‘Ã∞¿∏‘‰Ã‘‡¿‘»¿‘‘–‘‡Ã‘∞¿∏¿ƒƒ–‘‡–ÿÿ‘‰ƒÃ‰–ÿ–‰∞¿∏¿∞¿∏¿∞¿∏¿∞¿∏ƒ»‡ƒ¿‡‡‘ƒÿ¿Ã‡»ÿ»Ã∞»Ãÿ∞ƒ‘ƒ–∞±ôÖ±Õî±—ïÖµ}…ïçΩπç•±•Ö—•Ωπ}Öπë}ç’……ïπ—}›ïï≠±Â}…Ω±î(»¿»ÿ∞ƒ±A|…‘ÿƒ–ƒƒ±5•ç°Öï∞Å)Ω°πÕΩ∏±}UQ ±U—Ö†±E±%ëÖ°º±Q…’î∞»¿»ÿ¥¿‰¥¿—P¿ƒË¿¡h∞–¿ƒ‡‘ÿ‹ÿ‡∞–‘∏¿∞‘ÿ∏‘∞¿∏¿¿–‘‰»Ã‹‘‰‰»¿‹¿»‡ÿ±1=\±!% ±	Ω—ïÖ¥Å…ΩÕ—ï»∞∞¿∏Ã‰‘–‘‹‡‰‹»ÿÿ––‘ƒ‘±›ïï¨ƒµÿƒ∏¿∞»¿»ÿ¥¿‡¥Ã¡PƒÿËƒ‘Ë¿¿¨¿¿Ë¿¿∞¿∏¿∞¿∏¿∞¿∏¿∞¿∏¿∞¿∏¿∞¿∏ƒ‘‡‡ÿ‡‡»ÿ‘¿–‡‹–»∞¿∏ÿ¿Ãƒ‰ƒ¿»¿Ã‡‹ÿÿƒƒ∞¿∏¿ƒ¿‰ÿ‰‡ƒ‘ÿÿ¿¿‘‹‰Ã‡∞¿∏¿∞¿∏¿∞¿∏¿∞¿∏ƒ»ÿƒÃ‹‰‰‘‰‰‰ƒƒÃ‹–∞»Ã‹∞ƒ‘ƒ‘∞±ôÖ±Õî±—ïÖµ}…ïçΩπç•±•Ö—•Ωπ}Öπë}ç’……ïπ—}›ïï≠±Â}…Ω±î(»¿»ÿ∞ƒ±A|’›‹‡±5Ö…—ÖŸ•Ω’ÃÅ	ΩÕ›ï±∞±}]YT±]ïÕ–ÅY•…ù•π•Ñ±I±ΩÖÕ—Ö∞ÅÖ…Ω±•πÑ±Q…’î∞»¿»ÿ¥¿‰¥¿’PƒÿË¿¡h∞–¿ƒ‡‘ÿ‹‡¿∞Ã‰∏¿∞‘ÿ∏‘∞¿∏¿∞±5%U4±	Ω—ïÖ¥Å…ΩÕ—ï»∞∞¿∏¿‰‹¿‹‹‘‘–‰‡ÿÃ‡¿Ã‰±›ïï¨ƒµÿƒ∏¿∞»¿»ÿ¥¿‡¥Ã¡PƒÿËƒ‘Ë¿¿¨¿¿Ë¿¿∞¿∏¿∞¿∏¿∞¿∏¿∞¿∏¿∞¿∏¿∞¿∏ƒ–‘»‰Ã‘Ã‰‡ÿÿ‹‡‡‰∞¿∏‹‡–‹Ã»‡–‘‰‹Ã‰‹‹‹∞¿∏¿¿‹‰ƒ‡‘‘»Ã–»Ã‘»Ã¿‘∞¿∏¿∞¿∏¿∞¿∏¿∞¿∏ƒ»‘‰‡–‘‰‡ÿ‘ƒ‘ƒƒÿ∞–ƒ–∞ƒ‘ƒÿ∞±ôÖ±Õî±—ïÖµ}…ïçΩπç•±•Ö—•Ωπ}Öπë}ç’……ïπ—}›ïï≠±Â}…Ω±î(»¿»ÿ∞ƒ±A}‡‹Ÿ¿ƒ±-•…¨Å…Öπç•Ã±}QQT±Qï·ÖÃÅQïç†±E±â•±ïπîÅ°…•Õ—•Ö∏±Q…’î∞»¿»ÿ¥¿‰¥¿’P»ÃË¿¡h∞–¿ƒ‡‘ÿ‹‹¿∞‘ƒ∏¿∞‘‰∏‘∞¿∏¿‘¿‘ƒÿ–Ã»‡‘ÿ‰‹‹Ã‡±1=\±!% ±	Ω—ïÖ¥Å…ΩÕ—ï»∞∞ƒ∏‘ƒ–Ãÿ‰‡‰‡¿‰»Ã–»‡±›ïï¨ƒµÿƒ∏¿∞»¿»ÿ¥¿‡¥Ã¡PƒÿËƒ‘Ë¿¿¨¿¿Ë¿¿∞¿∏¿∞¿∏¿∞¿∏¿∞¿∏¿∞¿∏¿∞¿∏ƒ‘––‰ÿ‡–‹‡‹»‰‰‰∞¿∏‘–‡–¿–ƒÿƒÿÃ¿‡»ÿ‹∞¿∏¿ƒƒ‡»‘Ã‡–ƒÿƒƒÃ¿ÿ»–∞¿∏¿∞¿∏¿∞¿∏¿∞¿∏ƒ»‘‹‰»‹»ƒƒ»‰‡ÿÿ–»∞»Ã‡∞ƒ‘ƒ‹∞±ôÖ±Õî±—ïÖµ}…ïçΩπç•±•Ö—•Ωπ}Öπë}ç’……ïπ—}›ïï≠±Â}…Ω±î(»¿»ÿ∞ƒ±A|‰‹‰·ŸÃ±-ïŸ•∏ÅeΩ’πú±}I,±…≠ÖπÕÖÃ±I±9Ω…—†Å±ÖâÖµÑ±Q…’î∞»¿»ÿ¥¿‰¥¿’P»¿Ëƒ’h∞–¿ƒ‡‘ÿÿÃ‘∞‘»∏¿∞ÿÃ∏‘∞¿∏¿∞±5%U4±	Ω—ïÖ¥Å…ΩÕ—ï»∞∞¿∏¿‰ƒ‡‹‡–Ã‹ƒ‰¿ÿ‡¿‰±›ïï¨ƒµÿƒ∏¿∞»¿»ÿ¥¿‡¥Ã¡PƒÿËƒ‘Ë¿¿¨¿¿Ë¿¿∞¿∏¿∞¿∏¿∞¿∏¿∞¿∏¿∞¿∏¿∞¿∏ƒ»‘¿‡‹»‘¿‹Ã‘ƒ‘–»‡∞¿∏‹‰–ƒ‰»‰»‘‘¿‹–ÿÃ‹∞¿∏¿¿‹ÃÃ¿‹ƒÃÿ»ÿƒƒ»ÿ‰∞¿∏¿∞¿∏¿∞¿∏¿∞¿∏ƒ»Ã–¿Ã‘‹–Ã¿‹–»»‘∞–ƒ‘∞ƒ‘ƒ‡∞±ôÖ±Õî±—ïÖµ}…ïçΩπç•±•Ö—•Ωπ}Öπë}ç’……ïπ—}›ïï≠±Â}…Ω±î(»¿»ÿ∞ƒ±A|Õ	·	‰±	ï∏Å’—°…•î±}P±ïΩ…ù•ÑÅQïç†±E±Ω±Ω…Öëº±Q…’î∞»¿»ÿ¥¿‰¥¿—P¿¿Ë¿¡h∞–¿ƒ‡‘ÿ‹‹ÿ∞»‡∏‘∞‘¿∏‘∞¿∏¿±1=\±!% ±	Ω—ïÖ¥Å…ΩÕ—ï»∞∞¿∏Ã‡¿ƒ»¿‘‘–¿‡ÿÿ‹‹‰–±›ïï¨ƒµÿƒ∏¿∞»¿»ÿ¥¿‡¥Ã¡PƒÿËƒ‘Ë¿¿¨¿¿Ë¿¿∞¿∏¿∞¿∏¿∞¿∏¿∞¿∏¿∞¿∏¿∞¿∏ƒ‹ÿ‘ƒ‡‘‹–‡¿ƒ–ƒ»‰∞¿∏‘‹‰»¿‘ƒÿ–‰ÿÃ‡ÿÃ‡∞¿∏¿ƒ¿‡–ÿ»ƒ¿ÿ–‡‘»‰¿ƒ‘∞¿∏¿∞¿∏¿∞¿∏¿∞¿∏ƒ»»‰‰‹‹‡¿Ã‡‹‘ÿ¿–‹∞»Ã‰∞ƒ‘ƒ‰∞±ôÖ±Õî±—ïÖµ}…ïçΩπç•±•Ö—•Ωπ}Öπë}ç’……ïπ—}›ïï≠±Â}…Ω±î(»¿»ÿ∞ƒ±A|‡≈‹…	Ã±πΩç†Å]Ö—ÕΩ∏±}	eT±	eT±E±U—Ö†ÅQïç†±Q…’î∞»¿»ÿ¥¿‰¥¿ŸP¿¿Ë¿¡h∞–¿ƒ‡‘ÿ‹‹‘∞‘»∏‘∞‘–∏‘∞¿∏¿±1=\±!% ±	Ω—ïÖ¥Å…ΩÕ—ï»∞∞¿∏Ã»–‹»»‡¿‰‘ƒÃ»‡±›ïï¨ƒµÿƒ∏¿∞»¿»ÿ¥¿‡¥Ã¡PƒÿËƒ‘Ë¿¿¨¿¿Ë¿¿∞¿∏¿∞¿∏¿∞¿∏¿∞¿∏¿∞¿∏¿∞¿∏ƒ‘ƒ‹–ƒƒ‘¿‘–––ƒ‹Ãÿ∞¿∏‘Ã»‰ÿ–‡ƒ‡ƒ‹‡–»ÿ‰∞¿∏¿ƒƒ‘ÿ‘¿‹‘»ÿ‘‘ÿ¿‡»ÿ∞¿∏¿∞¿∏¿∞¿∏¿∞¿∏ƒ»»ÿ‡ÿ‰ÃÃ–ƒƒ»¿‹ÿ‘∞»–¿∞ƒ‘»¿∞±ôÖ±Õî±—ïÖµ}…ïçΩπç•±•Ö—•Ωπ}Öπë}ç’……ïπ—}›ïï≠±Â}…Ω±î(»¿»ÿ∞ƒ±A}‰›‡±=›ï∏Åï•±µÖ∏±}	eT±	eT±E±U—Ö†ÅQïç†±Q…’î∞»¿»ÿ¥¿‰¥¿ŸP¿¿Ë¿¡h∞–¿ƒ‡‘ÿ‹‹‘∞‘»∏‘∞‘–∏‘∞¿∏¿±1=\±!% ±	Ω—ïÖ¥Å…ΩÕ—ï»∞∞¿∏Ã»–‹»»‡¿‰‘ƒÃ»‡±›ïï¨ƒµÿƒ∏¿∞»¿»ÿ¥¿‡¥Ã¡PƒÿËƒ‘Ë¿¿¨¿¿Ë¿¿∞¿∏¿∞¿∏¿∞¿∏¿∞¿∏¿∞¿∏¿∞¿∏ƒ‘ƒ‹–ƒƒ‘¿‘–––ƒ‹Ãÿ∞¿∏‘Ã»‰ÿ–‡ƒ‡ƒ‹‡–»ÿ‰∞¿∏¿ƒƒ‘ÿ‘¿‹‘»ÿ‘‘ÿ¿‡»ÿ∞¿∏¿∞¿∏¿∞¿∏¿∞¿∏ƒ»»ÿ‡ÿ‰ÃÃ–ƒƒ»¿‹ÿ‘∞»–ƒ∞ƒ‘»ƒ∞±ôÖ±Õî±—ïÖµ}…ïçΩπç•±•Ö—•Ωπ}Öπë}ç’……ïπ—}›ïï≠±Â}…Ω±î(»¿»ÿ∞ƒ±A|‡‰»›–Ã±QΩµµ‰ÅÖ…»±}5% ±5•ç°•ùÖ∏±E±]ïÕ—ï…∏Å5•ç°•ùÖ∏±Q…’î∞»¿»ÿ¥¿‰¥¿’P»ÃËÃ¡h∞–¿ƒ‡‘‡–»‡∞Ã‡∏¿∞–‡∏‘∞¿∏¿¿¿‹‹‹¿–‡‡¿‰¿‹‰‡Ã‡±1=\±!% ±	Ω—ïÖ¥Å…ΩÕ—ï»∞∞¿∏»‰ÿ‡‰‹ÃÃ¿‰¿Ã‘ÿ‹±›ïï¨ƒµÿƒ∏¿∞»¿»ÿ¥¿‡¥Ã¡PƒÿËƒ‘Ë¿¿¨¿¿Ë¿¿∞¿∏¿∞¿∏¿∞¿∏¿∞¿∏¿∞¿∏¿∞¿∏ƒ‘»‘‹‹‡»‡‰‹ÿ¿ÿ‡‰∞¿∏‘Ãƒ–‰Ãƒÿÿ‰ÃÿÃÿ»–∞¿∏¿ƒƒ‘¿–‘‡–‹‰–‘¿»¿»‘∞¿∏¿∞¿∏¿∞¿∏¿∞¿∏ƒ»»ƒ‹ÿ‡»‘–ÿ¿ÿ–‡–∞»–»∞ƒ‘»»∞±ôÖ±Õî±—ïÖµ}…ïçΩπç•±•Ö—•Ωπ}Öπë}ç’……ïπ—}›ïï≠±Â}…Ω±î(»¿»ÿ∞ƒ±A}‹’ÿ»–ƒ±Ö…‰ÅM—Öç‰±}5% ±5•ç°•ùÖ∏±I±]ïÕ—ï…∏Å5•ç°•ùÖ∏±Q…’î∞»¿»ÿ¥¿‰¥¿’P»ÃËÃ¡h∞–¿ƒ‡‘‡–»‡∞Ã‡∏¿∞–‡∏‘∞¿∏¿∞±5%U4±	Ω—ïÖ¥Å…ΩÕ—ï»∞∞¿∏¿‰ÿ»‡‹ÿ‡Ã‹Ã–‹ÿ‰Ã±›ïï¨ƒµÿƒ∏¿∞»¿»ÿ¥¿‡¥Ã¡PƒÿËƒ‘Ë¿¿¨¿¿Ë¿¿∞¿∏¿∞¿∏¿∞¿∏¿∞¿∏¿∞¿∏¿∞¿∏ƒ»‡ƒ»‹ÿ–‹‰»»»Ã‰Ã»∞¿∏‹–‰¿ÿ‡»‰‹Ã–‘ÿ»ƒÃ∞¿∏¿¿‹‡–‘¿Ã‡‹»ƒ‘¿‰¿‰–∞¿∏¿∞¿∏¿∞¿∏¿∞¿∏ƒ»ƒ‰‹‹¿ÿ»¿ÿÃÿƒÿÿ‰∞–ƒÿ∞ƒ‘»Ã∞±ôÖ±Õî±—ïÖµ}…ïçΩπç•±•Ö—•Ωπ}Öπë}ç’……ïπ—}›ïï≠±Â}…Ω±î(»¿»ÿ∞ƒ±A}¡‘≈ƒ‹±°Ö…±•îÅ•Õï»±}M5T±M5T±E±±Ω…•ëÑÅM—Ö—î±Ö±Õî∞»¿»ÿ¥¿‰¥¿›P»ÃËÃ¡h∞–¿ƒ‡‘‡»ƒ»∞»‡∏»‘∞‘Ã∏‘∞¿∏¿¿ÃÃ‡¿ÿ–¿‡–‰‹‹¿‡‰‰±1=\±!% ±	Ω—ïÖ¥Å…ΩÕ—ï»∞∞¿∏–‘–‹–ÿ‹ÿ‘Ãƒ»»¿ƒ–Ã±›ïï¨ƒµÿƒ∏¿∞»¿»ÿ¥¿‡¥Ã¡PƒÿËƒ‘Ë¿¿¨¿¿Ë¿¿∞¿∏¿∞¿∏¿∞¿∏¿∞¿∏¿∞¿∏¿∞¿∏ƒ‡‘ÿ‰–ÿ»‹ÿ»‹Ãƒ¿ƒ∞¿∏‘–Ã‘ÿ‹¿‘ÿ»–‹Ã‡ƒ–∞¿∏¿ƒƒƒ‹ƒƒÿ‘–ƒ¿–‘‘¿ƒ–∞¿∏¿∞¿∏¿∞¿∏¿∞¿∏ƒ»ƒÃ‡Ãÿ‰‡¿‡‹–ÿ‡»–∞»–Ã∞ƒ‘»–∞±ôÖ±Õî±—ïÖµ}…ïçΩπç•±•Ö—•Ωπ}Öπë}ç’……ïπ—}›ïï≠±Â}…Ω±î(»¿»ÿ∞ƒ±A|‰‹–’‹ÃÃ±1(Å5ç°ïî±}-MT±-ÖπÕÖÃÅM—Ö—î±I±9•ç°Ω±±Ã±Q…’î∞»¿»ÿ¥¿‰¥¿’P»ÃË¿¡h∞–¿ƒ‡‘ÿ‹‹ƒ∞–‡∏¿∞‘‘∏‘∞¿∏¿∞±5%U4±	Ω—ïÖ¥Å…ΩÕ—ï»∞∞¿∏¿‰»‰–‡‘ÿÃ»ÿƒ»¿»‰»±›ïï¨ƒµÿƒ∏¿∞»¿»ÿ¥¿‡¥Ã¡PƒÿËƒ‘Ë¿¿¨¿¿Ë¿¿∞¿∏¿∞¿∏¿∞¿∏¿∞¿∏¿∞¿∏¿∞¿∏ƒƒ‹‘ÃÃ»‘––¿––‘‡ÿÿ∞¿∏‹‡‘ƒƒ»ƒÃÃƒ–¿Ã‰¿‹∞¿∏¿¿‹¿ÿ‡ÿ‰Ã‘¿‰‰ÿ–Ãÿƒÿ∞¿∏¿∞¿∏¿∞¿∏¿∞¿∏ƒ»¿‰»ÃÃ‹–Ã‹Ã‡»‘»‘∞–ƒ‹∞ƒ‘»‘∞±ôÖ±Õî±—ïÖµ}…ïçΩπç•±•Ö—•Ωπ}Öπë}ç’……ïπ—}›ïï≠±Â}…Ω±î(»¿»ÿ∞ƒ±A}‘ÿÕÿ‘Ã±MïÖ∏Å]•π—Ω∏±}9\±9Ω…—°›ïÕ—ï…∏±E±MΩ’—†ÅÖ≠Ω—ÑÅM—Ö—î±Q…’î∞»¿»ÿ¥¿‰¥¿ŸP¿¿Ë¿¡h∞–¿ƒ‡‘‡–Ãƒ∞»‰∏‘∞–ÿ∏‘∞¿∏¿±1=\±!% ±	Ω—ïÖ¥Å…ΩÕ—ï»∞∞¿∏ƒ¿‡‘‘Ã»Ãƒ‰¿–‰ÃÃ¿Ã±›ïï¨ƒµÿƒ∏¿∞»¿»ÿ¥¿‡¥Ã¡PƒÿËƒ‘Ë¿¿¨¿¿Ë¿¿∞¿∏»¿ƒ»–‰ƒ‡»»ƒ‡Ã»‰‰–∞¿∏ƒƒ‡‘‹‡‘¿‹¿–ƒ¿‡‡‘‘∞ƒ∏Ã‰–ÿƒ‹»‰–ÿ‹‘‹ƒ¿‘∞¿∏¿ƒ»‡ÃÃÃ–¿‰‡‘ÿÃ–‡Ã∞¿∏¿¿‘‹‹ÿÃ¿»‹‡»¿ƒ»‰‰‘∞¿∏¿»‹‰ƒ‘»ÿ‡ÿÿ–‹‰–‘‡–∞¿∏¿‡»Ã–‰‰‘ƒÃ–‹¿‡‡»‹∞¿∏¿¿ƒ‹–‡–Ã»‰‡‡ƒ‘–‡»ƒ‘∞¿∏¿∞¿∏¿∞¿∏¿∞¿∏ƒ»¿¿ÿ‹Ã–ÿ¿ƒƒƒ‰»–‡∞»––∞ƒ‘»ÿ∞±ôÖ±Õî±—ïÖµ}…ïçΩπç•±•Ö—•Ωπ}Öπë}ç’……ïπ—}›ïï≠±Â}…Ω±î(»¿»ÿ∞ƒ±A|–ÿÃÿ‹‡›±	…ÂçîÅ!•ç≠Ã±}=1<±Ω±Ω…Öëº±I±ïΩ…ù•ÑÅQïç†±Ö±Õî∞»¿»ÿ¥¿‰¥¿—P¿¿Ë¿¡h∞–¿ƒ‡‘ÿ‹‹ÿ∞»»∏¿∞‘¿∏‘∞¿∏¿∞±5%U4±	Ω—ïÖ¥Å…ΩÕ—ï»∞∞¿∏ƒÃ‘–»ÿ–ƒ‘‰Ã‡‡–»ÿ–±›ïï¨ƒµÿƒ∏¿∞»¿»ÿ¥¿‡¥Ã¡PƒÿËƒ‘Ë¿¿¨¿¿Ë¿¿∞¿∏¿∞¿∏¿∞¿∏¿∞¿∏¿∞¿∏¿∞¿∏ƒ‡»‘‹‰‘‰‘ƒ¿ƒƒ‹‘‡∞¿∏‹‘ÿ–‹ÿÃ–»–‹‹‰–‰ƒ∞¿∏¿¿‹ƒ¿ƒ‰ÿ‘‹‰ÿ‘ƒ‡ƒ‹Ã∞¿∏¿∞¿∏¿∞¿∏¿∞¿∏ƒƒ‡»‘‰–»‰¿»ÿ‰¿Ã‰‘∞–ƒ‡∞ƒ‘»‹∞±ôÖ±Õî±—ïÖµ}…ïçΩπç•±•Ö—•Ωπ}Öπë}ç’……ïπ—}›ïï≠±Â}…Ω±î(»¿»ÿ∞ƒ±A|»·‰–‘‘Ã±MÖ›Âï»Åπëï…ÕΩ∏±}I%h±…•ÈΩπÑ±E±9Ω…—°ï…∏Å…•ÈΩπÑ±Q…’î∞»¿»ÿ¥¿‰¥¿ŸP¿ƒËÃ¡h∞–¿ƒ‡‘ÿ‹‹Ã∞––∏¿∞‘ÿ∏‘∞¿∏¿¿ƒ¿‰ƒƒƒ¿»‡‹»¿‹»‡–»±1=\±!% ±	Ω—ïÖ¥Å…ΩÕ—ï»∞∞¿∏Ã‹‹ÿ‘‹Ã¿Ã‘–¿Ã–»¿‘±›ïï¨ƒµÿƒ∏¿∞»¿»ÿ¥¿‡¥Ã¡PƒÿËƒ‘Ë¿¿¨¿¿Ë¿¿∞¿∏¿∞¿∏¿∞¿∏¿∞¿∏¿∞¿∏¿∞¿∏ƒ‹»‡‡Ãƒÿ¿‡‘–‹ƒ‰‘‡∞¿∏‘–¿–‰‹ƒ‘‰»ƒ‹‘∞¿∏¿ƒ¿ÿ–‘–ÿ»–»ƒ–‰–‹ƒ»∞¿∏¿∞¿∏¿∞¿∏¿∞¿∏ƒƒ‹‰»»–‰¿–‘¿‹ƒ‡»‰∞»–‘∞ƒ‘»‡∞±ôÖ±Õî±—ïÖµ}…ïçΩπç•±•Ö—•Ωπ}Öπë}ç’……ïπ—}›ïï≠±Â}…Ω±î(»¿»ÿ∞ƒ±A}	›‘‰‘±1Ωç≠±Ö∏Å!ï›±ï—–±}U±’â’…∏±E±	ÖÂ±Ω»±Q…’î∞»¿»ÿ¥¿‰¥¿’Pƒ‰ËÃ¡h∞–¿ƒ‡‘ÿÿÃÿ∞Ã»∏‹‘∞‘‡∏‘∞¿∏¿ƒ»‹Ã»ƒ‡ÿ‘–‹ƒƒƒÃ¿‰±1=\±!% ±	Ω—ïÖ¥Å…ΩÕ—ï»∞∞¿∏‘–ƒ»Ã‰¿Ã‰‰–‰‘‘Ã‡±›ïï¨ƒµÿƒ∏¿∞»¿»ÿ¥¿‡¥Ã¡PƒÿËƒ‘Ë¿¿¨¿¿Ë¿¿∞¿∏¿∞¿∏¿∞¿∏¿∞¿∏¿∞¿∏¿∞¿∏ƒÿ‹–Ã‹‰»–ƒ‘Ã‘‡»»»∞¿∏‘ÿ‘‡Ã‹‹‹‹ÿÿÃ‘ÿÃ‘∞¿∏¿ƒ¿ƒ–‰‡‘ÿÿÃ‹ÃÃÃ‘‘∞¿∏¿∞¿∏¿∞¿∏¿∞¿∏ƒƒ‹–‡»‰ƒ‹‘‰¿Ã‘‹ÿ–∞»–ÿ∞ƒ‘»‰∞±ôÖ±Õî±—ïÖµ}…ïçΩπç•±•Ö—•Ωπ}Öπë}ç’……ïπ—}›ïï≠±Â}…Ω±î(»¿»ÿ∞ƒ±A}‘‘Ã‹Ã±)Ω°∏Å)Ω°πÕΩ∏Å%%$±}]YT±]ïÕ–ÅY•…ù•π•Ñ±E±ΩÖÕ—Ö∞ÅÖ…Ω±•πÑ±Q…’î∞»¿»ÿ¥¿‰¥¿’PƒÿË¿¡h∞–¿ƒ‡‘ÿ‹‡¿∞Ã‰∏¿∞‘ÿ∏‘∞¿∏¿¿‘‰‡ƒ»–‡ÿ‰‹‘‡ƒ¿‹±1=\±!% ±	Ω—ïÖ¥Å…ΩÕ—ï»∞∞¿∏»‹‹‹‘»ƒÿ‰Ã»‘¿ƒ‰Ã±›ïï¨ƒµÿƒ∏¿∞»¿»ÿ¥¿‡¥Ã¡PƒÿËƒ‘Ë¿¿¨¿¿Ë¿¿∞¿∏¿∞¿∏¿∞¿∏¿∞¿∏¿∞¿∏¿∞¿∏ƒÿ»¿‰»‘‹‰ƒ‹»»‰‹‰–∞¿∏‘»»‹ƒ‘‰ÿ‰Ã–ƒ‰–¿–∞¿∏¿ƒ¿‡–‰ƒ‹‘Ã‰¿Ã‹ÿ‘ƒ‹∞¿∏¿∞¿∏¿∞¿∏¿∞¿∏ƒƒ‹Ãÿÿÿ–‰»‹ÿ–‘Ãƒ–∞»–‹∞ƒ‘Ã¿∞±ôÖ±Õî±—ïÖµ}…ïçΩπç•±•Ö—•Ωπ}Öπë}ç’……ïπ—}›ïï≠±Â}…Ω±î(»¿»ÿ∞ƒ±A}ÿ»ÿÿÿ—±IΩççºÅIÖ•πΩπî±}IUQ±I’—ùï…Ã±E±5ÖÕÕÖç°’Õï——Ã±Q…’î∞»¿»ÿ¥¿‰¥¿ÕP»»Ë¿¡h∞–¿ƒ‡‘‡–»Ã∞–ƒ∏¿∞‘»∏‘∞¿∏¿±1=\±!% ±	Ω—ïÖ¥Å…ΩÕ—ï»∞∞¿∏»‡ÿ‰‡ÿ‰‰‹‹»ÿ‰–‹–±›ïï¨ƒµÿƒ∏¿∞»¿»ÿ¥¿‡¥Ã¡PƒÿËƒ‘Ë¿¿¨¿¿Ë¿¿∞¿∏¿∞¿∏¿∞¿∏¿∞¿∏¿∞¿∏¿∞¿∏ƒÿÿÿ‡‡‹‘–¿ƒ‰ƒ‰–‰∞¿∏–ÿ–ƒ‡ÿ¿‡¿‰‡ÿ‹ƒƒƒ∞¿∏¿ƒƒ–ÿ¿Ã‰ƒ‹¿»ƒ‡ƒ–ÿ∞¿∏¿∞¿∏¿∞¿∏¿∞¿∏ƒƒ‘ƒ‡¿‰‘‡Ãƒƒ‹‘‰‡‹∞»–‡∞ƒ‘Ãƒ∞±ôÖ±Õî±—ïÖµ}…ïçΩπç•±•Ö—•Ωπ}Öπë}ç’……ïπ—}›ïï≠±Â}…Ω±î(»¿»ÿ∞ƒ±A|≈’‘‘±IÂÖ∏Å5Ωπ—ùΩµï…‰±}U±ïΩ…ù•Ñ±E±QïππïÕÕïîÅM—Ö—î±Q…’î∞»¿»ÿ¥¿‰¥¿’Pƒ‰Ë¿¡h∞–¿ƒ‡‘ÿÿ‘‡∞‘ƒ∏‘∞‘ÿ∏‘∞¿∏¿¿ƒÿ¿‘‹Ã‘––¿––‹ƒÃ‡±1=\±!% ±	Ω—ïÖ¥Å…ΩÕ—ï»∞∞¿∏Ã‰Ãƒ––ÿ‘ÿÃ‡‘ÿ‹ÿ–±›ïï¨ƒµÿƒ∏¿∞»¿»ÿ¥¿‡¥Ã¡PƒÿËƒ‘Ë¿¿¨¿¿Ë¿¿∞¿∏¿∞¿∏¿∞¿∏¿∞¿∏¿∞¿∏¿∞¿∏ƒ‘Ã‘ÿ»»‰‡‹ÿ‘‘Ã»‰Ã∞¿∏–ÿ‹‹‡–‹‰‰‹ÿ‹¿–Ã∞¿∏¿ƒƒ»‰–¿–‘‘‡ÿÿ‡¿‹–∞¿∏¿∞¿∏¿∞¿∏¿∞¿∏ƒƒ–‘–»‹‘Ã–‰ÿ‹‡‡‹‘∞»–‰∞ƒ‘Ã»∞±ôÖ±Õî±—ïÖµ}…ïçΩπç•±•Ö—•Ωπ}Öπë}ç’……ïπ—}›ïï≠±Â}…Ω±î(»¿»ÿ∞ƒ±A|…‰Ãƒƒ‰±πùï±ºÅIïπëÑ±}A%QP±A•—–±E±5•Öµ§Ä°= §±Q…’î∞»¿»ÿ¥¿‰¥¿’PƒÿËÃ¡h∞–¿ƒ‡‘‡»¿‹∞ÃÃ∏¿∞–‰∏‘∞¿∏¿¿‘Ã»Ã‘»‹ÿÃ¿Ã‹¿‘ƒ‘±1=\±!% ±	Ω—ïÖ¥Å…ΩÕ—ï»∞∞¿∏–ƒ‡»ƒ‘‹ÿÿ‹‰‡ƒÃ‘–±›ïï¨ƒµÿƒ∏¿∞»¿»ÿ¥¿‡¥Ã¡PƒÿËƒ‘Ë¿¿¨¿¿Ë¿¿∞¿∏¿∞¿∏¿∞¿∏¿∞¿∏¿∞¿∏¿∞¿∏ƒ‡Ã–ÃÃ»»‡‹‰‹‹––‡»∞¿∏‘»¿‘ÿ‰Ã»Ã‹‡¿‘¿‰»∞¿∏¿ƒ¿–¿ÿÿ‘‰¿ƒ‡–‰‡‘¿Ã∞¿∏¿∞¿∏¿∞¿∏¿∞¿∏ƒƒ––‰ÿ‡‡ÿ–‡‰¿–ƒ‰–∞»‘¿∞ƒ‘ÃÃ∞±ôÖ±Õî±—ïÖµ}…ïçΩπç•±•Ö—•Ωπ}Öπë}ç’……ïπ—}›ïï≠±Â}…Ω±î(»¿»ÿ∞ƒ±A}‹…ÿ–»–±	…Öë‰ÅMµ•ù•ï∞±}5% ±5•ç°•ùÖ∏±E±]ïÕ—ï…∏Å5•ç°•ùÖ∏±Q…’î∞»¿»ÿ¥¿‰¥¿’P»ÃËÃ¡h∞–¿ƒ‡‘‡–»‡∞Ã‡∏¿∞–‡∏‘∞¿∏¿¿¿ÿ‡‡‡‘»ÿ‡ƒ‘‡Ã‡Ãƒ±1=\±!% ±	Ω—ïÖ¥Å…ΩÕ—ï»∞∞¿∏»‹––Ã‰¿ƒÿ»ÿÃ‘ƒƒ‰±›ïï¨ƒµÿƒ∏¿∞»¿»ÿ¥¿‡¥Ã¡PƒÿËƒ‘Ë¿¿¨¿¿Ë¿¿∞¿∏¿∞¿∏¿∞¿∏¿∞¿∏¿∞¿∏¿∞¿∏ƒ–ƒ¿ÃÿÃ»‹‡ƒƒ‰‹ƒ¿ÿ∞¿∏–‰ƒ»‡‰»Ã»ÿ‡ƒ–‡Ã¿ÿ∞¿∏¿ƒ¿ÿÃ–ÃÃ‰»Ã¿‹ƒ‡¿‰»∞¿∏¿∞¿∏¿∞¿∏¿∞¿∏ƒƒ»‰Ã–‰‘‡ÿ‘»–‘ÿ‡‹∞»‘ƒ∞ƒ‘Ã–∞±ôÖ±Õî±—ïÖµ}…ïçΩπç•±•Ö—•Ωπ}Öπë}ç’……ïπ—}›ïï≠±Â}…Ω±î(»¿»ÿ∞ƒ±A|‹¿…Ÿ±1’≠îÅÖ°ï‰±}=MT±=°•ºÅM—Ö—î±E±	Ö±∞ÅM—Ö—î±Q…’î∞»¿»ÿ¥¿‰¥¿’PƒÿËÃ¡h∞–¿ƒ‡‘‡–Ã»∞‘Ã∏‘∞‘ÿ∏‘∞¿∏¿¿¿»‡‘¿Ãÿ‹ƒÿ»‘Ãÿÿ–»±1=\±!% ±	Ω—ïÖ¥Å…ΩÕ—ï»∞∞¿∏Ã¿ÿÃ–‡‰»ƒƒ»‰–ƒƒ»±›ïï¨ƒµÿƒ∏¿∞»¿»ÿ¥¿‡¥Ã¡PƒÿËƒ‘Ë¿¿¨¿¿Ë¿¿∞¿∏¿∞¿∏¿∞¿∏¿∞¿∏¿∞¿∏¿∞¿∏ƒ–ƒ‰Ã–¿»‘Ã–ƒ‡‰»‹∞¿∏–––‘¿‹ÃÃÿÿ‹‡‡–ƒ‘‹∞¿∏¿ƒƒ»ƒ‰ÿ‘ÿ–‡Ã‡»ÿ‡‰∞¿∏¿∞¿∏¿∞¿∏¿∞¿∏ƒƒƒ‹ÿ‡ÿ‹»‘‹¿‡–‘‘∞»‘»∞ƒ‘Ã‘∞±ôÖ±Õî±—ïÖµ}…ïçΩπç•±•Ö—•Ωπ}Öπë}ç’……ïπ—}›ïï≠±Â}…Ω±î(»¿»ÿ∞ƒ±A|Ÿ·Ÿ¿ƒ±!Ω±ëï∏ÅA°•±±•¡Ã±}QQT±Qï·ÖÃÅQïç†±E±â•±ïπîÅ°…•Õ—•Ö∏±Q…’î∞»¿»ÿ¥¿‰¥¿’P»ÃË¿¡h∞–¿ƒ‡‘ÿ‹‹¿∞‘ƒ∏¿∞‘‰∏‘∞¿∏¿¿ÿÃ‡‹ÿ–»‡––‘‘‰–¿‘±1=\±!% ±	Ω—ïÖ¥Å…ΩÕ—ï»∞∞¿∏–»‘ÿ‘ÿÃ‡‡ÿƒ¿ƒ‰Ãÿ±›ïï¨ƒµÿƒ∏¿∞»¿»ÿ¥¿‡¥Ã¡PƒÿËƒ‘Ë¿¿¨¿¿Ë¿¿∞¿∏¿∞¿∏¿∞¿∏¿∞¿∏¿∞¿∏¿∞¿∏ƒÃ‹ƒƒ»–‘‹»Ã¿¿–ÿ‘∞¿∏–‡ÿÿ‰ÿ»‡ÿÿÃÃÿ¿‰Ã∞¿∏¿ƒ¿–‰–‹ÿ¿‰ƒƒ‘‰Ã¿‹‡∞¿∏¿∞¿∏¿∞¿∏¿∞¿∏ƒƒƒÿÃ‡ƒ‰–ƒÃ»‰ƒ‰–∞»‘Ã∞ƒ‘Ãÿ∞±ôÖ±Õî±—ïÖµ}…ïçΩπç•±•Ö—•Ωπ}Öπë}ç’……ïπ—}›ïï≠±Â}…Ω±î(»¿»ÿ∞ƒ±A|»‘’Ã‘¿ÿ±Ö…Â–Å=ëΩ¥±}AUH±A’…ë’î±E±%πë•ÖπÑÅM—Ö—î±Q…’î∞»¿»ÿ¥¿‰¥¿—P»ÃË¿¡h∞–¿ƒ‡‘‡–Ã‘∞–ÿ∏¿∞‘ÿ∏‘∞¿∏¿¿ƒƒ–‹»‡¿–ÿÃ‡ƒÃ‹ƒ¿ÿ±1=\±!% ±	Ω—ïÖ¥Å…ΩÕ—ï»∞∞¿∏»–‹‰ƒÃ‹ƒ‹»‹ÿƒÿ¿Ã»±›ïï¨ƒµÿƒ∏¿∞»¿»ÿ¥¿‡¥Ã¡PƒÿËƒ‘Ë¿¿¨¿¿Ë¿¿∞¿∏¿∞¿∏¿∞¿∏¿∞¿∏¿∞¿∏¿∞¿∏ƒÿ‹»ÿ‡‰»‘‹‘ƒÿÃ¿»»∞¿∏‘»‡‰ƒ»‹‰¿‹‘‰Ã‡–‘∞¿∏¿¿‰‹‹‘»ƒ‡ÿƒƒÿ‡–ƒ‰∞¿∏¿∞¿∏¿∞¿∏¿∞¿∏ƒƒƒ‘–»‘‰¿‹–ÿ¿–Ã‘‰∞»‘–∞ƒ‘Ã‹∞±ôÖ±Õî±—ïÖµ}…ïçΩπç•±•Ö—•Ωπ}Öπë}ç’……ïπ—}›ïï≠±Â}…Ω±î(»¿»ÿ∞ƒ±A|‹ÿ—ƒÿ‹Ã±)Ω°ππ‰Å<ù	…•ï∏±}9\±9Ω…—°›ïÕ—ï…∏±E±MΩ’—†ÅÖ≠Ω—ÑÅM—Ö—î±Q…’î∞»¿»ÿ¥¿‰¥¿ŸP¿¿Ë¿¡h∞–¿ƒ‡‘‡–Ãƒ∞»‰∏‘∞–ÿ∏‘∞¿∏¿±1=\±!% ±	Ω—ïÖ¥Å…ΩÕ—ï»∞∞¿∏ƒ¿¿ÿƒ¿Ãƒ»–‰‹»‘‘¿ƒ±›ïï¨ƒµÿƒ∏¿∞»¿»ÿ¥¿‡¥Ã¡PƒÿËƒ‘Ë¿¿¨¿¿Ë¿¿∞¿∏ƒ‡ÿ‘»ÃÿÃ»»‰‰‰ƒ‘ÿ∞¿∏ƒ¿‰‰¿»¿Ã¿‰ƒÿƒÃ¿‡»∞ƒ∏»‰»‘‹»ƒ»ÿ‹‹»ÿ¿‰–∞¿∏¿ƒƒ‡‰–Ãƒÿ¿Ã‘–ÿÿ–»‹∞¿∏¿¿‘Ã‘Ãÿ–ÿ–‡¿‡‰¿¿‰Ã∞¿∏¿»‘‡‹»ÿ‡‡¿Ã¿‹‡‘»Ã∞¿∏¿‹ÿÃ»–Ã–‘ƒ‘¿‰‘‰‡ÿ∞¿∏¿¿ƒÿ»¿–‰‡‡ÿ‹¿‹¿Ã»»‡∞¿∏¿∞¿∏¿∞¿∏¿∞¿∏ƒƒƒ»‡ƒ‰Ã¿––‰Ã‰‹‰»∞»‘‘∞ƒ‘Ã‡∞±ôÖ±Õî±—ïÖµ}…ïçΩπç•±•Ö—•Ωπ}Öπë}ç’……ïπ—}›ïï≠±Â}…Ω±î(»¿»ÿ∞ƒ±A|Ã‡‘¡¿‹‹±(Å	Ω…ëïÖ’‡±}U1±U1±E±Ö±•ôΩ…π•Ñ±Ö±Õî∞»¿»ÿ¥¿‰¥¿ŸP¿»ËÃ¡h∞–¿ƒ‡‘‡»ƒ¿∞»‹∏‘∞‘Ã∏‘∞¿∏¿¿¿‘¿»‰‰ÃÃ»¿¿¿ƒ‘»ƒÃ±1=\±!% ±	Ω—ïÖ¥Å…ΩÕ—ï»∞∞¿∏–»–»ƒ‰‘ƒÃÿ‰ÿ–Ã‰‹±›ïï¨ƒµÿƒ∏¿∞»¿»ÿ¥¿‡¥Ã¡PƒÿËƒ‘Ë¿¿¨¿¿Ë¿¿∞¿∏¿∞¿∏¿∞¿∏¿∞¿∏¿∞¿∏¿∞¿∏ƒ‹–ÿ¿‘‰–‡–ÿ»––‰‡‹∞¿∏‘»ÿ‘‹Ãÿ¿‰‡Ã‘––Ã‡∞¿∏¿¿‰‘–ÿ‡»‰‰ƒ‘–‘‘‘‘‘∞¿∏¿∞¿∏¿∞¿∏¿∞¿∏ƒ¿‰‰Ã‡Ã–¿–‹ÿ»‹‹‹ƒ∞»‘ÿ∞ƒ‘Ã‰∞±ôÖ±Õî±—ïÖµ}…ïçΩπç•±•Ö—•Ωπ}Öπë}ç’……ïπ—}›ïï≠±Â}…Ω±î(»¿»ÿ∞ƒ±A|‰ÿ≈ƒ…±	…Ωëï…•ç¨ÅYï°…Ã±}=-MP±=≠±Ö°ΩµÑÅM—Ö—î±E±Q’±ÕÑ±Ö±Õî∞»¿»ÿ¥¿‰¥¿’Pƒ‰Ë–’h∞–¿ƒ‡‘ÿ‹‹»∞Ã‹∏»‘∞ÿ¿∏‘∞¿∏¿¿–Ã‡ÿÃ¿–Ã‘ÿÃ‹Ã‹¿‰±1=\±!% ±	Ω—ïÖ¥Å…ΩÕ—ï»∞∞¿∏ÃÃ–ƒ¿‰‰Ã»‘»»»‘ƒ–±›ïï¨ƒµÿƒ∏¿∞»¿»ÿ¥¿‡¥Ã¡PƒÿËƒ‘Ë¿¿¨¿¿Ë¿¿∞¿∏¿∞¿∏¿∞¿∏¿∞¿∏¿∞¿∏¿∞¿∏ƒÿÃ–‹‘‰Ã‹Ãÿ–‹‘‹»∞¿∏–ÿ––‰ƒ‘¿¿ƒ¿ÿ¿ÿƒ–∞¿∏¿ƒ¿Ã‰Ã–‰»‰‹ÿ‡Ãÿ¿ƒ‰∞¿∏¿∞¿∏¿∞¿∏¿∞¿∏ƒ¿‡‡ƒ¿ƒ¿‹‡‹ƒÿ»»»ÿ∞»‘‹∞ƒ‘–¿∞±ôÖ±Õî±—ïÖµ}…ïçΩπç•±•Ö—•Ωπ}Öπë}ç’……ïπ—}›ïï≠±Â}…Ω±î(»¿»ÿ∞ƒ±A|»‰‡¡Ãÿ±-ÖÂπîÅ5•±±ï»±}UM±UM±I±…ïÕπºÅM—Ö—î±Q…’î∞»¿»ÿ¥¿‰¥¿’P¿ƒË¿¡h∞–¿ƒ‡‘‡–Ãÿ∞Ã‹∏‘∞‘ƒ∏‘∞¿∏¿∞±5%U4±	Ω—ïÖ¥Å…ΩÕ—ï»∞∞¿∏¿‡‡¿‘Ã»‹‹¿ÿ–‰‰ÿ‡‡±›ïï¨ƒµÿƒ∏¿∞»¿»ÿ¥¿‡¥Ã¡PƒÿËƒ‘Ë¿¿¨¿¿Ë¿¿∞¿∏¿∞¿∏¿∞¿∏¿∞¿∏¿∞¿∏¿∞¿∏ƒƒÃ–»ƒ‘¿¿‡‰»»ÿ¿»‰∞¿∏ÿ‘Ã‹–‰¿ƒÃ»ÿ‘ÿ¿Ã‡∞¿∏¿¿‹»»‡Ã‹‘Ã‰‡‹»‡»‰‡∞¿∏¿∞¿∏¿∞¿∏¿∞¿∏ƒ¿‡‹–‘ƒ‘Ã‹ƒ‡‰Ã¿ƒÿ∞–ƒ‰∞ƒ‘–ƒ∞±ôÖ±Õî±—ïÖµ}…ïçΩπç•±•Ö—•Ωπ}Öπë}ç’……ïπ—}›ïï≠±Â}…Ω±î(»¿»ÿ∞ƒ±A|ƒŸƒ‰¡ÿ±QÂÕΩ∏ÅAÖ…¨±}UM±UM±I±…ïÕπºÅM—Ö—î±Q…’î∞»¿»ÿ¥¿‰¥¿’P¿ƒË¿¡h∞–¿ƒ‡‘‡–Ãÿ∞Ã‹∏‘∞‘ƒ∏‘∞¿∏¿∞±5%U4±	Ω—ïÖ¥Å…ΩÕ—ï»∞∞¿∏¿‡‡¿‘Ã»‹‹¿ÿ–‰‰ÿ‡‡±›ïï¨ƒµÿƒ∏¿∞»¿»ÿ¥¿‡¥Ã¡PƒÿËƒ‘Ë¿¿¨¿¿Ë¿¿∞¿∏¿∞¿∏¿∞¿∏¿∞¿∏¿∞¿∏¿∞¿∏ƒƒÃ–»ƒ‘¿¿‡‰»»ÿ¿»‰∞¿∏ÿ‘Ã‹–‰¿ƒÃ»ÿ‘ÿ¿Ã‡∞¿∏¿¿‹»»‡Ã‹‘Ã‰‡‹»‡»‰‡∞¿∏¿∞¿∏¿∞¿∏¿∞¿∏ƒ¿‡‹–‘ƒ‘Ã‹ƒ‡‰Ã¿ƒÿ∞–»¿∞ƒ‘–»∞±ôÖ±Õî±—ïÖµ}…ïçΩπç•±•Ö—•Ωπ}Öπë}ç’……ïπ—}›ïï≠±Â}…Ω±î(»¿»ÿ∞ƒ±A|–¡¿’‰»±Â±Ö∏Å]•——≠î±}5%98±5•ππïÕΩ—Ñ±E±ÖÕ—ï…∏Å%±±•πΩ•Ã±Q…’î∞»¿»ÿ¥¿‰¥¿—P¿¿Ë¿¡h∞–¿ƒ‡‘‡–»»∞–‹∏‘∞‘ƒ∏‘∞¿∏¿¿»¿‘–¿–Ã»Ã»¿ÿÿ‘–‡‘±1=\±!% ±	Ω—ïÖ¥Å…ΩÕ—ï»∞∞¿∏Ã»‹–‘»»–Ã–¿»ÿ‹Ã±›ïï¨ƒµÿƒ∏¿∞»¿»ÿ¥¿‡¥Ã¡PƒÿËƒ‘Ë¿¿¨¿¿Ë¿¿∞¿∏¿∞¿∏¿∞¿∏¿∞¿∏¿∞¿∏¿∞¿∏ƒ‘ÿ–‹–‘ÿÃ‡–ÿƒ–‰ÃÃ∞¿∏–ƒ‘ƒ¿‹‹–‹ÿ‘–‹‰Ã‘∞¿∏¿ƒƒƒ»‡»‡ƒ‹‡»ÃÃ–ƒƒÿ∞¿∏¿∞¿∏¿∞¿∏¿∞¿∏ƒ¿‡»‡¿–ÿ‘–‘‰–‡–¿‘∞»‘‡∞ƒ‘–Ã∞±ôÖ±Õî±—ïÖµ}…ïçΩπç•±•Ö—•Ωπ}Öπë}ç’……ïπ—}›ïï≠±Â}…Ω±î(»¿»ÿ∞ƒ±A}Õ‘‘‹‰±πë‰Å	ÖÕÃ±}=T±=≠±Ö°ΩµÑ±I±UQ@±Q…’î∞»¿»ÿ¥¿‰¥¿’P¿¿Ë¿¡h∞–¿ƒ‡‘ÿÿÿ–∞–ÿ∏¿∞‘¿∏‘∞¿∏¿∞±5%U4±	Ω—ïÖ¥Å…ΩÕ—ï»∞∞¿∏¿‡–ÿÿƒÃ‰ÿÃ¿–‡‰»ÿ»±›ïï¨ƒµÿƒ∏¿∞»¿»ÿ¥¿‡¥Ã¡PƒÿËƒ‘Ë¿¿¨¿¿Ë¿¿∞¿∏¿∞¿∏¿∞¿∏¿∞¿∏¿∞¿∏¿∞¿∏ƒÃ»‡‹ÃÿÿÃ‹ƒ‘»‡¿¿ÿ∞¿∏ÿÿ‰‹–‹‹‘¿‰–‹»ÿ‹ƒ∞¿∏¿¿ÿ‡ÿ–»¿‰¿–‰»¿ƒ–‰ƒ∞¿∏¿∞¿∏¿∞¿∏¿∞¿∏ƒ¿‡ƒÿ¿¿»‰Ã‡‰‰Ã‘ÿÿ∞–»ƒ∞ƒ‘––∞±ôÖ±Õî±—ïÖµ}…ïçΩπç•±•Ö—•Ωπ}Öπë}ç’……ïπ—}›ïï≠±Â}…Ω±î(»¿»ÿ∞ƒ±A|–…ÿ—–±°…•Õ—•Ö∏Å	’…πï——î±}U±’â’…∏±I±	ÖÂ±Ω»±Q…’î∞»¿»ÿ¥¿‰¥¿’Pƒ‰ËÃ¡h∞–¿ƒ‡‘ÿÿÃÿ∞Ã»∏‹‘∞‘‡∏‘∞¿∏¿∞±5%U4±	Ω—ïÖ¥Å…ΩÕ—ï»∞∞¿∏¿‰»‹––‰Ã‘¿‘ÿ¿‰ÿÃƒ±›ïï¨ƒµÿƒ∏¿∞»¿»ÿ¥¿‡¥Ã¡PƒÿËƒ‘Ë¿¿¨¿¿Ë¿¿∞¿∏¿∞¿∏¿∞¿∏¿∞¿∏¿∞¿∏¿∞¿∏ƒ»–ÿ‹‰‰‰ÿÿ‹ÿ––ƒÿƒ∞¿∏‹¿‰‹‡ÿ‹‹Ã‘»ƒÿƒÃÿ∞¿∏¿¿ÿƒ‡‹ÿÃƒ¿Ã‹ƒÃ‹‘‰ÿ∞¿∏¿∞¿∏¿∞¿∏¿∞¿∏ƒ¿‡ƒ¿––ÿÃ‘‹–‰‡ÿ‰Ã∞–»»∞ƒ‘–‘∞±ôÖ±Õî±—ïÖµ}…ïçΩπç•±•Ö—•Ωπ}Öπë}ç’……ïπ—}›ïï≠±Â}…Ω±î(»¿»ÿ∞ƒ±A}ÿƒ‡Ÿ‘–±Ω±îÅÖµâ±î±}U±’â’…∏±I±	ÖÂ±Ω»±Q…’î∞»¿»ÿ¥¿‰¥¿’Pƒ‰ËÃ¡h∞–¿ƒ‡‘ÿÿÃÿ∞Ã»∏‹‘∞‘‡∏‘∞¿∏¿∞±5%U4±	Ω—ïÖ¥Å…ΩÕ—ï»∞∞¿∏¿‰»‹––‰Ã‘¿‘ÿ¿‰ÿÃƒ±›ïï¨ƒµÿƒ∏¿∞»¿»ÿ¥¿‡¥Ã¡PƒÿËƒ‘Ë¿¿¨¿¿Ë¿¿∞¿∏¿∞¿∏¿∞¿∏¿∞¿∏¿∞¿∏¿∞¿∏ƒ»–ÿ‹‰‰‰ÿÿ‹ÿ––ƒÿƒ∞¿∏‹¿‰‹‡ÿ‹‹Ã‘»ƒÿƒÃÿ∞¿∏¿¿ÿƒ‡‹ÿÃƒ¿Ã‹ƒÃ‹‘‰ÿ∞¿∏¿∞¿∏¿∞¿∏¿∞¿∏ƒ¿‡ƒ¿––ÿÃ‘‹–‰‡ÿ‰Ã∞–»Ã∞ƒ‘–ÿ∞±ôÖ±Õî±—ïÖµ}…ïçΩπç•±•Ö—•Ωπ}Öπë}ç’……ïπ—}›ïï≠±Â}…Ω±î(»¿»ÿ∞ƒ±A|·	›Â±Q•¥Å1Ωπùº±}	±	ΩÕ—Ω∏ÅΩ±±ïùî±I±•πç•ππÖ—§±Ö±Õî∞»¿»ÿ¥¿‰¥¿’Pƒ‰ËÃ¡h∞–¿ƒ‡‘ÿ‹‹‹∞»»∏¿∞‘ƒ∏‘∞¿∏¿∞±5%U4±	Ω—ïÖ¥Å…ΩÕ—ï»∞∞¿∏ƒ»ÿ–‹ÿ‹‰‘»»‡Ã–»ÿ‘±›ïï¨ƒµÿƒ∏¿∞»¿»ÿ¥¿‡¥Ã¡PƒÿËƒ‘Ë¿¿¨¿¿Ë¿¿∞¿∏¿∞¿∏¿∞¿∏¿∞¿∏¿∞¿∏¿∞¿∏ƒÿÃ¿¿‘ƒƒ‘–‰‡Ã¿‡»ÿ∞¿∏‹¿–¿‡»Ã‰ÿ‰‰ÿ‹‡–‹∞¿∏¿¿ÿ»ÿÿ‘ƒ»Ã‘¿»‘ÿ¿ÃÃ‘∞¿∏¿∞¿∏¿∞¿∏¿∞¿∏ƒ¿‡¿¿‹ÃƒÃ‡¿ƒ»ƒ–ÿ‹∞–»–∞ƒ‘–‹∞±ôÖ±Õî±—ïÖµ}…ïçΩπç•±•Ö—•Ωπ}Öπë}ç’……ïπ—}›ïï≠±Â}…Ω±î(»¿»ÿ∞ƒ±A|‹¿–…Ã’±)’©‘ÅA…ïÕ—Ω∏±}14±±ïµÕΩ∏±]H±1MT±Ö±Õî∞»¿»ÿ¥¿‰¥¿’P»ÃËÃ¡h∞–¿ƒ‡‘ÿÿÿ¿∞»¿∏‘∞‘ƒ∏‘∞¿∏¿∞±5=11}=9}Q5}IQL±	Ω—ïÖ¥Å…ΩÕ—ï»∞∞¿∏ƒƒ‘–ƒƒÿ»‡‡Ã‘ÿ‡‹¿‡±›ïï¨ƒµÿƒ∏¿∞»¿»ÿ¥¿‡¥Ã¡PƒÿËƒ‘Ë¿¿¨¿¿Ë¿¿∞¿∏¿∞¿∏¿∞¿∏¿∞¿∏¿∞¿∏¿∞¿∏¿∞¿∏¿∞¿∏¿∞¿∏¿‘¿‘»–ƒ‡–»¿‰‰¿–»‡∞¿∏–‹Ãÿ‰¿‹‡‡‘‡‡‡¿‡¿Ã∞¿∏¿¿ƒÃ‡¿»–»Ã¿–‰»Ã‹‰‡∞¿∏ƒ¿ÿƒ‹–‹ƒÿ‡‰‡Ã»‹‡‰∞‘‹¿∞ƒ‘–‡∞±ôÖ±Õî±—ïÖµ}…ïçΩπç•±•Ö—•Ωπ}Öπë}ç’……ïπ—}›ïï≠±Â}…Ω±î(»¿»ÿ∞ƒ±A}Õƒ‰––±	…Öë‰Å!’±—µÖ∏±}5%h±5•ÕÕΩ’…§±I±…≠ÖπÕÖÃµA•πîÅ	±’ôò±Q…’î∞»¿»ÿ¥¿‰¥¿—P¿¿Ë¿¡h∞–¿ƒ‡‘ÿÿÿÃ∞‘‹∏‘∞ÿ¿∏‘∞¿∏¿∞±5%U4±	Ω—ïÖ¥Å…ΩÕ—ï»∞∞¿∏¿‹‰‹Ãÿ¿‡ƒ»ƒ»Ã‡‡Ã‹±›ïï¨ƒµÿƒ∏¿∞»¿»ÿ¥¿‡¥Ã¡PƒÿËƒ‘Ë¿¿¨¿¿Ë¿¿∞¿∏¿∞¿∏¿∞¿∏¿∞¿∏¿∞¿∏¿∞¿∏ƒƒ‡ÿ¿‹‘‹ÿÿ»ÃÃ‹‹¿ƒ∞¿∏ÿÿƒ»‰‡‘‹‡ƒÿ‹‰ÿ‹ƒ∞¿∏¿¿ÿÿ‘‹–‡»‹‹‡ÃÃ–‹‹»∞¿∏¿∞¿∏¿∞¿∏¿∞¿∏ƒ¿ÿ¿‹–‹‘––‡ÿ‡¿‘Ã–∞–»‘∞ƒ‘–‰∞±ôÖ±Õî±—ïÖµ}…ïçΩπç•±•Ö—•Ωπ}Öπë}ç’……ïπ—}›ïï≠±Â}…Ω±î(»¿»ÿ∞ƒ±A}Ÿ¿–»Ã±!Ö……•ÕΩ∏Å	Ω…—Ω±Ω——§±}]%M±]•ÕçΩπÕ•∏±I±9Ω—…îÅÖµî±Ö±Õî∞»¿»ÿ¥¿‰¥¿ŸP»ÃËÃ¡h∞–¿ƒ‡‘‡–Ã‡∞ƒÃ∏‘∞–‹∏‘∞¿∏¿∞±5%U4±	Ω—ïÖ¥Å…ΩÕ—ï»∞∞¿∏ƒ–‡ÃÃ‘»‰‘‹–‡‘–‹‹±›ïï¨ƒµÿƒ∏¿∞»¿»ÿ¥¿‡¥Ã¡PƒÿËƒ‘Ë¿¿¨¿¿Ë¿¿∞¿∏¿∞¿∏¿∞¿∏¿∞¿∏¿∞¿∏¿∞¿∏ƒ‹‹¿‘¿ƒ–¿–Ã»‹¿ƒ‡‹∞¿∏‹¿‹»–‰»‰‘ƒÃ‡ƒ‡ÿ‹∞¿∏¿¿‘‹‰‡‰‹Ã»»ƒ‰ƒÃ‡ÿ‘∞¿∏¿∞¿∏¿∞¿∏¿∞¿∏ƒ¿‘‘ƒ‡‹ÿ‡‡–‘Ã¿ƒ‡‹∞–»ÿ∞ƒ‘‘¿∞±ôÖ±Õî±—ïÖµ}…ïçΩπç•±•Ö—•Ωπ}Öπë}ç’……ïπ—}›ïï≠±Â}…Ω±î(»¿»ÿ∞ƒ±A|‡…‡»»Õ±1’≠îÅ!Ö’ùº±}I%h±…•ÈΩπÑ±E±9Ω…—°ï…∏Å…•ÈΩπÑ±Q…’î∞»¿»ÿ¥¿‰¥¿ŸP¿ƒËÃ¡h∞–¿ƒ‡‘ÿ‹‹Ã∞––∏¿∞‘ÿ∏‘∞¿∏¿¿¿‰‹‹‡‹ÿ‡‹Ã–‹»–»‹±1=\±!% ±	Ω—ïÖ¥Å…ΩÕ—ï»∞∞¿∏ÃÃ‹¿‰ÿƒ–ƒ‰‰‹‹‡‰»±›ïï¨ƒµÿƒ∏¿∞»¿»ÿ¥¿‡¥Ã¡PƒÿËƒ‘Ë¿¿¨¿¿Ë¿¿∞¿∏¿∞¿∏¿∞¿∏¿∞¿∏¿∞¿∏¿∞¿∏ƒ‘–Ãƒ‘ƒ‘‡ƒ‰‡ƒÃ‘‘‹∞¿∏–‡»––ÿÿÿÿÃ‰‘‘‡ÿÃ∞¿∏¿¿‰‘¿»ƒƒ‡ƒÃÃ¿‰‰‰Ãÿ∞¿∏¿∞¿∏¿∞¿∏¿∞¿∏ƒ¿‘»‘‹Ã‹‘–Ã‡ƒ‘‡»‘∞»‘‰∞ƒ‘‘ƒ∞±ôÖ±Õî±—ïÖµ}…ïçΩπç•±•Ö—•Ωπ}Öπë}ç’……ïπ—}›ïï≠±Â}…Ω±î(»¿»ÿ∞ƒ±A}·	…¿±	•±±‰Å)Ω°πÕΩ∏±}]-±]Ö≠îÅΩ…ïÕ–±E±≠…Ω∏±Q…’î∞»¿»ÿ¥¿‰¥¿ÕP»ÃË¿¡h∞–¿ƒ‡‘‡»¿–∞Ãÿ∏‘∞–‡∏‘∞¿∏¿±1=\±!% ±	Ω—ïÖ¥Å…ΩÕ—ï»∞∞¿∏Ã¿‡‹‹‘‰‡Ã‡¿‘ÿ‘–‘±›ïï¨ƒµÿƒ∏¿∞»¿»ÿ¥¿‡¥Ã¡PƒÿËƒ‘Ë¿¿¨¿¿Ë¿¿∞¿∏¿∞¿∏¿∞¿∏¿∞¿∏¿∞¿∏¿∞¿∏ƒÃ‡‡‹‡‹Ã‡‰–ƒ‰»ƒ‹∞¿∏––ƒ–»‰–‘–ÿÃ‘»ÿ–∞¿∏¿ƒ¿¿‘ƒ‹ÿ–Ã»»»‘ƒ»»∞¿∏¿∞¿∏¿∞¿∏¿∞¿∏ƒ¿––‘Ã‘ÃƒÃ‰‹¿ÃÃ‹Ã∞»ÿ¿∞ƒ‘‘»∞±ôÖ±Õî±—ïÖµ}…ïçΩπç•±•Ö—•Ωπ}Öπë}ç’……ïπ—}›ïï≠±Â}…Ω±î(»¿»ÿ∞ƒ±A|‘‡ÿ‡‰Ãƒƒ±ï’çîÅëÖµÃ±}]%M±]•ÕçΩπÕ•∏±E±9Ω—…îÅÖµî±Ö±Õî∞»¿»ÿ¥¿‰¥¿ŸP»ÃËÃ¡h∞–¿ƒ‡‘‡–Ã‡∞ƒÃ∏‘∞–‹∏‘∞¿∏¿Ãƒ‘–‡Ã¿ÿ‹‡¿‹¿ÿ‡‡±1=\±!% ±	Ω—ïÖ¥Å…ΩÕ—ï»∞∞¿∏‘‡‰»»‘ƒ‹ƒƒ‰ƒ‰‰¿‹±›ïï¨ƒµÿƒ∏¿∞»¿»ÿ¥¿‡¥Ã¡PƒÿËƒ‘Ë¿¿¨¿¿Ë¿¿∞¿∏¿∞¿∏¿∞¿∏¿∞¿∏¿∞¿∏¿∞¿∏»ƒ‰‘»‰––‹¿¿»ÿ‰‰¿»∞¿∏‘»¿–‘¿‘ÿ‰‡»‹–‡»‡∞¿∏¿¿‡‹ƒ‘¿–ÿ»ƒ‡»‹ƒ»»∞¿∏¿∞¿∏¿∞¿∏¿∞¿∏ƒ¿–ÃÃ‘ÃÃ–»‰»Ã‹‘ÿ∞»ÿƒ∞ƒ‘‘Ã∞±ôÖ±Õî±—ïÖµ}…ïçΩπç•±•Ö—•Ωπ}Öπë}ç’……ïπ—}›ïï≠±Â}…Ω±î(»¿»ÿ∞ƒ±A|ÿ≈Ÿƒ‘Ã±)Ö≠îÅ	Ö±•Ã±}Y8±YÖπëï…â•±–±I±’Õ—•∏ÅAïÖ‰±Q…’î∞»¿»ÿ¥¿‰¥¿’P»ÃË¿¡h∞–¿ƒ‡‘ÿÿÿ‰∞–ÿ∏¿∞ÿƒ∏‘∞¿∏¿∞±5%U4±	Ω—ïÖ¥Å…ΩÕ—ï»∞∞¿∏¿‹‹ÿ––¿¿ƒ‡‹ƒ–ƒƒÃƒ±›ïï¨ƒµÿƒ∏¿∞»¿»ÿ¥¿‡¥Ã¡PƒÿËƒ‘Ë¿¿¨¿¿Ë¿¿∞¿∏¿∞¿∏¿∞¿∏¿∞¿∏¿∞¿∏¿∞¿∏ƒ¿‡Ã‡»Ã‹‹‹‘‰ƒ‹ƒ‡‡∞¿∏ÿ‹¿»»‹‹–¿ÿ»Ã‡‘ƒ»∞¿∏¿¿ÿ¿‹‹»‡‡‡ÿ¿‘¿‡–»‰∞¿∏¿∞¿∏¿∞¿∏¿∞¿∏ƒ¿Ã–‡ÿ‘¿‹»»‘–Ã‘‹∞–»‹∞ƒ‘‘–∞±ôÖ±Õî±—ïÖµ}…ïçΩπç•±•Ö—•Ωπ}Öπë}ç’……ïπ—}›ïï≠±Â}…Ω±î(»¿»ÿ∞ƒ±A|…	»‘»–±AÖ·—Ω∏Å1Öπê±}Q5T±Qï·ÖÃÅô4±E±5•ÕÕΩ’…§ÅM—Ö—î±Q…’î∞»¿»ÿ¥¿‰¥¿’P»ÃË¿¡h∞–¿ƒ‡‘ÿÿÿ‡∞–‹∏‘∞‘Ã∏‘∞¿∏¿±1=\±!% ±	Ω—ïÖ¥Å…ΩÕ—ï»∞∞¿∏»ÿ‰‰¿–»‹ÿÃƒÃ¿‡¿‰‘±›ïï¨ƒµÿƒ∏¿∞»¿»ÿ¥¿‡¥Ã¡PƒÿËƒ‘Ë¿¿¨¿¿Ë¿¿∞¿∏¿∞¿∏¿∞¿∏¿∞¿∏¿∞¿∏¿∞¿∏ƒÃ»¿ÃÃ‹»‰ƒƒƒ»ÿ‹¿–∞¿∏––ÿƒÃ‰‹¿ÿƒ¿ÿ‹ƒ‰‹∞¿∏¿¿‰‹‘»»‘»‰¿»ƒ‹»‘‰ÿ∞¿∏¿∞¿∏¿∞¿∏¿∞¿∏ƒ¿Ãƒ»‹–‡‡¿»Ã‹¿‹‘‘∞»ÿ»∞ƒ‘‘‘∞±ôÖ±Õî±—ïÖµ}…ïçΩπç•±•Ö—•Ωπ}Öπë}ç’……ïπ—}›ïï≠±Â}…Ω±î(»¿»ÿ∞ƒ±A|‰‹‡ƒ…±)Öç¨Å1Öµâï…–±}AMT±Aïπ∏ÅM—Ö—î±E±5Ö…Õ°Ö±∞±Q…’î∞»¿»ÿ¥¿‰¥¿’Pƒ‰ËÃ¡h∞–¿ƒ‡‘‡–Ã–∞Ã‰∏‘∞‘–∏‘∞¿∏¿±1=\±!% ±	Ω—ïÖ¥Å…ΩÕ—ï»∞∞¿∏»ÿƒ‘––ÿƒ‡Ã¿–‹‰ÿ±›ïï¨ƒµÿƒ∏¿∞»¿»ÿ¥¿‡¥Ã¡PƒÿËƒ‘Ë¿¿¨¿¿Ë¿¿∞¿∏¿∞¿∏¿∞¿∏¿∞¿∏¿∞¿∏¿∞¿∏ƒ»»–‘‰‰‘‰‹–ÿ»ÿÃƒ∞¿∏–»‘‹–»»¿Ãÿ‹–‰»»¿‘∞¿∏¿¿‰‡‹‹‹‹»ÿ–‹–ÿÿ»»Ã∞¿∏¿∞¿∏¿∞¿∏¿∞¿∏ƒ¿ƒ‡–¿‡‘ÿ»‘»»‡‰‘–∞»ÿÃ∞ƒ‘‘ÿ∞±ôÖ±Õî±—ïÖµ}…ïçΩπç•±•Ö—•Ωπ}Öπë}ç’……ïπ—}›ïï≠±Â}…Ω±î(»¿»ÿ∞ƒ±A|—Â·‹¿±M—Öπ±ï‰Å)Öç≠ÕΩ∏Å)»∏±}=MT±=°•ºÅM—Ö—î±I±	Ö±∞ÅM—Ö—î±Q…’î∞»¿»ÿ¥¿‰¥¿’PƒÿËÃ¡h∞–¿ƒ‡‘‡–Ã»∞‘Ã∏‘∞‘ÿ∏‘∞¿∏¿∞±5%U4±	Ω—ïÖ¥Å…ΩÕ—ï»∞∞¿∏¿‹‹¿ÿ¿¿Ãÿ»Ã‡ƒƒ‰‘ƒ±›ïï¨ƒµÿƒ∏¿∞»¿»ÿ¥¿‡¥Ã¡PƒÿËƒ‘Ë¿¿¨¿¿Ë¿¿∞¿∏¿∞¿∏¿∞¿∏¿∞¿∏¿∞¿∏¿∞¿∏ƒƒ¿‹‰‘»ƒÃÿ‡––ÿ‹»ƒ∞¿∏‘‡»‹¿‘»¿¿‰‡ÿ¿‰‰‘∞¿∏¿¿‹ƒ‰‹‰»‘‡Ã‰Ã‰»‹»‡∞¿∏¿∞¿∏¿∞¿∏¿∞¿∏ƒ¿ƒ–‘‡¿‹‘ƒÃ–‰ÿÿÃƒ∞–»‡∞ƒ‘‘‹∞±ôÖ±Õî±—ïÖµ}…ïçΩπç•±•Ö—•Ωπ}Öπë}ç’……ïπ—}›ïï≠±Â}…Ω±î(»¿»ÿ∞ƒ±A}»‰‰‡Â±]ÂÖ—–Å]Ö±≠ï»Å	…Ω›∏±}]YT±]ïÕ–ÅY•…ù•π•Ñ±E±ΩÖÕ—Ö∞ÅÖ…Ω±•πÑ±Q…’î∞»¿»ÿ¥¿‰¥¿’PƒÿË¿¡h∞–¿ƒ‡‘ÿ‹‡¿∞Ã‰∏¿∞‘ÿ∏‘∞¿∏¿¿‘ƒƒƒ‰¿¿‡‹–‰»‘‡‹–±1=\±!% ±	Ω—ïÖ¥Å…ΩÕ—ï»∞∞¿∏»Ã‡–‘ƒ‹ÿ»‰ÿ‡‹Ã‹‘±›ïï¨ƒµÿƒ∏¿∞»¿»ÿ¥¿‡¥Ã¡PƒÿËƒ‘Ë¿¿¨¿¿Ë¿¿∞¿∏¿∞¿∏¿∞¿∏¿∞¿∏¿∞¿∏¿∞¿∏ƒÃ‰ƒ‘‹Ãÿ‰‘–ƒ‹–‡‡–∞¿∏––‡‹‘–‘Ã¿‹‰¿‘»¿‹∞¿∏¿¿‰Ãƒ–¿‹ÿÿÿÃÿÿ–Ã‡‹∞¿∏¿∞¿∏¿∞¿∏¿∞¿∏ƒ¿¿‹‘‰‰ƒÃ¿ÿƒ¿Ã‡–∞»ÿ–∞ƒ‘‘‡∞±ôÖ±Õî±—ïÖµ}…ïçΩπç•±•Ö—•Ωπ}Öπë}ç’……ïπ—}›ïï≠±Â}…Ω±î(»¿»ÿ∞ƒ±A|…‡ÿ‡—±(Å5ÖëëΩ‡±}5%ML±=±îÅ5•ÕÃ±E±1Ω’•ÕŸ•±±î±Q…’î∞»¿»ÿ¥¿‰¥¿ŸP»ÃËÃ¡h∞–¿ƒ‡‘ÿÿÿƒ∞Ãƒ∏¿∞‘‘∏‘∞¿∏¿¿–‹ƒ¿ÃÃÿ‰‡–‰‹ƒ¿Ã±1=\±!% ±	Ω—ïÖ¥Å…ΩÕ—ï»∞∞¿∏Ãÿÿ‘»ÿƒ‘Ã‘‘ÃÃ»ÿ»–±›ïï¨ƒµÿƒ∏¿∞»¿»ÿ¥¿‡¥Ã¡PƒÿËƒ‘Ë¿¿¨¿¿Ë¿¿∞¿∏¿∞¿∏¿∞¿∏¿∞¿∏¿∞¿∏¿∞¿∏ƒ‘¿‰‘ƒÿÿ–‰‹ÃÃÿ‘ƒ‘∞¿∏–ÿ‡–‡»‘»‰»»‰–ÿ‡¿–∞¿∏¿¿‡‰ÃÃƒ–––‘–Ã‰»ƒ‰Ã∞¿∏¿∞¿∏¿∞¿∏¿∞¿∏ƒ¿¿––‹ƒƒ‰ÿ–‰»‰‰‰ÿ∞»ÿ‘∞ƒ‘‘‰∞±ôÖ±Õî±—ïÖµ}…ïçΩπç•±•Ö—•Ωπ}Öπë}ç’……ïπ—}›ïï≠±Â}…Ω±î(»¿»ÿ∞ƒ±A|≈‰¡±M—ï¡°ï∏ÅÖππΩ∏±}QQT±Qï·ÖÃÅQïç†±E±â•±ïπîÅ°…•Õ—•Ö∏±Q…’î∞»¿»ÿ¥¿‰¥¿’P»ÃË¿¡h∞–¿ƒ‡‘ÿ‹‹¿∞‘ƒ∏¿∞‘‰∏‘∞¿∏¿¿ÿ–»ƒƒ–ƒ–‹‹»¿Ãƒ¿‡±1=\±!% ±	Ω—ïÖ¥Å…ΩÕ—ï»∞∞¿∏–ƒ‹ÿ–‘‰¿ƒÃ‡‹–¿¿ÿ±›ïï¨ƒµÿƒ∏¿∞»¿»ÿ¥¿‡¥Ã¡PƒÿËƒ‘Ë¿¿¨¿¿Ë¿¿∞¿∏¿∞¿∏¿∞¿∏¿∞¿∏¿∞¿∏¿∞¿∏ƒ»ƒ‡ƒ‰‡‰ƒ‹‡¿‹Ã¿‘–∞¿∏–Ã»–ƒÃ‘‡Ã–‘‰‘‘‹–∞¿∏¿¿‰Ã»–»–‡ÿ¿‡Ã‘ƒ–‘‡∞¿∏¿∞¿∏¿∞¿∏¿∞¿∏¿‰‰ƒ‡ÿ‡–‰‰‰ÿ¿ÿ––‰∞»ÿÿ∞ƒ‘ÿ¿∞±ôÖ±Õî±—ïÖµ}…ïçΩπç•±•Ö—•Ωπ}Öπë}ç’……ïπ—}›ïï≠±Â}…Ω±î(»¿»ÿ∞ƒ±A|‘‡‰‡‹›‘±±§Å5Ω…çΩÃ±}Q5T±Qï·ÖÃÅô4±E±5•ÕÕΩ’…§ÅM—Ö—î±Q…’î∞»¿»ÿ¥¿‰¥¿’P»ÃË¿¡h∞–¿ƒ‡‘ÿÿÿ‡∞–‹∏‘∞‘Ã∏‘∞¿∏¿¿¿‹»‘‰ƒ‹»‹‡–ƒÿ‘‹ƒ‹±1=\±!% ±	Ω—ïÖ¥Å…ΩÕ—ï»∞∞¿∏»‘Ã‰–»ƒÃƒÃ»‘‰ƒ‡Ã±›ïï¨ƒµÿƒ∏¿∞»¿»ÿ¥¿‡¥Ã¡PƒÿËƒ‘Ë¿¿¨¿¿Ë¿¿∞¿∏¿∞¿∏¿∞¿∏¿∞¿∏¿∞¿∏¿∞¿∏ƒ»–»»‘»‘ƒÃ‰––»‰ÿÿ∞¿∏–ƒ‰‹‘–‰‰Ã‡»‹ÿ‹¿‘ÿ∞¿∏¿¿‰ƒ‹‘‘¿–––‘ÿÃÿ‡‡‡∞¿∏¿∞¿∏¿∞¿∏¿∞¿∏¿‰‹¿»‡‘»ÿ¿‘ÿ‘‡‡Ã‡∞»ÿ‹∞ƒ‘ÿƒ∞±ôÖ±Õî±—ïÖµ}…ïçΩπç•±•Ö—•Ωπ}Öπë}ç’……ïπ—}›ïï≠±Â}…Ω±î(»¿»ÿ∞ƒ±A|·‹¿–‡‰ÿ±Ö…Ω∏ÅÖŸ•Ã±}!=T±!Ω’Õ—Ω∏±I±=…ïùΩ∏ÅM—Ö—î±Q…’î∞»¿»ÿ¥¿‰¥¿’PƒÿË¿¡h∞–¿ƒ‡‘ÿ‹‹‡∞Ãÿ∏¿∞‘ƒ∏‘∞¿∏¿∞±5%U4±	Ω—ïÖ¥Å…ΩÕ—ï»∞∞¿∏¿‹ÿÿ‘‘‰»¿ƒ‰¿‰‡–ÿ»±›ïï¨ƒµÿƒ∏¿∞»¿»ÿ¥¿‡¥Ã¡PƒÿËƒ‘Ë¿¿¨¿¿Ë¿¿∞¿∏¿∞¿∏¿∞¿∏¿∞¿∏¿∞¿∏¿∞¿∏ƒƒÿ‘–Ã»»»‘»‘‰‰‰ƒ‰∞¿∏ÿ»‰ƒ¿ƒ»¿‰Ã–‰¿Ã‡‹∞¿∏¿¿‘ÿƒ–‘»¿–ÿÿ¿¿»‘»–∞¿∏¿∞¿∏¿∞¿∏¿∞¿∏¿‰ÿ‘‰‹»–Ã‹Ã¿‰ƒ‰¿»∞–»‰∞ƒ‘ÿ»∞±ôÖ±Õî±—ïÖµ}…ïçΩπç•±•Ö—•Ωπ}Öπë}ç’……ïπ—}›ïï≠±Â}…Ω±î(»¿»ÿ∞ƒ±A}»—»–Ã±9ï°ïµ•Ö†Å]Ö…µÖ—î±}!=T±!Ω’Õ—Ω∏±I±=…ïùΩ∏ÅM—Ö—î±Q…’î∞»¿»ÿ¥¿‰¥¿’PƒÿË¿¡h∞–¿ƒ‡‘ÿ‹‹‡∞Ãÿ∏¿∞‘ƒ∏‘∞¿∏¿∞±5%U4±	Ω—ïÖ¥Å…ΩÕ—ï»∞∞¿∏¿‹ÿÿ‘‘‰»¿ƒ‰¿‰‡–ÿ»±›ïï¨ƒµÿƒ∏¿∞»¿»ÿ¥¿‡¥Ã¡PƒÿËƒ‘Ë¿¿¨¿¿Ë¿¿∞¿∏¿∞¿∏¿∞¿∏¿∞¿∏¿∞¿∏¿∞¿∏ƒƒÿ‘–Ã»»»‘»‘‰‰‰ƒ‰∞¿∏ÿ»‰ƒ¿ƒ»¿‰Ã–‰¿Ã‡‹∞¿∏¿¿‘ÿƒ–‘»¿–ÿÿ¿¿»‘»–∞¿∏¿∞¿∏¿∞¿∏¿∞¿∏¿‰ÿ‘‰‹»–Ã‹Ã¿‰ƒ‰¿»∞–Ã¿∞ƒ‘ÿÃ∞±ôÖ±Õî±—ïÖµ}…ïçΩπç•±•Ö—•Ωπ}Öπë}ç’……ïπ—}›ïï≠±Â}…Ω±î(»¿»ÿ∞ƒ±A}’……±ï…ï¨ÅiÖµµ•–±}]M ±]ÖÕ°•πù—Ω∏±E±]ÖÕ°•πù—Ω∏ÅM—Ö—î±Q…’î∞»¿»ÿ¥¿‰¥¿ŸP»¿Ë¿¡h∞–¿ƒ‡‘‡–Ã‹∞Ã‹∏¿∞‘¿∏‘∞¿∏¿¿»ÃÃ‹‡‰ƒ‰‹‘‹¿‰ƒ–‹±1=\±!% ±	Ω—ïÖ¥Å…ΩÕ—ï»∞∞¿∏»‰ÿÃ‡–‘‰»‹‰Ãÿƒ‹ƒ±›ïï¨ƒµÿƒ∏¿∞»¿»ÿ¥¿‡¥Ã¡PƒÿËƒ‘Ë¿¿¨¿¿Ë¿¿∞¿∏¿∞¿∏¿∞¿∏¿∞¿∏¿∞¿∏¿∞¿∏ƒ»‰»ÃÃ–‰–Ã»‘ÿÃ‹‡‘∞¿∏–»–‘‰–‡‡‹ÿ‹‰–»»ÿÿ∞¿∏¿¿‡‰ÿÃÃ‹‡–ƒ–ƒÃ»–‡‘∞¿∏¿∞¿∏¿∞¿∏¿∞¿∏¿‰ÿ»Ã‰‹‘‰»‘»‹Ã‹ƒ‹∞»ÿ‡∞ƒ‘ÿ–∞±ôÖ±Õî±—ïÖµ}…ïçΩπç•±•Ö—•Ωπ}Öπë}ç’……ïπ—}›ïï≠±Â}…Ω±î(»¿»ÿ∞ƒ±A}’‰¡ƒ±(ÅÖµ•πΩπú±}0±Ö±•ôΩ…π•Ñ±E±U1±Q…’î∞»¿»ÿ¥¿‰¥¿ŸP¿»ËÃ¡h∞–¿ƒ‡‘‡»ƒ¿∞»ÿ∏¿∞‘Ã∏‘∞¿∏¿¿»‰‰ÿÃÿÿÿ‹ƒ–‘¿ÿ–‰Ã±1=\±!% ±	Ω—ïÖ¥Å…ΩÕ—ï»∞∞¿∏Ãƒƒÿ––ƒÿ‰‡¿‰»ƒ»ƒ±›ïï¨ƒµÿƒ∏¿∞»¿»ÿ¥¿‡¥Ã¡PƒÿËƒ‘Ë¿¿¨¿¿Ë¿¿∞¿∏¿∞¿∏¿∞¿∏¿∞¿∏¿∞¿∏¿∞¿∏ƒ‘‘Ã–‰–ƒ‰‹ÿ‹‡»ƒ–Ã∞¿∏Ã‡‰Ã‡¿»–»¿ƒ‹‡–‰‰Ã∞¿∏¿¿‰‘»ÿ»‹ÃƒÃÿÿ‰‰‡‘ƒ∞¿∏¿∞¿∏¿∞¿∏¿∞¿∏¿‰ÿ¿‰‘ÿÿÃ¿»ƒ‰‡–ƒ∞»ÿ‰∞ƒ‘ÿ‘∞±ôÖ±Õî±—ïÖµ}…ïçΩπç•±•Ö—•Ωπ}Öπë}ç’……ïπ—}›ïï≠±Â}…Ω±î(»¿»ÿ∞ƒ±A|¿Ã…‡‘ƒ‹±QÖ•–ÅIïÂπΩ±ëÃ±}14±±ïµÕΩ∏±E±1MT±Ö±Õî∞»¿»ÿ¥¿‰¥¿’P»ÃËÃ¡h∞–¿ƒ‡‘ÿÿÿ¿∞»¿∏‘∞‘ƒ∏‘∞¿∏¿ƒ¿‘ÿÿ‰»‹–¿‡‡ÿ–Ã»Ã±1=\±!% ±	Ω—ïÖ¥Å…ΩÕ—ï»∞∞¿∏ÿ»ƒ‡‘ÿ»Ã‘–»‘¿ÿÃ»±›ïï¨ƒµÿƒ∏¿∞»¿»ÿ¥¿‡¥Ã¡PƒÿËƒ‘Ë¿¿¨¿¿Ë¿¿∞¿∏¿∞¿∏¿∞¿∏¿∞¿∏¿∞¿∏¿∞¿∏ƒ‹¿‘ÿÿƒ–‘ƒ‰–ÿ‹‹ƒ‹∞¿∏–‹ƒƒ¿––»ÿ‡»ÿƒ‹ƒ‘–∞¿∏¿¿‡¿»¿‡ƒ‘––‘ƒ‰‡ÿÃ–∞¿∏¿∞¿∏¿∞¿∏¿∞¿∏¿‰‘»Ã‘ÃÃ‘Ã‘Ã‡¿‡‰ÿ∞»‹¿∞ƒ‘ÿÿ∞±ôÖ±Õî±—ïÖµ}…ïçΩπç•±•Ö—•Ωπ}Öπë}ç’……ïπ—}›ïï≠±Â}…Ω±î(»¿»ÿ∞ƒ±A|·≈ƒ‰‹–±9Ö•πΩÑÅ1Ω¡ïÃ±}0±Ö±•ôΩ…π•Ñ±E±U1±Q…’î∞»¿»ÿ¥¿‰¥¿ŸP¿»ËÃ¡h∞–¿ƒ‡‘‡»ƒ¿∞»ÿ∏¿∞‘Ã∏‘∞¿∏¿¿»‰Ã–Ã‰‰‹‡»‘»ÿ–ÿ±1=\±!% ±	Ω—ïÖ¥Å…ΩÕ—ï»∞∞¿∏Ã¿ÿÃ–ƒ‘‡Ã‘¿»ƒÃ‘–±›ïï¨ƒµÿƒ∏¿∞»¿»ÿ¥¿‡¥Ã¡PƒÿËƒ‘Ë¿¿¨¿¿Ë¿¿∞¿∏¿∞¿∏¿∞¿∏¿∞¿∏¿∞¿∏¿∞¿∏ƒ‘»‹¿ÿƒÿ‡‰‘»¿ÿ‹–ÿ∞¿∏Ã‡»‹‘–‰‡ÿ»Ã¿ÿÿ‹‡–∞¿∏¿¿‰Ãÿ–ƒ‡–‹‰‡‡»‹¿¿‰∞¿∏¿∞¿∏¿∞¿∏¿∞¿∏¿‰––ÿ¿ÿ¿‹–ƒÿ¿»‡‡–∞»‹ƒ∞ƒ‘ÿ‹∞±ôÖ±Õî±—ïÖµ}…ïçΩπç•±•Ö—•Ωπ}Öπë}ç’……ïπ—}›ïï≠±Â}…Ω±î(»¿»ÿ∞ƒ±A|›‹ƒ‰›±	…ΩΩ≠ÃÅΩΩëµÖ∏±}%8±•πç•ππÖ—§±E±	ΩÕ—Ω∏ÅΩ±±ïùî±Q…’î∞»¿»ÿ¥¿‰¥¿’Pƒ‰ËÃ¡h∞–¿ƒ‡‘ÿ‹‹‹∞»‰∏‘∞‘ƒ∏‘∞¿∏¿¿‘»ƒ‘‡–Ã–ÿ‘¿‘ÿƒ‹‹±1=\±!% ±	Ω—ïÖ¥Å…ΩÕ—ï»∞∞¿∏Ã–¿‰–ƒ‡–‹‡»Ã¿‰ÿ‡±›ïï¨ƒµÿƒ∏¿∞»¿»ÿ¥¿‡¥Ã¡PƒÿËƒ‘Ë¿¿¨¿¿Ë¿¿∞¿∏¿∞¿∏¿∞¿∏¿∞¿∏¿∞¿∏¿∞¿∏ƒ»‘‰‰»‹‰‹Ãƒÿ»ƒƒ¿»∞¿∏–‘‹ÿ‡ÿÃÃ»–‰‘Ã‹‡‰Ã∞¿∏¿¿‡¿‡»‹Ã–‰‹–ÿ–¿‘»∞¿∏¿∞¿∏¿∞¿∏¿∞¿∏¿‰–»ÿ‘¿–Ã¿‰‹Ã‡ƒ¿ƒ∞»‹»∞ƒ‘ÿ‡∞±ôÖ±Õî±—ïÖµ}…ïçΩπç•±•Ö—•Ωπ}Öπë}ç’……ïπ—}›ïï≠±Â}…Ω±î(»¿»ÿ∞ƒ±A|¡–‡ƒƒƒÃ±Q•—’ÃÅ	Ö’—•Õ—Ñ±}=1<±Ω±Ω…Öëº±I±ïΩ…ù•ÑÅQïç†±Ö±Õî∞»¿»ÿ¥¿‰¥¿—P¿¿Ë¿¡h∞–¿ƒ‡‘ÿ‹‹ÿ∞»»∏¿∞‘¿∏‘∞¿∏¿∞±5%U4±	Ω—ïÖ¥Å…ΩÕ—ï»∞∞¿∏ƒ¿‹¿‹Ã»‹––¿Ã‹‡ÿ‡‰±›ïï¨ƒµÿƒ∏¿∞»¿»ÿ¥¿‡¥Ã¡PƒÿËƒ‘Ë¿¿¨¿¿Ë¿¿∞¿∏¿∞¿∏¿∞¿∏¿∞¿∏¿∞¿∏¿∞¿∏ƒ––Ã‘–Ã‹¿‰‹‰¿ÿ»–∞¿∏‘‰‡¿‰‡‰ÿÃ–‘‰‰»‘‘∞¿∏¿¿‘ÿƒ‘¿‡–»Ã¿‘–ƒƒÃƒ∞¿∏¿∞¿∏¿∞¿∏¿∞¿∏¿‰Ã‘¿¿–¿ƒ‹»‰»Ã‰Ã‘∞–Ãƒ∞ƒ‘ÿ‰∞±ôÖ±Õî±—ïÖµ}…ïçΩπç•±•Ö—•Ωπ}Öπë}ç’……ïπ—}›ïï≠±Â}…Ω±î(»¿»ÿ∞ƒ±A|Ã—≈ƒ‘±5Ö—ïÖ≠§Å!ï±‘±}UQ ±U—Ö†±I±%ëÖ°º±Q…’î∞»¿»ÿ¥¿‰¥¿—P¿ƒË¿¡h∞–¿ƒ‡‘ÿ‹ÿ‡∞–‘∏¿∞‘ÿ∏‘∞¿∏¿∞±5%U4±	Ω—ïÖ¥Å…ΩÕ—ï»∞∞¿∏¿‹ƒ¿ƒ»–¿‰–‡»ÿ‡‡Ã»±›ïï¨ƒµÿƒ∏¿∞»¿»ÿ¥¿‡¥Ã¡PƒÿËƒ‘Ë¿¿¨¿¿Ë¿¿∞¿∏¿∞¿∏¿∞¿∏¿∞¿∏¿∞¿∏¿∞¿∏¿‰‘ƒÿ–ÿ‰Ã¿Ã»Ã‡‘ƒ–∞¿∏ÿ¿‘‘‡‘»‰»¿Ã‰ÿÃ–Ã∞¿∏¿¿‘ÃÿÃ–»‘ƒ¿‡ÿ‹‘‹¿»∞¿∏¿∞¿∏¿∞¿∏¿∞¿∏¿‰»‹Ã‰¿‹‰‡‘ÿ¿ƒ‹ÿ‘∞–Ã»∞ƒ‘‹¿∞±ôÖ±Õî±—ïÖµ}…ïçΩπç•±•Ö—•Ωπ}Öπë}ç’……ïπ—}›ïï≠±Â}…Ω±î(»¿»ÿ∞ƒ±A}≈ÕÕ±ÖÕ†Å	ï•ï…±‰±}]M ±]ÖÕ°•πù—Ω∏±E±]ÖÕ°•πù—Ω∏ÅM—Ö—î±Q…’î∞»¿»ÿ¥¿‰¥¿ŸP»¿Ë¿¡h∞–¿ƒ‡‘‡–Ã‹∞Ã‹∏¿∞‘¿∏‘∞¿∏¿¿»»¿ƒ»‰‹‹‰Ã–‰»ÿƒÃ‹±1=\±!% ±	Ω—ïÖ¥Å…ΩÕ—ï»∞∞¿∏»‡»‡ÿ‹‡–¿–ƒÃÿ‰‹ÿ‹±›ïï¨ƒµÿƒ∏¿∞»¿»ÿ¥¿‡¥Ã¡PƒÿËƒ‘Ë¿¿¨¿¿Ë¿¿∞¿∏¿∞¿∏¿∞¿∏¿∞¿∏¿∞¿∏¿∞¿∏ƒ»ÃÃÃ‰‹–»‡ƒÃÃÿÿÃ∞¿∏–¿‘»Ãƒ¿–‹»‘ÿ‰»‘–∞¿∏¿¿‡‘‘–‘‰‰‘ƒ‡‘––‰»‹∞¿∏¿∞¿∏¿∞¿∏¿∞¿∏¿‰ƒ‡‘¿‹¿ƒ‡Ãÿ‰ÿ»ƒ∞»‹Ã∞ƒ‘‹ƒ∞±ôÖ±Õî±—ïÖµ}…ïçΩπç•±•Ö—•Ωπ}Öπë}ç’……ïπ—}›ïï≠±Â}…Ω±î(»¿»ÿ∞ƒ±A|ƒÿƒ»Õ‘»±)Öç≠ÕΩ∏Å!Öµ•±—Ω∏±}5±5Ö…Â±Öπê±E±!Öµ¡—Ω∏±Q…’î∞»¿»ÿ¥¿‰¥¿ŸP¿¿Ë¿¡h∞–¿ƒ‡‘‡–»‹∞‘ƒ∏¿∞‘ÿ∏‘∞¿∏¿¿¿»ÿÿÿ‡‡‰Ã¿ÿ‰Ã»‡‰±1=\±!% ±	Ω—ïÖ¥Å…ΩÕ—ï»∞∞¿∏»Ã‘ÿ¿‰ƒ‹‰»‘‡–‹‡Ã»±›ïï¨ƒµÿƒ∏¿∞»¿»ÿ¥¿‡¥Ã¡PƒÿËƒ‘Ë¿¿¨¿¿Ë¿¿∞¿∏¿∞¿∏¿∞¿∏¿∞¿∏¿∞¿∏¿∞¿∏ƒÃÿ»‰ÿÃ‡‹Ã‰‡¿ƒ‰»‘∞¿∏–¿‡‡‡ÿÿƒ‹ƒ¿‹ƒ‰ÿ‹∞¿∏¿¿‡–Ã‡‡ÿ¿ÿ‹‰‡‡ÿÃ¿‡∞¿∏¿∞¿∏¿∞¿∏¿∞¿∏¿‰ƒ‘»ƒ‡»‘‹‰¿¿Ã‹‘»∞»‹–∞ƒ‘‹»∞±ôÖ±Õî±—ïÖµ}…ïçΩπç•±•Ö—•Ωπ}Öπë}ç’……ïπ—}›ïï≠±Â}…Ω±î(»¿»ÿ∞ƒ±A|–‰‡Ã–Õ»±	±Ö•πîÅ!•¡Ñ±}U-±’≠î±E±Q’±Öπî±Q…’î∞»¿»ÿ¥¿‰¥¿’Pƒ‰ËÃ¡h∞–¿ƒ‡‘‡»¿‰∞Ã¿∏¿∞‘¿∏‘∞¿∏¿¿––‡ƒ‡Ãƒ–‘‘‡ƒÃ¿ƒ‡±1=\±!% ±	Ω—ïÖ¥Å…ΩÕ—ï»∞∞¿∏Ãƒ‡‹‡Ã–»ÿ¿‰‘‰Ã‹–±›ïï¨ƒµÿƒ∏¿∞»¿»ÿ¥¿‡¥Ã¡PƒÿËƒ‘Ë¿¿¨¿¿Ë¿¿∞¿∏¿∞¿∏¿∞¿∏¿∞¿∏¿∞¿∏¿∞¿∏ƒ–‘–‹‰»ÃÿÃ–‹‘ÿÃ‹–∞¿∏Ã‡¿ÿÿƒ»»Ãƒ»»‰‘ƒÿ∞¿∏¿¿‡‡‹‡ÿ‘ÃÿÃ‘¿‰–‡‡Ã∞¿∏¿∞¿∏¿∞¿∏¿∞¿∏¿‰ƒÃÃ‡¿––ƒ»»‡ÿ––ÿ∞»‹‘∞ƒ‘‹Ã∞±ôÖ±Õî±—ïÖµ}…ïçΩπç•±•Ö—•Ωπ}Öπë}ç’……ïπ—}›ïï≠±Â}…Ω±î(»¿»ÿ∞ƒ±A|ÿ‰¡Ÿ±)ΩîÅ	Ω…ç°ï…Ã±}5%±5•Öµ§±E±M—ÖπôΩ…ê±Ö±Õî∞»¿»ÿ¥¿‰¥¿’P¿ƒË¿¡h∞–¿ƒ‡‘‡»¿ÿ∞Ãÿ∏¿∞–‹∏‘∞¿∏¿±1=\±!% ±	Ω—ïÖ¥Å…ΩÕ—ï»∞∞¿∏»‹‡‡Ã–‰ƒ‹ÿ¿‰‰ÿ‹Ã‹±›ïï¨ƒµÿƒ∏¿∞»¿»ÿ¥¿‡¥Ã¡PƒÿËƒ‘Ë¿¿¨¿¿Ë¿¿∞¿∏¿∞¿∏¿∞¿∏¿∞¿∏¿∞¿∏¿∞¿∏ƒ»–‰»Ã‘‡–Ã‹‡¿¿‡‹‡∞¿∏Ã‡‡Ã–‡ÿ‹¿‡–¿Ã¿ƒ‰‘∞¿∏¿¿‡–¿ƒ¿‹–––‰–‹‡»¿–∞¿∏¿∞¿∏¿∞¿∏¿∞¿∏¿‡‰»–ƒÃƒÃ‹‡¿‡‰‰–»∞»‹ÿ∞ƒ‘‹–∞±ôÖ±Õî±—ïÖµ}…ïçΩπç•±•Ö—•Ωπ}Öπë}ç’……ïπ—}›ïï≠±Â}…Ω±î(»¿»ÿ∞ƒ±A|‘ŸÃŸ±5Öëëï∏Å%ÖµÖ±ïÖŸÑ±}U1±U1±E±Ö±•ôΩ…π•Ñ±Ö±Õî∞»¿»ÿ¥¿‰¥¿ŸP¿»ËÃ¡h∞–¿ƒ‡‘‡»ƒ¿∞»‹∏‘∞‘Ã∏‘∞¿∏¿±1=\±!% ±	Ω—ïÖ¥Å…ΩÕ—ï»∞∞¿∏ÃÃ‰ÿ»‹¿ƒ¿ÿ‡¿‘ƒ‹–±›ïï¨ƒµÿƒ∏¿∞»¿»ÿ¥¿‡¥Ã¡PƒÿËƒ‘Ë¿¿¨¿¿Ë¿¿∞¿∏¿∞¿∏¿∞¿∏¿∞¿∏¿∞¿∏¿∞¿∏ƒÃ‰‹‡‡»ÃÃ»Ã–‹ÿ‰ÃÃ∞¿∏–»ƒ‘‹¿‰––Ã‹‘‡»–¿–∞¿∏¿¿‹ÿ–Ãƒ»ƒ‘–ÿÿ‰––ÿ‡‘∞¿∏¿∞¿∏¿∞¿∏¿∞¿∏¿‡‡¿ƒ‘‡»Ã‹ƒ‹‹–‰»ƒ∞»‹‹∞ƒ‘‹‘∞±ôÖ±Õî±—ïÖµ}…ïçΩπç•±•Ö—•Ωπ}Öπë}ç’……ïπ—}›ïï≠±Â}…Ω±î(»¿»ÿ∞ƒ±A|›¿¿ƒ±5Ö‡Å]•±ÕΩ∏±}14±±ïµÕΩ∏±I±1MT±Ö±Õî∞»¿»ÿ¥¿‰¥¿’P»ÃËÃ¡h∞–¿ƒ‡‘ÿÿÿ¿∞»¿∏‘∞‘ƒ∏‘∞¿∏¿∞±5%U4±	Ω—ïÖ¥Å…ΩÕ—ï»∞∞¿∏ƒ¿‡ÿ‹ÿ‹ƒÃ‰ÿÃ¿–‹‹»±›ïï¨ƒµÿƒ∏¿∞»¿»ÿ¥¿‡¥Ã¡PƒÿËƒ‘Ë¿¿¨¿¿Ë¿¿∞¿∏¿∞¿∏¿∞¿∏¿∞¿∏¿∞¿∏¿∞¿∏ƒ»‘ÿ‘‰–ƒ‰‰ƒƒÿ‹¿ƒ∞¿∏‘‡–ÿ‹»ƒ‘‹‡‘‡ÿ‹‹‡∞¿∏¿¿–‡Ã‹‹Ã‹Ã‰»‰¿Ã¿‡∞¿∏¿∞¿∏¿∞¿∏¿∞¿∏¿‡‹–‰Ãÿ–¿ƒ–Ã»‡ÿ»ÿ∞–ÃÃ∞ƒ‘‹ÿ∞±ôÖ±Õî±—ïÖµ}…ïçΩπç•±•Ö—•Ωπ}Öπë}ç’……ïπ—}›ïï≠±Â}…Ω±î(»¿»ÿ∞ƒ±A|–ÿÿ‰…’±AïÂ—Ω∏ÅM—…ï≠º±}14±±ïµÕΩ∏±I±1MT±Ö±Õî∞»¿»ÿ¥¿‰¥¿’P»ÃËÃ¡h∞–¿ƒ‡‘ÿÿÿ¿∞»¿∏‘∞‘ƒ∏‘∞¿∏¿∞±5%U4±	Ω—ïÖ¥Å…ΩÕ—ï»∞∞¿∏ƒ¿‡ÿ‹ÿ‹ƒÃ‰ÿÃ¿–‹‹»±›ïï¨ƒµÿƒ∏¿∞»¿»ÿ¥¿‡¥Ã¡PƒÿËƒ‘Ë¿¿¨¿¿Ë¿¿∞¿∏¿∞¿∏¿∞¿∏¿∞¿∏¿∞¿∏¿∞¿∏ƒ»‘ÿ‘‰–ƒ‰‰ƒƒÿ‹¿ƒ∞¿∏‘‡–ÿ‹»ƒ‘‹‡‘‡ÿ‹‹‡∞¿∏¿¿–‡Ã‹‹Ã‹Ã‰»‰¿Ã¿‡∞¿∏¿∞¿∏¿∞¿∏¿∞¿∏¿‡‹–‰Ãÿ–¿ƒ–Ã»‡ÿ»ÿ∞–Ã–∞ƒ‘‹‹∞±ôÖ±Õî±—ïÖµ}…ïçΩπç•±•Ö—•Ωπ}Öπë}ç’……ïπ—}›ïï≠±Â}…Ω±î(»¿»ÿ∞ƒ±A|ƒ–¿–––ÿ‘±aÖŸ•ï»Å]•±±•ÖµÃ±}IUQ±I’—ùï…Ã±I±5ÖÕÕÖç°’Õï——Ã±Q…’î∞»¿»ÿ¥¿‰¥¿ÕP»»Ë¿¡h∞–¿ƒ‡‘‡–»Ã∞–ƒ∏¿∞‘»∏‘∞¿∏¿∞±5%U4±	Ω—ïÖ¥Å…ΩÕ—ï»∞∞¿∏¿ÿ‹‘»‰–‹‡Ã‘‹‘‹»Ã‡±›ïï¨ƒµÿƒ∏¿∞»¿»ÿ¥¿‡¥Ã¡PƒÿËƒ‘Ë¿¿¨¿¿Ë¿¿∞¿∏¿∞¿∏¿∞¿∏¿∞¿∏¿∞¿∏¿∞¿∏ƒ¿‡–¿»»–‰‡‹–‘ƒ»ÃÃ∞¿∏‘¿‡‘Ã¿ÿÃ‘–‹‹‹‹‰ƒ∞¿∏¿¿ÿƒ¿ƒ‹Ã¿»‰‹ÿ‰ÿ‰‹∞¿∏¿∞¿∏¿∞¿∏¿∞¿∏¿‡‹–ÿÃ––‘ÃÃÃ‰‘‰‹»∞–Ã‘∞ƒ‘‹‡∞±ôÖ±Õî±—ïÖµ}…ïçΩπç•±•Ö—•Ωπ}Öπë}ç’……ïπ—}›ïï≠±Â}…Ω±î(»¿»ÿ∞ƒ±A|ÕÃÃ»…ƒ±)ÖµïÃÅ1ï›•Ã±}%8±•πç•ππÖ—§±I±	ΩÕ—Ω∏ÅΩ±±ïùî±Q…’î∞»¿»ÿ¥¿‰¥¿’Pƒ‰ËÃ¡h∞–¿ƒ‡‘ÿ‹‹‹∞»‰∏‘∞‘ƒ∏‘∞¿∏¿∞±5%U4±	Ω—ïÖ¥Å…ΩÕ—ï»∞∞¿∏¿‡¿‘ÿ‹»»ƒÿ»ƒ»ƒƒ‹ÿ±›ïï¨ƒµÿƒ∏¿∞»¿»ÿ¥¿‡¥Ã¡PƒÿËƒ‘Ë¿¿¨¿¿Ë¿¿∞¿∏¿∞¿∏¿∞¿∏¿∞¿∏¿∞¿∏¿∞¿∏¿‰Ã–‘‡‰–‹‹»‡–ƒ‹‹»∞¿∏‘‹‘»‘¿»»¿ÿ‡‡‹‡Ã‹∞¿∏¿¿–‰ÿ––‡Ãÿ‹‹»‡‰Ã‘Ã∞¿∏¿∞¿∏¿∞¿∏¿∞¿∏¿‡‹Ãƒƒ‰»–ƒÃ»ÿƒ––‰∞–Ãÿ∞ƒ‘‹‰∞±ôÖ±Õî±—ïÖµ}…ïçΩπç•±•Ö—•Ωπ}Öπë}ç’……ïπ—}›ïï≠±Â}…Ω±î(»¿»ÿ∞ƒ±A|‰…ÃÕ»±)ÖµïÃÅ5•πΩ»±}%8±•πç•ππÖ—§±I±	ΩÕ—Ω∏ÅΩ±±ïùî±Q…’î∞»¿»ÿ¥¿‰¥¿’Pƒ‰ËÃ¡h∞–¿ƒ‡‘ÿ‹‹‹∞»‰∏‘∞‘ƒ∏‘∞¿∏¿∞±5%U4±	Ω—ïÖ¥Å…ΩÕ—ï»∞∞¿∏¿‡¿‘ÿ‹»»ƒÿ»ƒ»ƒƒ‹ÿ±›ïï¨ƒµÿƒ∏¿∞»¿»ÿ¥¿‡¥Ã¡PƒÿËƒ‘Ë¿¿¨¿¿Ë¿¿∞¿∏¿∞¿∏¿∞¿∏¿∞¿∏¿∞¿∏¿∞¿∏¿‰Ã–‘‡‰–‹‹»‡–ƒ‹‹»∞¿∏‘‹‘»‘¿»»¿ÿ‡‡‹‡Ã‹∞¿∏¿¿–‰ÿ––‡Ãÿ‹‹»‡‰Ã‘Ã∞¿∏¿∞¿∏¿∞¿∏¿∞¿∏¿‡‹Ãƒƒ‰»–ƒÃ»ÿƒ––‰∞–Ã‹∞ƒ‘‡¿∞±ôÖ±Õî±—ïÖµ}…ïçΩπç•±•Ö—•Ωπ}Öπë}ç’……ïπ—}›ïï≠±Â}…Ω±î(»¿»ÿ∞ƒ±A}‹ÃÂ‹ƒ±=›ï∏Å1ÖπÕ‘±}5%98±5•ππïÕΩ—Ñ±E±ÖÕ—ï…∏Å%±±•πΩ•Ã±Q…’î∞»¿»ÿ¥¿‰¥¿—P¿¿Ë¿¡h∞–¿ƒ‡‘‡–»»∞–‹∏‘∞‘ƒ∏‘∞¿∏¿¿ƒÃ‹‡ƒ‡¿–‡‰–‹‡¿ÿ‰‘±1=\±!% ±	Ω—ïÖ¥Å…ΩÕ—ï»∞∞¿∏»–––‹‘¿Ã‡»‡Ã»–ƒ‡‡±›ïï¨ƒµÿƒ∏¿∞»¿»ÿ¥¿‡¥Ã¡PƒÿËƒ‘Ë¿¿¨¿¿Ë¿¿∞¿∏¿∞¿∏¿∞¿∏¿∞¿∏¿∞¿∏¿∞¿∏ƒ»–‹¿ƒ¿Ã¿‹‹‹»ÿ¿‡∞¿∏ÃÃ¿‡ƒÿ–‹‹–ƒ»ƒƒ»–∞¿∏¿¿‡‡ÿ‡‘‡ÿ‘»‡‡‹¿ÿ‰Ã∞¿∏¿∞¿∏¿∞¿∏¿∞¿∏¿‡ÿ»‰Ãƒÿÿ‰ƒ––Ã‘Ã‰∞»‹‡∞ƒ‘‡ƒ∞±ôÖ±Õî±—ïÖµ}…ïçΩπç•±•Ö—•Ωπ}Öπë}ç’……ïπ—}›ïï≠±Â}…Ω±î(»¿»ÿ∞ƒ±A|Ã—’ƒ±Q…ïÕ—Ω∏Å5ç5•±±Ö∏±}]M ±]ÖÕ°•πù—Ω∏±E±]ÖÕ°•πù—Ω∏ÅM—Ö—î±Q…’î∞»¿»ÿ¥¿‰¥¿ŸP»¿Ë¿¡h∞–¿ƒ‡‘‡–Ã‹∞Ã‹∏¿∞‘¿∏‘∞¿∏¿¿»¿ƒ–‡‘–‹ƒ‡¿–¿¿‹‹–±1=\±!% ±	Ω—ïÖ¥Å…ΩÕ—ï»∞∞¿∏»ÿÃ»‹‘‰–‹ÿƒ¿»ƒ»‹±›ïï¨ƒµÿƒ∏¿∞»¿»ÿ¥¿‡¥Ã¡PƒÿËƒ‘Ë¿¿¨¿¿Ë¿¿∞¿∏¿∞¿∏¿∞¿∏¿∞¿∏¿∞¿∏¿∞¿∏ƒƒ–‹‰‹¿»‡‰‘‹‹‘‘»‘∞¿∏Ã‹‹ƒÿ–¿‹‹¿‡‡–‡‹‹∞¿∏¿¿‹‰ÿ»¿‰Ã‡‘‹ÿ¿ƒ¿‡∞¿∏¿∞¿∏¿∞¿∏¿∞¿∏¿‡‘–‡‡‰‹¿‡‘––‘‘»‘∞»‹‰∞ƒ‘‡»∞±ôÖ±Õî±—ïÖµ}…ïçΩπç•±•Ö—•Ωπ}Öπë}ç’……ïπ—}›ïï≠±Â}…Ω±î(»¿»ÿ∞ƒ±A}‡‰¿·—±Ω±—Ω∏Å’µ•πº±}U1±U1±E±Ö±•ôΩ…π•Ñ±Ö±Õî∞»¿»ÿ¥¿‰¥¿ŸP¿»ËÃ¡h∞–¿ƒ‡‘‡»ƒ¿∞»‹∏‘∞‘Ã∏‘∞¿∏¿¿¿Ã‡‹‡¿»‰‹»¿‹Ã‹‘–‡±1=\±!% ±	Ω—ïÖ¥Å…ΩÕ—ï»∞∞¿∏Ã»‰Ãÿ‹»––»ÿ¿¿‰‰‰±›ïï¨ƒµÿƒ∏¿∞»¿»ÿ¥¿‡¥Ã¡PƒÿËƒ‘Ë¿¿¨¿¿Ë¿¿∞¿∏¿∞¿∏¿∞¿∏¿∞¿∏¿∞¿∏¿∞¿∏ƒÃ‘‘ÿ‘Ã‡ƒƒ‹‘‡ÿ‘‘∞¿∏–¿‡‡Ã‘‹Ã‰‰»»Ã‹Ã∞¿∏¿¿‹–ƒ»»Ãƒ¿‹ƒ‹‹Ã‹¿ƒ∞¿∏¿∞¿∏¿∞¿∏¿∞¿∏¿‡‘Ã‘ÿ‰ÿ¿–»»‡‹‰‘∞»‡¿∞ƒ‘‡Ã∞±ôÖ±Õî±—ïÖµ}…ïçΩπç•±•Ö—•Ωπ}Öπë}ç’……ïπ—}›ïï≠±Â}…Ω±î(»¿»ÿ∞ƒ±A|‘ŸÃÂ±5Ö‡Åπëï…ÕΩ∏±}]YT±]ïÕ–ÅY•…ù•π•Ñ±E±ΩÖÕ—Ö∞ÅÖ…Ω±•πÑ±Q…’î∞»¿»ÿ¥¿‰¥¿’PƒÿË¿¡h∞–¿ƒ‡‘ÿ‹‡¿∞Ã‰∏¿∞‘ÿ∏‘∞¿∏¿¿–Ã»‹‡‘ƒ‰ƒ‡ÿ»––‹‡±1=\±!% ±	Ω—ïÖ¥Å…ΩÕ—ï»∞∞¿∏ƒ‰‰¿‡ÿÿÃ‰ÿÃ¿–‡Ã‹±›ïï¨ƒµÿƒ∏¿∞»¿»ÿ¥¿‡¥Ã¡PƒÿËƒ‘Ë¿¿¨¿¿Ë¿¿∞¿∏¿∞¿∏¿∞¿∏¿∞¿∏¿∞¿∏¿∞¿∏ƒƒÿƒ‡–Ã‰ƒ‰ƒÿ»ÿ‘Ã–∞¿∏Ã‹–ÿ‹ƒ»‰‡¿‘¿‰‹¿–∞¿∏¿¿‹‹‹ÿ–‘¿¿‘¿‹¿‹‰‰‹∞¿∏¿∞¿∏¿∞¿∏¿∞¿∏¿‡–ƒ»‘‡Ã¿ƒ¿‰Ã–‘¿»∞»‡ƒ∞ƒ‘‡–∞±ôÖ±Õî±—ïÖµ}…ïçΩπç•±•Ö—•Ωπ}Öπë}ç’……ïπ—}›ïï≠±Â}…Ω±î(»¿»ÿ∞ƒ±A}–·’±	…•Ö∏ÅÖÕî±}1±±Ω…•ëÑ±I±±Ω…•ëÑÅ—±Öπ—•å±Q…’î∞»¿»ÿ¥¿‰¥¿’P»ÃË–’h∞–¿ƒ‡‘ÿÿÃ‹∞–Ã∏‘∞‘‰∏‘∞¿∏¿∞±5%U4±	Ω—ïÖ¥Å…ΩÕ—ï»∞∞¿∏¿ÿ»ÿƒ‰¿ÿ¿Ã–‘‰‰Ã‘ÿ±›ïï¨ƒµÿƒ∏¿∞»¿»ÿ¥¿‡¥Ã¡PƒÿËƒ‘Ë¿¿¨¿¿Ë¿¿∞¿∏¿∞¿∏¿∞¿∏¿∞¿∏¿∞¿∏¿∞¿∏¿‰‰‰¿‰‘‡ƒƒ‰‡‡ÿ¿ÿ‘∞¿∏‘ƒ‰ÿ‘»‡–ÿ‰¿‡‘¿‡»∞¿∏¿¿‘ƒÿ‹ÿ‡¿»Ãƒ‡–ÃƒÃ‰∞¿∏¿∞¿∏¿∞¿∏¿∞¿∏¿‡»‰‹ƒÃÿÿ¿‡ƒ‰¿‰ÿÿ∞–Ã‡∞ƒ‘‡‘∞±ôÖ±Õî±—ïÖµ}…ïçΩπç•±•Ö—•Ωπ}Öπë}ç’……ïπ—}›ïï≠±Â}…Ω±î(»¿»ÿ∞ƒ±A|‘‰Ÿ	‹‡±-ï±Ÿ•∏Å)•µïπïË±}1±±Ω…•ëÑ±I±±Ω…•ëÑÅ—±Öπ—•å±Q…’î∞»¿»ÿ¥¿‰¥¿’P»ÃË–’h∞–¿ƒ‡‘ÿÿÃ‹∞–Ã∏‘∞‘‰∏‘∞¿∏¿∞±5%U4±	Ω—ïÖ¥Å…ΩÕ—ï»∞∞¿∏¿ÿ»ÿƒ‰¿ÿ¿Ã–‘‰‰Ã‘ÿ±›ïï¨ƒµÿƒ∏¿∞»¿»ÿ¥¿‡¥Ã¡PƒÿËƒ‘Ë¿¿¨¿¿Ë¿¿∞¿∏¿∞¿∏¿∞¿∏¿∞¿∏¿∞¿∏¿∞¿∏¿‰‰‰¿‰‘‡ƒƒ‰‡‡ÿ¿ÿ‘∞¿∏‘ƒ‰ÿ‘»‡–ÿ‰¿‡‘¿‡»∞¿∏¿¿‘ƒÿ‹ÿ‡¿»Ãƒ‡–ÃƒÃ‰∞¿∏¿∞¿∏¿∞¿∏¿∞¿∏¿‡»‰‹ƒÃÿÿ¿‡ƒ‰¿‰ÿÿ∞–Ã‰∞ƒ‘‡ÿ∞±ôÖ±Õî±—ïÖµ}…ïçΩπç•±•Ö—•Ωπ}Öπë}ç’……ïπ—}›ïï≠±Â}…Ω±î(»¿»ÿ∞ƒ±A|—»»Ã‘Ã±1Ö›…ïπçîÅÖ…ëπï»±}U-±’≠î±E±Q’±Öπî±Q…’î∞»¿»ÿ¥¿‰¥¿’Pƒ‰ËÃ¡h∞–¿ƒ‡‘‡»¿‰∞Ã¿∏¿∞‘¿∏‘∞¿∏¿±1=\±!% ±	Ω—ïÖ¥Å…ΩÕ—ï»∞∞¿∏»‡‰¿–Ã¿ƒ¿‡»»‘ÿ¿‡±›ïï¨ƒµÿƒ∏¿∞»¿»ÿ¥¿‡¥Ã¡PƒÿËƒ‘Ë¿¿¨¿¿Ë¿¿∞¿∏¿∞¿∏¿∞¿∏¿∞¿∏¿∞¿∏¿∞¿∏ƒÃƒ‰¿ÿ‰‹»¿‡ƒ–‘»‰–∞¿∏Ã–‘ƒ–‡¿ƒ»‡ƒÃÃ‡‡ÿ–∞¿∏¿¿‡¿‘¿ÃÃÃƒÃ‹Ã‘ƒ»‡‘∞¿∏¿∞¿∏¿∞¿∏¿∞¿∏¿‡»‡ƒÿ‡¿¿ƒ¿‘––ÿ‘‡∞»‡»∞ƒ‘‡‹∞±ôÖ±Õî±—ïÖµ}…ïçΩπç•±•Ö—•Ωπ}Öπë}ç’……ïπ—}›ïï≠±Â}…Ω±î(»¿»ÿ∞ƒ±A|‘≈≈…±ë›Ö…êÅ…•ôô•∏±}	d±	ÖÂ±Ω»±E±’â’…∏±Ö±Õî∞»¿»ÿ¥¿‰¥¿’Pƒ‰ËÃ¡h∞–¿ƒ‡‘ÿÿÃÿ∞»‘∏‹‘∞‘‡∏‘∞¿∏¿¿¿‰‘‡ƒ‹¿ÿÿ¿‡‹–‰»‡ƒ±1=\±!% ±	Ω—ïÖ¥Å…ΩÕ—ï»∞∞¿∏–‰‘ƒ¿»‹ÿ‹–ÿÃÃ‰ÿÃ±›ïï¨ƒµÿƒ∏¿∞»¿»ÿ¥¿‡¥Ã¡PƒÿËƒ‘Ë¿¿¨¿¿Ë¿¿∞¿∏¿∞¿∏¿∞¿∏¿∞¿∏¿∞¿∏¿∞¿∏ƒ––¿–¿ƒ‘‰–»–‹‘‹¿ÿ∞¿∏Ã‰»‘Ã‡–‡Ã‹ÿÿÿ¿‘ÿÿ∞¿∏¿¿‹ƒ‡‹‘‰ƒ¿‡Ã‰¿‘‹Ã–∞¿∏¿∞¿∏¿∞¿∏¿∞¿∏¿‡»Ã‹‰Ã‰–‡‡¿¿‰–‰‡∞»‡Ã∞ƒ‘‡‡∞±ôÖ±Õî±—ïÖµ}…ïçΩπç•±•Ö—•Ωπ}Öπë}ç’……ïπ—}›ïï≠±Â}…Ω±î(»¿»ÿ∞ƒ±A}¿‡…ƒ—±Ö……•∏Å)ΩπïÃÅ)»∏±}5MT±5•ç°•ùÖ∏ÅM—Ö—î±I±QΩ±ïëº±Q…’î∞»¿»ÿ¥¿‰¥¿’P¿¿Ë¿¡h∞–¿ƒ‡‘‡–»‰∞»‰∏‹‘∞–‰∏‘∞¿∏¿∞±5%U4±	Ω—ïÖ¥Å…ΩÕ—ï»∞∞¿∏¿‹Ãƒ‰ƒ‡ÿ‘Ã‰ÿ»»¿ÿÃ±›ïï¨ƒµÿƒ∏¿∞»¿»ÿ¥¿‡¥Ã¡PƒÿËƒ‘Ë¿¿¨¿¿Ë¿¿∞¿∏¿∞¿∏¿∞¿∏¿∞¿∏¿∞¿∏¿∞¿∏ƒ¿ÿ‘‰‘ƒ¿–Ã‘ƒÃÃ¿–ÿ∞¿∏‘ƒ–Ã‹ƒ‘‡¿–»‘¿‘»»∞¿∏¿¿‘ƒÃÃÃ––¿ƒ‹‡ƒÃ¿¿ÿ∞¿∏¿∞¿∏¿∞¿∏¿∞¿∏¿‡»»Ã‹»»»ƒ–‰Ã‡Ã»‘∞––¿∞ƒ‘‡‰∞±ôÖ±Õî±—ïÖµ}…ïçΩπç•±•Ö—•Ωπ}Öπë}ç’……ïπ—}›ïï≠±Â}…Ω±î(»¿»ÿ∞ƒ±A|‹ÂÃ–ÿ·±)Ö·Ω∏Å5çÖ•ú±}5MT±5•ç°•ùÖ∏ÅM—Ö—î±I±QΩ±ïëº±Q…’î∞»¿»ÿ¥¿‰¥¿’P¿¿Ë¿¡h∞–¿ƒ‡‘‡–»‰∞»‰∏‹‘∞–‰∏‘∞¿∏¿∞±5%U4±	Ω—ïÖ¥Å…ΩÕ—ï»∞∞¿∏¿‹Ãƒ‰ƒ‡ÿ‘Ã‰ÿ»»¿ÿÃ±›ïï¨ƒµÿƒ∏¿∞»¿»ÿ¥¿‡¥Ã¡PƒÿËƒ‘Ë¿¿¨¿¿Ë¿¿∞¿∏¿∞¿∏¿∞¿∏¿∞¿∏¿∞¿∏¿∞¿∏ƒ¿ÿ‘‰‘ƒ¿–Ã‘ƒÃÃ¿–ÿ∞¿∏‘ƒ–Ã‹ƒ‘‡¿–»‘¿‘»»∞¿∏¿¿‘ƒÃÃÃ––¿ƒ‹‡ƒÃ¿¿ÿ∞¿∏¿∞¿∏¿∞¿∏¿∞¿∏¿‡»»Ã‹»»»ƒ–‰Ã‡Ã»‘∞––ƒ∞ƒ‘‰¿∞±ôÖ±Õî±—ïÖµ}…ïçΩπç•±•Ö—•Ωπ}Öπë}ç’……ïπ—}›ïï≠±Â}…Ω±î(»¿»ÿ∞ƒ±A}’‹’·±i•Ω∏Å•Õ–±}5MT±5•ç°•ùÖ∏ÅM—Ö—î±I±QΩ±ïëº±Q…’î∞»¿»ÿ¥¿‰¥¿’P¿¿Ë¿¡h∞–¿ƒ‡‘‡–»‰∞»‰∏‹‘∞–‰∏‘∞¿∏¿∞±5%U4±	Ω—ïÖ¥Å…ΩÕ—ï»∞∞¿∏¿‹Ãƒ‰ƒ‡ÿ‘Ã‰ÿ»»¿ÿÃ±›ïï¨ƒµÿƒ∏¿∞»¿»ÿ¥¿‡¥Ã¡PƒÿËƒ‘Ë¿¿¨¿¿Ë¿¿∞¿∏¿∞¿∏¿∞¿∏¿∞¿∏¿∞¿∏¿∞¿∏ƒ¿ÿ‘‰‘ƒ¿–Ã‘ƒÃÃ¿–ÿ∞¿∏‘ƒ–Ã‹ƒ‘‡¿–»‘¿‘»»∞¿∏¿¿‘ƒÃÃÃ––¿ƒ‹‡ƒÃ¿¿ÿ∞¿∏¿∞¿∏¿∞¿∏¿∞¿∏¿‡»»Ã‹»»»ƒ–‰Ã‡Ã»‘∞––»∞ƒ‘‰ƒ∞±ôÖ±Õî±—ïÖµ}…ïçΩπç•±•Ö—•Ωπ}Öπë}ç’……ïπ—}›ïï≠±Â}…Ω±î(»¿»ÿ∞ƒ±A}–‰‹··±)Öç¨ÅIïïŸïÃ±}-T±-ÖπÕÖÃ±I±1ΩπúÅ%Õ±ÖπêÅUπ•Ÿï…Õ•—‰±Q…’î∞»¿»ÿ¥¿‰¥¿’P¿¿Ë¿¡h∞–¿ƒ‡‘ÿ‹ÿ‰∞–ÿ∏¿∞‘Ã∏‘∞¿∏¿∞±5%U4±	Ω—ïÖ¥Å…ΩÕ—ï»∞∞¿∏¿ÿÃ»‰ƒ‹Ã‹‡‹‹ÿÃ»–‡±›ïï¨ƒµÿƒ∏¿∞»¿»ÿ¥¿‡¥Ã¡PƒÿËƒ‘Ë¿¿¨¿¿Ë¿¿∞¿∏¿∞¿∏¿∞¿∏¿∞¿∏¿∞¿∏¿∞¿∏¿‡Ã‰»‹¿¿‡‡ÃƒÃ¿‘ƒ∞¿∏‘ƒÃƒ––‡‡‘ƒƒ‡‡»¿ÿ∞¿∏¿¿‘¿‡‰––‘»Ãÿ‰–‰¿‘»∞¿∏¿∞¿∏¿∞¿∏¿∞¿∏¿‡ƒ‡‘ƒƒ‘‰‰ÃÃ‘‹ÿÃ‡∞––Ã∞ƒ‘‰»∞±ôÖ±Õî±—ïÖµ}…ïçΩπç•±•Ö—•Ωπ}Öπë}ç’……ïπ—}›ïï≠±Â}…Ω±î(»¿»ÿ∞ƒ±A|‹Ã–Õƒ‘±ÖŸ•∏Å…•ïëµÖ∏±}A%QP±A•—–±E±5•Öµ§Ä°= §±Q…’î∞»¿»ÿ¥¿‰¥¿’PƒÿËÃ¡h∞–¿ƒ‡‘‡»¿‹∞ÃÃ∏¿∞–‰∏‘∞¿∏¿±1=\±!% ±	Ω—ïÖ¥Å…ΩÕ—ï»∞∞¿∏»‰‡‰Ã–‘ƒÿƒ‹ÃÃÿ‡‡±›ïï¨ƒµÿƒ∏¿∞»¿»ÿ¥¿‡¥Ã¡PƒÿËƒ‘Ë¿¿¨¿¿Ë¿¿∞¿∏¿∞¿∏¿∞¿∏¿∞¿∏¿∞¿∏¿∞¿∏ƒÃƒƒƒ‘Ã‰¿Ãƒ‹‹–‘–∞¿∏Ã‹»¿‰‘Ã–»Ã‡‡‘¿‹ÃÃ∞¿∏¿¿‹–Ã‡‘»‹‹Ã¿‘Ã‹‡Ã‹∞¿∏¿∞¿∏¿∞¿∏¿∞¿∏¿‡ƒ‡–¿‹¿¿ÿ»»¿‹‹‹‘∞»‡–∞ƒ‘‰Ã∞±ôÖ±Õî±—ïÖµ}…ïçΩπç•±•Ö—•Ωπ}Öπë}ç’……ïπ—}›ïï≠±Â}…Ω±î(»¿»ÿ∞ƒ±A|‰‰ÿ—	±ÖëîÅQïÕÕ•ï»±}	d±	ÖÂ±Ω»±E±’â’…∏±Ö±Õî∞»¿»ÿ¥¿‰¥¿’Pƒ‰ËÃ¡h∞–¿ƒ‡‘ÿÿÃÿ∞»‘∏‹‘∞‘‡∏‘∞¿∏¿¿¿‰–ÿ–ÿ‰‘‹¿‹‘‘‡ƒ‡‹±1=\±!% ±	Ω—ïÖ¥Å…ΩÕ—ï»∞∞¿∏–‰¿¿»‘‰‘ÿ»Ã‹Ã‹‰‡±›ïï¨ƒµÿƒ∏¿∞»¿»ÿ¥¿‡¥Ã¡PƒÿËƒ‘Ë¿¿¨¿¿Ë¿¿∞¿∏¿∞¿∏¿∞¿∏¿∞¿∏¿∞¿∏¿∞¿∏ƒ–»‘ÿÃƒÿÃÿ––––Ã‰∞¿∏Ã‡‡‘ƒÃÃ‹»Ã‰ƒ‹ÿ‰Ãÿ∞¿∏¿¿‹ƒƒÃ‡‡‰ƒ»ÿ–‘»¿–‡‘∞¿∏¿∞¿∏¿∞¿∏¿∞¿∏¿‡ƒ‘Ã–ÿ‹ƒ‰‰‹‡‡‰»Ã∞»‡‘∞ƒ‘‰–∞±ôÖ±Õî±—ïÖµ}…ïçΩπç•±•Ö—•Ωπ}Öπë}ç’……ïπ—}›ïï≠±Â}…Ω±î(»¿»ÿ∞ƒ±A|Õ»ƒÿÿ‘ÿ±9Ö—îÅ	ïππï—–±}	d±	ÖÂ±Ω»±E±’â’…∏±Ö±Õî∞»¿»ÿ¥¿‰¥¿’Pƒ‰ËÃ¡h∞–¿ƒ‡‘ÿÿÃÿ∞»‘∏‹‘∞‘‡∏‘∞¿∏¿¿ƒ–ƒ‘‘‡‡¿–‹‡ÿ–‹¿‘ÿ±1=\±!% ±	Ω—ïÖ¥Å…ΩÕ—ï»∞∞¿∏ÿƒ‘ÿ»‡‡‹‹‘Ã‰––‘‘±›ïï¨ƒµÿƒ∏¿∞»¿»ÿ¥¿‡¥Ã¡PƒÿËƒ‘Ë¿¿¨¿¿Ë¿¿∞¿∏¿∞¿∏¿∞¿∏¿∞¿∏¿∞¿∏¿∞¿∏ƒ–»‘¿–»¿‡‹ƒ‘–Ã‡‰»∞¿∏Ã‡‡Ã‘»‹¿‡Ã»¿–‡ƒ»∞¿∏¿¿‹ƒƒ¿‰–‹»‡¿‹ÿ»‡‰‹∞¿∏¿∞¿∏¿∞¿∏¿∞¿∏¿‡ƒ‘¿¿‰‘–‘ƒÿÿ»‘‘∞»‡ÿ∞ƒ‘‰‘∞±ôÖ±Õî±—ïÖµ}…ïçΩπç•±•Ö—•Ωπ}Öπë}ç’……ïπ—}›ïï≠±Â}…Ω±î(»¿»ÿ∞ƒ±A|Â¿»±Q‰Å•ïôôïπâÖç†±}U1±U1±E±Ö±•ôΩ…π•Ñ±Ö±Õî∞»¿»ÿ¥¿‰¥¿ŸP¿»ËÃ¡h∞–¿ƒ‡‘‡»ƒ¿∞»‹∏‘∞‘Ã∏‘∞¿∏¿¿¿Ã‹ƒÃ‘‡–ÃÃ‘‘‹ÿ–‡ƒÃ±1=\±!% ±	Ω—ïÖ¥Å…ΩÕ—ï»∞∞¿∏ÃƒÃÿ¿‡‰ÿ‡ƒÿ‡¿ÿ‘‡±›ïï¨ƒµÿƒ∏¿∞»¿»ÿ¥¿‡¥Ã¡PƒÿËƒ‘Ë¿¿¨¿¿Ë¿¿∞¿∏¿∞¿∏¿∞¿∏¿∞¿∏¿∞¿∏¿∞¿∏ƒ»‰¿‹‰Ã‹‡‡‹ƒ‰‰Ã¿‡∞¿∏Ã‡‰»‹‘Ãÿ‘‰ÿ‡ƒ‡‘‘∞¿∏¿¿‹¿‘‹‘‰‰ÿ»¿‰–ÿÃ‘‹∞¿∏¿∞¿∏¿∞¿∏¿∞¿∏¿‡ƒ»‹ÃƒÃ–Ã»»–‰ÿÿ‰∞»‡‹∞ƒ‘‰ÿ∞±ôÖ±Õî±—ïÖµ}…ïçΩπç•±•Ö—•Ωπ}Öπë}ç’……ïπ—}›ïï≠±Â}…Ω±î(»¿»ÿ∞ƒ±A|Ÿ‰»¿‰‰»±)Ö≠îÅMΩç¨±}!=T±!Ω’Õ—Ω∏±E±=…ïùΩ∏ÅM—Ö—î±Q…’î∞»¿»ÿ¥¿‰¥¿’PƒÿË¿¡h∞–¿ƒ‡‘ÿ‹‹‡∞Ãÿ∏¿∞‘ƒ∏‘∞¿∏¿¿¿»‹Ã‘ÿÃ‹‡‘ÿ‡–Ã‰Ã‘‹±1=\±!% ±	Ω—ïÖ¥Å…ΩÕ—ï»∞∞¿∏»»‘¿ÿ‰‰ÿƒÃ‘»»ƒÃ––±›ïï¨ƒµÿƒ∏¿∞»¿»ÿ¥¿‡¥Ã¡PƒÿËƒ‘Ë¿¿¨¿¿Ë¿¿∞¿∏¿∞¿∏¿∞¿∏¿∞¿∏¿∞¿∏¿∞¿∏ƒ»¿»‡¿»‘–‘–»‡–ÿÿÃ∞¿∏Ã‡‘»‡Ãÿ‡‡»–‰¿‡»‰∞¿∏¿¿‹¿‘–‰‘‡»ƒ–‘‰–¿ÿƒ∞¿∏¿∞¿∏¿∞¿∏¿∞¿∏¿‡¿‡‘‡ƒƒ‡ƒƒ»–‹»ÿ‘∞»‡‡∞ƒ‘‰‹∞±ôÖ±Õî±—ïÖµ}…ïçΩπç•±•Ö—•Ωπ}Öπë}ç’……ïπ—}›ïï≠±Â}…Ω±î(»¿»ÿ∞ƒ±A|‰·Ã‹…–±	…Öë‰ÅAÖ±µï»±}5%98±5•ππïÕΩ—Ñ±E±ÖÕ—ï…∏Å%±±•πΩ•Ã±Q…’î∞»¿»ÿ¥¿‰¥¿—P¿¿Ë¿¡h∞–¿ƒ‡‘‡–»»∞–‹∏‘∞‘ƒ∏‘∞¿∏¿¿ƒ»‡‡¿»ÿÃÿ‘ÿÿ–ƒ»ÿ‰±1=\±!% ±	Ω—ïÖ¥Å…ΩÕ—ï»∞∞¿∏»»‡‹‹»‹ƒ‘»ƒ‡ÿ–ÿ‰‘±›ïï¨ƒµÿƒ∏¿∞»¿»ÿ¥¿‡¥Ã¡PƒÿËƒ‘Ë¿¿¨¿¿Ë¿¿∞¿∏¿∞¿∏¿∞¿∏¿∞¿∏¿∞¿∏¿∞¿∏ƒƒÿÿ‰ƒÿ–ƒ¿¿»‹Ã‘»ÿ∞¿∏Ã¿‰‘ÿ‡‘‘»‹ƒÿ–Ã¿ÿÃ∞¿∏¿¿‡»‰‡‰ÿ‡–ƒ»‘ƒ‘‰‰‰∞¿∏¿∞¿∏¿∞¿∏¿∞¿∏¿‡¿‹‘¿ÿÿ‘‹–ÿ‹Ã‰¿ÿ∞»‡‰∞ƒ‘‰‡∞±ôÖ±Õî±—ïÖµ}…ïçΩπç•±•Ö—•Ωπ}Öπë}ç’……ïπ—}›ïï≠±Â}…Ω±î(»¿»ÿ∞ƒ±A}·‰‹ƒ‰±]•±∞ÅΩ°ï…—‰±}UM±UM±E±…ïÕπºÅM—Ö—î±Q…’î∞»¿»ÿ¥¿‰¥¿’P¿ƒË¿¡h∞–¿ƒ‡‘‡–Ãÿ∞Ã‹∏‘∞‘ƒ∏‘∞¿∏¿±1=\±!% ±	Ω—ïÖ¥Å…ΩÕ—ï»∞∞¿∏»ÃÃ‘Ã‹‹–‡»¿Ãƒ–ÿ‘‹±›ïï¨ƒµÿƒ∏¿∞»¿»ÿ¥¿‡¥Ã¡PƒÿËƒ‘Ë¿¿¨¿¿Ë¿¿∞¿∏¿∞¿∏¿∞¿∏¿∞¿∏¿∞¿∏¿∞¿∏¿‰‡–¿‘¿‰Ã‰ÃÃ‘Ã–¿Ã∞¿∏ÃÃ‹»ƒ–ƒ»‰ÿ»––ÃÃ»∞¿∏¿¿‹ÿÿ‘ÿ¿‰¿‹»‘ƒ‡‡ƒ»–∞¿∏¿∞¿∏¿∞¿∏¿∞¿∏¿‹‰‹ƒ‘¿ÿ‹Ã‰‹‘‘ÿƒ‡∞»‰¿∞ƒ‘‰‰∞±ôÖ±Õî±—ïÖµ}…ïçΩπç•±•Ö—•Ωπ}Öπë}ç’……ïπ—}›ïï≠±Â}…Ω±î(»¿»ÿ∞ƒ±A|›–‡»‘¿»±I°ÂÃÅ	…’Õ†±}U±’â’…∏±E±	ÖÂ±Ω»±Q…’î∞»¿»ÿ¥¿‰¥¿’Pƒ‰ËÃ¡h∞–¿ƒ‡‘ÿÿÃÿ∞Ã»∏‹‘∞‘‡∏‘∞¿∏¿¿ÿ–ÿ»ƒÃ‘‰‘ÿ‡–»‡–±1=\±!% ±	Ω—ïÖ¥Å…ΩÕ—ï»∞∞¿∏Ãƒ‰‘‘Ã»Ã»‘‘–‘‡Ã‹Ã±›ïï¨ƒµÿƒ∏¿∞»¿»ÿ¥¿‡¥Ã¡PƒÿËƒ‘Ë¿¿¨¿¿Ë¿¿∞¿∏¿∞¿∏¿∞¿∏¿∞¿∏¿∞¿∏¿∞¿∏ƒƒ»¿–‘ÿ–ÿ–»»ÿ»‹–∞¿∏Ã‹‡ÿ–‘‹‘‹ƒÿƒÃ–––‹∞¿∏¿¿ÿ‹‰»¿‘»‰‘‹‰‡‰‰Ã‹∞¿∏¿∞¿∏¿∞¿∏¿∞¿∏¿‹‡ÿƒÿ‡‰Ã–ÿ–¿‹–¿‡∞»‰ƒ∞ƒÿ¿¿∞±ôÖ±Õî±—ïÖµ}…ïçΩπç•±•Ö—•Ωπ}Öπë}ç’……ïπ—}›ïï≠±Â}…Ω±î(»¿»ÿ∞ƒ±A|·Â’¿‘±	ïç¨Å]Ö±≠ï»±}]M ±]ÖÕ°•πù—Ω∏±I±]ÖÕ°•πù—Ω∏ÅM—Ö—î±Q…’î∞»¿»ÿ¥¿‰¥¿ŸP»¿Ë¿¡h∞–¿ƒ‡‘‡–Ã‹∞Ã‹∏¿∞‘¿∏‘∞¿∏¿∞±5%U4±	Ω—ïÖ¥Å…ΩÕ—ï»∞∞¿∏¿ÿ»‡¿»‹‘–¿‡‹‡‰¿‡»±›ïï¨ƒµÿƒ∏¿∞»¿»ÿ¥¿‡¥Ã¡PƒÿËƒ‘Ë¿¿¨¿¿Ë¿¿∞¿∏¿∞¿∏¿∞¿∏¿∞¿∏¿∞¿∏¿∞¿∏¿‡‡»‰ƒƒ‘‹»Ã‡¿‰ƒ‰‰∞¿∏–‡‘Ãÿ–‡‹‹‡Ã‡‹‹»Ãÿ∞¿∏¿¿–‰‡‹–ƒÃ‘Ã‹Ã‡‡»»‡∞¿∏¿∞¿∏¿∞¿∏¿∞¿∏¿‹‡–ÿ¿‰ÿ‰¿¿‡»¿ÿÿƒ∞–––∞ƒÿ¿ƒ∞±ôÖ±Õî±—ïÖµ}…ïçΩπç•±•Ö—•Ωπ}Öπë}ç’……ïπ—}›ïï≠±Â}…Ω±î(»¿»ÿ∞ƒ±A|ÿÂ—ÿ»±ù…Â°•Ö∏Å±ïµΩπÃ±}]M ±]ÖÕ°•πù—Ω∏±I±]ÖÕ°•πù—Ω∏ÅM—Ö—î±Q…’î∞»¿»ÿ¥¿‰¥¿ŸP»¿Ë¿¡h∞–¿ƒ‡‘‡–Ã‹∞Ã‹∏¿∞‘¿∏‘∞¿∏¿∞±5%U4±	Ω—ïÖ¥Å…ΩÕ—ï»∞∞¿∏¿ÿ»‡¿»‹‘–¿‡‹‡‰¿‡»±›ïï¨ƒµÿƒ∏¿∞»¿»ÿ¥¿‡¥Ã¡PƒÿËƒ‘Ë¿¿¨¿¿Ë¿¿∞¿∏¿∞¿∏¿∞¿∏¿∞¿∏¿∞¿∏¿∞¿∏¿‡‡»‰ƒƒ‘‹»Ã‡¿‰ƒ‰‰∞¿∏–‡‘Ãÿ–‡‹‹‡Ã‡‹‹»Ãÿ∞¿∏¿¿–‰‡‹–ƒÃ‘Ã‹Ã‡‡»»‡∞¿∏¿∞¿∏¿∞¿∏¿∞¿∏¿‹‡–ÿ¿‰ÿ‰¿¿‡»¿ÿÿƒ∞––‘∞ƒÿ¿»∞±ôÖ±Õî±—ïÖµ}…ïçΩπç•±•Ö—•Ωπ}Öπë}ç’……ïπ—}›ïï≠±Â}…Ω±î(»¿»ÿ∞ƒ±A|–‰—ƒ‘‡»±Q…ïπ–ÅAïÖ…µÖ∏±}14±±ïµÕΩ∏±E±1MT±Ö±Õî∞»¿»ÿ¥¿‰¥¿’P»ÃËÃ¡h∞–¿ƒ‡‘ÿÿÿ¿∞»¿∏‘∞‘ƒ∏‘∞¿∏¿¿‹‘»–»‡‹Ã‹¿ÿÿ¿Ã‰±1=\±!% ±	Ω—ïÖ¥Å…ΩÕ—ï»∞∞¿∏–‹»»ƒ‘‘ÿ¿Ã¿»‰ÿ»±›ïï¨ƒµÿƒ∏¿∞»¿»ÿ¥¿‡¥Ã¡PƒÿËƒ‘Ë¿¿¨¿¿Ë¿¿∞¿∏¿∞¿∏¿∞¿∏¿∞¿∏¿∞¿∏¿∞¿∏ƒÃ‡‘¿–¿‡ƒÃƒ–ƒ¿ÿ‘∞¿∏Ã‡»‘–‡‡ÿ‡–‘»‹»‡‹Ã∞¿∏¿¿ÿ‘ƒÃƒ¿‹‹¿‘‡ÿ‘‘–»∞¿∏¿∞¿∏¿∞¿∏¿∞¿∏¿‹‹ÃÃÃ‘ÃÃ¿‡¿–ÿÿƒ»∞»‰»∞ƒÿ¿Ã∞±ôÖ±Õî±—ïÖµ}…ïçΩπç•±•Ö—•Ωπ}Öπë}ç’……ïπ—}›ïï≠±Â}…Ω±î(»¿»ÿ∞ƒ±A}‹…ÿ·±	…Öë‰Åï•âï∞±}=MT±=°•ºÅM—Ö—î±E±	Ö±∞ÅM—Ö—î±Q…’î∞»¿»ÿ¥¿‰¥¿’PƒÿËÃ¡h∞–¿ƒ‡‘‡–Ã»∞‘Ã∏‘∞‘ÿ∏‘∞¿∏¿±1=\±!% ±	Ω—ïÖ¥Å…ΩÕ—ï»∞∞¿∏»ƒƒÿ–‡‘»‘ƒ‡ƒ‰–‘¿»±›ïï¨ƒµÿƒ∏¿∞»¿»ÿ¥¿‡¥Ã¡PƒÿËƒ‘Ë¿¿¨¿¿Ë¿¿∞¿∏¿∞¿∏¿∞¿∏¿∞¿∏¿∞¿∏¿∞¿∏¿‰‡¿‘‡‘Ã‹Ã‡‰Ã»‹ƒ‹∞¿∏Ã¿‹¿‰‡‘‰ƒÿ‹‹¿ÿ‹»‹∞¿∏¿¿‹‹‘ƒÃÿ‰‹¿‰‹»ÿ‡»»∞¿∏¿∞¿∏¿∞¿∏¿∞¿∏¿‹‹»ƒ‡¿‹‹–»ÿ¿ÿ‹ÿÿ∞»‰Ã∞ƒÿ¿–∞±ôÖ±Õî±—ïÖµ}…ïçΩπç•±•Ö—•Ωπ}Öπë}ç’……ïπ—}›ïï≠±Â}…Ω±î(»¿»ÿ∞ƒ±A|»‡–Õ	‘±-Ω±—Ω∏ÅM—ΩŸï»±}=MT±=°•ºÅM—Ö—î±E±	Ö±∞ÅM—Ö—î±Q…’î∞»¿»ÿ¥¿‰¥¿’PƒÿËÃ¡h∞–¿ƒ‡‘‡–Ã»∞‘Ã∏‘∞‘ÿ∏‘∞¿∏¿±1=\±!% ±	Ω—ïÖ¥Å…ΩÕ—ï»∞∞¿∏»ƒƒÿ–‡‘»‘ƒ‡ƒ‰–‘¿»±›ïï¨ƒµÿƒ∏¿∞»¿»ÿ¥¿‡¥Ã¡PƒÿËƒ‘Ë¿¿¨¿¿Ë¿¿∞¿∏¿∞¿∏¿∞¿∏¿∞¿∏¿∞¿∏¿∞¿∏¿‰‡¿‘‡‘Ã‹Ã‡‰Ã»‹ƒ‹∞¿∏Ã¿‹¿‰‡‘‰ƒÿ‹‹¿ÿ‹»‹∞¿∏¿¿‹‹‘ƒÃÿ‰‹¿‰‹»ÿ‡»»∞¿∏¿∞¿∏¿∞¿∏¿∞¿∏¿‹‹»ƒ‡¿‹‹–»ÿ¿ÿ‹ÿÿ∞»‰–∞ƒÿ¿‘∞±ôÖ±Õî±—ïÖµ}…ïçΩπç•±•Ö—•Ωπ}Öπë}ç’……ïπ—}›ïï≠±Â}…Ω±î(»¿»ÿ∞ƒ±A}	‘»…Ã±]•±∞Å-Ωç°ï»±}%8±•πç•ππÖ—§±E±	ΩÕ—Ω∏ÅΩ±±ïùî±Q…’î∞»¿»ÿ¥¿‰¥¿’Pƒ‰ËÃ¡h∞–¿ƒ‡‘ÿ‹‹‹∞»‰∏‘∞‘ƒ∏‘∞¿∏¿±1=\±!% ±	Ω—ïÖ¥Å…ΩÕ—ï»∞∞¿∏»‹‰»‹¿¿»¿¿–ÿ‹Ã–»–±›ïï¨ƒµÿƒ∏¿∞»¿»ÿ¥¿‡¥Ã¡PƒÿËƒ‘Ë¿¿¨¿¿Ë¿¿∞¿∏¿∞¿∏¿∞¿∏¿∞¿∏¿∞¿∏¿∞¿∏ƒ¿Ã»¿»Ã‡»ÿ»‘‰ÿÃ‰ƒ∞¿∏Ã‹–‡‰ÿ‰‡ÿ»‰ÿ¿‰–‡∞¿∏¿¿ÿÿ»¿ÿ‹ÿƒ––¿‹‡ƒ–‰∞¿∏¿∞¿∏¿∞¿∏¿∞¿∏¿‹‹»ƒÃ‹‘‘–‰–¿‹‡Ã‡∞»‰‘∞ƒÿ¿ÿ∞±ôÖ±Õî±—ïÖµ}…ïçΩπç•±•Ö—•Ωπ}Öπë}ç’……ïπ—}›ïï≠±Â}…Ω±î(»¿»ÿ∞ƒ±A}≈›»±Y•ππ‰ÅΩπÈÖ±ïË±}5%±5•Öµ§±E±M—ÖπôΩ…ê±Ö±Õî∞»¿»ÿ¥¿‰¥¿’P¿ƒË¿¡h∞–¿ƒ‡‘‡»¿ÿ∞Ãÿ∏¿∞–‹∏‘∞¿∏¿±1=\±!% ±	Ω—ïÖ¥Å…ΩÕ—ï»∞∞¿∏»–¿‡ƒƒ‰‹–»‰‰‘ƒ‹ƒ‹±›ïï¨ƒµÿƒ∏¿∞»¿»ÿ¥¿‡¥Ã¡PƒÿËƒ‘Ë¿¿¨¿¿Ë¿¿∞¿∏¿∞¿∏¿∞¿∏¿∞¿∏¿∞¿∏¿∞¿∏ƒ¿‹‡‡‡‘‘¿ƒ––ÿ–Ã‡‡∞¿∏ÃÃ‘Ã‰»¿ÃÃ‰¿‹‘ÃÃÃÿ∞¿∏¿¿‹»‘‘–‹ÃÃ‡‡ƒ‡‘‹»∞¿∏¿∞¿∏¿∞¿∏¿∞¿∏¿‹‹¿‹»¿–Ã‹ƒ‰‡ÿ‹ÿÿ∞»‰ÿ∞ƒÿ¿‹∞±ôÖ±Õî±—ïÖµ}…ïçΩπç•±•Ö—•Ωπ}Öπë}ç’……ïπ—}›ïï≠±Â}…Ω±î(»¿»ÿ∞ƒ±A|‡¿»›±1’≠îÅQï¡ÖÃ±}=-MP±=≠±Ö°ΩµÑÅM—Ö—î±E±Q’±ÕÑ±Ö±Õî∞»¿»ÿ¥¿‰¥¿’Pƒ‰Ë–’h∞–¿ƒ‡‘ÿ‹‹»∞Ã‹∏»‘∞ÿ¿∏‘∞¿∏¿±1=\±!% ±	Ω—ïÖ¥Å…ΩÕ—ï»∞∞¿∏»Ã‘»»‰‰»ÿÿ‡‘–ÿ‰‰–±›ïï¨ƒµÿƒ∏¿∞»¿»ÿ¥¿‡¥Ã¡PƒÿËƒ‘Ë¿¿¨¿¿Ë¿¿∞¿∏¿∞¿∏¿∞¿∏¿∞¿∏¿∞¿∏¿∞¿∏ƒƒ‘¿‰‘ƒ–‰‡‡ÃÃ¿‹ÿ»∞¿∏Ã»‹¿»‘¿¿»–‰»‡–»ÿ∞¿∏¿¿‹Ãƒ‹‘ÃÃ–¿ƒÃ»‡ƒ‰‘∞¿∏¿∞¿∏¿∞¿∏¿∞¿∏¿‹ÿÿ¿‹‹¿¿ÿ‘‹»‘Ã–Ã∞»‰‹∞ƒÿ¿‡∞±ôÖ±Õî±—ïÖµ}…ïçΩπç•±•Ö—•Ωπ}Öπë}ç’……ïπ—}›ïï≠±Â}…Ω±î(»¿»ÿ∞ƒ±A|‰¿»‘¡±AïÂ—Ω∏Å	Öââ•—–±}5MT±5•ç°•ùÖ∏ÅM—Ö—î±E±QΩ±ïëº±Q…’î∞»¿»ÿ¥¿‰¥¿’P¿¿Ë¿¡h∞–¿ƒ‡‘‡–»‰∞»‰∏‹‘∞–‰∏‘∞¿∏¿±1=\±!% ±	Ω—ïÖ¥Å…ΩÕ—ï»∞∞¿∏»ƒÿƒ‰‘¿‰–ƒ‘¿»»»ƒ‹±›ïï¨ƒµÿƒ∏¿∞»¿»ÿ¥¿‡¥Ã¡PƒÿËƒ‘Ë¿¿¨¿¿Ë¿¿∞¿∏¿∞¿∏¿∞¿∏¿∞¿∏¿∞¿∏¿∞¿∏ƒƒÿ‰‡Ã‰ÿ»‰Ã‹–‰‰‘‰∞¿∏ÃÃ–‹–Ã¿–¿‡‰ÿ»‰Ãÿ∞¿∏¿¿‹¿‹‘‘‘‡»ƒƒ––‘Ã¿ÿ∞¿∏¿∞¿∏¿∞¿∏¿∞¿∏¿‹‘‰»‹ÿ‘ÃÃ‘‡Ã¿ƒ»∞»‰‡∞ƒÿ¿‰∞±ôÖ±Õî±—ïÖµ}…ïçΩπç•±•Ö—•Ωπ}Öπë}ç’……ïπ—}›ïï≠±Â}…Ω±î(»¿»ÿ∞ƒ±A|‹Õ»‰ƒƒ‹±5•±ïÃÅΩ±ïµÖ∏±}=-MP±=≠±Ö°ΩµÑÅM—Ö—î±]H±Q’±ÕÑ±Ö±Õî∞»¿»ÿ¥¿‰¥¿’Pƒ‰Ë–’h∞–¿ƒ‡‘ÿ‹‹»∞Ã‹∏»‘∞ÿ¿∏‘∞¿∏¿∞±5=11}=9}Q5}IQL±	Ω—ïÖ¥Å…ΩÕ—ï»∞∞¿∏¿‘‡ƒ‰ƒ¿ÃƒÃƒƒ¿¿‹‰»‘±›ïï¨ƒµÿƒ∏¿∞»¿»ÿ¥¿‡¥Ã¡PƒÿËƒ‘Ë¿¿¨¿¿Ë¿¿∞¿∏¿∞¿∏¿∞¿∏¿∞¿∏¿∞¿∏¿∞¿∏¿‰––»ƒ‘ÿ‰‰–ÃÃ‹‰–‘∞¿∏–‘ƒ‰–‹ÿ‡»ÿ‹‡‡ÿ‰‰∞¿∏¿¿–‰ƒ–‹Ã‡‰‡‘––‹ÿ‰∞¿∏¿∞¿∏¿∞¿∏¿∞¿∏¿‹–ÿ‡Ã»¿»ƒ‡¿‘‹ÃƒÃ∞‘‹ƒ∞ƒÿƒ¿∞±—…’î±—ïÖµ}…ïçΩπç•±•Ö—•Ωπ}Öπë}ç’……ïπ—}›ïï≠±Â}…Ω±î(»¿»ÿ∞ƒ±A}›»¡±5Ö‡ÅM°•≠ïπ©ÖπÕ≠§±}5%98±5•ππïÕΩ—Ñ±E±ÖÕ—ï…∏Å%±±•πΩ•Ã±Q…’î∞»¿»ÿ¥¿‰¥¿—P¿¿Ë¿¡h∞–¿ƒ‡‘‡–»»∞–‹∏‘∞‘ƒ∏‘∞¿∏¿¿ƒ¿»Ã–¿ÿ¿ƒ‰–‡»–‰–Ã±1=\±!% ±	Ω—ïÖ¥Å…ΩÕ—ï»∞∞¿∏ƒ‡‹–‹»‹Ã»»¿»‡ÿ‘‹Ã±›ïï¨ƒµÿƒ∏¿∞»¿»ÿ¥¿‡¥Ã¡PƒÿËƒ‘Ë¿¿¨¿¿Ë¿¿∞¿∏¿∞¿∏¿∞¿∏¿∞¿∏¿∞¿∏¿∞¿∏ƒ¿‘–¿‡–ÿ»‡‹¿Ã‹Ã–Ã∞¿∏»‹‰ÿÃ‘ÿ‹¿ÿ‡»‘Ã»∞¿∏¿¿‹–‰ÿ‘»»–»ÿ‘‰–»‰»∞¿∏¿∞¿∏¿∞¿∏¿∞¿∏¿‹»‰–»‹¿ƒÿ»‹‡ƒ‡‰‘∞»‰‰∞ƒÿƒƒ∞±ôÖ±Õî±—ïÖµ}…ïçΩπç•±•Ö—•Ωπ}Öπë}ç’……ïπ—}›ïï≠±Â}…Ω±î(»¿»ÿ∞ƒ±A}ƒ…‰±)(Å5•±±ï»±}%8±•πç•ππÖ—§±E±	ΩÕ—Ω∏ÅΩ±±ïùî±Q…’î∞»¿»ÿ¥¿‰¥¿’Pƒ‰ËÃ¡h∞–¿ƒ‡‘ÿ‹‹‹∞»‰∏‘∞‘ƒ∏‘∞¿∏¿±1=\±!% ±	Ω—ïÖ¥Å…ΩÕ—ï»∞∞¿∏»ÿ¿»»‡‡‡»Ãƒÿ»‹‘¿ÿ±›ïï¨ƒµÿƒ∏¿∞»¿»ÿ¥¿‡¥Ã¡PƒÿËƒ‘Ë¿¿¨¿¿Ë¿¿∞¿∏¿∞¿∏¿∞¿∏¿∞¿∏¿∞¿∏¿∞¿∏¿‰ÿƒÿ‘‡‘ÿ‘Ã‹‡»‰‰‡∞¿∏Ã–‰ÃÃ‘‡»‡ƒÃ‰‘–»‰∞¿∏¿¿ÿƒÿ‰»ÿÿ–¿ÿ‰‡ƒ‰ƒƒ∞¿∏¿∞¿∏¿∞¿∏¿∞¿∏¿‹ƒ‰–‰ƒ‡ƒ»‘‘‡–‘‹ÿ∞Ã¿¿∞ƒÿƒ»∞±ôÖ±Õî±—ïÖµ}…ïçΩπç•±•Ö—•Ωπ}Öπë}ç’……ïπ—}›ïï≠±Â}…Ω±î(»¿»ÿ∞ƒ±A|‹Ÿ»‡‡…±	•±±‰Å	Ö……ï—–±}	±	ΩÕ—Ω∏ÅΩ±±ïùî±I±•πç•ππÖ—§±Ö±Õî∞»¿»ÿ¥¿‰¥¿’Pƒ‰ËÃ¡h∞–¿ƒ‡‘ÿ‹‹‹∞»»∏¿∞‘ƒ∏‘∞¿∏¿∞±5%U4±	Ω—ïÖ¥Å…ΩÕ—ï»∞∞¿∏¿‡ÃÃ»‡Ãƒ‹‘‹»‘¿‘Ã‰±›ïï¨ƒµÿƒ∏¿∞»¿»ÿ¥¿‡¥Ã¡PƒÿËƒ‘Ë¿¿¨¿¿Ë¿¿∞¿∏¿∞¿∏¿∞¿∏¿∞¿∏¿∞¿∏¿∞¿∏ƒ¿‹Ã‰–‹Ã‘‰‹»–»»¿ÿ∞¿∏–ÿÃ‡‹‰‘‹ƒ–‰ƒÿÃ‘ƒ∞¿∏¿¿–ƒ»‡ÿ–ÿƒÃ¿Ãƒ‘ƒ‹ÿ∞¿∏¿∞¿∏¿∞¿∏¿∞¿∏¿‹ƒƒ‘‰‡ÃÃ‰Ãƒ¿‘–‘‹∞––ÿ∞ƒÿƒÃ∞±ôÖ±Õî±—ïÖµ}…ïçΩπç•±•Ö—•Ωπ}Öπë}ç’……ïπ—}›ïï≠±Â}…Ω±î(»¿»ÿ∞ƒ±A|¿‰·‹Õ±±ï‡Å5ïëÂ∏±}UM±UM±E±…ïÕπºÅM—Ö—î±Q…’î∞»¿»ÿ¥¿‰¥¿’P¿ƒË¿¡h∞–¿ƒ‡‘‡–Ãÿ∞Ã‹∏‘∞‘ƒ∏‘∞¿∏¿±1=\±!% ±	Ω—ïÖ¥Å…ΩÕ—ï»∞∞¿∏»¿ƒÿ‰ƒÿ‰ƒÿ»‰‰‰¿»ÿ±›ïï¨ƒµÿƒ∏¿∞»¿»ÿ¥¿‡¥Ã¡PƒÿËƒ‘Ë¿¿¨¿¿Ë¿¿∞¿∏¿∞¿∏¿∞¿∏¿∞¿∏¿∞¿∏¿∞¿∏¿‡–‰‡ÿ»ƒ‹–‡‡¿‘»ƒ»∞¿∏»‰ƒ»Ã¿Ã‡–ÿ‹‘ÿ–ÿ‡∞¿∏¿¿ÿÿ»¿»‰‡‹––––‡¿ÿ‹∞¿∏¿∞¿∏¿∞¿∏¿∞¿∏¿ÿ‡‡––‡Ã¿‰Ã–»‘Ã¿‰∞Ã¿ƒ∞ƒÿƒ–∞±ôÖ±Õî±—ïÖµ}…ïçΩπç•±•Ö—•Ωπ}Öπë}ç’……ïπ—}›ïï≠±Â}…Ω±î(»¿»ÿ∞ƒ±A|–’‡¡‹±)ÖµïÃÅ)Ω°πÕΩ∏±}UM±UM±E±…ïÕπºÅM—Ö—î±Q…’î∞»¿»ÿ¥¿‰¥¿’P¿ƒË¿¡h∞–¿ƒ‡‘‡–Ãÿ∞Ã‹∏‘∞‘ƒ∏‘∞¿∏¿±1=\±!% ±	Ω—ïÖ¥Å…ΩÕ—ï»∞∞¿∏»¿ƒÿ‰ƒÿ‰ƒÿ»‰‰‰¿»ÿ±›ïï¨ƒµÿƒ∏¿∞»¿»ÿ¥¿‡¥Ã¡PƒÿËƒ‘Ë¿¿¨¿¿Ë¿¿∞¿∏¿∞¿∏¿∞¿∏¿∞¿∏¿∞¿∏¿∞¿∏¿‡–‰‡ÿ»ƒ‹–‡‡¿‘»ƒ»∞¿∏»‰ƒ»Ã¿Ã‡–ÿ‹‘ÿ–ÿ‡∞¿∏¿¿ÿÿ»¿»‰‡‹––––‡¿ÿ‹∞¿∏¿∞¿∏¿∞¿∏¿∞¿∏¿ÿ‡‡––‡Ã¿‰Ã–»‘Ã¿‰∞Ã¿»∞ƒÿƒ‘∞±ôÖ±Õî±—ïÖµ}…ïçΩπç•±•Ö—•Ωπ}Öπë}ç’……ïπ—}›ïï≠±Â}…Ω±î(»¿»ÿ∞ƒ±A|…‹‰»–±	…Öïëï∏Å)Öç≠ÕΩ∏±}%=]±%Ω›Ñ±I±9Ω…—°ï…∏Å%±±•πΩ•Ã±Q…’î∞»¿»ÿ¥¿‰¥¿’P»¿Ëƒ’h∞–¿ƒ‡‘‡–»ÿ∞Ã‡∏‘∞–‘∏‘∞¿∏¿∞±5%U4±	Ω—ïÖ¥Å…ΩÕ—ï»∞∞¿∏¿‘–‘–»‰ƒÃÿ‡–Ã‹ƒ‘‡±›ïï¨ƒµÿƒ∏¿∞»¿»ÿ¥¿‡¥Ã¡PƒÿËƒ‘Ë¿¿¨¿¿Ë¿¿∞¿∏¿∞¿∏¿∞¿∏¿∞¿∏¿∞¿∏¿∞¿∏¿ÿ‡¿ÿ‹Ã‡–ƒÿ‹‘Ãƒƒ∞¿∏Ã‰‹ƒ¿‡ÿ‹‡Ã»ÿÿ¿–‰∞¿∏¿¿–‹‰‰‹‡‹‘Ã‹ƒ‘»ƒÃ‡∞¿∏¿∞¿∏¿∞¿∏¿∞¿∏¿ÿ‡‘¿‰‘‰Ã¿‘‘‘‹ÃÃ»∞––‹∞ƒÿƒÿ∞±ôÖ±Õî±—ïÖµ}…ïçΩπç•±•Ö—•Ωπ}Öπë}ç’……ïπ—}›ïï≠±Â}…Ω±î(»¿»ÿ∞ƒ±A|…‡‡·…±…ïë…•ç¨Å5ΩΩ…î±}1±±ÖâÖµÑ±I±ÖÕ–ÅÖ…Ω±•πÑ±Q…’î∞»¿»ÿ¥¿‰¥¿’PƒÿË¿¡h∞–¿ƒ‡‘ÿÿÃ–∞–ƒ∏¿∞‘Ã∏‘∞¿∏¿∞±5%U4±	Ω—ïÖ¥Å…ΩÕ—ï»∞∞¿∏¿‘ƒ‡Ã‡‰‹ÿƒƒÃ»–‹ƒ‘±›ïï¨ƒµÿƒ∏¿∞»¿»ÿ¥¿‡¥Ã¡PƒÿËƒ‘Ë¿¿¨¿¿Ë¿¿∞¿∏¿∞¿∏¿∞¿∏¿∞¿∏¿∞¿∏¿∞¿∏¿‹‹‰ƒ‹‡ÿ‰‰ÿ¿‘–‰»‡∞¿∏Ã‡–––‘‰¿¿‡¿––»¿‰∞¿∏¿¿–‡––‘‹ÿƒ‹‹‹¿¿‡»ÿ∞¿∏¿∞¿∏¿∞¿∏¿∞¿∏¿ÿ‹‘ƒ»¿–‹ƒ–ÿÿ–‹¿‘∞––‡∞ƒÿƒ‹∞±ôÖ±Õî±—ïÖµ}…ïçΩπç•±•Ö—•Ωπ}Öπë}ç’……ïπ—}›ïï≠±Â}…Ω±î(»¿»ÿ∞ƒ±A|‘‡ƒƒ…‘±1•Ö¥Å<ù	…•ï∏±}%8±•πç•ππÖ—§±E±	ΩÕ—Ω∏ÅΩ±±ïùî±Q…’î∞»¿»ÿ¥¿‰¥¿’Pƒ‰ËÃ¡h∞–¿ƒ‡‘ÿ‹‹‹∞»‰∏‘∞‘ƒ∏‘∞¿∏¿¿Ã‡–ÿ–‡ƒ‡‘Ã‡‘‡‹ƒ¿–±1=\±!% ±	Ω—ïÖ¥Å…ΩÕ—ï»∞∞¿∏»Ã‡‰‘ÿ‡Ã‘Ã‡‰–Ã‡–ÿ±›ïï¨ƒµÿƒ∏¿∞»¿»ÿ¥¿‡¥Ã¡PƒÿËƒ‘Ë¿¿¨¿¿Ë¿¿∞¿∏¿∞¿∏¿∞¿∏¿∞¿∏¿∞¿∏¿∞¿∏¿‡‡Ã¿–‰ƒ»‹ÿ¿‡‘‰»‰∞¿∏Ã»¿‹‹‰‡‘‡»–Ã‡ÿ–¿‹∞¿∏¿¿‘ÿÿ–‰ÿ‡ÃÃƒ‘‰¿¿Ãÿ∞¿∏¿∞¿∏¿∞¿∏¿∞¿∏¿ÿÿ¿ÿ‹‹‰‘‡ƒÃ‰»ÿÿÃ∞Ã¿Ã∞ƒÿƒ‡∞±ôÖ±Õî±—ïÖµ}…ïçΩπç•±•Ö—•Ωπ}Öπë}ç’……ïπ—}›ïï≠±Â}…Ω±î(»¿»ÿ∞ƒ±A|‹…——±ÖπΩ∏ÅQΩΩ∏±}!=T±!Ω’Õ—Ω∏±E±=…ïùΩ∏ÅM—Ö—î±Q…’î∞»¿»ÿ¥¿‰¥¿’PƒÿË¿¡h∞–¿ƒ‡‘ÿ‹‹‡∞Ãÿ∏¿∞‘ƒ∏‘∞¿∏¿±1=\±!% ±	Ω—ïÖ¥Å…ΩÕ—ï»∞∞¿∏ƒ‡ƒ‘ƒ‡»Ãƒ‘–¿»¿‡‹±›ïï¨ƒµÿƒ∏¿∞»¿»ÿ¥¿‡¥Ã¡PƒÿËƒ‘Ë¿¿¨¿¿Ë¿¿∞¿∏¿∞¿∏¿∞¿∏¿∞¿∏¿∞¿∏¿∞¿∏¿‰‹¿¿‘ÿ‘‘Ã»¿¿»»‡»∞¿∏Ãƒ¿‹Ã¿ƒ¿‰–‡»‹‰‡‰–∞¿∏¿¿‘ÿ‡‰‡¿»¿‰‰‹‰‹‘‹ƒ∞¿∏¿∞¿∏¿∞¿∏¿∞¿∏¿ÿ‘»ƒƒ‡»Ã‘–‹¿ÿ‘ÃÃ∞Ã¿–∞ƒÿƒ‰∞±ôÖ±Õî±—ïÖµ}…ïçΩπç•±•Ö—•Ωπ}Öπë}ç’……ïπ—}›ïï≠±Â}…Ω±î(»¿»ÿ∞ƒ±A|…‹–ÿ¿‡»±IÂÖ∏ÅMµ•—†±}!=T±!Ω’Õ—Ω∏±E±=…ïùΩ∏ÅM—Ö—î±Q…’î∞»¿»ÿ¥¿‰¥¿’PƒÿË¿¡h∞–¿ƒ‡‘ÿ‹‹‡∞Ãÿ∏¿∞‘ƒ∏‘∞¿∏¿±1=\±!% ±	Ω—ïÖ¥Å…ΩÕ—ï»∞∞¿∏ƒ‡ƒ‘ƒ‡»Ãƒ‘–¿»¿‡‹±›ïï¨ƒµÿƒ∏¿∞»¿»ÿ¥¿‡¥Ã¡PƒÿËƒ‘Ë¿¿¨¿¿Ë¿¿∞¿∏¿∞¿∏¿∞¿∏¿∞¿∏¿∞¿∏¿∞¿∏¿‰‹¿¿‘ÿ‘‘Ã»¿¿»»‡»∞¿∏Ãƒ¿‹Ã¿ƒ¿‰–‡»‹‰‡‰–∞¿∏¿¿‘ÿ‡‰‡¿»¿‰‰‹‰‹‘‹ƒ∞¿∏¿∞¿∏¿∞¿∏¿∞¿∏¿ÿ‘»ƒƒ‡»Ã‘–‹¿ÿ‘ÃÃ∞Ã¿‘∞ƒÿ»¿∞±ôÖ±Õî±—ïÖµ}…ïçΩπç•±•Ö—•Ωπ}Öπë}ç’……ïπ—}›ïï≠±Â}…Ω±î(»¿»ÿ∞ƒ±A|‰‘¿Â¡ƒ±ÖŸ•∏Å…Ö≠ïÃ±}9\±9Ω…—°›ïÕ—ï…∏±E±MΩ’—†ÅÖ≠Ω—ÑÅM—Ö—î±Q…’î∞»¿»ÿ¥¿‰¥¿ŸP¿¿Ë¿¡h∞–¿ƒ‡‘‡–Ãƒ∞»‰∏‘∞–ÿ∏‘∞¿∏¿±1=\±!% ±	Ω—ïÖ¥Å…ΩÕ—ï»∞∞¿∏¿‘‡»–‡¿‹‘ÿ‘ÿÃ¿‘‘Ã±›ïï¨ƒµÿƒ∏¿∞»¿»ÿ¥¿‡¥Ã¡PƒÿËƒ‘Ë¿¿¨¿¿Ë¿¿∞¿∏ƒ¿‹‰‡‹Ãÿÿ¿ÿ‡Ã‹»ƒÿ∞¿∏¿ÿÃÿ»‹–‰ƒ‘‡Ã¿»Ãƒƒ∞¿∏‹–‡ÃÃƒ»Ãƒ»‡‰–¿‘ÿ∞¿∏¿¿ÿ‡‡ÿƒ‡»‰ÿ‹‰¿ƒÿƒ‘∞¿∏¿¿Ã¿‰‰–‹‰‘–ƒ‘ÿ‹‰–‡∞¿∏¿ƒ–‰‹‡‰»–ÿ–‰–¿ƒ‰‹∞¿∏¿––ƒ‡‹‹‹‡‹‹ƒÿ¿‡ÃÃ∞¿∏¿¿¿‰Ã‡ƒ‡Ã‘‘–ÿƒ‰ÿÿ¿Ã∞¿∏¿∞¿∏¿∞¿∏¿∞¿∏¿ÿ––»ÿÃ‡¿‹‡ÿ–‰Ã‘–∞Ã¿ÿ∞ƒÿ»ƒ∞±ôÖ±Õî±—ïÖµ}…ïçΩπç•±•Ö—•Ωπ}Öπë}ç’……ïπ—}›ïï≠±Â}…Ω±î(»¿»ÿ∞ƒ±A|ƒ–‡ÿŸ…±Öππ‰Å1Ö’—ï»±}MeH±MÂ…Öç’Õî±E±9ï‹Å!Öµ¡Õ°•…î±Q…’î∞»¿»ÿ¥¿‰¥¿’PƒÿË¿¡h∞–¿ƒ‡‘‡»¿‡∞––∏‘∞‘‘∏‘∞¿∏¿¿¿‹ÿ»Ãƒ¿ƒƒ‰‡–Ã‘‰¿–±1=\±!% ±	Ω—ïÖ¥Å…ΩÕ—ï»∞∞¿∏¿‘ÃÃÃ»ƒ––ÃÃ‰»Ã‹–Ã‘±›ïï¨ƒµÿƒ∏¿∞»¿»ÿ¥¿‡¥Ã¡PƒÿËƒ‘Ë¿¿¨¿¿Ë¿¿∞¿∏¿‹¿‡»ÿ¿ÃÃ‘‡ÿÃ‡¿Ãÿ∞¿∏¿––‡–ÿÿ–‰»‹»‹‡‘ÿÿ∞¿∏‘ÿ»‡‡‡¿‹ÿÿÿƒ»‹‰Ã∞¿∏¿¿‘ÿ‰»ÿ‰‡ÿ¿¿ÿ‹‡‘¿ÿ∞¿∏¿¿ƒ‰Ã‘ÿƒ‘‡ÿÿ‡ÿ‘»–‰ÿ∞¿∏¿Ã¿‡ÿ‡ƒ‹ÃÿÃ‰Ã‘ƒ¿Ãÿ∞¿∏¿‡‘Ã‘–»‡‡‘Ãƒ‘ƒ‡ÿ–∞¿∏¿¿»¿––‹ÿƒ‰¿»»»Ã‰ÿ‰∞¿∏¿∞¿∏¿∞¿∏¿∞¿∏¿ÿ–ƒ‘–‹¿ƒ‡ÿ‡‹‰‘ÿÃ∞Ã¿‹∞ƒÿ»»∞±ôÖ±Õî±—ïÖµ}…ïçΩπç•±•Ö—•Ωπ}Öπë}ç’……ïπ—}›ïï≠±Â}…Ω±î(»¿»ÿ∞ƒ±A|¿’›	‰±1Öπëï∏Å±Ö…¨±}1MT±1MT±E±±ïµÕΩ∏±Q…’î∞»¿»ÿ¥¿‰¥¿’P»ÃËÃ¡h∞–¿ƒ‡‘ÿÿÿ¿∞Ãƒ∏¿∞‘ƒ∏‘∞¿∏¿¿ÿƒ¿¿Ã‹‰‹––‰¿‰–Ã–±1=\±!% ±	Ω—ïÖ¥Å…ΩÕ—ï»∞∞¿∏Ã‹–¿Ã‰‘‹¿»Ãÿ‘¿¿ÿ–±›ïï¨ƒµÿƒ∏¿∞»¿»ÿ¥¿‡¥Ã¡PƒÿËƒ‘Ë¿¿¨¿¿Ë¿¿∞¿∏¿∞¿∏¿∞¿∏¿∞¿∏¿∞¿∏¿∞¿∏¿‰––Ã‹ÿÃƒ‰Ãƒ––¿»∞¿∏»ÿ‡ƒÃÃ‘»‰‹»ƒ¿ÿ‰‹∞¿∏¿¿ÿƒ‰ÃÃ»ÿ‡¿‡¿Ãƒ¿ÿ–∞¿∏¿∞¿∏¿∞¿∏¿∞¿∏¿ÿÃ‰‹ÃÃƒÃ‡»¿»‰ÃÃ‘∞Ã¿‡∞ƒÿ»Ã∞±ôÖ±Õî±—ïÖµ}…ïçΩπç•±•Ö—•Ωπ}Öπë}ç’……ïπ—}›ïï≠±Â}…Ω±î(»¿»ÿ∞ƒ±A|ÿ–ÿ‹»Ãƒ‹±ïë…•åÅ]•±±•ÖµÃÅ)»∏±}5MT±5•ç°•ùÖ∏ÅM—Ö—î±I±QΩ±ïëº±Q…’î∞»¿»ÿ¥¿‰¥¿’P¿¿Ë¿¡h∞–¿ƒ‡‘‡–»‰∞»‰∏‹‘∞–‰∏‘∞¿∏¿∞±5%U4±	Ω—ïÖ¥Å…ΩÕ—ï»∞∞¿∏¿‘ÿ¿ÿ‡Ã‡»‰¿ƒÿ‡ÿ»»±›ïï¨ƒµÿƒ∏¿∞»¿»ÿ¥¿‡¥Ã¡PƒÿËƒ‘Ë¿¿¨¿¿Ë¿¿∞¿∏¿∞¿∏¿∞¿∏¿∞¿∏¿∞¿∏¿∞¿∏¿‡ƒÿ‘ÿ‡»»¿»ÃÃ–»¿Ã∞¿∏Ã‰–¿Ã»ÿ»Ã»‡»‘ÿÿÃ∞¿∏¿¿Ã‰Ã»Ã‡¿‰ÿ¿ÿ»ÿ»‡ÿ∞¿∏¿∞¿∏¿∞¿∏¿∞¿∏¿ÿ»‰‰‹‘–‡¿‰»¿ƒ–Ã‘∞––‰∞ƒÿ»–∞±ôÖ±Õî±—ïÖµ}…ïçΩπç•±•Ö—•Ωπ}Öπë}ç’……ïπ—}›ïï≠±Â}…Ω±î(»¿»ÿ∞ƒ±A}Ã‘‰·Õ±E’•π∏Å5’…¡°‰±}	d±	ÖÂ±Ω»±E±’â’…∏±Ö±Õî∞»¿»ÿ¥¿‰¥¿’Pƒ‰ËÃ¡h∞–¿ƒ‡‘ÿÿÃÿ∞»‘∏‹‘∞‘‡∏‘∞¿∏¿±1=\±!% ±	Ω—ïÖ¥Å…ΩÕ—ï»∞∞¿∏Ã‹ƒ‰Ã–Ã‡»‰‹‰ƒ»‘¿‹±›ïï¨ƒµÿƒ∏¿∞»¿»ÿ¥¿‡¥Ã¡PƒÿËƒ‘Ë¿¿¨¿¿Ë¿¿∞¿∏¿∞¿∏¿∞¿∏¿∞¿∏¿∞¿∏¿∞¿∏ƒ¿‡»¿ÿ‡¿ÃÃ‰ÿ»‹ƒ‡‘∞¿∏»‰–‡‡‘Ãÿƒ‡‡‡»¿ƒÿ∞¿∏¿¿‘Ã‰‰‘¿‰‡»¿ƒ–ÃÃƒÃ∞¿∏¿∞¿∏¿∞¿∏¿∞¿∏¿ÿƒ‡‡‘‘‰‘ƒ¿‰ÿ‡¿¿––∞Ã¿‰∞ƒÿ»‘∞±ôÖ±Õî±—ïÖµ}…ïçΩπç•±•Ö—•Ωπ}Öπë}ç’……ïπ—}›ïï≠±Â}…Ω±î(»¿»ÿ∞ƒ±A|–—ƒ¿‰‘±)Ω°∏ÅΩΩ¡ï»±}1±±ÖâÖµÑ±E±ÖÕ–ÅÖ…Ω±•πÑ±Q…’î∞»¿»ÿ¥¿‰¥¿’PƒÿË¿¡h∞–¿ƒ‡‘ÿÿÃ–∞–ƒ∏¿∞‘Ã∏‘∞¿∏¿±1=\±!% ±	Ω—ïÖ¥Å…ΩÕ—ï»∞∞¿∏ƒ‹–ƒÿƒ‡¿ƒ–¿‹‘Ã––Ã±›ïï¨ƒµÿƒ∏¿∞»¿»ÿ¥¿‡¥Ã¡PƒÿËƒ‘Ë¿¿¨¿¿Ë¿¿∞¿∏¿∞¿∏¿∞¿∏¿∞¿∏¿∞¿∏¿∞¿∏¿‡»¿¿¿ÿÃ‰ÿ»Ãÿÿ–‘»∞¿∏»Ã‹‹‹¿‡ƒ–‡¿ƒÃ–‹ƒ‘∞¿∏¿¿ÿ»‘»–‹»‘‘‹‰ÿ‘Ã‘‘∞¿∏¿∞¿∏¿∞¿∏¿∞¿∏¿ÿƒ»‰ƒ‰ƒÿ‡»‹‰»ÿ‡–∞Ãƒ¿∞ƒÿ»ÿ∞±ôÖ±Õî±—ïÖµ}…ïçΩπç•±•Ö—•Ωπ}Öπë}ç’……ïπ—}›ïï≠±Â}…Ω±î(»¿»ÿ∞ƒ±A|‹ƒŸÂÂ±MïÖ∏Å5Ω……•ÃÅ%$±}9\±9Ω…—°›ïÕ—ï…∏±I±MΩ’—†ÅÖ≠Ω—ÑÅM—Ö—î±Q…’î∞»¿»ÿ¥¿‰¥¿ŸP¿¿Ë¿¡h∞–¿ƒ‡‘‡–Ãƒ∞»‰∏‘∞–ÿ∏‘∞¿∏¿∞±5%U4±	Ω—ïÖ¥Å…ΩÕ—ï»∞∞¿∏¿‘»‡Ã¿ÿ‹ƒ‘ÿ–‹»‰–ÿ±›ïï¨ƒµÿƒ∏¿∞»¿»ÿ¥¿‡¥Ã¡PƒÿËƒ‘Ë¿¿¨¿¿Ë¿¿∞¿∏¿∞¿∏¿∞¿∏¿∞¿∏¿∞¿∏¿∞¿∏¿‹‘‰––ƒ‡‡‹»»‘‘‘¿‡∞¿∏Ã‹‹–¿ÿ»‘‘»ƒ‡‘‹ƒ‹–∞¿∏¿¿Ã‡‰–»–‘¿‘‘‡»‹‹‘Ãÿ∞¿∏¿∞¿∏¿∞¿∏¿∞¿∏¿ÿƒƒ¿ÿ¿‰‘‡‘ÿ‡»Ãÿ‰–∞–‘¿∞ƒÿ»‹∞±ôÖ±Õî±—ïÖµ}…ïçΩπç•±•Ö—•Ωπ}Öπë}ç’……ïπ—}›ïï≠±Â}…Ω±î(»¿»ÿ∞ƒ±A|‘»¿–·Ãÿ±Ωµ•π•åÅ%πù…ÖÕÕ•Ñ±}0±Ö±•ôΩ…π•Ñ±E±U1±Q…’î∞»¿»ÿ¥¿‰¥¿ŸP¿»ËÃ¡h∞–¿ƒ‡‘‡»ƒ¿∞»ÿ∏¿∞‘Ã∏‘∞¿∏¿±1=\±!% ±	Ω—ïÖ¥Å…ΩÕ—ï»∞∞¿∏ƒ‰ÿ‘‡¿‡‘»‡¿‡–‰»‡±›ïï¨ƒµÿƒ∏¿∞»¿»ÿ¥¿‡¥Ã¡PƒÿËƒ‘Ë¿¿¨¿¿Ë¿¿∞¿∏¿∞¿∏¿∞¿∏¿∞¿∏¿∞¿∏¿∞¿∏¿‰‹‰‰»»‹‘‹–ƒ‹‡ƒ–»∞¿∏»–‘ÿƒ‘ÿ‰‹ƒ‡‰»»ÃƒÃ∞¿∏¿¿ÿ¿¿‰¿–ƒ‰‹Ã‡‡ƒ‹ÿ‹‘∞¿∏¿∞¿∏¿∞¿∏¿∞¿∏¿ÿ¿ÿƒ‘‡»ƒ‘ÿ»»ƒ»‰»∞Ãƒƒ∞ƒÿ»‡∞±ôÖ±Õî±—ïÖµ}…ïçΩπç•±•Ö—•Ωπ}Öπë}ç’……ïπ—}›ïï≠±Â}…Ω±î(»¿»ÿ∞ƒ±A}»Â±	…•Ö∏ÅIΩ›îÅ)»∏±}U1±U1±]H±Ö±•ôΩ…π•Ñ±Ö±Õî∞»¿»ÿ¥¿‰¥¿ŸP¿»ËÃ¡h∞–¿ƒ‡‘‡»ƒ¿∞»‹∏‘∞‘Ã∏‘∞¿∏¿∞±5=11}=9}Q5}IQL±	Ω—ïÖ¥Å…ΩÕ—ï»∞∞¿∏¿‘Ãÿ‰¿ƒ‘‰ÿ¿‰»–‹‘±›ïï¨ƒµÿƒ∏¿∞»¿»ÿ¥¿‡¥Ã¡PƒÿËƒ‘Ë¿¿¨¿¿Ë¿¿∞¿∏¿∞¿∏¿∞¿∏¿∞¿∏¿∞¿∏¿∞¿∏¿‹‹ƒ‹ÿƒ‡¿‘ƒ»¿Ã¿ÿ∞¿∏Ã‰»¿‡ƒ–‰‹Ã¿ÃÿÃ»–∞¿∏¿¿Ã–‘–ÿ‘‹Ã‹ÿ‹‰¿Ã‘‹∞¿∏¿∞¿∏¿∞¿∏¿∞¿∏¿‘‰‰Ãÿ¿‰Ã‰‰ƒƒ¿‘Ã‡∞‘‹»∞ƒÿ»‰∞±—…’î±—ïÖµ}…ïçΩπç•±•Ö—•Ωπ}Öπë}ç’……ïπ—}›ïï≠±Â}…Ω±î(»¿»ÿ∞ƒ±A}ŸÕ±	…Ωç¨Å	…Öë±ï‰±}14±±ïµÕΩ∏±E±1MT±Ö±Õî∞»¿»ÿ¥¿‰¥¿’P»ÃËÃ¡h∞–¿ƒ‡‘ÿÿÿ¿∞»¿∏‘∞‘ƒ∏‘∞¿∏¿¿ÿ»»»‡Ã¿ƒ‹‡Ãƒ‘»–‹±1=\±!% ±	Ω—ïÖ¥Å…ΩÕ—ï»∞∞¿∏Ã‡‹»‰‰ÿ‰ÿ‰ÿ‘ÿ‰ƒ––±›ïï¨ƒµÿƒ∏¿∞»¿»ÿ¥¿‡¥Ã¡PƒÿËƒ‘Ë¿¿¨¿¿Ë¿¿∞¿∏¿∞¿∏¿∞¿∏¿∞¿∏¿∞¿∏¿∞¿∏ƒ¿ÿ»Ã¿ÿ‡‡‰‰‹Ã‘»‰‘∞¿∏»‰Ã–¿‰ÿ»¿¿»‰Ã‡‘ÿ–∞¿∏¿¿–‰‰‘–ÿ»Ãƒ‡ƒ¿»‡¿Ã∞¿∏¿∞¿∏¿∞¿∏¿∞¿∏¿‘‰ÃƒÃ‹Ã‘‰ƒƒ‘‘‘Ã‡∞Ãƒ»∞ƒÿÃ¿∞±ôÖ±Õî±—ïÖµ}…ïçΩπç•±•Ö—•Ωπ}Öπë}ç’……ïπ—}›ïï≠±Â}…Ω±î(»¿»ÿ∞ƒ±A}‹‰Ÿƒ‘ÿ±Ω…ï‰ÅIÖÕ°Öê±}%10±%±±•πΩ•Ã±I±U±Q…’î∞»¿»ÿ¥¿‰¥¿—P¿ƒË¿¡h∞–¿ƒ‡‘‡–»–∞–»∏¿∞‘‘∏‘∞¿∏¿∞±5%U4±	Ω—ïÖ¥Å…ΩÕ—ï»∞∞¿∏¿–‘»‘‡ƒ»ƒ‡–»ƒÿ‰Ã‘±›ïï¨ƒµÿƒ∏¿∞»¿»ÿ¥¿‡¥Ã¡PƒÿËƒ‘Ë¿¿¨¿¿Ë¿¿∞¿∏¿∞¿∏¿∞¿∏¿∞¿∏¿∞¿∏¿∞¿∏¿‹¿‘ÿ‘–»–‹‹‹ÃÃ‘Ã‘∞¿∏Ã–‰‹ÿ‘‡ÿ»‡Ãƒÿ¿ÿ–∞¿∏¿¿–¿–‹Ã‘‹‡‰¿‘‰‹‘ÿ–∞¿∏¿∞¿∏¿∞¿∏¿∞¿∏¿‘‰»ÿ¿‹ÃÃÿ»ÿ‹–ÿ¿»ÿ∞–‘ƒ∞ƒÿÃƒ∞±ôÖ±Õî±—ïÖµ}…ïçΩπç•±•Ö—•Ωπ}Öπë}ç’……ïπ—}›ïï≠±Â}…Ω±î(»¿»ÿ∞ƒ±A}—ƒ¿’±5’…¡°‰Å±ïµïπ–±}%10±%±±•πΩ•Ã±I±U±Q…’î∞»¿»ÿ¥¿‰¥¿—P¿ƒË¿¡h∞–¿ƒ‡‘‡–»–∞–»∏¿∞‘‘∏‘∞¿∏¿∞±5%U4±	Ω—ïÖ¥Å…ΩÕ—ï»∞∞¿∏¿–‘»‘‡ƒ»ƒ‡–»ƒÿ‰Ã‘±›ïï¨ƒµÿƒ∏¿∞»¿»ÿ¥¿‡¥Ã¡PƒÿËƒ‘Ë¿¿¨¿¿Ë¿¿∞¿∏¿∞¿∏¿∞¿∏¿∞¿∏¿∞¿∏¿∞¿∏¿‹¿‘ÿ‘–»–‹‹‹ÃÃ‘Ã‘∞¿∏Ã–‰‹ÿ‘‡ÿ»‡Ãƒÿ¿ÿ–∞¿∏¿¿–¿–‹Ã‘‹‡‰¿‘‰‹‘ÿ–∞¿∏¿∞¿∏¿∞¿∏¿∞¿∏¿‘‰»ÿ¿‹ÃÃÿ»ÿ‹–ÿ¿»ÿ∞–‘»∞ƒÿÃ»∞±ôÖ±Õî±—ïÖµ}…ïçΩπç•±•Ö—•Ωπ}Öπë}ç’……ïπ—}›ïï≠±Â}…Ω±î(»¿»ÿ∞ƒ±A}’»‹‡Ã¿±±ΩπÈºÅÕ¡Ö…ÈÑ±}0±Ö±•ôΩ…π•Ñ±E±U1±Q…’î∞»¿»ÿ¥¿‰¥¿ŸP¿»ËÃ¡h∞–¿ƒ‡‘‡»ƒ¿∞»ÿ∏¿∞‘Ã∏‘∞¿∏¿¿ƒ‹‹»‘ƒÿ‹‹‡ƒ¿ÿ‘ÿ‹‘±1=\±!% ±	Ω—ïÖ¥Å…ΩÕ—ï»∞∞¿∏ƒ‡‘Ã––‹»‹–ÿƒ‹‡‡Ã±›ïï¨ƒµÿƒ∏¿∞»¿»ÿ¥¿‡¥Ã¡PƒÿËƒ‘Ë¿¿¨¿¿Ë¿¿∞¿∏¿∞¿∏¿∞¿∏¿∞¿∏¿∞¿∏¿∞¿∏¿‰»Ã‰ƒ»‘–ÿ‰‡‹ƒ‰ƒÿ∞¿∏»Ãƒ‘‹ÿ‡–‡‰–»‹‹»»»∞¿∏¿¿‘ÿÿ‘‘‹‡–ÿ‡Ãƒ‡‡‰»∞¿∏¿∞¿∏¿∞¿∏¿∞¿∏¿‘‹ƒ‘ƒƒ‘‘‹¿–ƒ‰¿‘‹ÿ∞ÃƒÃ∞ƒÿÃÃ∞±ôÖ±Õî±—ïÖµ}…ïçΩπç•±•Ö—•Ωπ}Öπë}ç’……ïπ—}›ïï≠±Â}…Ω±î(»¿»ÿ∞ƒ±A|——‰Ã‹ƒ±1’≠îÅ’π°Ö¥±}Q`±Qï·ÖÃ±E±Qï·ÖÃÅM—Ö—î±Q…’î∞»¿»ÿ¥¿‰¥¿’Pƒ‰ËÃ¡h∞–¿ƒ‡‘ÿÿÿ‹∞–‘∏¿∞‘‰∏‘∞¿∏¿±1=\±!% ±	Ω—ïÖ¥Å…ΩÕ—ï»∞∞¿∏ƒ‹‰‡ƒ–‹»»ƒÃÿ‹ÿ‡»»±›ïï¨ƒµÿƒ∏¿∞»¿»ÿ¥¿‡¥Ã¡PƒÿËƒ‘Ë¿¿¨¿¿Ë¿¿∞¿∏¿∞¿∏¿∞¿∏¿∞¿∏¿∞¿∏¿∞¿∏¿‹‰ÿ»»‰ƒÿÃ–ÿ––‡‰Ã∞¿∏»–»‡‘‡‰Ã¿¿–‡‹‘Ã¿ÿ∞¿∏¿¿‘–¿–»‹ƒ––¿ƒÿÃ‹»‘∞¿∏¿∞¿∏¿∞¿∏¿∞¿∏¿‘ÿ‹ƒƒ‘»ƒÿ–‘‡‘‹ÿÿ∞Ãƒ–∞ƒÿÃ–∞±ôÖ±Õî±—ïÖµ}…ïçΩπç•±•Ö—•Ωπ}Öπë}ç’……ïπ—}›ïï≠±Â}…Ω±î(»¿»ÿ∞ƒ±A|‰»…»–‰‘±!ïÈï≠•Ö†Å5•±±ïπëï»±}U±ïΩ…ù•Ñ±E±QïππïÕÕïîÅM—Ö—î±Q…’î∞»¿»ÿ¥¿‰¥¿’Pƒ‰Ë¿¡h∞–¿ƒ‡‘ÿÿ‘‡∞‘ƒ∏‘∞‘ÿ∏‘∞¿∏¿¿¿–––‹‰–‹‘¿ÿ‘‰»‰‡‡ÿ±1=\±!% ±	Ω—ïÖ¥Å…ΩÕ—ï»∞∞¿∏ƒ‡Ã‹ÿ»Ã–‘–Ã»‡‡¿»‘±›ïï¨ƒµÿƒ∏¿∞»¿»ÿ¥¿‡¥Ã¡PƒÿËƒ‘Ë¿¿¨¿¿Ë¿¿∞¿∏¿∞¿∏¿∞¿∏¿∞¿∏¿∞¿∏¿∞¿∏¿‹––‘‡¿‰‘–‘‰‹ÿ‰‹‹∞¿∏»»ÿ‡ƒ‘‡ÿ»‹ƒ‰–ÃÃÿ∞¿∏¿¿‘–‹ÿƒÿ‰ƒ‘‡‘‹‹–Ã‰∞¿∏¿∞¿∏¿∞¿∏¿∞¿∏¿‘‘‘Ã‡ÿ¿ƒ»»Ã–¿‹‰‰∞Ãƒ‘∞ƒÿÃ‘∞±ôÖ±Õî±—ïÖµ}…ïçΩπç•±•Ö—•Ωπ}Öπë}ç’……ïπ—}›ïï≠±Â}…Ω±î(»¿»ÿ∞ƒ±A}Â–‘±	ï∏Å5ç…ïÖ…‰±}=T±=≠±Ö°ΩµÑ±I±UQ@±Q…’î∞»¿»ÿ¥¿‰¥¿’P¿¿Ë¿¡h∞–¿ƒ‡‘ÿÿÿ–∞–ÿ∏¿∞‘¿∏‘∞¿∏¿∞±5%U4±	Ω—ïÖ¥Å…ΩÕ—ï»∞∞¿∏¿–»‹»ƒ––‰‰–»¿‰ÿ‰ÿ±›ïï¨ƒµÿƒ∏¿∞»¿»ÿ¥¿‡¥Ã¡PƒÿËƒ‘Ë¿¿¨¿¿Ë¿¿∞¿∏¿∞¿∏¿∞¿∏¿∞¿∏¿∞¿∏¿∞¿∏¿ÿ‹¿‘¿ƒ¿‘‹»–ÿ¿¿ÿ∞¿∏ÃÃ‹‰ÿ‘¿‹ÃÃ‰‘»Ã∞¿∏¿¿Ã–ÿÃ‹‡ÿ¿–‹‘‘ÿÿ–ƒ∞¿∏¿∞¿∏¿∞¿∏¿∞¿∏¿‘–‘‹‰»»Ãÿ»–‡ÿ»‡‘∞–‘Ã∞ƒÿÃÿ∞±ôÖ±Õî±—ïÖµ}…ïçΩπç•±•Ö—•Ωπ}Öπë}ç’……ïπ—}›ïï≠±Â}…Ω±î(»¿»ÿ∞ƒ±A|·‹¡Ã¿ƒ±	…ÖπëΩ∏Å’ππ•πù°Ö¥±}M±MΩ’—†ÅÖ…Ω±•πÑ±E±-ïπ–ÅM—Ö—î±Q…’î∞»¿»ÿ¥¿‰¥¿’PƒÿË–’h∞–¿ƒ‡‘ÿÿÿ‘∞–‘∏¿∞‘Ã∏‘∞¿∏¿±1=\±!% ±	Ω—ïÖ¥Å…ΩÕ—ï»∞∞¿∏ƒÿ––‰ÿÿƒ–ÿƒ‘‡ƒ¿‘‘±›ïï¨ƒµÿƒ∏¿∞»¿»ÿ¥¿‡¥Ã¡PƒÿËƒ‘Ë¿¿¨¿¿Ë¿¿∞¿∏¿∞¿∏¿∞¿∏¿∞¿∏¿∞¿∏¿∞¿∏¿‹‰‹ÿ‹»»ƒƒ‹ÿƒ‹»ƒÃ∞¿∏»Ãÿ»ƒ¿‰‡¿–¿Ãÿ‹¿‹»∞¿∏¿¿‘¿‹‘‰‹»ƒ‘¿‰»¿ÿ»ÿ∞¿∏¿∞¿∏¿∞¿∏¿∞¿∏¿‘–¿‹ÿ‰Ã¿‰–‘‡‰¿‡Ã∞Ãƒÿ∞ƒÿÃ‹∞±ôÖ±Õî±—ïÖµ}…ïçΩπç•±•Ö—•Ωπ}Öπë}ç’……ïπ—}›ïï≠±Â}…Ω±î(»¿»ÿ∞ƒ±A|–‡≈»‹±5ÖïÖ±•’Ö≠§ÅMµ•—†±}5%ML±=±îÅ5•ÕÃ±E±1Ω’•ÕŸ•±±î±Q…’î∞»¿»ÿ¥¿‰¥¿ŸP»ÃËÃ¡h∞–¿ƒ‡‘ÿÿÿƒ∞Ãƒ∏¿∞‘‘∏‘∞¿∏¿¿»ÃÃ‡»‘»Ã»‡‘Ã–‹‘––±1=\±!% ±	Ω—ïÖ¥Å…ΩÕ—ï»∞∞¿∏»¿‡––Ã‹‡‘Ãÿ¿»–Ã‡‡±›ïï¨ƒµÿƒ∏¿∞»¿»ÿ¥¿‡¥Ã¡PƒÿËƒ‘Ë¿¿¨¿¿Ë¿¿∞¿∏¿∞¿∏¿∞¿∏¿∞¿∏¿∞¿∏¿∞¿∏¿‡¿‹ƒ‘–¿‹ÃÃ‰‹‘‘‘‘∞¿∏»‘¿‘¿»–»‘»‰ÿƒ»¿ÿÿ∞¿∏¿¿–‹‹ÿÿ––ƒ‡‰‰ÿ‡‡ƒ‡∞¿∏¿∞¿∏¿∞¿∏¿∞¿∏¿‘Ã‹ƒ¿ƒ¿‹ÿÿ‰–»–‰‹∞Ãƒ‹∞ƒÿÃ‡∞±ôÖ±Õî±—ïÖµ}…ïçΩπç•±•Ö—•Ωπ}Öπë}ç’……ïπ—}›ïï≠±Â}…Ω±î(»¿»ÿ∞ƒ±A|‡‘‡‰ÿŸ±	ï∏Å’±Ñ±}=1<±Ω±Ω…Öëº±Q±ïΩ…ù•ÑÅQïç†±Ö±Õî∞»¿»ÿ¥¿‰¥¿—P¿¿Ë¿¡h∞–¿ƒ‡‘ÿ‹‹ÿ∞»»∏¿∞‘¿∏‘∞¿∏¿∞±5=11}=9}Q5}IQL±	Ω—ïÖ¥Å…ΩÕ—ï»∞∞¿∏¿–‹‰»¿»‡ƒ¿»ÿÿƒÿ‘––±›ïï¨ƒµÿƒ∏¿∞»¿»ÿ¥¿‡¥Ã¡PƒÿËƒ‘Ë¿¿¨¿¿Ë¿¿∞¿∏¿∞¿∏¿∞¿∏¿∞¿∏¿∞¿∏¿∞¿∏¿∞¿∏¿∞¿∏¿∞¿∏¿»‘»–‡–‘ÿ»¿–‹»¿ÿ‡∞¿∏ƒÿ»‹‰‹ƒ¿‰¿‹Ã‡ƒ‰‘Ã∞¿∏¿¿ƒ‰‹–Ãƒ–ÿ‰‡»‰‘»‹–∞¿∏¿‘ÃÃ‹–¿‘‘Ã¿ƒ‡‹–»‡∞»‰‹∞ƒÿÃ‰∞±ôÖ±Õî±—ïÖµ}…ïçΩπç•±•Ö—•Ωπ}Öπë}ç’……ïπ—}›ïï≠±Â}…Ω±î(»¿»ÿ∞ƒ±A}	Ãƒ‡‹‡‹±ïŸ•∏Å5•ùπï…‰±}MQ8±M—ÖπôΩ…ê±E±5•Öµ§±Q…’î∞»¿»ÿ¥¿‰¥¿’P¿ƒË¿¡h∞–¿ƒ‡‘‡»¿ÿ∞ƒƒ∏‘∞–‹∏‘∞¿∏¿±1=\±!% ±	Ω—ïÖ¥Å…ΩÕ—ï»∞∞¿∏»‰‰ÿ–‹ƒÿ‡»–––ƒƒ»Ã±›ïï¨ƒµÿƒ∏¿∞»¿»ÿ¥¿‡¥Ã¡PƒÿËƒ‘Ë¿¿¨¿¿Ë¿¿∞¿∏¿∞¿∏¿∞¿∏¿∞¿∏¿∞¿∏¿∞¿∏ƒƒ‰»»–‰‰‡‘‰‹ÿÿ‡‘‹∞¿∏»‘‡‘‹Ã¿Ã–‘‹‰‡ƒ‰‘∞¿∏¿¿–Ã‹Ãƒ¿–‘‡‡ÿ‡‡‘ƒ‰∞¿∏¿∞¿∏¿∞¿∏¿∞¿∏¿‘»¿‰‘‰Ã¿‰‰¿ƒƒÃ¿‹∞Ãƒ‡∞ƒÿ–¿∞±ôÖ±Õî±—ïÖµ}…ïçΩπç•±•Ö—•Ωπ}Öπë}ç’……ïπ—}›ïï≠±Â}…Ω±î(»¿»ÿ∞ƒ±A}Ÿ’≈±ΩππΩ»Å	Ö……‰±}AMT±Aïπ∏ÅM—Ö—î±E±5Ö…Õ°Ö±∞±Q…’î∞»¿»ÿ¥¿‰¥¿’Pƒ‰ËÃ¡h∞–¿ƒ‡‘‡–Ã–∞Ã‰∏‘∞‘–∏‘∞¿∏¿±1=\±!% ±	Ω—ïÖ¥Å…ΩÕ—ï»∞∞¿∏ƒÃ¿‹‹»Ã¿‰ƒ‘»Ã‰‡±›ïï¨ƒµÿƒ∏¿∞»¿»ÿ¥¿‡¥Ã¡PƒÿËƒ‘Ë¿¿¨¿¿Ë¿¿∞¿∏¿∞¿∏¿∞¿∏¿∞¿∏¿∞¿∏¿∞¿∏¿ÿƒ»»‰‰‹‰‡‹ÃƒÃƒ‘‘∞¿∏»ƒ»‡‹ƒƒ¿ƒ‡Ã‹–ÿƒ¿»∞¿∏¿¿–‰Ã‡‡‡ÿÃ»Ã‹ÃÃƒƒƒ‘∞¿∏¿∞¿∏¿∞¿∏¿∞¿∏¿‘¿‰»¿–»‡ƒ»ÿƒ––‹‹∞Ãƒ‰∞ƒÿ–ƒ∞±ôÖ±Õî±—ïÖµ}…ïçΩπç•±•Ö—•Ωπ}Öπë}ç’……ïπ—}›ïï≠±Â}…Ω±î(»¿»ÿ∞ƒ±A}›	≈ƒ±ÖπîÅ•Õïπµïπùï»±}%10±%±±•πΩ•Ã±E±U±Q…’î∞»¿»ÿ¥¿‰¥¿—P¿ƒË¿¡h∞–¿ƒ‡‘‡–»–∞–»∏¿∞‘‘∏‘∞¿∏¿±1=\±!% ±	Ω—ïÖ¥Å…ΩÕ—ï»∞∞¿∏ƒÃ‹»‹ƒÃ–ÿ‘–‰»¿»¿Ã±›ïï¨ƒµÿƒ∏¿∞»¿»ÿ¥¿‡¥Ã¡PƒÿËƒ‘Ë¿¿¨¿¿Ë¿¿∞¿∏¿∞¿∏¿∞¿∏¿∞¿∏¿∞¿∏¿∞¿∏¿‹ƒ¿¿ƒ‰Ã‰Ã»‹Ã–ƒÃ‘∞¿∏»¿‡‡‰‹Ã‘‰¿»‘–‹‹‡‘∞¿∏¿¿–‰‹»ÿ‹ÿ¿»Ã»‹ƒ‡ƒ‰∞¿∏¿∞¿∏¿∞¿∏¿∞¿∏¿‘¿‹»‘‹‰»¿–»ƒ‹‡‹∞Ã»¿∞ƒÿ–»∞±ôÖ±Õî±—ïÖµ}…ïçΩπç•±•Ö—•Ωπ}Öπë}ç’……ïπ—}›ïï≠±Â}…Ω±î(»¿»ÿ∞ƒ±A|‰‰‰»ƒ‹Â±IÖ•ëï∏ÅY•πïÃµ	…•ù°–±}MT±…•ÈΩπÑÅM—Ö—î±]H±5Ω…ùÖ∏ÅM—Ö—î±Q…’î∞»¿»ÿ¥¿‰¥¿ŸP¿»Ë¿¡h∞–¿ƒ‡‘ÿ‹‹–∞–‹∏¿∞‘»∏‘∞¿∏¿∞±5=11}=9}Q5}IQL±	Ω—ïÖ¥Å…ΩÕ—ï»∞∞¿∏¿Ã‰Ã‹‡‹‰¿¿¿‰Ã‡‹Ã‘ÿ±›ïï¨ƒµÿƒ∏¿∞»¿»ÿ¥¿‡¥Ã¡PƒÿËƒ‘Ë¿¿¨¿¿Ë¿¿∞¿∏¿∞¿∏¿∞¿∏¿∞¿∏¿∞¿∏¿∞¿∏¿‘–‹ƒƒ‡‰¿‘‰Ã‹‹¿‰Ã–∞¿∏Ãƒ‰ÿ»ÿ»‡»ÿ‹‹ÿ¿‡ÿ∞¿∏¿¿Ãƒƒ‰‡–Ã»–¿ÿ‡ƒÃ‰Ã–∞¿∏¿∞¿∏¿∞¿∏¿∞¿∏¿‘¿ÿ‡ƒÿ‡‹‹ƒƒ‡–‰»»∞‘‹Ã∞ƒÿ–Ã∞±ôÖ±Õî±—ïÖµ}…ïçΩπç•±•Ö—•Ωπ}Öπë}ç’……ïπ—}›ïï≠±Â}…Ω±î(»¿»ÿ∞ƒ±A|Ÿ’¿±)’©‘ÅAΩ¡î±}]%M±]•ÕçΩπÕ•∏±I±9Ω—…îÅÖµî±Ö±Õî∞»¿»ÿ¥¿‰¥¿ŸP»ÃËÃ¡h∞–¿ƒ‡‘‡–Ã‡∞ƒÃ∏‘∞–‹∏‘∞¿∏¿∞±5%U4±	Ω—ïÖ¥Å…ΩÕ—ï»∞∞¿∏¿‹¿¿‰»¿‡»»–‡‘ƒÃ‘±›ïï¨ƒµÿƒ∏¿∞»¿»ÿ¥¿‡¥Ã¡PƒÿËƒ‘Ë¿¿¨¿¿Ë¿¿∞¿∏¿∞¿∏¿∞¿∏¿∞¿∏¿∞¿∏¿∞¿∏¿‡Ãÿÿ¿‘‘Ã‰¿¿‘ƒ»»‰∞¿∏ÃÃ–ƒ‰»‹ƒ‡ÿ‰‹ÿÿ»‘–∞¿∏¿¿»‹–¿ƒ‘‹‹Ã‘¿‘ÿ‹‘Ã∞¿∏¿∞¿∏¿∞¿∏¿∞¿∏¿–‰‡ÿ¿»ƒ‡»‡¿ƒ¿ÿ‹‹∞–‘–∞ƒÿ––∞±ôÖ±Õî±—ïÖµ}…ïçΩπç•±•Ö—•Ωπ}Öπë}ç’……ïπ—}›ïï≠±Â}…Ω±î(»¿»ÿ∞ƒ±A|—»—¿…±5Ö±Öç°§Å5Ö…Õ°Ö±∞±}MT±±Ω…•ëÑÅM—Ö—î±E±M5T±Q…’î∞»¿»ÿ¥¿‰¥¿›P»ÃËÃ¡h∞–¿ƒ‡‘‡»ƒ»∞»‘∏»‘∞‘Ã∏‘∞¿∏¿ƒƒ‹–»‰ƒÿ‹ÿƒƒÿ‘‡‘»±1=\±!% ±	Ω—ïÖ¥Å…ΩÕ—ï»∞∞¿∏»––‹ƒ‡‹‘Ã‘‰ÿ‰ƒ‰––±›ïï¨ƒµÿƒ∏¿∞»¿»ÿ¥¿‡¥Ã¡PƒÿËƒ‘Ë¿¿¨¿¿Ë¿¿∞¿∏¿∞¿∏¿∞¿∏¿∞¿∏¿∞¿∏¿∞¿∏¿‹ÿ‘‹¿‰‘»»Ãƒÿ‡‹Ã‰∞¿∏»ƒ‹»‘‘ÿÃ¿¿–‹‰ƒ‘»ÿ∞¿∏¿¿–‘»ÿƒƒ––ÿ¿–¿ƒ–»ƒ∞¿∏¿∞¿∏¿∞¿∏¿∞¿∏¿–‡‡‡»»–‰‹ÿ‹»¿¿¿‘ÿ∞Ã»ƒ∞ƒÿ–‘∞±ôÖ±Õî±—ïÖµ}…ïçΩπç•±•Ö—•Ωπ}Öπë}ç’……ïπ—}›ïï≠±Â}…Ω±î(»¿»ÿ∞ƒ±A|ÕÕ›»±)Ω°∏ÅΩ±Ÿ•∏±}U±’â’…∏±E±	ÖÂ±Ω»±Q…’î∞»¿»ÿ¥¿‰¥¿’Pƒ‰ËÃ¡h∞–¿ƒ‡‘ÿÿÃÿ∞Ã»∏‹‘∞‘‡∏‘∞¿∏¿±1=\±!% ±	Ω—ïÖ¥Å…ΩÕ—ï»∞∞¿∏ƒ‰‡ƒ–Ã¿ƒ‘»Ãƒ¿–»‹‘±›ïï¨ƒµÿƒ∏¿∞»¿»ÿ¥¿‡¥Ã¡PƒÿËƒ‘Ë¿¿¨¿¿Ë¿¿∞¿∏¿∞¿∏¿∞¿∏¿∞¿∏¿∞¿∏¿∞¿∏¿ÿ‰–‹‘Ãƒ‹»‰‰ƒ»–‹»∞¿∏»Ã–‹‡–¿‡¿‰‹ÿ–‹‘‡»∞¿∏¿¿–»ƒƒ–‰‡ƒÿ‘‘ÿ‡»‰‡∞¿∏¿∞¿∏¿∞¿∏¿∞¿∏¿–‡‹–‹Ã‰‹¿‰ƒ¿‘‹Ã‹∞Ã»»∞ƒÿ–ÿ∞±ôÖ±Õî±—ïÖµ}…ïçΩπç•±•Ö—•Ωπ}Öπë}ç’……ïπ—}›ïï≠±Â}…Ω±î(»¿»ÿ∞ƒ±A|‡‹ÕŸ…±M—’Ö…–Åπë…ï›Ã±}U±’â’…∏±I±	ÖÂ±Ω»±Q…’î∞»¿»ÿ¥¿‰¥¿’Pƒ‰ËÃ¡h∞–¿ƒ‡‘ÿÿÃÿ∞Ã»∏‹‘∞‘‡∏‘∞¿∏¿∞±5%U4±	Ω—ïÖ¥Å…ΩÕ—ï»∞∞¿∏¿–ƒƒ‘‰ÿ¿»‘¿‰‘Ã‰¿–ÿ±›ïï¨ƒµÿƒ∏¿∞»¿»ÿ¥¿‡¥Ã¡PƒÿËƒ‘Ë¿¿¨¿¿Ë¿¿∞¿∏¿∞¿∏¿∞¿∏¿∞¿∏¿∞¿∏¿∞¿∏¿‘‘ÃÃ»ƒ‹ÿÃ‹ƒ‘ÿ»¿Ã‘∞¿∏Ãƒ–‰‰‡‹‡¿‹ÿÃÿ‡‡‹∞¿∏¿¿»‹–ÿ¿Ã¿ÿ–ÿ–ƒ‰‰‹¿‘∞¿∏¿∞¿∏¿∞¿∏¿∞¿∏¿–‹‰‹ÿ¿ÿƒ‰‘–‡‡‡ÿ‰ÿ∞–‘‘∞ƒÿ–‹∞±ôÖ±Õî±—ïÖµ}…ïçΩπç•±•Ö—•Ωπ}Öπë}ç’……ïπ—}›ïï≠±Â}…Ω±î(»¿»ÿ∞ƒ±A}›’¿Ã±IïïÃÅ]•Õî±}5%ML±=±îÅ5•ÕÃ±E±1Ω’•ÕŸ•±±î±Q…’î∞»¿»ÿ¥¿‰¥¿ŸP»ÃËÃ¡h∞–¿ƒ‡‘ÿÿÿƒ∞Ãƒ∏¿∞‘‘∏‘∞¿∏¿¿»¿ÿ–ÿ‘»‡Ã‘ƒ‡–‰Ã»‹±1=\±!% ±	Ω—ïÖ¥Å…ΩÕ—ï»∞∞¿∏ƒ‡‘ÃÃ‹Ã‰»‹ƒ»ÿ‹‹»–±›ïï¨ƒµÿƒ∏¿∞»¿»ÿ¥¿‡¥Ã¡PƒÿËƒ‘Ë¿¿¨¿¿Ë¿¿∞¿∏¿∞¿∏¿∞¿∏¿∞¿∏¿∞¿∏¿∞¿∏¿‹ƒ‹ÿ‹‰–‰‰ƒÿ»‹ƒ»‡∞¿∏»»»‹ÃÃ‹‘ƒ‡‰‘–‡‰–∞¿∏¿¿–»–‹ƒ––¿Ã‹»¿Ã‰––∞¿∏¿∞¿∏¿∞¿∏¿∞¿∏¿–‹‹‘ÿ»Ã‰–ƒ»‹‹»ÿƒ–∞Ã»Ã∞ƒÿ–‡∞±ôÖ±Õî±—ïÖµ}…ïçΩπç•±•Ö—•Ωπ}Öπë}ç’……ïπ—}›ïï≠±Â}…Ω±î(»¿»ÿ∞ƒ±A}¿»’±Ω±ÕΩ∏Å	…Ω›∏±}14±±ïµÕΩ∏±E±1MT±Ö±Õî∞»¿»ÿ¥¿‰¥¿’P»ÃËÃ¡h∞–¿ƒ‡‘ÿÿÿ¿∞»¿∏‘∞‘ƒ∏‘∞¿∏¿±1=\±!% ±	Ω—ïÖ¥Å…ΩÕ—ï»∞∞¿∏Ãƒƒ¿¿–¿‡»Ã‰‹ÿ¿»–±›ïï¨ƒµÿƒ∏¿∞»¿»ÿ¥¿‡¥Ã¡PƒÿËƒ‘Ë¿¿¨¿¿Ë¿¿∞¿∏¿∞¿∏¿∞¿∏¿∞¿∏¿∞¿∏¿∞¿∏¿‡‘Ã¿Ã‰¿‡ÿ¿‡‘ÿÿ‘ƒ∞¿∏»Ã‘ÿ¿‰‹ÿ»‘ÿ‘‹Ãÿÿ‘∞¿∏¿¿–¿ƒƒÃ‡‹‘»‡‰‰‰»–‡∞¿∏¿∞¿∏¿∞¿∏¿∞¿∏¿–‹ÿ»‰Ã¿ƒ–Ã¿‘ÿ‰ƒ‘∞Ã»–∞ƒÿ–‰∞±ôÖ±Õî±—ïÖµ}…ïçΩπç•±•Ö—•Ωπ}Öπë}ç’……ïπ—}›ïï≠±Â}…Ω±î(»¿»ÿ∞ƒ±A|’Ã—‘–»±IÂÖ∏Åi•µµï…µÖ∏±}1=T±1Ω’•ÕŸ•±±î±E±=±îÅ5•ÕÃ±Ö±Õî∞»¿»ÿ¥¿‰¥¿ŸP»ÃËÃ¡h∞–¿ƒ‡‘ÿÿÿƒ∞»–∏‘∞‘‘∏‘∞¿∏¿±1=\±!% ±	Ω—ïÖ¥Å…ΩÕ—ï»∞∞¿∏»‹‡¿‘ƒÿ¿‹ÿ‹ÿ–‹ƒ‰±›ïï¨ƒµÿƒ∏¿∞»¿»ÿ¥¿‡¥Ã¡PƒÿËƒ‘Ë¿¿¨¿¿Ë¿¿∞¿∏¿∞¿∏¿∞¿∏¿∞¿∏¿∞¿∏¿∞¿∏¿ÿ‹‰‡‰ÃÃƒƒ‹»¿»»»‰∞¿∏»ƒ–‡»‰ƒ¿‹Ã‘ÿ¿‰¿‡–∞¿∏¿¿–¿‘»‘‘Ã‡‰–¿‘‡Ã‘‘∞¿∏¿∞¿∏¿∞¿∏¿∞¿∏¿–‘‹‰‡»Ã–¿‰‰‰‘‰»ƒ‘∞Ã»‘∞ƒÿ‘¿∞±ôÖ±Õî±—ïÖµ}…ïçΩπç•±•Ö—•Ωπ}Öπë}ç’……ïπ—}›ïï≠±Â}…Ω±î(»¿»ÿ∞ƒ±A|≈‘–—	±-Öëï∏Å5Ö…—•∏±}1MT±1MT±E±±ïµÕΩ∏±Q…’î∞»¿»ÿ¥¿‰¥¿’P»ÃËÃ¡h∞–¿ƒ‡‘ÿÿÿ¿∞Ãƒ∏¿∞‘ƒ∏‘∞¿∏¿±1=\±!% ±	Ω—ïÖ¥Å…ΩÕ—ï»∞∞¿∏»ÿÿ‘‡‰‰ÃÃ‘–ƒ‘ÃÃ»±›ïï¨ƒµÿƒ∏¿∞»¿»ÿ¥¿‡¥Ã¡PƒÿËƒ‘Ë¿¿¨¿¿Ë¿¿∞¿∏¿∞¿∏¿∞¿∏¿∞¿∏¿∞¿∏¿∞¿∏¿ÿ‹Ã¿‡‹ƒ»‡Ã¿‡–‹‰‡∞¿∏ƒ‰ƒƒ¿‹Ã»¿¿‹ƒ‘¿‰»∞¿∏¿¿––ƒ–ƒ‡ƒ‘‡»‹–¿ƒÃ‡∞¿∏¿∞¿∏¿∞¿∏¿∞¿∏¿–‘‘‰‘‡»ƒ‘¿Ã‘‰ƒ‹‘∞Ã»ÿ∞ƒÿ‘ƒ∞±ôÖ±Õî±—ïÖµ}…ïçΩπç•±•Ö—•Ωπ}Öπë}ç’……ïπ—}›ïï≠±Â}…Ω±î(»¿»ÿ∞ƒ±A}‡…‡—±]•±∞Å5Âï…Ã±}U±’â’…∏±E±	ÖÂ±Ω»±Q…’î∞»¿»ÿ¥¿‰¥¿’Pƒ‰ËÃ¡h∞–¿ƒ‡‘ÿÿÃÿ∞Ã»∏‹‘∞‘‡∏‘∞¿∏¿±1=\±!% ±	Ω—ïÖ¥Å…ΩÕ—ï»∞∞¿∏ƒ‡–ÿÃÃ»ÿ–ƒ‰»‘ÿ»ÿ‘±›ïï¨ƒµÿƒ∏¿∞»¿»ÿ¥¿‡¥Ã¡PƒÿËƒ‘Ë¿¿¨¿¿Ë¿¿∞¿∏¿∞¿∏¿∞¿∏¿∞¿∏¿∞¿∏¿∞¿∏¿ÿ–‹Ã‡ÃÿÃ‡–ÿ‰ƒƒÿ‹∞¿∏»ƒ‡‹‹ÿ¿‹‘–‘‘Ã‘»‘∞¿∏¿¿Ã‰»–Ã‘¿‘ÿÃÃ‹¿–ÿƒ∞¿∏¿∞¿∏¿∞¿∏¿∞¿∏¿–‘–»Ã‹ƒ¿‰»‘‹‘‡¿ƒ∞Ã»‹∞ƒÿ‘»∞±ôÖ±Õî±—ïÖµ}…ïçΩπç•±•Ö—•Ωπ}Öπë}ç’……ïπ—}›ïï≠±Â}…Ω±î(»¿»ÿ∞ƒ±A|Ÿ¡›‡±°ÖÕîÅ!ï…âÕ—…ï•–±}5% ±5•ç°•ùÖ∏±E±]ïÕ—ï…∏Å5•ç°•ùÖ∏±Q…’î∞»¿»ÿ¥¿‰¥¿’P»ÃËÃ¡h∞–¿ƒ‡‘‡–»‡∞Ã‡∏¿∞–‡∏‘∞¿∏¿¿¿»‹ƒ‹ÿÿ¿ƒ‹ÿÿÃ––‹»ÿ±1=\±!% ±	Ω—ïÖ¥Å…ΩÕ—ï»∞∞¿∏ƒ¿–‰‰‰»¿‘–‡Ã»»–‡‘±›ïï¨ƒµÿƒ∏¿∞»¿»ÿ¥¿‡¥Ã¡PƒÿËƒ‘Ë¿¿¨¿¿Ë¿¿∞¿∏¿∞¿∏¿∞¿∏¿∞¿∏¿∞¿∏¿∞¿∏¿‘Ã‰‘‰‰¿ƒ‹‡‡‘ÿƒ‹‘‘∞¿∏ƒ‡‹‰ÿ‘ƒ‡¿¿ƒƒ¿»»ÃÃ∞¿∏¿¿–¿ÿ‡ÿ‘Ãƒ‘‹‘ƒ¿¿–Ã∞¿∏¿∞¿∏¿∞¿∏¿∞¿∏¿–Ã»¿‡–Ãÿ‰–ÿƒÿ»‘∞Ã»‡∞ƒÿ‘Ã∞±ôÖ±Õî±—ïÖµ}…ïçΩπç•±•Ö—•Ωπ}Öπë}ç’……ïπ—}›ïï≠±Â}…Ω±î(»¿»ÿ∞ƒ±A}	‘Õ‡Ÿ±5ÖÕΩ∏Å•ï±ëÃ±}1=T±1Ω’•ÕŸ•±±î±E±=±îÅ5•ÕÃ±Ö±Õî∞»¿»ÿ¥¿‰¥¿ŸP»ÃËÃ¡h∞–¿ƒ‡‘ÿÿÿƒ∞»–∏‘∞‘‘∏‘∞¿∏¿±1=\±!% ±	Ω—ïÖ¥Å…ΩÕ—ï»∞∞¿∏»‘‹‹¿ÿÃÿ‡¿‰¿Ã‡‡ÿ±›ïï¨ƒµÿƒ∏¿∞»¿»ÿ¥¿‡¥Ã¡PƒÿËƒ‘Ë¿¿¨¿¿Ë¿¿∞¿∏¿∞¿∏¿∞¿∏¿∞¿∏¿∞¿∏¿∞¿∏¿ÿÃ¿ƒ–‘¿»¿ÿƒ‡‹–Ã–∞¿∏ƒ‰‰ƒ¿‰‰¿–Ã‹‡‡ƒ‘‰∞¿∏¿¿Ã‹‘ÿ¿»‘‘ÿ¿Ã–ÿ‹ÿ‹‡∞¿∏¿∞¿∏¿∞¿∏¿∞¿∏¿–»––‹ƒ–Ã‹‰‰‰ÿ»»∞Ã»‰∞ƒÿ‘–∞±ôÖ±Õî±—ïÖµ}…ïçΩπç•±•Ö—•Ωπ}Öπë}ç’……ïπ—}›ïï≠±Â}…Ω±î(»¿»ÿ∞ƒ±A}	‘ÃÂ≈±	…ÂÕΩ∏Å	ïÖŸï»±}U±ïΩ…ù•Ñ±E±QïππïÕÕïîÅM—Ö—î±Q…’î∞»¿»ÿ¥¿‰¥¿’Pƒ‰Ë¿¡h∞–¿ƒ‡‘ÿÿ‘‡∞‘ƒ∏‘∞‘ÿ∏‘∞¿∏¿±1=\±!% ±	Ω—ïÖ¥Å…ΩÕ—ï»∞∞¿∏ƒ–¿¿–Ã‹ƒÃ¿ÿ‡ÿ¿‹ƒÃ±›ïï¨ƒµÿƒ∏¿∞»¿»ÿ¥¿‡¥Ã¡PƒÿËƒ‘Ë¿¿¨¿¿Ë¿¿∞¿∏¿∞¿∏¿∞¿∏¿∞¿∏¿∞¿∏¿∞¿∏¿‘ÿ‹–Ã‡‹‡»‘¿ƒÃÿ‰ƒ∞¿∏ƒ‹»‡‘––Ã¿ÿÿ‡Ã‰»Ã∞¿∏¿¿–ƒ‹ÃÃ–ƒ‹ƒ‹‡ƒ‹»¿Ã∞¿∏¿∞¿∏¿∞¿∏¿∞¿∏¿–»Ã»‘–‰ÃÃ‹Ã‹–»––‘∞ÃÃ¿∞ƒÿ‘‘∞±ôÖ±Õî±—ïÖµ}…ïçΩπç•±•Ö—•Ωπ}Öπë}ç’……ïπ—}›ïï≠±Â}…Ω±î(»¿»ÿ∞ƒ±A|Â…≈ÿ±)Ö≠îÅ	Ωâº±}U±ïΩ…ù•Ñ±E±QïππïÕÕïîÅM—Ö—î±Q…’î∞»¿»ÿ¥¿‰¥¿’Pƒ‰Ë¿¡h∞–¿ƒ‡‘ÿÿ‘‡∞‘ƒ∏‘∞‘ÿ∏‘∞¿∏¿±1=\±!% ±	Ω—ïÖ¥Å…ΩÕ—ï»∞∞¿∏ƒ–¿¿–Ã‹ƒÃ¿ÿ‡ÿ¿‹ƒÃ±›ïï¨ƒµÿƒ∏¿∞»¿»ÿ¥¿‡¥Ã¡PƒÿËƒ‘Ë¿¿¨¿¿Ë¿¿∞¿∏¿∞¿∏¿∞¿∏¿∞¿∏¿∞¿∏¿∞¿∏¿‘ÿ‹–Ã‡‹‡»‘¿ƒÃÿ‰ƒ∞¿∏ƒ‹»‡‘––Ã¿ÿÿ‡Ã‰»Ã∞¿∏¿¿–ƒ‹ÃÃ–ƒ‹ƒ‹‡ƒ‹»¿Ã∞¿∏¿∞¿∏¿∞¿∏¿∞¿∏¿–»Ã»‘–‰ÃÃ‹Ã‹–»––‘∞ÃÃƒ∞ƒÿ‘ÿ∞±ôÖ±Õî±—ïÖµ}…ïçΩπç•±•Ö—•Ωπ}Öπë}ç’……ïπ—}›ïï≠±Â}…Ω±î(»¿»ÿ∞ƒ±A|›ÿ‰‹ƒ›±]ÖëîÅAïπ∏±}U±ïΩ…ù•Ñ±I±QïππïÕÕïîÅM—Ö—î±Q…’î∞»¿»ÿ¥¿‰¥¿’Pƒ‰Ë¿¡h∞–¿ƒ‡‘ÿÿ‘‡∞‘ƒ∏‘∞‘ÿ∏‘∞¿∏¿∞±5%U4±	Ω—ïÖ¥Å…ΩÕ—ï»∞∞¿∏¿Ãƒ‰ÿƒ––‰Ã‘‰ÿÃ¿»ÿÿ±›ïï¨ƒµÿƒ∏¿∞»¿»ÿ¥¿‡¥Ã¡PƒÿËƒ‘Ë¿¿¨¿¿Ë¿¿∞¿∏¿∞¿∏¿∞¿∏¿∞¿∏¿∞¿∏¿∞¿∏¿–‡ƒƒÃ‡ƒƒ‡‘Ã–ƒ¿–¿–∞¿∏»–ÿ–‹¿ÿƒÃ‡¿–»¿–»–∞¿∏¿¿»‡‰ÿ‡»ƒ‡»‰¿Ã–ÿƒÃ∞¿∏¿∞¿∏¿∞¿∏¿∞¿∏¿–»¿»‹‰‰»Ã‘–ÿ»‡ƒ¿‘∞–‘ÿ∞ƒÿ‘‹∞±ôÖ±Õî±—ïÖµ}…ïçΩπç•±•Ö—•Ωπ}Öπë}ç’……ïπ—}›ïï≠±Â}…Ω±î(»¿»ÿ∞ƒ±A|‘·‹Õ±1ΩùÖ∏ÅAÖÂπî±}	eT±	eT±I±U—Ö†ÅQïç†±Q…’î∞»¿»ÿ¥¿‰¥¿ŸP¿¿Ë¿¡h∞–¿ƒ‡‘ÿ‹‹‘∞‘»∏‘∞‘–∏‘∞¿∏¿∞±5%U4±	Ω—ïÖ¥Å…ΩÕ—ï»∞∞¿∏¿Ã»»¿ÿ‹–‡¿‹‘ƒ‰–‡»±›ïï¨ƒµÿƒ∏¿∞»¿»ÿ¥¿‡¥Ã¡PƒÿËƒ‘Ë¿¿¨¿¿Ë¿¿∞¿∏¿∞¿∏¿∞¿∏¿∞¿∏¿∞¿∏¿∞¿∏¿–Ã–‡»‘ÿÿÃƒ¿‘ÿÿ–‡∞¿∏»‘ÿ‘Ã»»‡–ƒ‰»‡ÿÿƒ∞¿∏¿¿»‹¿‹ÿƒ»Ã–‹‹Ã‰¿ƒ‰∞¿∏¿∞¿∏¿∞¿∏¿∞¿∏¿–ƒ‡‰‡‰¿»‘¿‘‹»¿‹»–∞–‘‹∞ƒÿ‘‡∞±ôÖ±Õî±—ïÖµ}…ïçΩπç•±•Ö—•Ωπ}Öπë}ç’……ïπ—}›ïï≠±Â}…Ω±î(»¿»ÿ∞ƒ±A|»‡ÿ‘‹‡»–±Ω±îÅ1ï•πÖ…–±}M5T±M5T±E±±Ω…•ëÑÅM—Ö—î±Ö±Õî∞»¿»ÿ¥¿‰¥¿›P»ÃËÃ¡h∞–¿ƒ‡‘‡»ƒ»∞»‡∏»‘∞‘Ã∏‘∞¿∏¿¿ƒƒÃ‰‰–‰‰‡‡‰¿¿¿Ã‘ÿ±1=\±!% ±	Ω—ïÖ¥Å…ΩÕ—ï»∞∞¿∏ƒ‘–ÿ‘ƒ‰ÿÿÃ¿ÿ‹¿Ãÿ±›ïï¨ƒµÿƒ∏¿∞»¿»ÿ¥¿‡¥Ã¡PƒÿËƒ‘Ë¿¿¨¿¿Ë¿¿∞¿∏¿∞¿∏¿∞¿∏¿∞¿∏¿∞¿∏¿∞¿∏¿ÿÃ‹‘ÿ–ƒ¿‰ÿ‹ƒ–‰ƒ–∞¿∏ƒ‡ÿÿ»‡Ãÿ–Ãÿ‰ÿ»‘Ã‡∞¿∏¿¿Ã‡Ã‘‘¿‡‰‡‘‡ÿ»ÿ‹ÿ∞¿∏¿∞¿∏¿∞¿∏¿∞¿∏¿–ƒÿ‹‘‡‰¿Ã‘»ƒÃ‡‘‰∞ÃÃ»∞ƒÿ‘‰∞±ôÖ±Õî±—ïÖµ}…ïçΩπç•±•Ö—•Ωπ}Öπë}ç’……ïπ—}›ïï≠±Â}…Ω±î(»¿»ÿ∞ƒ±A|≈‘›ÿ›±ïΩ…ùîÅ!ÖµÕ±ï‰±}5%ML±=±îÅ5•ÕÃ±E±1Ω’•ÕŸ•±±î±Q…’î∞»¿»ÿ¥¿‰¥¿ŸP»ÃËÃ¡h∞–¿ƒ‡‘ÿÿÿƒ∞Ãƒ∏¿∞‘‘∏‘∞¿∏¿±1=\±!% ±	Ω—ïÖ¥Å…ΩÕ—ï»∞∞¿∏ƒ‘‹–‹»»ÿÃ»‡‘ÿ‡Ã–»±›ïï¨ƒµÿƒ∏¿∞»¿»ÿ¥¿‡¥Ã¡PƒÿËƒ‘Ë¿¿¨¿¿Ë¿¿∞¿∏¿∞¿∏¿∞¿∏¿∞¿∏¿∞¿∏¿∞¿∏¿ÿ¿‰‹‹‹‹Ã»Ã––¿ƒ»‰∞¿∏ƒ‡‰»–ÿƒ–‰‰‰‘‘‡‡–∞¿∏¿¿Ãÿ¿‡‘‰Ã‡‰‘‰‹–‘»»‹∞¿∏¿∞¿∏¿∞¿∏¿∞¿∏¿–¿‘‹ÿƒ‹‡Ã‹‘–¿‘‰‹‘∞ÃÃÃ∞ƒÿÿ¿∞±ôÖ±Õî±—ïÖµ}…ïçΩπç•±•Ö—•Ωπ}Öπë}ç’……ïπ—}›ïï≠±Â}…Ω±î(»¿»ÿ∞ƒ±A}≈·¡±	ïÖ‘Å)Öç≠ÕΩ∏±}A%QP±A•—–±E±5•Öµ§Ä°= §±Q…’î∞»¿»ÿ¥¿‰¥¿’PƒÿËÃ¡h∞–¿ƒ‡‘‡»¿‹∞ÃÃ∏¿∞–‰∏‘∞¿∏¿¿»ÿÿ‹–‰‰–ƒÃ‡ƒ‹ÿ¿Ã‹±1=\±!% ±	Ω—ïÖ¥Å…ΩÕ—ï»∞∞¿∏ƒ––¿‰‘–‹ÃÿÃ‡»‘–»ÿ±›ïï¨ƒµÿƒ∏¿∞»¿»ÿ¥¿‡¥Ã¡PƒÿËƒ‘Ë¿¿¨¿¿Ë¿¿∞¿∏¿∞¿∏¿∞¿∏¿∞¿∏¿∞¿∏¿∞¿∏¿ÿÃ»¿ƒ‘‡ƒ‹‹–Ã»‹ƒ‰∞¿∏ƒ‹‰Ãÿƒ»¿Ã‘Ã‡‘ƒ‰ƒ‹∞¿∏¿¿Ã‘‡‘‘‰‘»Ã–ƒƒÃƒ¿ÿ∞¿∏¿∞¿∏¿∞¿∏¿∞¿∏¿Ã‰––‰ÿ‰ƒ‹‘‡‘Ã¿‘‘∞ÃÃ–∞ƒÿÿƒ∞±ôÖ±Õî±—ïÖµ}…ïçΩπç•±•Ö—•Ωπ}Öπë}ç’……ïπ—}›ïï≠±Â}…Ω±î(»¿»ÿ∞ƒ±A}–‹ƒ‡ÿ—±I•ç≠‰Å)Ω°πÕΩ∏±}UQ ±U—Ö†±]H±%ëÖ°º±Q…’î∞»¿»ÿ¥¿‰¥¿—P¿ƒË¿¡h∞–¿ƒ‡‘ÿ‹ÿ‡∞–‘∏¿∞‘ÿ∏‘∞¿∏¿∞±5=11}=9}Q5}IQL±	Ω—ïÖ¥Å…ΩÕ—ï»∞∞¿∏¿»‡‰ƒÃÿƒ‡¿»‹–‘‘»ƒ‹±›ïï¨ƒµÿƒ∏¿∞»¿»ÿ¥¿‡¥Ã¡PƒÿËƒ‘Ë¿¿¨¿¿Ë¿¿∞¿∏¿∞¿∏¿∞¿∏¿∞¿∏¿∞¿∏¿∞¿∏¿Ã‡‘‹ÿ‘‘‹¿‘‰‹ÿÃƒ‰∞¿∏»–ÿ‹Ãÿ¿‹‹ÿƒƒ‡¿‰ƒÿ∞¿∏¿¿»ƒ‡¿‹–‡‡‹»‰‡¿‰¿ƒ∞¿∏¿∞¿∏¿∞¿∏¿∞¿∏¿Ã‹‹‘‡ƒ¿¿‰‰‰¿ÿÿÃ»∞‘‹–∞ƒÿÿ»∞±ôÖ±Õî±—ïÖµ}…ïçΩπç•±•Ö—•Ωπ}Öπë}ç’……ïπ—}›ïï≠±Â}…Ω±î(»¿»ÿ∞ƒ±A|»’…’»±)Öç¨ÅAÖ——ï…ÕΩ∏±}5%ML±=±îÅ5•ÕÃ±E±1Ω’•ÕŸ•±±î±Q…’î∞»¿»ÿ¥¿‰¥¿ŸP»ÃËÃ¡h∞–¿ƒ‡‘ÿÿÿƒ∞Ãƒ∏¿∞‘‘∏‘∞¿∏¿±1=\±!% ±	Ω—ïÖ¥Å…ΩÕ—ï»∞∞¿∏ƒ–¿Ã‘‘‹ƒ»‰»‡‘–Ã‰±›ïï¨ƒµÿƒ∏¿∞»¿»ÿ¥¿‡¥Ã¡PƒÿËƒ‘Ë¿¿¨¿¿Ë¿¿∞¿∏¿∞¿∏¿∞¿∏¿∞¿∏¿∞¿∏¿∞¿∏¿‘–Ã–‰‹‘––¿–‘‹‘¿‘–∞¿∏ƒÿ‡ÿ‹‘‰ƒÿÃ¿¿–ƒ‘‹ÿ∞¿∏¿¿Ã»ƒÿÃ‘‘–»‰¿»¿‹ÿ‰ÿ∞¿∏¿∞¿∏¿∞¿∏¿∞¿∏¿Ãÿƒÿ‘‹»–»¿–ƒÿÿƒ‰–∞ÃÃ‘∞ƒÿÿÃ∞±ôÖ±Õî±—ïÖµ}…ïçΩπç•±•Ö—•Ωπ}Öπë}ç’……ïπ—}›ïï≠±Â}…Ω±î(»¿»ÿ∞ƒ±A}‰Õ·Õ±QÂÕïï»ÅïπµÖ…¨±}YP±Y•…ù•π•ÑÅQïç†±]H±Y5$±Q…’î∞»¿»ÿ¥¿‰¥¿’P»ÃËÃ¡h∞–¿ƒ‡‘‡»ƒƒ∞‘–∏‘∞‘‹∏‘∞¿∏¿∞±5=11}=9}Q5}IQL±	Ω—ïÖ¥Å…ΩÕ—ï»∞∞¿∏¿»ÿ‡ƒ–‹ƒ‰»Ã‹‘‘»ÃÃÿ±›ïï¨ƒµÿƒ∏¿∞»¿»ÿ¥¿‡¥Ã¡PƒÿËƒ‘Ë¿¿¨¿¿Ë¿¿∞¿∏¿∞¿∏¿∞¿∏¿∞¿∏¿∞¿∏¿∞¿∏¿Ã‡‘‘»Ã‘¿ÿ»–ƒ»»‰‘–∞¿∏»ƒÿ¿‘–»‘––»»‡‡‹ÿ∞¿∏¿¿»»‡Ã»Ãÿ––‹Ã‰‹»‘»∞¿∏¿∞¿∏¿∞¿∏¿∞¿∏¿Ã‘Ã¿–‡––ƒ»ÿÿ‹»»‹∞‘‹‘∞ƒÿÿ–∞±ôÖ±Õî±—ïÖµ}…ïçΩπç•±•Ö—•Ωπ}Öπë}ç’……ïπ—}›ïï≠±Â}…Ω±î(»¿»ÿ∞ƒ±A}	ƒÿ‡’±Ω±—ï»Å•π∏±}U±ïΩ…ù•Ñ±E±QïππïÕÕïîÅM—Ö—î±Q…’î∞»¿»ÿ¥¿‰¥¿’Pƒ‰Ë¿¡h∞–¿ƒ‡‘ÿÿ‘‡∞‘ƒ∏‘∞‘ÿ∏‘∞¿∏¿¿¿»‹‰‘‹‰‹Ãÿ‹‹¿‡ÿ‹‰ÿ±1=\±!% ±	Ω—ïÖ¥Å…ΩÕ—ï»∞∞¿∏ƒƒ»ƒ‰ƒ»‡‡‹‡‘‡»‘‹‘±›ïï¨ƒµÿƒ∏¿∞»¿»ÿ¥¿‡¥Ã¡PƒÿËƒ‘Ë¿¿¨¿¿Ë¿¿∞¿∏¿∞¿∏¿∞¿∏¿∞¿∏¿∞¿∏¿∞¿∏¿–‘–‘‡––¿‹–¿Ã‘‹¿‹∞¿∏ƒÃ‡–‹ÿ–‡ÿ‘–‰¿‹»ƒÿ∞¿∏¿¿ÃÃ–ÃÃÃƒ‹¿–ƒ»–Ã»ÃÃ∞¿∏¿∞¿∏¿∞¿∏¿∞¿∏¿ÃÃ‰¿‹ÿÃ‡‡‹‰ÿ‘Ãƒÿ∞ÃÃÿ∞ƒÿÿ‘∞±ôÖ±Õî±—ïÖµ}…ïçΩπç•±•Ö—•Ωπ}Öπë}ç’……ïπ—}›ïï≠±Â}…Ω±î(»¿»ÿ∞ƒ±A|¿–»Â»Ã‹±Ω…â•∏Å1Ö•Õ’…î±}=1<±Ω±Ω…Öëº±Q±ïΩ…ù•ÑÅQïç†±Ö±Õî∞»¿»ÿ¥¿‰¥¿—P¿¿Ë¿¡h∞–¿ƒ‡‘ÿ‹‹ÿ∞»»∏¿∞‘¿∏‘∞¿∏¿∞±5=11}=9}Q5}IQL±	Ω—ïÖ¥Å…ΩÕ—ï»∞∞¿∏¿»‰‹ÿ‘¿Ã‰‰‘‰‹¿»‰‰–±›ïï¨ƒµÿƒ∏¿∞»¿»ÿ¥¿‡¥Ã¡PƒÿËƒ‘Ë¿¿¨¿¿Ë¿¿∞¿∏¿∞¿∏¿∞¿∏¿∞¿∏¿∞¿∏¿∞¿∏¿∞¿∏¿∞¿∏¿∞¿∏¿ƒ‘ÿ‡»‹Ã‰‰‰‘‘‘–Ã»∞¿∏ƒ¿ƒƒƒ‰»–ƒ»»‰Ã¿ƒÿ‘∞¿∏¿¿ƒ»»ÿÃƒ‰¿‰‰‹Ã‡‹Ã‰–∞¿∏¿ÃÃƒ‘»‘‹‡‹ƒÿ‰ƒÿ‰»–∞»‰‡∞ƒÿÿÿ∞±ôÖ±Õî±—ïÖµ}…ïçΩπç•±•Ö—•Ωπ}Öπë}ç’……ïπ—}›ïï≠±Â}…Ω±î(»¿»ÿ∞ƒ±A|»»ÿ‹—»»±	…Öë‰Å-Ω¡ï—Ë±}=1<±Ω±Ω…Öëº±Q±ïΩ…ù•ÑÅQïç†±Ö±Õî∞»¿»ÿ¥¿‰¥¿—P¿¿Ë¿¡h∞–¿ƒ‡‘ÿ‹‹ÿ∞»»∏¿∞‘¿∏‘∞¿∏¿∞±5=11}=9}Q5}IQL±	Ω—ïÖ¥Å…ΩÕ—ï»∞∞¿∏¿»‰¿¿¿ÿ¿‡‹‘ÿ‡‡‘‘‹ÿ±›ïï¨ƒµÿƒ∏¿∞»¿»ÿ¥¿‡¥Ã¡PƒÿËƒ‘Ë¿¿¨¿¿Ë¿¿∞¿∏¿∞¿∏¿∞¿∏¿∞¿∏¿∞¿∏¿∞¿∏¿∞¿∏¿∞¿∏¿∞¿∏¿ƒ‘»‹‰‰‹»‰‰‹»‹Ãÿ»‡∞¿∏¿‰‡‘»»»‹‡Ã‹»ÿ‰¿Ãÿ∞¿∏¿¿ƒƒ‰–‡»–‘–‡»»¿‘ÿ‰Ã∞¿∏¿Ã»Ã¿ƒƒ–‡ƒ»Ã‡ÿÿ¿‡∞»‰‰∞ƒÿÿ‹∞±ôÖ±Õî±—ïÖµ}…ïçΩπç•±•Ö—•Ωπ}Öπë}ç’……ïπ—}›ïï≠±Â}…Ω±î(»¿»ÿ∞ƒ±A|ÿ»¿¿‘‡—±)•µµ‰Å…Öπç•Ã±}M±MΩ’—†ÅÖ…Ω±•πÑ±E±-ïπ–ÅM—Ö—î±Q…’î∞»¿»ÿ¥¿‰¥¿’PƒÿË–’h∞–¿ƒ‡‘ÿÿÿ‘∞–‘∏¿∞‘Ã∏‘∞¿∏¿±1=\±!% ±	Ω—ïÖ¥Å…ΩÕ—ï»∞∞¿∏¿‹Ã‘‰¿‘‰¿‹–‰ƒ‹‡–±›ïï¨ƒµÿƒ∏¿∞»¿»ÿ¥¿‡¥Ã¡PƒÿËƒ‘Ë¿¿¨¿¿Ë¿¿∞¿∏¿∞¿∏¿∞¿∏¿∞¿∏¿∞¿∏¿∞¿∏¿Ã‘ÿ‡‘ÃÃ‘‹‡‰Ã–¿ƒ‘–∞¿∏ƒ¿‘ÿ‹ÃÃÃÃÃÃ‡–‡–»‘∞¿∏¿¿»»‹¿‡»‰ÿ–ÿ–ÿ––‰¿Ã∞¿∏¿∞¿∏¿∞¿∏¿∞¿∏¿»–ƒ‰»Ãƒƒ»ƒ»ÿÃ‘Ã‹∞ÃÃ‹∞ƒÿÿ‡∞±ôÖ±Õî±—ïÖµ}…ïçΩπç•±•Ö—•Ωπ}Öπë}ç’……ïπ—}›ïï≠±Â}…Ω±î(»¿»ÿ∞ƒ±A|¿Õƒ‰»‰–±Ö¥Å9ï—›Ω∏±}=1<±Ω±Ω…Öëº±I±ïΩ…ù•ÑÅQïç†±Ö±Õî∞»¿»ÿ¥¿‰¥¿—P¿¿Ë¿¡h∞–¿ƒ‡‘ÿ‹‹ÿ∞»»∏¿∞‘¿∏‘∞¿∏¿∞±5%U4±	Ω—ïÖ¥Å…ΩÕ—ï»∞∞¿∏¿»ÿ‹‰¿‡‹‹‰Ã‘‹»‹‘ÿ±›ïï¨ƒµÿƒ∏¿∞»¿»ÿ¥¿‡¥Ã¡PƒÿËƒ‘Ë¿¿¨¿¿Ë¿¿∞¿∏¿∞¿∏¿∞¿∏¿∞¿∏¿∞¿∏¿∞¿∏¿Ãÿƒƒ‰¿¿ÿ‡‘ÿ‰‹ƒ‹»‘∞¿∏ƒ–‰ÿ‘¿‹‘–‹¿‹‘‰–»‰∞¿∏¿¿ƒ–¿–‰‘–ƒ¿Ã»»–»–ÿ‡∞¿∏¿∞¿∏¿∞¿∏¿∞¿∏¿»ÃÃ‰–‡¿¿¿‰¿ƒ¿–‰ƒ∞–‘‡∞ƒÿÿ‰∞±ôÖ±Õî±—ïÖµ}…ïçΩπç•±•Ö—•Ωπ}Öπë}ç’……ïπ—}›ïï≠±Â}…Ω±î(»¿»ÿ∞ƒ±A|–‡·›‡±Ωë‰Å)Ω…ëÖ∏±}=1<±Ω±Ω…Öëº±I±ïΩ…ù•ÑÅQïç†±Ö±Õî∞»¿»ÿ¥¿‰¥¿—P¿¿Ë¿¡h∞–¿ƒ‡‘ÿ‹‹ÿ∞»»∏¿∞‘¿∏‘∞¿∏¿∞±5%U4±	Ω—ïÖ¥Å…ΩÕ—ï»∞∞¿∏¿»ÿ‹‰¿‡‹‹‰Ã‘‹»‹‘ÿ±›ïï¨ƒµÿƒ∏¿∞»¿»ÿ¥¿‡¥Ã¡PƒÿËƒ‘Ë¿¿¨¿¿Ë¿¿∞¿∏¿∞¿∏¿∞¿∏¿∞¿∏¿∞¿∏¿∞¿∏¿Ãÿƒƒ‰¿¿ÿ‡‘ÿ‰‹ƒ‹»‘∞¿∏ƒ–‰ÿ‘¿‹‘–‹¿‹‘‰–»‰∞¿∏¿¿ƒ–¿–‰‘–ƒ¿Ã»»–»–ÿ‡∞¿∏¿∞¿∏¿∞¿∏¿∞¿∏¿»ÃÃ‰–‡¿¿¿‰¿ƒ¿–‰ƒ∞–‘‰∞ƒÿ‹¿∞±ôÖ±Õî±—ïÖµ}…ïçΩπç•±•Ö—•Ωπ}Öπë}ç’……ïπ—}›ïï≠±Â}…Ω±î(»¿»ÿ∞ƒ±A|›’≈‘±1ïΩπÖ…ëºÅYÖ±±î±}=1<±Ω±Ω…Öëº±I±ïΩ…ù•ÑÅQïç†±Ö±Õî∞»¿»ÿ¥¿‰¥¿—P¿¿Ë¿¡h∞–¿ƒ‡‘ÿ‹‹ÿ∞»»∏¿∞‘¿∏‘∞¿∏¿∞±5%U4±	Ω—ïÖ¥Å…ΩÕ—ï»∞∞¿∏¿»ÿ‹‰¿‡‹‹‰Ã‘‹»‹‘ÿ±›ïï¨ƒµÿƒ∏¿∞»¿»ÿ¥¿‡¥Ã¡PƒÿËƒ‘Ë¿¿¨¿¿Ë¿¿∞¿∏¿∞¿∏¿∞¿∏¿∞¿∏¿∞¿∏¿∞¿∏¿Ãÿƒƒ‰¿¿ÿ‡‘ÿ‰‹ƒ‹»‘∞¿∏ƒ–‰ÿ‘¿‹‘–‹¿‹‘‰–»‰∞¿∏¿¿ƒ–¿–‰‘–ƒ¿Ã»»–»–ÿ‡∞¿∏¿∞¿∏¿∞¿∏¿∞¿∏¿»ÃÃ‰–‡¿¿¿‰¿ƒ¿–‰ƒ∞–ÿ¿∞ƒÿ‹ƒ∞±ôÖ±Õî±—ïÖµ}…ïçΩπç•±•Ö—•Ωπ}Öπë}ç’……ïπ—}›ïï≠±Â}…Ω±î(»¿»ÿ∞ƒ±A}…‘–‰±5ÖŸï…•ç¨ÅïÕ≠î±}%9±%πë•ÖπÑ±E±9Ω…—†ÅQï·ÖÃ±Q…’î∞»¿»ÿ¥¿‰¥¿’PƒÿË¿¡h∞–¿ƒ‡‘‡–»‘∞–‡∏¿∞‘‘∏‘∞¿∏¿¿ƒÃ‡»‰‘–¿–ÿÿÿ¿‰»‘±1=\±!% ±	Ω—ïÖ¥Å…ΩÕ—ï»∞∞¿∏¿‘¿¿‰––¿»¿‘‹‰¿‡Ã‘±›ïï¨ƒµÿƒ∏¿∞»¿»ÿ¥¿‡¥Ã¡PƒÿËƒ‘Ë¿¿¨¿¿Ë¿¿∞¿∏¿∞¿∏¿∞¿∏¿∞¿∏¿∞¿∏¿∞¿∏¿»‡‰ÿÃ»‡‘¿‡ƒÿƒ‹–‡‘∞¿∏¿‰‘Ã‰»‰ƒ¿ƒ‘‡¿ƒƒ–Ã∞¿∏¿¿»¿»‹‰ÿÃ‡‡»Ã‰‡¿‹‡‘∞¿∏¿∞¿∏¿∞¿∏¿∞¿∏¿»ƒ‹¿‹¿‹–Ãƒ¿ƒ‡‰ÿƒÃ∞ÃÃ‡∞ƒÿ‹»∞±ôÖ±Õî±—ïÖµ}…ïçΩπç•±•Ö—•Ωπ}Öπë}ç’……ïπ—}›ïï≠±Â}…Ω±î(»¿»ÿ∞ƒ±A|‘≈¿¿ÿÂ±)Öç¨Å]°•—ï°Ω’Õî±}5%±5•Öµ§±I±M—ÖπôΩ…ê±Ö±Õî∞»¿»ÿ¥¿‰¥¿’P¿ƒË¿¡h∞–¿ƒ‡‘‡»¿ÿ∞Ãÿ∏¿∞–‹∏‘∞¿∏¿∞±5%U4±	Ω—ïÖ¥Å…ΩÕ—ï»∞∞¿∏¿ƒ‡Ã¿‡‘Ã‹‡¿ƒ‹‡¿¿‡Ã±›ïï¨ƒµÿƒ∏¿∞»¿»ÿ¥¿‡¥Ã¡PƒÿËƒ‘Ë¿¿¨¿¿Ë¿¿∞¿∏¿∞¿∏¿∞¿∏¿∞¿∏¿∞¿∏¿∞¿∏¿»‘¿ÿ‘ƒÃƒ–‘ÿÃ»»¿‰»∞¿∏ƒÃƒ–»‘‘‘‰ÿ‹‰ƒƒ‡‘ÿ∞¿∏¿¿ƒÃÿ‰Ã‹‹‡‡ÿ‰‘‘ÿƒ»∞¿∏¿∞¿∏¿∞¿∏¿∞¿∏¿»ƒÃ‘‡‡»Ã»‡‰ÿ–‘‘Ã∞–ÿƒ∞ƒÿ‹Ã∞±ôÖ±Õî±—ïÖµ}…ïçΩπç•±•Ö—•Ωπ}Öπë}ç’……ïπ—}›ïï≠±Â}…Ω±î(»¿»ÿ∞ƒ±A|‹–›’‡‘±Qï……ï±∞Å]Ö±ëï∏Å%$±}5%±5•Öµ§±I±M—ÖπôΩ…ê±Ö±Õî∞»¿»ÿ¥¿‰¥¿’P¿ƒË¿¡h∞–¿ƒ‡‘‡»¿ÿ∞Ãÿ∏¿∞–‹∏‘∞¿∏¿∞±5%U4±	Ω—ïÖ¥Å…ΩÕ—ï»∞∞¿∏¿ƒ‡Ã¿‡‘Ã‹‡¿ƒ‹‡¿¿‡Ã±›ïï¨ƒµÿƒ∏¿∞»¿»ÿ¥¿‡¥Ã¡PƒÿËƒ‘Ë¿¿¨¿¿Ë¿¿∞¿∏¿∞¿∏¿∞¿∏¿∞¿∏¿∞¿∏¿∞¿∏¿»‘¿ÿ‘ƒÃƒ–‘ÿÃ»»¿‰»∞¿∏ƒÃƒ–»‘‘‘‰ÿ‹‰ƒƒ‡‘ÿ∞¿∏¿¿ƒÃÿ‰Ã‹‹‡‡ÿ‰‘‘ÿƒ»∞¿∏¿∞¿∏¿∞¿∏¿∞¿∏¿»ƒÃ‘‡‡»Ã»‡‰ÿ–‘‘Ã∞–ÿ»∞ƒÿ‹–∞±ôÖ±Õî±—ïÖµ}…ïçΩπç•±•Ö—•Ωπ}Öπë}ç’……ïπ—}›ïï≠±Â}…Ω±î(»¿»ÿ∞ƒ±A|ÿ›–ƒ±Ö¥ÅYÖ’ù°∏±}5%±5•Öµ§±]H±M—ÖπôΩ…ê±Ö±Õî∞»¿»ÿ¥¿‰¥¿’P¿ƒË¿¡h∞–¿ƒ‡‘‡»¿ÿ∞Ãÿ∏¿∞–‹∏‘∞¿∏¿∞±5=11}=9}Q5}IQL±	Ω—ïÖ¥Å…ΩÕ—ï»∞∞¿∏¿ƒÿƒ¿ÿ¿ƒ‹¿‹Ã‹ÿ‰–¿‹±›ïï¨ƒµÿƒ∏¿∞»¿»ÿ¥¿‡¥Ã¡PƒÿËƒ‘Ë¿¿¨¿¿Ë¿¿∞¿∏¿∞¿∏¿∞¿∏¿∞¿∏¿∞¿∏¿∞¿∏¿»»¿¿»‰‹–ÿ‘‘–Ã¿ƒ∞¿∏ƒƒ‘»»ÿÃ–‹‡¿ÿ»»‘‰‡∞¿∏¿¿ƒ»ƒƒ–ƒÿƒƒƒ‘‘‰¿‹‡∞¿∏¿∞¿∏¿∞¿∏¿∞¿∏¿ƒ‡‹‰ƒƒÃƒ––‰‰‹‹¿ÿ‘∞‘‹ÿ∞ƒÿ‹‘∞±ôÖ±Õî±—ïÖµ}…ïçΩπç•±•Ö—•Ωπ}Öπë}ç’……ïπ—}›ïï≠±Â}…Ω±î(»¿»ÿ∞ƒ±A|—ÿ‘Õ	¿±IÂÖ∏Å!Ω¡≠•πÃ±}]%M±]•ÕçΩπÕ•∏±E±9Ω—…îÅÖµî±Ö±Õî∞»¿»ÿ¥¿‰¥¿ŸP»ÃËÃ¡h∞–¿ƒ‡‘‡–Ã‡∞ƒÃ∏‘∞–‹∏‘∞¿∏¿¿‡ƒÿÿÃÃ»‘‡»ƒ‹–»‰‘±1=\±!% ±	Ω—ïÖ¥Å…ΩÕ—ï»∞∞¿∏ƒ‹‡ƒ»‘ƒ¿Ã»¿‰‘ÿ–ÿ‡±›ïï¨ƒµÿƒ∏¿∞»¿»ÿ¥¿‡¥Ã¡PƒÿËƒ‘Ë¿¿¨¿¿Ë¿¿∞¿∏¿∞¿∏¿∞¿∏¿∞¿∏¿∞¿∏¿∞¿∏¿Ã‘ÿ‰‡–Ã–‡‰ÿ‡Ã¿‰‘∞¿∏¿‡–ÿÃ»»–‡‡»‡‰¿‹‡‹∞¿∏¿¿ƒ–ƒ‹ƒ‡Ã–‰‰‰‘»¿‹»∞¿∏¿∞¿∏¿∞¿∏¿∞¿∏¿ƒÿ‰ÿÿÃ»‘‡‡»ÿ¿Ã»ƒ‹∞ÃÃ‰∞ƒÿ‹ÿ∞±ôÖ±Õî±—ïÖµ}…ïçΩπç•±•Ö—•Ωπ}Öπë}ç’……ïπ—}›ïï≠±Â}…Ω±î(»¿»ÿ∞ƒ±A|‰ÿÕ‡–ÿ±(ÅAï—ï…Õï∏±}%MT±%Ω›ÑÅM—Ö—î±Q±MΩ’—°ïÖÕ–Å5•ÕÕΩ’…§ÅM—Ö—î±Q…’î∞»¿»ÿ¥¿‰¥¿’Pƒ‹Ë¿¡h∞–¿ƒ‡‘ÿ‹‹‰∞–ƒ∏‘∞‘Ã∏‘∞¿∏¿∞±5=11}=9}Q5}IQL±	Ω—ïÖ¥Å…ΩÕ—ï»∞∞¿∏¿±›ïï¨ƒµÿƒ∏¿∞»¿»ÿ¥¿‡¥Ã¡PƒÿËƒ‘Ë¿¿¨¿¿Ë¿¿∞¿∏¿∞¿∏¿∞¿∏¿∞¿∏¿∞¿∏¿∞¿∏¿∞¿∏¿∞¿∏¿∞¿∏¿∞¿∏¿∞¿∏¿∞¿∏¿∞Ã¿¿∞ƒÿ‹‹∞±ôÖ±Õî±—ïÖµ}…ïçΩπç•±•Ö—•Ωπ}Öπë}ç’……ïπ—}›ïï≠±Â}…Ω±î(»¿»ÿ∞ƒ±A|ƒ·ÿ›ƒ»±Ö…Ω∏Å	•ë›ï±∞±}=I±=…ïùΩ∏±]H±	Ω•ÕîÅM—Ö—î±Q…’î∞»¿»ÿ¥¿‰¥¿’Pƒ‰ËÃ¡h∞–¿ƒ‡‘‡–ÃÃ∞Ã‡∏¿∞‘ƒ∏‘∞¿∏¿∞±5=11}=9}Q5}IQL±	Ω—ïÖ¥Å…ΩÕ—ï»∞∞¿∏¿±›ïï¨ƒµÿƒ∏¿∞»¿»ÿ¥¿‡¥Ã¡PƒÿËƒ‘Ë¿¿¨¿¿Ë¿¿∞¿∏¿∞¿∏¿∞¿∏¿∞¿∏¿∞¿∏¿∞¿∏¿∞¿∏¿∞¿∏¿∞¿∏¿∞¿∏¿∞¿∏¿∞¿∏¿∞‘‹‹∞ƒÿ‹‡∞±ôÖ±Õî±—ïÖµ}…ïçΩπç•±•Ö—•Ωπ}Öπë}ç’……ïπ—}›ïï≠±Â}…Ω±î(»¿»ÿ∞ƒ±A}¿ÃŸ—±çîÅ•ΩπùΩ±§±}1±±Ω…•ëÑ±]H±±Ω…•ëÑÅ—±Öπ—•å±Q…’î∞»¿»ÿ¥¿‰¥¿’P»ÃË–’h∞–¿ƒ‡‘ÿÿÃ‹∞–Ã∏‘∞‘‰∏‘∞¿∏¿∞±5=11}=9}Q5}IQL±	Ω—ïÖ¥Å…ΩÕ—ï»∞∞¿∏¿±›ïï¨ƒµÿƒ∏¿∞»¿»ÿ¥¿‡¥Ã¡PƒÿËƒ‘Ë¿¿¨¿¿Ë¿¿∞¿∏¿∞¿∏¿∞¿∏¿∞¿∏¿∞¿∏¿∞¿∏¿∞¿∏¿∞¿∏¿∞¿∏¿∞¿∏¿∞¿∏¿∞¿∏¿∞‘‹‡∞ƒÿ‹‰∞±ôÖ±Õî±—ïÖµ}…ïçΩπç•±•Ö—•Ωπ}Öπë}ç’……ïπ—}›ïï≠±Â}…Ω±î(»¿»ÿ∞ƒ±A|‹¡·‘±ëÖ¥Å!Ω›Öπ•—Ë±}A%QP±A•—–±Q±5•Öµ§Ä°= §±Q…’î∞»¿»ÿ¥¿‰¥¿’PƒÿËÃ¡h∞–¿ƒ‡‘‡»¿‹∞ÃÃ∏¿∞–‰∏‘∞¿∏¿∞±5=11}=9}Q5}IQL±	Ω—ïÖ¥Å…ΩÕ—ï»∞∞¿∏¿±›ïï¨ƒµÿƒ∏¿∞»¿»ÿ¥¿‡¥Ã¡PƒÿËƒ‘Ë¿¿¨¿¿Ë¿¿∞¿∏¿∞¿∏¿∞¿∏¿∞¿∏¿∞¿∏¿∞¿∏¿∞¿∏¿∞¿∏¿∞¿∏¿∞¿∏¿∞¿∏¿∞¿∏¿∞Ã¿ƒ∞ƒÿ‡¿∞±ôÖ±Õî±—ïÖµ}…ïçΩπç•±•Ö—•Ωπ}Öπë}ç’……ïπ—}›ïï≠±Â}…Ω±î(»¿»ÿ∞ƒ±A|Ã≈–Ÿƒ‰±ëÖ¥Å5Ω±•—Ω»±}5%h±5•ÕÕΩ’…§±Q±…≠ÖπÕÖÃµA•πîÅ	±’ôò±Q…’î∞»¿»ÿ¥¿‰¥¿—P¿¿Ë¿¡h∞–¿ƒ‡‘ÿÿÿÃ∞‘‹∏‘∞ÿ¿∏‘∞¿∏¿∞±5=11}=9}Q5}IQL±	Ω—ïÖ¥Å…ΩÕ—ï»∞∞¿∏¿±›ïï¨ƒµÿƒ∏¿∞»¿»ÿ¥¿‡¥Ã¡PƒÿËƒ‘Ë¿¿¨¿¿Ë¿¿∞¿∏¿∞¿∏¿∞¿∏¿∞¿∏¿∞¿∏¿∞¿∏¿∞¿∏¿∞¿∏¿∞¿∏¿∞¿∏¿∞¿∏¿∞¿∏¿∞Ã¿»∞ƒÿ‡ƒ∞±ôÖ±Õî±—ïÖµ}…ïçΩπç•±•Ö—•Ωπ}Öπë}ç’……ïπ—}›ïï≠±Â}…Ω±î(»¿»ÿ∞ƒ±A|ÿ‡—Â–»±•ëï∏Å	±Öç¨±}MQ8±M—ÖπôΩ…ê±Q±5•Öµ§±Q…’î∞»¿»ÿ¥¿‰¥¿’P¿ƒË¿¡h∞–¿ƒ‡‘‡»¿ÿ∞ƒƒ∏‘∞–‹∏‘∞¿∏¿∞±5=11}=9}Q5}IQL±	Ω—ïÖ¥Å…ΩÕ—ï»∞∞¿∏¿±›ïï¨ƒµÿƒ∏¿∞»¿»ÿ¥¿‡¥Ã¡PƒÿËƒ‘Ë¿¿¨¿¿Ë¿¿∞¿∏¿∞¿∏¿∞¿∏¿∞¿∏¿∞¿∏¿∞¿∏¿∞¿∏¿∞¿∏¿∞¿∏¿∞¿∏¿∞¿∏¿∞¿∏¿∞Ã¿Ã∞ƒÿ‡»∞±ôÖ±Õî±—ïÖµ}…ïçΩπç•±•Ö—•Ωπ}Öπë}ç’……ïπ—}›ïï≠±Â}…Ω±î(»¿»ÿ∞ƒ±A}Õ‰Ÿ±µÖ†Åù›‘±}A%QP±A•—–±]H±5•Öµ§Ä°= §±Q…’î∞»¿»ÿ¥¿‰¥¿’PƒÿËÃ¡h∞–¿ƒ‡‘‡»¿‹∞ÃÃ∏¿∞–‰∏‘∞¿∏¿∞±5=11}=9}Q5}IQL±	Ω—ïÖ¥Å…ΩÕ—ï»∞∞¿∏¿±›ïï¨ƒµÿƒ∏¿∞»¿»ÿ¥¿‡¥Ã¡PƒÿËƒ‘Ë¿¿¨¿¿Ë¿¿∞¿∏¿∞¿∏¿∞¿∏¿∞¿∏¿∞¿∏¿∞¿∏¿∞¿∏¿∞¿∏¿∞¿∏¿∞¿∏¿∞¿∏¿∞¿∏¿∞‘‹‰∞ƒÿ‡Ã∞±ôÖ±Õî±—ïÖµ}…ïçΩπç•±•Ö—•Ωπ}Öπë}ç’……ïπ—}›ïï≠±Â}…Ω±î(»¿»ÿ∞ƒ±A|‹¿‰ÿÃ»–ƒ±µÖ…§ÅMÖâà±}1±±ÖâÖµÑ±]H±ÖÕ–ÅÖ…Ω±•πÑ±Q…’î∞»¿»ÿ¥¿‰¥¿’PƒÿË¿¡h∞–¿ƒ‡‘ÿÿÃ–∞–ƒ∏¿∞‘Ã∏‘∞¿∏¿∞±5=11}=9}Q5}IQL±	Ω—ïÖ¥Å…ΩÕ—ï»∞∞¿∏¿±›ïï¨ƒµÿƒ∏¿∞»¿»ÿ¥¿‡¥Ã¡PƒÿËƒ‘Ë¿¿¨¿¿Ë¿¿∞¿∏¿∞¿∏¿∞¿∏¿∞¿∏¿∞¿∏¿∞¿∏¿∞¿∏¿∞¿∏¿∞¿∏¿∞¿∏¿∞¿∏¿∞¿∏¿∞‘‡¿∞ƒÿ‡–∞±ôÖ±Õî±—ïÖµ}…ïçΩπç•±•Ö—•Ωπ}Öπë}ç’……ïπ—}›ïï≠±Â}…Ω±î(»¿»ÿ∞ƒ±A|Ã»…≈‘±µÖ…§ÅYÖ±ï…•ºµ!’ëÕΩ∏±}=MT±=°•ºÅM—Ö—î±]H±	Ö±∞ÅM—Ö—î±Q…’î∞»¿»ÿ¥¿‰¥¿’PƒÿËÃ¡h∞–¿ƒ‡‘‡–Ã»∞‘Ã∏‘∞‘ÿ∏‘∞¿∏¿∞±5=11}=9}Q5}IQL±	Ω—ïÖ¥Å…ΩÕ—ï»∞∞¿∏¿±›ïï¨ƒµÿƒ∏¿∞»¿»ÿ¥¿‡¥Ã¡PƒÿËƒ‘Ë¿¿¨¿¿Ë¿¿∞¿∏¿∞¿∏¿∞¿∏¿∞¿∏¿∞¿∏¿∞¿∏¿∞¿∏¿∞¿∏¿∞¿∏¿∞¿∏¿∞¿∏¿∞¿∏¿∞‘‡ƒ∞ƒÿ‡‘∞±ôÖ±Õî±—ïÖµ}…ïçΩπç•±•Ö—•Ωπ}Öπë}ç’……ïπ—}›ïï≠±Â}…Ω±î(»¿»ÿ∞ƒ±A|‰‡—ƒ‘‘±πë…ïÑÅAÖ…•Õ§±}U±U±]H±	ï—°’πîµΩΩ≠µÖ∏±Q…’î∞»¿»ÿ¥¿‰¥¿ÕP»ÃË¿¡h∞–¿ƒ‡‘ÿ‹ÿ‹∞‘¿∏‘∞‘‡∏‘∞¿∏¿∞±5=11}=9}Q5}IQL±	Ω—ïÖ¥Å…ΩÕ—ï»∞∞¿∏¿±›ïï¨ƒµÿƒ∏¿∞»¿»ÿ¥¿‡¥Ã¡PƒÿËƒ‘Ë¿¿¨¿¿Ë¿¿∞¿∏¿∞¿∏¿∞¿∏¿∞¿∏¿∞¿∏¿∞¿∏¿∞¿∏¿∞¿∏¿∞¿∏¿∞¿∏¿∞¿∏¿∞¿∏¿∞‘‡»∞ƒÿ‡ÿ∞±ôÖ±Õî±—ïÖµ}…ïçΩπç•±•Ö—•Ωπ}Öπë}ç’……ïπ—}›ïï≠±Â}…Ω±î(»¿»ÿ∞ƒ±A}¿›‘‡±πë…ï‹Åë≠•ÕΩ∏±}AUH±A’…ë’î±]H±%πë•ÖπÑÅM—Ö—î±Q…’î∞»¿»ÿ¥¿‰¥¿—P»ÃË¿¡h∞–¿ƒ‡‘‡–Ã‘∞–ÿ∏¿∞‘ÿ∏‘∞¿∏¿∞±5=11}=9}Q5}IQL±	Ω—ïÖ¥Å…ΩÕ—ï»∞∞¿∏¿±›ïï¨ƒµÿƒ∏¿∞»¿»ÿ¥¿‡¥Ã¡PƒÿËƒ‘Ë¿¿¨¿¿Ë¿¿∞¿∏¿∞¿∏¿∞¿∏¿∞¿∏¿∞¿∏¿∞¿∏¿∞¿∏¿∞¿∏¿∞¿∏¿∞¿∏¿∞¿∏¿∞¿∏¿∞‘‡Ã∞ƒÿ‡‹∞±ôÖ±Õî±—ïÖµ}…ïçΩπç•±•Ö—•Ωπ}Öπë}ç’……ïπ—}›ïï≠±Â}…Ω±î(»¿»ÿ∞ƒ±A}		Ã±π—°Ωπ‰Åù’•……î±}5%ML±=±îÅ5•ÕÃ±]H±1Ω’•ÕŸ•±±î±Q…’î∞»¿»ÿ¥¿‰¥¿ŸP»ÃËÃ¡h∞–¿ƒ‡‘ÿÿÿƒ∞Ãƒ∏¿∞‘‘∏‘∞¿∏¿∞±5=11}=9}Q5}IQL±	Ω—ïÖ¥Å…ΩÕ—ï»∞∞¿∏¿±›ïï¨ƒµÿƒ∏¿∞»¿»ÿ¥¿‡¥Ã¡PƒÿËƒ‘Ë¿¿¨¿¿Ë¿¿∞¿∏¿∞¿∏¿∞¿∏¿∞¿∏¿∞¿∏¿∞¿∏¿∞¿∏¿∞¿∏¿∞¿∏¿∞¿∏¿∞¿∏¿∞¿∏¿∞‘‡–∞ƒÿ‡‡∞±ôÖ±Õî±—ïÖµ}…ïçΩπç•±•Ö—•Ωπ}Öπë}ç’……ïπ—}›ïï≠±Â}…Ω±î(»¿»ÿ∞ƒ±A|·»Â‹±¡Ω±±ºÅAÖÂπî±}%=]±%Ω›Ñ±]H±9Ω…—°ï…∏Å%±±•πΩ•Ã±Q…’î∞»¿»ÿ¥¿‰¥¿’P»¿Ëƒ’h∞–¿ƒ‡‘‡–»ÿ∞Ã‡∏‘∞–‘∏‘∞¿∏¿∞±5=11}=9}Q5}IQL±	Ω—ïÖ¥Å…ΩÕ—ï»∞∞¿∏¿±›ïï¨ƒµÿƒ∏¿∞»¿»ÿ¥¿‡¥Ã¡PƒÿËƒ‘Ë¿¿¨¿¿Ë¿¿∞¿∏¿∞¿∏¿∞¿∏¿∞¿∏¿∞¿∏¿∞¿∏¿∞¿∏¿∞¿∏¿∞¿∏¿∞¿∏¿∞¿∏¿∞¿∏¿∞‘‡‘∞ƒÿ‡‰∞±ôÖ±Õî±—ïÖµ}…ïçΩπç•±•Ö—•Ωπ}Öπë}ç’……ïπ—}›ïï≠±Â}…Ω±î(»¿»ÿ∞ƒ±A}‡ƒÂŸ±…µΩπ§Å]ïÖŸï»µ	ΩµÖ»±}]YT±]ïÕ–ÅY•…ù•π•Ñ±]H±ΩÖÕ—Ö∞ÅÖ…Ω±•πÑ±Q…’î∞»¿»ÿ¥¿‰¥¿’PƒÿË¿¡h∞–¿ƒ‡‘ÿ‹‡¿∞Ã‰∏¿∞‘ÿ∏‘∞¿∏¿∞±5=11}=9}Q5}IQL±	Ω—ïÖ¥Å…ΩÕ—ï»∞∞¿∏¿±›ïï¨ƒµÿƒ∏¿∞»¿»ÿ¥¿‡¥Ã¡PƒÿËƒ‘Ë¿¿¨¿¿Ë¿¿∞¿∏¿∞¿∏¿∞¿∏¿∞¿∏¿∞¿∏¿∞¿∏¿∞¿∏¿∞¿∏¿∞¿∏¿∞¿∏¿∞¿∏¿∞¿∏¿∞‘‡ÿ∞ƒÿ‰¿∞±ôÖ±Õî±—ïÖµ}…ïçΩπç•±•Ö—•Ωπ}Öπë}ç’……ïπ—}›ïï≠±Â}…Ω±î(»¿»ÿ∞ƒ±A}‘ƒ¿‘–Ã±…—°’»Å	Ö∏±}I%h±…•ÈΩπÑ±Q±9Ω…—°ï…∏Å…•ÈΩπÑ±Q…’î∞»¿»ÿ¥¿‰¥¿ŸP¿ƒËÃ¡h∞–¿ƒ‡‘ÿ‹‹Ã∞––∏¿∞‘ÿ∏‘∞¿∏¿∞±5=11}=9}Q5}IQL±	Ω—ïÖ¥Å…ΩÕ—ï»∞∞¿∏¿±›ïï¨ƒµÿƒ∏¿∞»¿»ÿ¥¿‡¥Ã¡PƒÿËƒ‘Ë¿¿¨¿¿Ë¿¿∞¿∏¿∞¿∏¿∞¿∏¿∞¿∏¿∞¿∏¿∞¿∏¿∞¿∏¿∞¿∏¿∞¿∏¿∞¿∏¿∞¿∏¿∞¿∏¿∞Ã¿–∞ƒÿ‰ƒ∞±ôÖ±Õî±—ïÖµ}…ïçΩπç•±•Ö—•Ωπ}Öπë}ç’……ïπ—}›ïï≠±Â}…Ω±î(»¿»ÿ∞ƒ±A}‹»»ÿ‘·±ÕÑÅQ°Ωµ¡ÕΩ∏±}]M ±]ÖÕ°•πù—Ω∏±]H±]ÖÕ°•πù—Ω∏ÅM—Ö—î±Q…’î∞»¿»ÿ¥¿‰¥¿ŸP»¿Ë¿¡h∞–¿ƒ‡‘‡–Ã‹∞Ã‹∏¿∞‘¿∏‘∞¿∏¿∞±5=11}=9}Q5}IQL±	Ω—ïÖ¥Å…ΩÕ—ï»∞∞¿∏¿±›ïï¨ƒµÿƒ∏¿∞»¿»ÿ¥¿‡¥Ã¡PƒÿËƒ‘Ë¿¿¨¿¿Ë¿¿∞¿∏¿∞¿∏¿∞¿∏¿∞¿∏¿∞¿∏¿∞¿∏¿∞¿∏¿∞¿∏¿∞¿∏¿∞¿∏¿∞¿∏¿∞¿∏¿∞‘‡‹∞ƒÿ‰»∞±ôÖ±Õî±—ïÖµ}…ïçΩπç•±•Ö—•Ωπ}Öπë}ç’……ïπ—}›ïï≠±Â}…Ω±î(»¿»ÿ∞ƒ±A|¡—Â––±——•ç’ÃÅ)ΩÕï¡†±}MQ8±M—ÖπôΩ…ê±]H±5•Öµ§±Q…’î∞»¿»ÿ¥¿‰¥¿’P¿ƒË¿¡h∞–¿ƒ‡‘‡»¿ÿ∞ƒƒ∏‘∞–‹∏‘∞¿∏¿∞±5=11}=9}Q5}IQL±	Ω—ïÖ¥Å…ΩÕ—ï»∞∞¿∏¿±›ïï¨ƒµÿƒ∏¿∞»¿»ÿ¥¿‡¥Ã¡PƒÿËƒ‘Ë¿¿¨¿¿Ë¿¿∞¿∏¿∞¿∏¿∞¿∏¿∞¿∏¿∞¿∏¿∞¿∏¿∞¿∏¿∞¿∏¿∞¿∏¿∞¿∏¿∞¿∏¿∞¿∏¿∞‘‡‡∞ƒÿ‰Ã∞±—…’î±—ïÖµ}…ïçΩπç•±•Ö—•Ωπ}Öπë}ç’……ïπ—}›ïï≠±Â}…Ω±î(»¿»ÿ∞ƒ±A|–‰‡¿’ÿÿ±’Õ—•∏ÅIÖ—•ùÖ∏±}9±9Ω—…îÅÖµî±Q±]•ÕçΩπÕ•∏±Q…’î∞»¿»ÿ¥¿‰¥¿ŸP»ÃËÃ¡h∞–¿ƒ‡‘‡–Ã‡∞Ã–∏¿∞–‹∏‘∞¿∏¿∞±5=11}=9}Q5}IQL±	Ω—ïÖ¥Å…ΩÕ—ï»∞∞¿∏¿±›ïï¨ƒµÿƒ∏¿∞»¿»ÿ¥¿‡¥Ã¡PƒÿËƒ‘Ë¿¿¨¿¿Ë¿¿∞¿∏¿∞¿∏¿∞¿∏¿∞¿∏¿∞¿∏¿∞¿∏¿∞¿∏¿∞¿∏¿∞¿∏¿∞¿∏¿∞¿∏¿∞¿∏¿∞Ã¿‘∞ƒÿ‰–∞±ôÖ±Õî±—ïÖµ}…ïçΩπç•±•Ö—•Ωπ}Öπë}ç’……ïπ—}›ïï≠±Â}…Ω±î(»¿»ÿ∞ƒ±A|‹ÿ—Ãƒ±Ÿï…‰Å]•ï—•πú±}14±±ïµÕΩ∏±]H±1MT±Ö±Õî∞»¿»ÿ¥¿‰¥¿’P»ÃËÃ¡h∞–¿ƒ‡‘ÿÿÿ¿∞»¿∏‘∞‘ƒ∏‘∞¿∏¿∞±5=11}=9}Q5}IQL±	Ω—ïÖ¥Å…ΩÕ—ï»∞∞¿∏¿±›ïï¨ƒµÿƒ∏¿∞»¿»ÿ¥¿‡¥Ã¡PƒÿËƒ‘Ë¿¿¨¿¿Ë¿¿∞¿∏¿∞¿∏¿∞¿∏¿∞¿∏¿∞¿∏¿∞¿∏¿∞¿∏¿∞¿∏¿∞¿∏¿∞¿∏¿∞¿∏¿∞¿∏¿∞‘‡‰∞ƒÿ‰‘∞±ôÖ±Õî±—ïÖµ}…ïçΩπç•±•Ö—•Ωπ}Öπë}ç’……ïπ—}›ïï≠±Â}…Ω±î(»¿»ÿ∞ƒ±A|—‰’—‡±ÂëΩ∏Å•ç≠ï±∞±}]%M±]•ÕçΩπÕ•∏±Q±9Ω—…îÅÖµî±Ö±Õî∞»¿»ÿ¥¿‰¥¿ŸP»ÃËÃ¡h∞–¿ƒ‡‘‡–Ã‡∞ƒÃ∏‘∞–‹∏‘∞¿∏¿∞±5=11}=9}Q5}IQL±	Ω—ïÖ¥Å…ΩÕ—ï»∞∞¿∏¿±›ïï¨ƒµÿƒ∏¿∞»¿»ÿ¥¿‡¥Ã¡PƒÿËƒ‘Ë¿¿¨¿¿Ë¿¿∞¿∏¿∞¿∏¿∞¿∏¿∞¿∏¿∞¿∏¿∞¿∏¿∞¿∏¿∞¿∏¿∞¿∏¿∞¿∏¿∞¿∏¿∞¿∏¿∞Ã¿ÿ∞ƒÿ‰ÿ∞±ôÖ±Õî±—ïÖµ}…ïçΩπç•±•Ö—•Ωπ}Öπë}ç’……ïπ—}›ïï≠±Â}…Ω±î(»¿»ÿ∞ƒ±A|‰¡	Ã–‡±	(ÅQ°’…µÖ∏±}%10±%±±•πΩ•Ã±Q±U±Q…’î∞»¿»ÿ¥¿‰¥¿—P¿ƒË¿¡h∞–¿ƒ‡‘‡–»–∞–»∏¿∞‘‘∏‘∞¿∏¿∞±5=11}=9}Q5}IQL±	Ω—ïÖ¥Å…ΩÕ—ï»∞∞¿∏¿±›ïï¨ƒµÿƒ∏¿∞»¿»ÿ¥¿‡¥Ã¡PƒÿËƒ‘Ë¿¿¨¿¿Ë¿¿∞¿∏¿∞¿∏¿∞¿∏¿∞¿∏¿∞¿∏¿∞¿∏¿∞¿∏¿∞¿∏¿∞¿∏¿∞¿∏¿∞¿∏¿∞¿∏¿∞Ã¿‹∞ƒÿ‰‹∞±ôÖ±Õî±—ïÖµ}…ïçΩπç•±•Ö—•Ωπ}Öπë}ç’……ïπ—}›ïï≠±Â}…Ω±î(»¿»ÿ∞ƒ±A|¿·ÿ‰‘—±	Ö…Ω∏Å9ÖΩπî±}]M ±]ÖÕ°•πù—Ω∏±Q±]ÖÕ°•πù—Ω∏ÅM—Ö—î±Q…’î∞»¿»ÿ¥¿‰¥¿ŸP»¿Ë¿¡h∞–¿ƒ‡‘‡–Ã‹∞Ã‹∏¿∞‘¿∏‘∞¿∏¿∞±5=11}=9}Q5}IQL±	Ω—ïÖ¥Å…ΩÕ—ï»∞∞¿∏¿±›ïï¨ƒµÿƒ∏¿∞»¿»ÿ¥¿‡¥Ã¡PƒÿËƒ‘Ë¿¿¨¿¿Ë¿¿∞¿∏¿∞¿∏¿∞¿∏¿∞¿∏¿∞¿∏¿∞¿∏¿∞¿∏¿∞¿∏¿∞¿∏¿∞¿∏¿∞¿∏¿∞¿∏¿∞Ã¿‡∞ƒÿ‰‡∞±ôÖ±Õî±—ïÖµ}…ïçΩπç•±•Ö—•Ωπ}Öπë}ç’……ïπ—}›ïï≠±Â}…Ω±î(»¿»ÿ∞ƒ±A}ÿ¡–Â–±	ï∏Å)Öç≠ÕΩ∏±}1±±ÖâÖµÑ±]H±ÖÕ–ÅÖ…Ω±•πÑ±Q…’î∞»¿»ÿ¥¿‰¥¿’PƒÿË¿¡h∞–¿ƒ‡‘ÿÿÃ–∞–ƒ∏¿∞‘Ã∏‘∞¿∏¿∞±5=11}=9}Q5}IQL±	Ω—ïÖ¥Å…ΩÕ—ï»∞∞¿∏¿±›ïï¨ƒµÿƒ∏¿∞»¿»ÿ¥¿‡¥Ã¡PƒÿËƒ‘Ë¿¿¨¿¿Ë¿¿∞¿∏¿∞¿∏¿∞¿∏¿∞¿∏¿∞¿∏¿∞¿∏¿∞¿∏¿∞¿∏¿∞¿∏¿∞¿∏¿∞¿∏¿∞¿∏¿∞‘‰¿∞ƒÿ‰‰∞±ôÖ±Õî±—ïÖµ}…ïçΩπç•±•Ö—•Ωπ}Öπë}ç’……ïπ—}›ïï≠±Â}…Ω±î(»¿»ÿ∞ƒ±A|≈·	±	ï∏ÅAï—ï…µÖπ∏±}Q98±QïππïÕÕïî±]H±’…µÖ∏±Q…’î∞»¿»ÿ¥¿‰¥¿’Pƒ‰ËÃ¡h∞–¿ƒ‡‘ÿÿÿÿ∞‘ÿ∏‘∞ÿÿ∏‘∞¿∏¿∞±5=11}=9}Q5}IQL±	Ω—ïÖ¥Å…ΩÕ—ï»∞∞¿∏¿±›ïï¨ƒµÿƒ∏¿∞»¿»ÿ¥¿‡¥Ã¡PƒÿËƒ‘Ë¿¿¨¿¿Ë¿¿∞¿∏¿∞¿∏¿∞¿∏¿∞¿∏¿∞¿∏¿∞¿∏¿∞¿∏¿∞¿∏¿∞¿∏¿∞¿∏¿∞¿∏¿∞¿∏¿∞‘‰ƒ∞ƒ‹¿¿∞±ôÖ±Õî±—ïÖµ}…ïçΩπç•±•Ö—•Ωπ}Öπë}ç’……ïπ—}›ïï≠±Â}…Ω±î(»¿»ÿ∞ƒ±A|›‘·’±	ï∏ÅA’¡¡±º±}I,±…≠ÖπÕÖÃ±]H±9Ω…—†Å±ÖâÖµÑ±Q…’î∞»¿»ÿ¥¿‰¥¿’P»¿Ëƒ’h∞–¿ƒ‡‘ÿÿÃ‘∞‘»∏¿∞ÿÃ∏‘∞¿∏¿∞±5=11}=9}Q5}IQL±	Ω—ïÖ¥Å…ΩÕ—ï»∞∞¿∏¿±›ïï¨ƒµÿƒ∏¿∞»¿»ÿ¥¿‡¥Ã¡PƒÿËƒ‘Ë¿¿¨¿¿Ë¿¿∞¿∏¿∞¿∏¿∞¿∏¿∞¿∏¿∞¿∏¿∞¿∏¿∞¿∏¿∞¿∏¿∞¿∏¿∞¿∏¿∞¿∏¿∞¿∏¿∞‘‰»∞ƒ‹¿ƒ∞±ôÖ±Õî±—ïÖµ}…ïçΩπç•±•Ö—•Ωπ}Öπë}ç’……ïπ—}›ïï≠±Â}…Ω±î(»¿»ÿ∞ƒ±A}»Ã‹‰ÿ‹±	ï∏ÅIΩ—°°ÖÖ»±}IUQ±I’—ùï…Ã±Q±5ÖÕÕÖç°’Õï——Ã±Q…’î∞»¿»ÿ¥¿‰¥¿ÕP»»Ë¿¡h∞–¿ƒ‡‘‡–»Ã∞–ƒ∏¿∞‘»∏‘∞¿∏¿∞±5=11}=9}Q5}IQL±	Ω—ïÖ¥Å…ΩÕ—ï»∞∞¿∏¿±›ïï¨ƒµÿƒ∏¿∞»¿»ÿ¥¿‡¥Ã¡PƒÿËƒ‘Ë¿¿¨¿¿Ë¿¿∞¿∏¿∞¿∏¿∞¿∏¿∞¿∏¿∞¿∏¿∞¿∏¿∞¿∏¿∞¿∏¿∞¿∏¿∞¿∏¿∞¿∏¿∞¿∏¿∞Ã¿‰∞ƒ‹¿»∞±ôÖ±Õî±—ïÖµ}…ïçΩπç•±•Ö—•Ωπ}Öπë}ç’……ïπ—}›ïï≠±Â}…Ω±î(»¿»ÿ∞ƒ±A}	ÃŸ±	ïπ©Öµ•∏Å5ç±…ïÖ—†±}U±ïΩ…ù•Ñ±]H±QïππïÕÕïîÅM—Ö—î±Q…’î∞»¿»ÿ¥¿‰¥¿’Pƒ‰Ë¿¡h∞–¿ƒ‡‘ÿÿ‘‡∞‘ƒ∏‘∞‘ÿ∏‘∞¿∏¿∞±5=11}=9}Q5}IQL±	Ω—ïÖ¥Å…ΩÕ—ï»∞∞¿∏¿±›ïï¨ƒµÿƒ∏¿∞»¿»ÿ¥¿‡¥Ã¡PƒÿËƒ‘Ë¿¿¨¿¿Ë¿¿∞¿∏¿∞¿∏¿∞¿∏¿∞¿∏¿∞¿∏¿∞¿∏¿∞¿∏¿∞¿∏¿∞¿∏¿∞¿∏¿∞¿∏¿∞¿∏¿∞‘‰Ã∞ƒ‹¿Ã∞±ôÖ±Õî±—ïÖµ}…ïçΩπç•±•Ö—•Ωπ}Öπë}ç’……ïπ—}›ïï≠±Â}…Ω±î(»¿»ÿ∞ƒ±A|¿ƒ‰Õ‡Â±	ïππ‰Å!ÖÕï±…•ú±}A%QP±A•—–±]H±5•Öµ§Ä°= §±Q…’î∞»¿»ÿ¥¿‰¥¿’PƒÿËÃ¡h∞–¿ƒ‡‘‡»¿‹∞ÃÃ∏¿∞–‰∏‘∞¿∏¿∞±5=11}=9}Q5}IQL±	Ω—ïÖ¥Å…ΩÕ—ï»∞∞¿∏¿±›ïï¨ƒµÿƒ∏¿∞»¿»ÿ¥¿‡¥Ã¡PƒÿËƒ‘Ë¿¿¨¿¿Ë¿¿∞¿∏¿∞¿∏¿∞¿∏¿∞¿∏¿∞¿∏¿∞¿∏¿∞¿∏¿∞¿∏¿∞¿∏¿∞¿∏¿∞¿∏¿∞¿∏¿∞‘‰–∞ƒ‹¿–∞±ôÖ±Õî±—ïÖµ}…ïçΩπç•±•Ö—•Ωπ}Öπë}ç’……ïπ—}›ïï≠±Â}…Ω±î(»¿»ÿ∞ƒ±A}––—≈±	•Õ§Å=›ïπÃ±}AUH±A’…ë’î±]H±%πë•ÖπÑÅM—Ö—î±Q…’î∞»¿»ÿ¥¿‰¥¿—P»ÃË¿¡h∞–¿ƒ‡‘‡–Ã‘∞–ÿ∏¿∞‘ÿ∏‘∞¿∏¿∞±5=11}=9}Q5}IQL±	Ω—ïÖ¥Å…ΩÕ—ï»∞∞¿∏¿±›ïï¨ƒµÿƒ∏¿∞»¿»ÿ¥¿‡¥Ã¡PƒÿËƒ‘Ë¿¿¨¿¿Ë¿¿∞¿∏¿∞¿∏¿∞¿∏¿∞¿∏¿∞¿∏¿∞¿∏¿∞¿∏¿∞¿∏¿∞¿∏¿∞¿∏¿∞¿∏¿∞¿∏¿∞‘‰‘∞ƒ‹¿‘∞±ôÖ±Õî±—ïÖµ}…ïçΩπç•±•Ö—•Ωπ}Öπë}ç’……ïπ—}›ïï≠±Â}…Ω±î(»¿»ÿ∞ƒ±A}‘‘…–»»±	±Ö•ÕîÅ1ÖY•Õ—Ñ±}]M ±]ÖÕ°•πù—Ω∏±]H±]ÖÕ°•πù—Ω∏ÅM—Ö—î±Q…’î∞»¿»ÿ¥¿‰¥¿ŸP»¿Ë¿¡h∞–¿ƒ‡‘‡–Ã‹∞Ã‹∏¿∞‘¿∏‘∞¿∏¿∞±5=11}=9}Q5}IQL±	Ω—ïÖ¥Å…ΩÕ—ï»∞∞¿∏¿±›ïï¨ƒµÿƒ∏¿∞»¿»ÿ¥¿‡¥Ã¡PƒÿËƒ‘Ë¿¿¨¿¿Ë¿¿∞¿∏¿∞¿∏¿∞¿∏¿∞¿∏¿∞¿∏¿∞¿∏¿∞¿∏¿∞¿∏¿∞¿∏¿∞¿∏¿∞¿∏¿∞¿∏¿∞‘‰ÿ∞ƒ‹¿ÿ∞±ôÖ±Õî±—ïÖµ}…ïçΩπç•±•Ö—•Ωπ}Öπë}ç’……ïπ—}›ïï≠±Â}…Ω±î(»¿»ÿ∞ƒ±A|‹ÿÃ‡Õ‘ÿ±	±Ö≠îÅ!ΩùÕ°ΩΩ—ï»±}=-MP±=≠±Ö°ΩµÑÅM—Ö—î±]H±Q’±ÕÑ±Ö±Õî∞»¿»ÿ¥¿‰¥¿’Pƒ‰Ë–’h∞–¿ƒ‡‘ÿ‹‹»∞Ã‹∏»‘∞ÿ¿∏‘∞¿∏¿∞±5=11}=9}Q5}IQL±	Ω—ïÖ¥Å…ΩÕ—ï»∞∞¿∏¿±›ïï¨ƒµÿƒ∏¿∞»¿»ÿ¥¿‡¥Ã¡PƒÿËƒ‘Ë¿¿¨¿¿Ë¿¿∞¿∏¿∞¿∏¿∞¿∏¿∞¿∏¿∞¿∏¿∞¿∏¿∞¿∏¿∞¿∏¿∞¿∏¿∞¿∏¿∞¿∏¿∞¿∏¿∞‘‰‹∞ƒ‹¿‹∞±ôÖ±Õî±—ïÖµ}…ïçΩπç•±•Ö—•Ωπ}Öπë}ç’……ïπ—}›ïï≠±Â}…Ω±î(»¿»ÿ∞ƒ±A|…Â	‡±	±Ö≠îÅIÖùÕëÖ±î±}P±ïΩ…ù•ÑÅQïç†±Q±Ω±Ω…Öëº±Q…’î∞»¿»ÿ¥¿‰¥¿—P¿¿Ë¿¡h∞–¿ƒ‡‘ÿ‹‹ÿ∞»‡∏‘∞‘¿∏‘∞¿∏¿∞±5=11}=9}Q5}IQL±	Ω—ïÖ¥Å…ΩÕ—ï»∞∞¿∏¿±›ïï¨ƒµÿƒ∏¿∞»¿»ÿ¥¿‡¥Ã¡PƒÿËƒ‘Ë¿¿¨¿¿Ë¿¿∞¿∏¿∞¿∏¿∞¿∏¿∞¿∏¿∞¿∏¿∞¿∏¿∞¿∏¿∞¿∏¿∞¿∏¿∞¿∏¿∞¿∏¿∞¿∏¿∞Ãƒ¿∞ƒ‹¿‡∞±ôÖ±Õî±—ïÖµ}…ïçΩπç•±•Ö—•Ωπ}Öπë}ç’……ïπ—}›ïï≠±Â}…Ω±î(»¿»ÿ∞ƒ±A|‡Ÿ–Ÿ‰±	±Ö≠îÅIΩ°…ï»±}U-±’≠î±]H±Q’±Öπî±Q…’î∞»¿»ÿ¥¿‰¥¿’Pƒ‰ËÃ¡h∞–¿ƒ‡‘‡»¿‰∞Ã¿∏¿∞‘¿∏‘∞¿∏¿∞±5=11}=9}Q5}IQL±	Ω—ïÖ¥Å…ΩÕ—ï»∞∞¿∏¿±›ïï¨ƒµÿƒ∏¿∞»¿»ÿ¥¿‡¥Ã¡PƒÿËƒ‘Ë¿¿¨¿¿Ë¿¿∞¿∏¿∞¿∏¿∞¿∏¿∞¿∏¿∞¿∏¿∞¿∏¿∞¿∏¿∞¿∏¿∞¿∏¿∞¿∏¿∞¿∏¿∞¿∏¿∞‘‰‡∞ƒ‹¿‰∞±ôÖ±Õî±—ïÖµ}…ïçΩπç•±•Ö—•Ωπ}Öπë}ç’……ïπ—}›ïï≠±Â}…Ω±î(»¿»ÿ∞ƒ±A|¡‰¿…ÿƒ±	±Ö≠îÅYÖ∏Å	’…ï∏±}9\±9Ω…—°›ïÕ—ï…∏±Q±MΩ’—†ÅÖ≠Ω—ÑÅM—Ö—î±Q…’î∞»¿»ÿ¥¿‰¥¿ŸP¿¿Ë¿¡h∞–¿ƒ‡‘‡–Ãƒ∞»‰∏‘∞–ÿ∏‘∞¿∏¿∞±5=11}=9}Q5}IQL±	Ω—ïÖ¥Å…ΩÕ—ï»∞∞¿∏¿±›ïï¨ƒµÿƒ∏¿∞»¿»ÿ¥¿‡¥Ã¡PƒÿËƒ‘Ë¿¿¨¿¿Ë¿¿∞¿∏¿∞¿∏¿∞¿∏¿∞¿∏¿∞¿∏¿∞¿∏¿∞¿∏¿∞¿∏¿∞¿∏¿∞¿∏¿∞¿∏¿∞¿∏¿∞Ãƒƒ∞ƒ‹ƒ¿∞±ôÖ±Õî±—ïÖµ}…ïçΩπç•±•Ö—•Ωπ}Öπë}ç’……ïπ—}›ïï≠±Â}…Ω±î(»¿»ÿ∞ƒ±A}ƒ¡·–±	…ÖêÅ5ΩÕÕΩ»±}]YT±]ïÕ–ÅY•…ù•π•Ñ±]H±ΩÖÕ—Ö∞ÅÖ…Ω±•πÑ±Q…’î∞»¿»ÿ¥¿‰¥¿’PƒÿË¿¡h∞–¿ƒ‡‘ÿ‹‡¿∞Ã‰∏¿∞‘ÿ∏‘∞¿∏¿∞±5=11}=9}Q5}IQL±	Ω—ïÖ¥Å…ΩÕ—ï»∞∞¿∏¿±›ïï¨ƒµÿƒ∏¿∞»¿»ÿ¥¿‡¥Ã¡PƒÿËƒ‘Ë¿¿¨¿¿Ë¿¿∞¿∏¿∞¿∏¿∞¿∏¿∞¿∏¿∞¿∏¿∞¿∏¿∞¿∏¿∞¿∏¿∞¿∏¿∞¿∏¿∞¿∏¿∞¿∏¿∞‘‰‰∞ƒ‹ƒƒ∞±ôÖ±Õî±—ïÖµ}…ïçΩπç•±•Ö—•Ωπ}Öπë}ç’……ïπ—}›ïï≠±Â}…Ω±î(»¿»ÿ∞ƒ±A|…Âÿ‘ƒƒ±	…Öëï∏ÅΩï±±πï»±}%MT±%Ω›ÑÅM—Ö—î±]H±MΩ’—°ïÖÕ–Å5•ÕÕΩ’…§ÅM—Ö—î±Q…’î∞»¿»ÿ¥¿‰¥¿’Pƒ‹Ë¿¡h∞–¿ƒ‡‘ÿ‹‹‰∞–ƒ∏‘∞‘Ã∏‘∞¿∏¿∞±5=11}=9}Q5}IQL±	Ω—ïÖ¥Å…ΩÕ—ï»∞∞¿∏¿±›ïï¨ƒµÿƒ∏¿∞»¿»ÿ¥¿‡¥Ã¡PƒÿËƒ‘Ë¿¿¨¿¿Ë¿¿∞¿∏¿∞¿∏¿∞¿∏¿∞¿∏¿∞¿∏¿∞¿∏¿∞¿∏¿∞¿∏¿∞¿∏¿∞¿∏¿∞¿∏¿∞¿∏¿∞ÿ¿¿∞ƒ‹ƒ»∞±ôÖ±Õî±—ïÖµ}…ïçΩπç•±•Ö—•Ωπ}Öπë}ç’……ïπ—}›ïï≠±Â}…Ω±î(»¿»ÿ∞ƒ±A}»›·±	…Öïëï∏ÅIΩâ•πÕΩ∏±}!=T±!Ω’Õ—Ω∏±]H±=…ïùΩ∏ÅM—Ö—î±Q…’î∞»¿»ÿ¥¿‰¥¿’PƒÿË¿¡h∞–¿ƒ‡‘ÿ‹‹‡∞Ãÿ∏¿∞‘ƒ∏‘∞¿∏¿∞±5=11}=9}Q5}IQL±	Ω—ïÖ¥Å…ΩÕ—ï»∞∞¿∏¿±›ïï¨ƒµÿƒ∏¿∞»¿»ÿ¥¿‡¥Ã¡PƒÿËƒ‘Ë¿¿¨¿¿Ë¿¿∞¿∏¿∞¿∏¿∞¿∏¿∞¿∏¿∞¿∏¿∞¿∏¿∞¿∏¿∞¿∏¿∞¿∏¿∞¿∏¿∞¿∏¿∞¿∏¿∞ÿ¿ƒ∞ƒ‹ƒÃ∞±ôÖ±Õî±—ïÖµ}…ïçΩπç•±•Ö—•Ωπ}Öπë}ç’……ïπ—}›ïï≠±Â}…Ω±î(»¿»ÿ∞ƒ±A}¡‡‹›±	…ÖïëΩ∏Å	…ïππï»±}=1<±Ω±Ω…Öëº±]H±ïΩ…ù•ÑÅQïç†±Ö±Õî∞»¿»ÿ¥¿‰¥¿—P¿¿Ë¿¡h∞–¿ƒ‡‘ÿ‹‹ÿ∞»»∏¿∞‘¿∏‘∞¿∏¿∞±5=11}=9}Q5}IQL±	Ω—ïÖ¥Å…ΩÕ—ï»∞∞¿∏¿±›ïï¨ƒµÿƒ∏¿∞»¿»ÿ¥¿‡¥Ã¡PƒÿËƒ‘Ë¿¿¨¿¿Ë¿¿∞¿∏¿∞¿∏¿∞¿∏¿∞¿∏¿∞¿∏¿∞¿∏¿∞¿∏¿∞¿∏¿∞¿∏¿∞¿∏¿∞¿∏¿∞¿∏¿∞ÿ¿»∞ƒ‹ƒ–∞±ôÖ±Õî±—ïÖµ}…ïçΩπç•±•Ö—•Ωπ}Öπë}ç’……ïπ—}›ïï≠±Â}…Ω±î(»¿»ÿ∞ƒ±A}›ÿ»’‹±	…Ö•ëï∏ÅM—ïŸïπÃ±}5%98±5•ππïÕΩ—Ñ±]H±ÖÕ—ï…∏Å%±±•πΩ•Ã±Q…’î∞»¿»ÿ¥¿‰¥¿—P¿¿Ë¿¡h∞–¿ƒ‡‘‡–»»∞–‹∏‘∞‘ƒ∏‘∞¿∏¿∞±5=11}=9}Q5}IQL±	Ω—ïÖ¥Å…ΩÕ—ï»∞∞¿∏¿±›ïï¨ƒµÿƒ∏¿∞»¿»ÿ¥¿‡¥Ã¡PƒÿËƒ‘Ë¿¿¨¿¿Ë¿¿∞¿∏¿∞¿∏¿∞¿∏¿∞¿∏¿∞¿∏¿∞¿∏¿∞¿∏¿∞¿∏¿∞¿∏¿∞¿∏¿∞¿∏¿∞¿∏¿∞ÿ¿Ã∞ƒ‹ƒ‘∞±ôÖ±Õî±—ïÖµ}…ïçΩπç•±•Ö—•Ωπ}Öπë}ç’……ïπ—}›ïï≠±Â}…Ω±î(»¿»ÿ∞ƒ±A}Ÿ·‰‰ÿ±	…ÖÂëï∏ÅΩù±î±}U±ïΩ…ù•Ñ±Q±QïππïÕÕïîÅM—Ö—î±Q…’î∞»¿»ÿ¥¿‰¥¿’Pƒ‰Ë¿¡h∞–¿ƒ‡‘ÿÿ‘‡∞‘ƒ∏‘∞‘ÿ∏‘∞¿∏¿∞±5=11}=9}Q5}IQL±	Ω—ïÖ¥Å…ΩÕ—ï»∞∞¿∏¿±›ïï¨ƒµÿƒ∏¿∞»¿»ÿ¥¿‡¥Ã¡PƒÿËƒ‘Ë¿¿¨¿¿Ë¿¿∞¿∏¿∞¿∏¿∞¿∏¿∞¿∏¿∞¿∏¿∞¿∏¿∞¿∏¿∞¿∏¿∞¿∏¿∞¿∏¿∞¿∏¿∞¿∏¿∞Ãƒ»∞ƒ‹ƒÿ∞±ôÖ±Õî±—ïÖµ}…ïçΩπç•±•Ö—•Ωπ}Öπë}ç’……ïπ—}›ïï≠±Â}…Ω±î(»¿»ÿ∞ƒ±A}Â		≈±	…ÖÂëï∏Å5Ö…≠º±}5±5Ö…Â±Öπê±Q±!Öµ¡—Ω∏±Q…’î∞»¿»ÿ¥¿‰¥¿ŸP¿¿Ë¿¡h∞–¿ƒ‡‘‡–»‹∞‘ƒ∏¿∞‘ÿ∏‘∞¿∏¿∞±5=11}=9}Q5}IQL±	Ω—ïÖ¥Å…ΩÕ—ï»∞∞¿∏¿±›ïï¨ƒµÿƒ∏¿∞»¿»ÿ¥¿‡¥Ã¡PƒÿËƒ‘Ë¿¿¨¿¿Ë¿¿∞¿∏¿∞¿∏¿∞¿∏¿∞¿∏¿∞¿∏¿∞¿∏¿∞¿∏¿∞¿∏¿∞¿∏¿∞¿∏¿∞¿∏¿∞¿∏¿∞ÃƒÃ∞ƒ‹ƒ‹∞±ôÖ±Õî±—ïÖµ}…ïçΩπç•±•Ö—•Ωπ}Öπë}ç’……ïπ—}›ïï≠±Â}…Ω±î(»¿»ÿ∞ƒ±A|›‰¿›±	…ÖÂëΩ∏Å±ôΩ…ê±}5% ±5•ç°•ùÖ∏±]H±]ïÕ—ï…∏Å5•ç°•ùÖ∏±Q…’î∞»¿»ÿ¥¿‰¥¿’P»ÃËÃ¡h∞–¿ƒ‡‘‡–»‡∞Ã‡∏¿∞–‡∏‘∞¿∏¿∞±5=11}=9}Q5}IQL±	Ω—ïÖ¥Å…ΩÕ—ï»∞∞¿∏¿±›ïï¨ƒµÿƒ∏¿∞»¿»ÿ¥¿‡¥Ã¡PƒÿËƒ‘Ë¿¿¨¿¿Ë¿¿∞¿∏¿∞¿∏¿∞¿∏¿∞¿∏¿∞¿∏¿∞¿∏¿∞¿∏¿∞¿∏¿∞¿∏¿∞¿∏¿∞¿∏¿∞¿∏¿∞ÿ¿–∞ƒ‹ƒ‡∞±ôÖ±Õî±—ïÖµ}…ïçΩπç•±•Ö—•Ωπ}Öπë}ç’……ïπ—}›ïï≠±Â}…Ω±î(»¿»ÿ∞ƒ±A|ÿ–‘…–—±	…ïππÖ∏Å	’…—Ω∏±}5%±5•Öµ§±]H±M—ÖπôΩ…ê±Ö±Õî∞»¿»ÿ¥¿‰¥¿’P¿ƒË¿¡h∞–¿ƒ‡‘‡»¿ÿ∞Ãÿ∏¿∞–‹∏‘∞¿∏¿∞±5=11}=9}Q5}IQL±	Ω—ïÖ¥Å…ΩÕ—ï»∞∞¿∏¿±›ïï¨ƒµÿƒ∏¿∞»¿»ÿ¥¿‡¥Ã¡PƒÿËƒ‘Ë¿¿¨¿¿Ë¿¿∞¿∏¿∞¿∏¿∞¿∏¿∞¿∏¿∞¿∏¿∞¿∏¿∞¿∏¿∞¿∏¿∞¿∏¿∞¿∏¿∞¿∏¿∞¿∏¿∞ÿ¿‘∞ƒ‹ƒ‰∞±ôÖ±Õî±—ïÖµ}…ïçΩπç•±•Ö—•Ωπ}Öπë}ç’……ïπ—}›ïï≠±Â}…Ω±î(»¿»ÿ∞ƒ±A}Ã·’‘±	…ïππÖ∏ÅMÖ·î±}9\±9Ω…—°›ïÕ—ï…∏±]H±MΩ’—†ÅÖ≠Ω—ÑÅM—Ö—î±Q…’î∞»¿»ÿ¥¿‰¥¿ŸP¿¿Ë¿¡h∞–¿ƒ‡‘‡–Ãƒ∞»‰∏‘∞–ÿ∏‘∞¿∏¿∞±5=11}=9}Q5}IQL±	Ω—ïÖ¥Å…ΩÕ—ï»∞∞¿∏¿±›ïï¨ƒµÿƒ∏¿∞»¿»ÿ¥¿‡¥Ã¡PƒÿËƒ‘Ë¿¿¨¿¿Ë¿¿∞¿∏¿∞¿∏¿∞¿∏¿∞¿∏¿∞¿∏¿∞¿∏¿∞¿∏¿∞¿∏¿∞¿∏¿∞¿∏¿∞¿∏¿∞¿∏¿∞ÿ¿ÿ∞ƒ‹»¿∞±ôÖ±Õî±—ïÖµ}…ïçΩπç•±•Ö—•Ωπ}Öπë}ç’……ïπ—}›ïï≠±Â}…Ω±î(»¿»ÿ∞ƒ±A|¡ÃÕ‡±	…ïππï∏ÅMç°…Öµ¥±}=MT±=°•ºÅM—Ö—î±]H±	Ö±∞ÅM—Ö—î±Q…’î∞»¿»ÿ¥¿‰¥¿’PƒÿËÃ¡h∞–¿ƒ‡‘‡–Ã»∞‘Ã∏‘∞‘ÿ∏‘∞¿∏¿∞±5=11}=9}Q5}IQL±	Ω—ïÖ¥Å…ΩÕ—ï»∞∞¿∏¿±›ïï¨ƒµÿƒ∏¿∞»¿»ÿ¥¿‡¥Ã¡PƒÿËƒ‘Ë¿¿¨¿¿Ë¿¿∞¿∏¿∞¿∏¿∞¿∏¿∞¿∏¿∞¿∏¿∞¿∏¿∞¿∏¿∞¿∏¿∞¿∏¿∞¿∏¿∞¿∏¿∞¿∏¿∞ÿ¿‹∞ƒ‹»ƒ∞±ôÖ±Õî±—ïÖµ}…ïçΩπç•±•Ö—•Ωπ}Öπë}ç’……ïπ—}›ïï≠±Â}…Ω±î(»¿»ÿ∞ƒ±A|Ã»ƒŸ	—±	…ï—–Å±±•Ω—–±}U-±’≠î±Q±Q’±Öπî±Q…’î∞»¿»ÿ¥¿‰¥¿’Pƒ‰ËÃ¡h∞–¿ƒ‡‘‡»¿‰∞Ã¿∏¿∞‘¿∏‘∞¿∏¿∞±5=11}=9}Q5}IQL±	Ω—ïÖ¥Å…ΩÕ—ï»∞∞¿∏¿±›ïï¨ƒµÿƒ∏¿∞»¿»ÿ¥¿‡¥Ã¡PƒÿËƒ‘Ë¿¿¨¿¿Ë¿¿∞¿∏¿∞¿∏¿∞¿∏¿∞¿∏¿∞¿∏¿∞¿∏¿∞¿∏¿∞¿∏¿∞¿∏¿∞¿∏¿∞¿∏¿∞¿∏¿∞Ãƒ–∞ƒ‹»»∞±ôÖ±Õî±—ïÖµ}…ïçΩπç•±•Ö—•Ωπ}Öπë}ç’……ïπ—}›ïï≠±Â}…Ω±î(»¿»ÿ∞ƒ±A}…»»¿‘Ã±	…ïÂ±ï∏Å•±âï…–±}I,±…≠ÖπÕÖÃ±Q±9Ω…—†Å±ÖâÖµÑ±Q…’î∞»¿»ÿ¥¿‰¥¿’P»¿Ëƒ’h∞–¿ƒ‡‘ÿÿÃ‘∞‘»∏¿∞ÿÃ∏‘∞¿∏¿∞±5=11}=9}Q5}IQL±	Ω—ïÖ¥Å…ΩÕ—ï»∞∞¿∏¿±›ïï¨ƒµÿƒ∏¿∞»¿»ÿ¥¿‡¥Ã¡PƒÿËƒ‘Ë¿¿¨¿¿Ë¿¿∞¿∏¿∞¿∏¿∞¿∏¿∞¿∏¿∞¿∏¿∞¿∏¿∞¿∏¿∞¿∏¿∞¿∏¿∞¿∏¿∞¿∏¿∞¿∏¿∞Ãƒ‘∞ƒ‹»Ã∞±ôÖ±Õî±—ïÖµ}…ïçΩπç•±•Ö—•Ωπ}Öπë}ç’……ïπ—}›ïï≠±Â}…Ω±î(»¿»ÿ∞ƒ±A|ƒ—Â–Ÿ±	…Ωç¨Å	ΩÂê±}=MT±=°•ºÅM—Ö—î±]H±	Ö±∞ÅM—Ö—î±Q…’î∞»¿»ÿ¥¿‰¥¿’PƒÿËÃ¡h∞–¿ƒ‡‘‡–Ã»∞‘Ã∏‘∞‘ÿ∏‘∞¿∏¿∞±5=11}=9}Q5}IQL±	Ω—ïÖ¥Å…ΩÕ—ï»∞∞¿∏¿±›ïï¨ƒµÿƒ∏¿∞»¿»ÿ¥¿‡¥Ã¡PƒÿËƒ‘Ë¿¿¨¿¿Ë¿¿∞¿∏¿∞¿∏¿∞¿∏¿∞¿∏¿∞¿∏¿∞¿∏¿∞¿∏¿∞¿∏¿∞¿∏¿∞¿∏¿∞¿∏¿∞¿∏¿∞ÿ¿‡∞ƒ‹»–∞±—…’î±—ïÖµ}…ïçΩπç•±•Ö—•Ωπ}Öπë}ç’……ïπ—}›ïï≠±Â}…Ω±î(»¿»ÿ∞ƒ±A}‹¡··±	…Ωç¨ÅΩôôµÖ∏±}U,±-ïπ—’ç≠‰±]H±eΩ’πùÕ—Ω›∏ÅM—Ö—î±Q…’î∞»¿»ÿ¥¿‰¥¿’Pƒ‹Ë¿¡h∞–¿ƒ‡‘ÿÿ‘‰∞–Ã∏¿∞ÿ»∏‘∞¿∏¿∞±5=11}=9}Q5}IQL±	Ω—ïÖ¥Å…ΩÕ—ï»∞∞¿∏¿±›ïï¨ƒµÿƒ∏¿∞»¿»ÿ¥¿‡¥Ã¡PƒÿËƒ‘Ë¿¿¨¿¿Ë¿¿∞¿∏¿∞¿∏¿∞¿∏¿∞¿∏¿∞¿∏¿∞¿∏¿∞¿∏¿∞¿∏¿∞¿∏¿∞¿∏¿∞¿∏¿∞¿∏¿∞ÿ¿‰∞ƒ‹»‘∞±ôÖ±Õî±—ïÖµ}…ïçΩπç•±•Ö—•Ωπ}Öπë}ç’……ïπ—}›ïï≠±Â}…Ω±î(»¿»ÿ∞ƒ±A}‰ÿ±	…Ωç¨ÅMç°Ω—–±}%9±%πë•ÖπÑ±Q±9Ω…—†ÅQï·ÖÃ±Q…’î∞»¿»ÿ¥¿‰¥¿’PƒÿË¿¡h∞–¿ƒ‡‘‡–»‘∞–‡∏¿∞‘‘∏‘∞¿∏¿∞±5=11}=9}Q5}IQL±	Ω—ïÖ¥Å…ΩÕ—ï»∞∞¿∏¿±›ïï¨ƒµÿƒ∏¿∞»¿»ÿ¥¿‡¥Ã¡PƒÿËƒ‘Ë¿¿¨¿¿Ë¿¿∞¿∏¿∞¿∏¿∞¿∏¿∞¿∏¿∞¿∏¿∞¿∏¿∞¿∏¿∞¿∏¿∞¿∏¿∞¿∏¿∞¿∏¿∞¿∏¿∞Ãƒÿ∞ƒ‹»ÿ∞±ôÖ±Õî±—ïÖµ}…ïçΩπç•±•Ö—•Ωπ}Öπë}ç’……ïπ—}›ïï≠±Â}…Ω±î(»¿»ÿ∞ƒ±A|≈–ÿ–·±	…Ωëï…•ç¨ÅIïëëï∏±}UQ ±U—Ö†±Q±%ëÖ°º±Q…’î∞»¿»ÿ¥¿‰¥¿—P¿ƒË¿¡h∞–¿ƒ‡‘ÿ‹ÿ‡∞–‘∏¿∞‘ÿ∏‘∞¿∏¿∞±5=11}=9}Q5}IQL±	Ω—ïÖ¥Å…ΩÕ—ï»∞∞¿∏¿±›ïï¨ƒµÿƒ∏¿∞»¿»ÿ¥¿‡¥Ã¡PƒÿËƒ‘Ë¿¿¨¿¿Ë¿¿∞¿∏¿∞¿∏¿∞¿∏¿∞¿∏¿∞¿∏¿∞¿∏¿∞¿∏¿∞¿∏¿∞¿∏¿∞¿∏¿∞¿∏¿∞¿∏¿∞Ãƒ‹∞ƒ‹»‹∞±ôÖ±Õî±—ïÖµ}…ïçΩπç•±•Ö—•Ωπ}Öπë}ç’……ïπ—}›ïï≠±Â}…Ω±î(»¿»ÿ∞ƒ±A|‡ÿŸ—»±	…Ωë‰ÅÖ‰±}	d±	ÖÂ±Ω»±]H±’â’…∏±Ö±Õî∞»¿»ÿ¥¿‰¥¿’Pƒ‰ËÃ¡h∞–¿ƒ‡‘ÿÿÃÿ∞»‘∏‹‘∞‘‡∏‘∞¿∏¿∞±5=11}=9}Q5}IQL±	Ω—ïÖ¥Å…ΩÕ—ï»∞∞¿∏¿±›ïï¨ƒµÿƒ∏¿∞»¿»ÿ¥¿‡¥Ã¡PƒÿËƒ‘Ë¿¿¨¿¿Ë¿¿∞¿∏¿∞¿∏¿∞¿∏¿∞¿∏¿∞¿∏¿∞¿∏¿∞¿∏¿∞¿∏¿∞¿∏¿∞¿∏¿∞¿∏¿∞¿∏¿∞ÿƒ¿∞ƒ‹»‡∞±ôÖ±Õî±—ïÖµ}…ïçΩπç•±•Ö—•Ωπ}Öπë}ç’……ïπ—}›ïï≠±Â}…Ω±î(»¿»ÿ∞ƒ±A}·’ÿƒÿ±	…Ωë‰Å)ΩπïÃ±}YP±Y•…ù•π•ÑÅQïç†±Q±Y5$±Q…’î∞»¿»ÿ¥¿‰¥¿’P»ÃËÃ¡h∞–¿ƒ‡‘‡»ƒƒ∞‘–∏‘∞‘‹∏‘∞¿∏¿∞±5=11}=9}Q5}IQL±	Ω—ïÖ¥Å…ΩÕ—ï»∞∞¿∏¿±›ïï¨ƒµÿƒ∏¿∞»¿»ÿ¥¿‡¥Ã¡PƒÿËƒ‘Ë¿¿¨¿¿Ë¿¿∞¿∏¿∞¿∏¿∞¿∏¿∞¿∏¿∞¿∏¿∞¿∏¿∞¿∏¿∞¿∏¿∞¿∏¿∞¿∏¿∞¿∏¿∞¿∏¿∞Ãƒ‡∞ƒ‹»‰∞±ôÖ±Õî±—ïÖµ}…ïçΩπç•±•Ö—•Ωπ}Öπë}ç’……ïπ—}›ïï≠±Â}…Ω±î(»¿»ÿ∞ƒ±A}‹»ÿ»…±	…Ωë‰ÅQΩ±âï…–±}U±ïΩ…ù•Ñ±]H±QïππïÕÕïîÅM—Ö—î±Q…’î∞»¿»ÿ¥¿‰¥¿’Pƒ‰Ë¿¡h∞–¿ƒ‡‘ÿÿ‘‡∞‘ƒ∏‘∞‘ÿ∏‘∞¿∏¿∞±5=11}=9}Q5}IQL±	Ω—ïÖ¥Å…ΩÕ—ï»∞∞¿∏¿±›ïï¨ƒµÿƒ∏¿∞»¿»ÿ¥¿‡¥Ã¡PƒÿËƒ‘Ë¿¿¨¿¿Ë¿¿∞¿∏¿∞¿∏¿∞¿∏¿∞¿∏¿∞¿∏¿∞¿∏¿∞¿∏¿∞¿∏¿∞¿∏¿∞¿∏¿∞¿∏¿∞¿∏¿∞ÿƒƒ∞ƒ‹Ã¿∞±ôÖ±Õî±—ïÖµ}…ïçΩπç•±•Ö—•Ωπ}Öπë}ç’……ïπ—}›ïï≠±Â}…Ω±î(»¿»ÿ∞ƒ±A}—‰ÃÃ¡±	…ΩΩ≠ÃÅ!Ö±∞±}U±U±Q±	ï—°’πîµΩΩ≠µÖ∏±Q…’î∞»¿»ÿ¥¿‰¥¿ÕP»ÃË¿¡h∞–¿ƒ‡‘ÿ‹ÿ‹∞‘¿∏‘∞‘‡∏‘∞¿∏¿∞±5=11}=9}Q5}IQL±	Ω—ïÖ¥Å…ΩÕ—ï»∞∞¿∏¿±›ïï¨ƒµÿƒ∏¿∞»¿»ÿ¥¿‡¥Ã¡PƒÿËƒ‘Ë¿¿¨¿¿Ë¿¿∞¿∏¿∞¿∏¿∞¿∏¿∞¿∏¿∞¿∏¿∞¿∏¿∞¿∏¿∞¿∏¿∞¿∏¿∞¿∏¿∞¿∏¿∞¿∏¿∞Ãƒ‰∞ƒ‹Ãƒ∞±ôÖ±Õî±—ïÖµ}…ïçΩπç•±•Ö—•Ωπ}Öπë}ç’……ïπ—}›ïï≠±Â}…Ω±î(»¿»ÿ∞ƒ±A|‘·Ÿ	±	…’πºÅ5ÖÕÕï∞Å%X±}%9±%πë•ÖπÑ±]H±9Ω…—†ÅQï·ÖÃ±Q…’î∞»¿»ÿ¥¿‰¥¿’PƒÿË¿¡h∞–¿ƒ‡‘‡–»‘∞–‡∏¿∞‘‘∏‘∞¿∏¿∞±5=11}=9}Q5}IQL±	Ω—ïÖ¥Å…ΩÕ—ï»∞∞¿∏¿±›ïï¨ƒµÿƒ∏¿∞»¿»ÿ¥¿‡¥Ã¡PƒÿËƒ‘Ë¿¿¨¿¿Ë¿¿∞¿∏¿∞¿∏¿∞¿∏¿∞¿∏¿∞¿∏¿∞¿∏¿∞¿∏¿∞¿∏¿∞¿∏¿∞¿∏¿∞¿∏¿∞¿∏¿∞ÿƒ»∞ƒ‹Ã»∞±ôÖ±Õî±—ïÖµ}…ïçΩπç•±•Ö—•Ωπ}Öπë}ç’……ïπ—}›ïï≠±Â}…Ω±î(»¿»ÿ∞ƒ±A|ÂÃ≈¿‰±	…ÂçîÅ°Öµâï…Ã±}Q`±Qï·ÖÃ±Q±Qï·ÖÃÅM—Ö—î±Q…’î∞»¿»ÿ¥¿‰¥¿’Pƒ‰ËÃ¡h∞–¿ƒ‡‘ÿÿÿ‹∞–‘∏¿∞‘‰∏‘∞¿∏¿∞±5=11}=9}Q5}IQL±	Ω—ïÖ¥Å…ΩÕ—ï»∞∞¿∏¿±›ïï¨ƒµÿƒ∏¿∞»¿»ÿ¥¿‡¥Ã¡PƒÿËƒ‘Ë¿¿¨¿¿Ë¿¿∞¿∏¿∞¿∏¿∞¿∏¿∞¿∏¿∞¿∏¿∞¿∏¿∞¿∏¿∞¿∏¿∞¿∏¿∞¿∏¿∞¿∏¿∞¿∏¿∞Ã»¿∞ƒ‹ÃÃ∞±ôÖ±Õî±—ïÖµ}…ïçΩπç•±•Ö—•Ωπ}Öπë}ç’……ïπ—}›ïï≠±Â}…Ω±î(»¿»ÿ∞ƒ±A|ƒÃ¿’…¿±	…ÂçîÅ]•±çΩ‡±}5% ±5•ç°•ùÖ∏±]H±]ïÕ—ï…∏Å5•ç°•ùÖ∏±Q…’î∞»¿»ÿ¥¿‰¥¿’P»ÃËÃ¡h∞–¿ƒ‡‘‡–»‡∞Ã‡∏¿∞–‡∏‘∞¿∏¿∞±5=11}=9}Q5}IQL±	Ω—ïÖ¥Å…ΩÕ—ï»∞∞¿∏¿±›ïï¨ƒµÿƒ∏¿∞»¿»ÿ¥¿‡¥Ã¡PƒÿËƒ‘Ë¿¿¨¿¿Ë¿¿∞¿∏¿∞¿∏¿∞¿∏¿∞¿∏¿∞¿∏¿∞¿∏¿∞¿∏¿∞¿∏¿∞¿∏¿∞¿∏¿∞¿∏¿∞¿∏¿∞ÿƒÃ∞ƒ‹Ã–∞±ôÖ±Õî±—ïÖµ}…ïçΩπç•±•Ö—•Ωπ}Öπë}ç’……ïπ—}›ïï≠±Â}…Ω±î(»¿»ÿ∞ƒ±A}¿—‡Ã»¿±	’±∞Å5•—ç°ï±∞±}5MMP±5•ÕÕ•ÕÕ•¡¡§ÅM—Ö—î±]H±U0Å5Ωπ…Ωî±Q…’î∞»¿»ÿ¥¿‰¥¿’P»ÃËÃ¡h∞–¿ƒ‡‘ÿÿÿ»∞–»∏‘∞‘ÿ∏‘∞¿∏¿∞±5=11}=9}Q5}IQL±	Ω—ïÖ¥Å…ΩÕ—ï»∞∞¿∏¿±›ïï¨ƒµÿƒ∏¿∞»¿»ÿ¥¿‡¥Ã¡PƒÿËƒ‘Ë¿¿¨¿¿Ë¿¿∞¿∏¿∞¿∏¿∞¿∏¿∞¿∏¿∞¿∏¿∞¿∏¿∞¿∏¿∞¿∏¿∞¿∏¿∞¿∏¿∞¿∏¿∞¿∏¿∞ÿƒ–∞ƒ‹Ã‘∞±ôÖ±Õî±—ïÖµ}…ïçΩπç•±•Ö—•Ωπ}Öπë}ç’……ïπ—}›ïï≠±Â}…Ω±î(»¿»ÿ∞ƒ±A}ÃÂ¡ƒ±ÖëîÅ-Ö•Õï»±}%9±%πë•ÖπÑ±]H±9Ω…—†ÅQï·ÖÃ±Q…’î∞»¿»ÿ¥¿‰¥¿’PƒÿË¿¡h∞–¿ƒ‡‘‡–»‘∞–‡∏¿∞‘‘∏‘∞¿∏¿∞±5=11}=9}Q5}IQL±	Ω—ïÖ¥Å…ΩÕ—ï»∞∞¿∏¿±›ïï¨ƒµÿƒ∏¿∞»¿»ÿ¥¿‡¥Ã¡PƒÿËƒ‘Ë¿¿¨¿¿Ë¿¿∞¿∏¿∞¿∏¿∞¿∏¿∞¿∏¿∞¿∏¿∞¿∏¿∞¿∏¿∞¿∏¿∞¿∏¿∞¿∏¿∞¿∏¿∞¿∏¿∞ÿƒ‘∞ƒ‹Ãÿ∞±ôÖ±Õî±—ïÖµ}…ïçΩπç•±•Ö—•Ωπ}Öπë}ç’……ïπ—}›ïï≠±Â}…Ω±î(»¿»ÿ∞ƒ±A|Ÿ…’–¿±Ö±ïàÅQÖô’Ñ±}Q5T±Qï·ÖÃÅô4±Q±5•ÕÕΩ’…§ÅM—Ö—î±Q…’î∞»¿»ÿ¥¿‰¥¿’P»ÃË¿¡h∞–¿ƒ‡‘ÿÿÿ‡∞–‹∏‘∞‘Ã∏‘∞¿∏¿∞±5=11}=9}Q5}IQL±	Ω—ïÖ¥Å…ΩÕ—ï»∞∞¿∏¿±›ïï¨ƒµÿƒ∏¿∞»¿»ÿ¥¿‡¥Ã¡PƒÿËƒ‘Ë¿¿¨¿¿Ë¿¿∞¿∏¿∞¿∏¿∞¿∏¿∞¿∏¿∞¿∏¿∞¿∏¿∞¿∏¿∞¿∏¿∞¿∏¿∞¿∏¿∞¿∏¿∞¿∏¿∞Ã»ƒ∞ƒ‹Ã‹∞±ôÖ±Õî±—ïÖµ}…ïçΩπç•±•Ö—•Ωπ}Öπë}ç’……ïπ—}›ïï≠±Â}…Ω±î(»¿»ÿ∞ƒ±A}¿ŸÂ±Ö¥Å	Ö±∞±}]YT±]ïÕ–ÅY•…ù•π•Ñ±Q±ΩÖÕ—Ö∞ÅÖ…Ω±•πÑ±Q…’î∞»¿»ÿ¥¿‰¥¿’PƒÿË¿¡h∞–¿ƒ‡‘ÿ‹‡¿∞Ã‰∏¿∞‘ÿ∏‘∞¿∏¿∞±5=11}=9}Q5}IQL±	Ω—ïÖ¥Å…ΩÕ—ï»∞∞¿∏¿±›ïï¨ƒµÿƒ∏¿∞»¿»ÿ¥¿‡¥Ã¡PƒÿËƒ‘Ë¿¿¨¿¿Ë¿¿∞¿∏¿∞¿∏¿∞¿∏¿∞¿∏¿∞¿∏¿∞¿∏¿∞¿∏¿∞¿∏¿∞¿∏¿∞¿∏¿∞¿∏¿∞¿∏¿∞Ã»»∞ƒ‹Ã‡∞±ôÖ±Õî±—ïÖµ}…ïçΩπç•±•Ö—•Ωπ}Öπë}ç’……ïπ—}›ïï≠±Â}…Ω±î(»¿»ÿ∞ƒ±A|¿·Â›±Ö¥ÅI’ÕÕï±∞±}9\±9Ω…—°›ïÕ—ï…∏±]H±MΩ’—†ÅÖ≠Ω—ÑÅM—Ö—î±Q…’î∞»¿»ÿ¥¿‰¥¿ŸP¿¿Ë¿¡h∞–¿ƒ‡‘‡–Ãƒ∞»‰∏‘∞–ÿ∏‘∞¿∏¿∞±5=11}=9}Q5}IQL±	Ω—ïÖ¥Å…ΩÕ—ï»∞∞¿∏¿±›ïï¨ƒµÿƒ∏¿∞»¿»ÿ¥¿‡¥Ã¡PƒÿËƒ‘Ë¿¿¨¿¿Ë¿¿∞¿∏¿∞¿∏¿∞¿∏¿∞¿∏¿∞¿∏¿∞¿∏¿∞¿∏¿∞¿∏¿∞¿∏¿∞¿∏¿∞¿∏¿∞¿∏¿∞ÿƒÿ∞ƒ‹Ã‰∞±ôÖ±Õî±—ïÖµ}…ïçΩπç•±•Ö—•Ωπ}Öπë}ç’……ïπ—}›ïï≠±Â}…Ω±î(»¿»ÿ∞ƒ±A|»≈‹ÿ‘±Ö¥ÅMÖ¡¿±}A%QP±A•—–±]H±5•Öµ§Ä°= §±Q…’î∞»¿»ÿ¥¿‰¥¿’PƒÿËÃ¡h∞–¿ƒ‡‘‡»¿‹∞ÃÃ∏¿∞–‰∏‘∞¿∏¿∞±5=11}=9}Q5}IQL±	Ω—ïÖ¥Å…ΩÕ—ï»∞∞¿∏¿±›ïï¨ƒµÿƒ∏¿∞»¿»ÿ¥¿‡¥Ã¡PƒÿËƒ‘Ë¿¿¨¿¿Ë¿¿∞¿∏¿∞¿∏¿∞¿∏¿∞¿∏¿∞¿∏¿∞¿∏¿∞¿∏¿∞¿∏¿∞¿∏¿∞¿∏¿∞¿∏¿∞¿∏¿∞ÿƒ‹∞ƒ‹–¿∞±ôÖ±Õî±—ïÖµ}…ïçΩπç•±•Ö—•Ωπ}Öπë}ç’……ïπ—}›ïï≠±Â}…Ω±î(»¿»ÿ∞ƒ±A}‹Ÿ‡Õ±Öµï…Ω∏ÅMï…µΩπÃ±}UM±UM±]H±…ïÕπºÅM—Ö—î±Q…’î∞»¿»ÿ¥¿‰¥¿’P¿ƒË¿¡h∞–¿ƒ‡‘‡–Ãÿ∞Ã‹∏‘∞‘ƒ∏‘∞¿∏¿∞±5=11}=9}Q5}IQL±	Ω—ïÖ¥Å…ΩÕ—ï»∞∞¿∏¿±›ïï¨ƒµÿƒ∏¿∞»¿»ÿ¥¿‡¥Ã¡PƒÿËƒ‘Ë¿¿¨¿¿Ë¿¿∞¿∏¿∞¿∏¿∞¿∏¿∞¿∏¿∞¿∏¿∞¿∏¿∞¿∏¿∞¿∏¿∞¿∏¿∞¿∏¿∞¿∏¿∞¿∏¿∞ÿƒ‡∞ƒ‹–ƒ∞±ôÖ±Õî±—ïÖµ}…ïçΩπç•±•Ö—•Ωπ}Öπë}ç’……ïπ—}›ïï≠±Â}…Ω±î(»¿»ÿ∞ƒ±A}·ÿ»Â¿±Ö…ÕΩ∏Åëπï‰±}%MT±%Ω›ÑÅM—Ö—î±Q±MΩ’—°ïÖÕ–Å5•ÕÕΩ’…§ÅM—Ö—î±Q…’î∞»¿»ÿ¥¿‰¥¿’Pƒ‹Ë¿¡h∞–¿ƒ‡‘ÿ‹‹‰∞–ƒ∏‘∞‘Ã∏‘∞¿∏¿∞±5=11}=9}Q5}IQL±	Ω—ïÖ¥Å…ΩÕ—ï»∞∞¿∏¿±›ïï¨ƒµÿƒ∏¿∞»¿»ÿ¥¿‡¥Ã¡PƒÿËƒ‘Ë¿¿¨¿¿Ë¿¿∞¿∏¿∞¿∏¿∞¿∏¿∞¿∏¿∞¿∏¿∞¿∏¿∞¿∏¿∞¿∏¿∞¿∏¿∞¿∏¿∞¿∏¿∞¿∏¿∞Ã»Ã∞ƒ‹–»∞±ôÖ±Õî±—ïÖµ}…ïçΩπç•±•Ö—•Ωπ}Öπë}ç’……ïπ—}›ïï≠±Â}…Ω±î(»¿»ÿ∞ƒ±A|»‘Õ‡‹‡±Ö…ÕΩ∏Å!•πÕ°Ö‹±}U±U±]H±	ï—°’πîµΩΩ≠µÖ∏±Q…’î∞»¿»ÿ¥¿‰¥¿ÕP»ÃË¿¡h∞–¿ƒ‡‘ÿ‹ÿ‹∞‘¿∏‘∞‘‡∏‘∞¿∏¿∞±5=11}=9}Q5}IQL±	Ω—ïÖ¥Å…ΩÕ—ï»∞∞¿∏¿±›ïï¨ƒµÿƒ∏¿∞»¿»ÿ¥¿‡¥Ã¡PƒÿËƒ‘Ë¿¿¨¿¿Ë¿¿∞¿∏¿∞¿∏¿∞¿∏¿∞¿∏¿∞¿∏¿∞¿∏¿∞¿∏¿∞¿∏¿∞¿∏¿∞¿∏¿∞¿∏¿∞¿∏¿∞ÿƒ‰∞ƒ‹–Ã∞±ôÖ±Õî±—ïÖµ}…ïçΩπç•±•Ö—•Ωπ}Öπë}ç’……ïπ—}›ïï≠±Â}…Ω±î(»¿»ÿ∞ƒ±A}≈’‡—±Ö…ÕΩ∏Å-Ω±à±}=-MP±=≠±Ö°ΩµÑÅM—Ö—î±Q±Q’±ÕÑ±Ö±Õî∞»¿»ÿ¥¿‰¥¿’Pƒ‰Ë–’h∞–¿ƒ‡‘ÿ‹‹»∞Ã‹∏»‘∞ÿ¿∏‘∞¿∏¿∞±5=11}=9}Q5}IQL±	Ω—ïÖ¥Å…ΩÕ—ï»∞∞¿∏¿±›ïï¨ƒµÿƒ∏¿∞»¿»ÿ¥¿‡¥Ã¡PƒÿËƒ‘Ë¿¿¨¿¿Ë¿¿∞¿∏¿∞¿∏¿∞¿∏¿∞¿∏¿∞¿∏¿∞¿∏¿∞¿∏¿∞¿∏¿∞¿∏¿∞¿∏¿∞¿∏¿∞¿∏¿∞Ã»–∞ƒ‹––∞±—…’î±—ïÖµ}…ïçΩπç•±•Ö—•Ωπ}Öπë}ç’……ïπ—}›ïï≠±Â}…Ω±î(»¿»ÿ∞ƒ±A|Õ		‘·‘±Ö…ÕΩ∏ÅAï……‰µMµ•—†±}0±Ö±•ôΩ…π•Ñ±]H±U1±Q…’î∞»¿»ÿ¥¿‰¥¿ŸP¿»ËÃ¡h∞–¿ƒ‡‘‡»ƒ¿∞»ÿ∏¿∞‘Ã∏‘∞¿∏¿∞±5=11}=9}Q5}IQL±	Ω—ïÖ¥Å…ΩÕ—ï»∞∞¿∏¿±›ïï¨ƒµÿƒ∏¿∞»¿»ÿ¥¿‡¥Ã¡PƒÿËƒ‘Ë¿¿¨¿¿Ë¿¿∞¿∏¿∞¿∏¿∞¿∏¿∞¿∏¿∞¿∏¿∞¿∏¿∞¿∏¿∞¿∏¿∞¿∏¿∞¿∏¿∞¿∏¿∞¿∏¿∞ÿ»¿∞ƒ‹–‘∞±ôÖ±Õî±—ïÖµ}…ïçΩπç•±•Ö—•Ωπ}Öπë}ç’……ïπ—}›ïï≠±Â}…Ω±î(»¿»ÿ∞ƒ±A|›¿‹‡‘‘±Ö…ÕΩ∏ÅIΩââ•πÃ±}%MT±%Ω›ÑÅM—Ö—î±]H±MΩ’—°ïÖÕ–Å5•ÕÕΩ’…§ÅM—Ö—î±Q…’î∞»¿»ÿ¥¿‰¥¿’Pƒ‹Ë¿¡h∞–¿ƒ‡‘ÿ‹‹‰∞–ƒ∏‘∞‘Ã∏‘∞¿∏¿∞±5=11}=9}Q5}IQL±	Ω—ïÖ¥Å…ΩÕ—ï»∞∞¿∏¿±›ïï¨ƒµÿƒ∏¿∞»¿»ÿ¥¿‡¥Ã¡PƒÿËƒ‘Ë¿¿¨¿¿Ë¿¿∞¿∏¿∞¿∏¿∞¿∏¿∞¿∏¿∞¿∏¿∞¿∏¿∞¿∏¿∞¿∏¿∞¿∏¿∞¿∏¿∞¿∏¿∞¿∏¿∞ÿ»ƒ∞ƒ‹–ÿ∞±ôÖ±Õî±—ïÖµ}…ïçΩπç•±•Ö—•Ωπ}Öπë}ç’……ïπ—}›ïï≠±Â}…Ω±î(»¿»ÿ∞ƒ±A}	·±Ö…ÕΩ∏Å]ïÕ—â…ΩΩ¨±}=1<±Ω±Ω…Öëº±]H±ïΩ…ù•ÑÅQïç†±Ö±Õî∞»¿»ÿ¥¿‰¥¿—P¿¿Ë¿¡h∞–¿ƒ‡‘ÿ‹‹ÿ∞»»∏¿∞‘¿∏‘∞¿∏¿∞±5=11}=9}Q5}IQL±	Ω—ïÖ¥Å…ΩÕ—ï»∞∞¿∏¿±›ïï¨ƒµÿƒ∏¿∞»¿»ÿ¥¿‡¥Ã¡PƒÿËƒ‘Ë¿¿¨¿¿Ë¿¿∞¿∏¿∞¿∏¿∞¿∏¿∞¿∏¿∞¿∏¿∞¿∏¿∞¿∏¿∞¿∏¿∞¿∏¿∞¿∏¿∞¿∏¿∞¿∏¿∞ÿ»»∞ƒ‹–‹∞±ôÖ±Õî±—ïÖµ}…ïçΩπç•±•Ö—•Ωπ}Öπë}ç’……ïπ—}›ïï≠±Â}…Ω±î(»¿»ÿ∞ƒ±A|ÿ»Â·‰‹±Ö…—ï»Å	…Ö’ù†±}Q5T±Qï·ÖÃÅô4±Q±5•ÕÕΩ’…§ÅM—Ö—î±Q…’î∞»¿»ÿ¥¿‰¥¿’P»ÃË¿¡h∞–¿ƒ‡‘ÿÿÿ‡∞–‹∏‘∞‘Ã∏‘∞¿∏¿∞±5=11}=9}Q5}IQL±	Ω—ïÖ¥Å…ΩÕ—ï»∞∞¿∏¿±›ïï¨ƒµÿƒ∏¿∞»¿»ÿ¥¿‡¥Ã¡PƒÿËƒ‘Ë¿¿¨¿¿Ë¿¿∞¿∏¿∞¿∏¿∞¿∏¿∞¿∏¿∞¿∏¿∞¿∏¿∞¿∏¿∞¿∏¿∞¿∏¿∞¿∏¿∞¿∏¿∞¿∏¿∞Ã»‘∞ƒ‹–‡∞±ôÖ±Õî±—ïÖµ}…ïçΩπç•±•Ö—•Ωπ}Öπë}ç’……ïπ—}›ïï≠±Â}…Ω±î(»¿»ÿ∞ƒ±A|‡‘‹ÿÕƒƒ±Ö…—ï»Å5ΩÕïÃ±}-T±-ÖπÕÖÃ±Q±1ΩπúÅ%Õ±ÖπêÅUπ•Ÿï…Õ•—‰±Q…’î∞»¿»ÿ¥¿‰¥¿’P¿¿Ë¿¡h∞–¿ƒ‡‘ÿ‹ÿ‰∞–ÿ∏¿∞‘Ã∏‘∞¿∏¿∞±5=11}=9}Q5}IQL±	Ω—ïÖ¥Å…ΩÕ—ï»∞∞¿∏¿±›ïï¨ƒµÿƒ∏¿∞»¿»ÿ¥¿‡¥Ã¡PƒÿËƒ‘Ë¿¿¨¿¿Ë¿¿∞¿∏¿∞¿∏¿∞¿∏¿∞¿∏¿∞¿∏¿∞¿∏¿∞¿∏¿∞¿∏¿∞¿∏¿∞¿∏¿∞¿∏¿∞¿∏¿∞Ã»ÿ∞ƒ‹–‰∞±ôÖ±Õî±—ïÖµ}…ïçΩπç•±•Ö—•Ωπ}Öπë}ç’……ïπ—}›ïï≠±Â}…Ω±î(»¿»ÿ∞ƒ±A|Ã‡Õ‡‘Ãÿ±Ö…—ï»ÅAÖâÕ–±}%MT±%Ω›ÑÅM—Ö—î±]H±MΩ’—°ïÖÕ–Å5•ÕÕΩ’…§ÅM—Ö—î±Q…’î∞»¿»ÿ¥¿‰¥¿’Pƒ‹Ë¿¡h∞–¿ƒ‡‘ÿ‹‹‰∞–ƒ∏‘∞‘Ã∏‘∞¿∏¿∞±5=11}=9}Q5}IQL±	Ω—ïÖ¥Å…ΩÕ—ï»∞∞¿∏¿±›ïï¨ƒµÿƒ∏¿∞»¿»ÿ¥¿‡¥Ã¡PƒÿËƒ‘Ë¿¿¨¿¿Ë¿¿∞¿∏¿∞¿∏¿∞¿∏¿∞¿∏¿∞¿∏¿∞¿∏¿∞¿∏¿∞¿∏¿∞¿∏¿∞¿∏¿∞¿∏¿∞¿∏¿∞ÿ»Ã∞ƒ‹‘¿∞±ôÖ±Õî±—ïÖµ}…ïçΩπç•±•Ö—•Ωπ}Öπë}ç’……ïπ—}›ïï≠±Â}…Ω±î(»¿»ÿ∞ƒ±A}·––‡¿‘±Ö…—ï»ÅM°Ö‹±}MQ8±M—ÖπôΩ…ê±]H±5•Öµ§±Q…’î∞»¿»ÿ¥¿‰¥¿’P¿ƒË¿¡h∞–¿ƒ‡‘‡»¿ÿ∞ƒƒ∏‘∞–‹∏‘∞¿∏¿∞±5=11}=9}Q5}IQL±	Ω—ïÖ¥Å…ΩÕ—ï»∞∞¿∏¿±›ïï¨ƒµÿƒ∏¿∞»¿»ÿ¥¿‡¥Ã¡PƒÿËƒ‘Ë¿¿¨¿¿Ë¿¿∞¿∏¿∞¿∏¿∞¿∏¿∞¿∏¿∞¿∏¿∞¿∏¿∞¿∏¿∞¿∏¿∞¿∏¿∞¿∏¿∞¿∏¿∞¿∏¿∞ÿ»–∞ƒ‹‘ƒ∞±ôÖ±Õî±—ïÖµ}…ïçΩπç•±•Ö—•Ωπ}Öπë}ç’……ïπ—}›ïï≠±Â}…Ω±î(»¿»ÿ∞ƒ±A|‘‹Ÿ‹Â‰±Ö…—ï»Åi’±•Öπ§±}]YT±]ïÕ–ÅY•…ù•π•Ñ±Q±ΩÖÕ—Ö∞ÅÖ…Ω±•πÑ±Q…’î∞»¿»ÿ¥¿‰¥¿’PƒÿË¿¡h∞–¿ƒ‡‘ÿ‹‡¿∞Ã‰∏¿∞‘ÿ∏‘∞¿∏¿∞±5=11}=9}Q5}IQL±	Ω—ïÖ¥Å…ΩÕ—ï»∞∞¿∏¿±›ïï¨ƒµÿƒ∏¿∞»¿»ÿ¥¿‡¥Ã¡PƒÿËƒ‘Ë¿¿¨¿¿Ë¿¿∞¿∏¿∞¿∏¿∞¿∏¿∞¿∏¿∞¿∏¿∞¿∏¿∞¿∏¿∞¿∏¿∞¿∏¿∞¿∏¿∞¿∏¿∞¿∏¿∞Ã»‹∞ƒ‹‘»∞±ôÖ±Õî±—ïÖµ}…ïçΩπç•±•Ö—•Ωπ}Öπë}ç’……ïπ—}›ïï≠±Â}…Ω±î(»¿»ÿ∞ƒ±A|¿‹Ã––¡‰±ÖÕ†Å!Ö…πï‰±}U,±-ïπ—’ç≠‰±]H±eΩ’πùÕ—Ω›∏ÅM—Ö—î±Q…’î∞»¿»ÿ¥¿‰¥¿’Pƒ‹Ë¿¡h∞–¿ƒ‡‘ÿÿ‘‰∞–Ã∏¿∞ÿ»∏‘∞¿∏¿∞±5=11}=9}Q5}IQL±	Ω—ïÖ¥Å…ΩÕ—ï»∞∞¿∏¿±›ïï¨ƒµÿƒ∏¿∞»¿»ÿ¥¿‡¥Ã¡PƒÿËƒ‘Ë¿¿¨¿¿Ë¿¿∞¿∏¿∞¿∏¿∞¿∏¿∞¿∏¿∞¿∏¿∞¿∏¿∞¿∏¿∞¿∏¿∞¿∏¿∞¿∏¿∞¿∏¿∞¿∏¿∞ÿ»‘∞ƒ‹‘Ã∞±ôÖ±Õî±—ïÖµ}…ïçΩπç•±•Ö—•Ωπ}Öπë}ç’……ïπ—}›ïï≠±Â}…Ω±î(»¿»ÿ∞ƒ±A|’‡‰¡Ã±ÖÕ†Å!ÖÂëï∏±}%MT±%Ω›ÑÅM—Ö—î±Q±MΩ’—°ïÖÕ–Å5•ÕÕΩ’…§ÅM—Ö—î±Q…’î∞»¿»ÿ¥¿‰¥¿’Pƒ‹Ë¿¡h∞–¿ƒ‡‘ÿ‹‹‰∞–ƒ∏‘∞‘Ã∏‘∞¿∏¿∞±5=11}=9}Q5}IQL±	Ω—ïÖ¥Å…ΩÕ—ï»∞∞¿∏¿±›ïï¨ƒµÿƒ∏¿∞»¿»ÿ¥¿‡¥Ã¡PƒÿËƒ‘Ë¿¿¨¿¿Ë¿¿∞¿∏¿∞¿∏¿∞¿∏¿∞¿∏¿∞¿∏¿∞¿∏¿∞¿∏¿∞¿∏¿∞¿∏¿∞¿∏¿∞¿∏¿∞¿∏¿∞Ã»‡∞ƒ‹‘–∞±ôÖ±Õî±—ïÖµ}…ïçΩπç•±•Ö—•Ωπ}Öπë}ç’……ïπ—}›ïï≠±Â}…Ω±î(»¿»ÿ∞ƒ±A|ÿÃ·	»ÿ±ÖÂëï∏Åç°—ï…πÖç†±}9±9ïâ…ÖÕ≠Ñ±Q±=°•º±Q…’î∞»¿»ÿ¥¿‰¥¿’PƒÿË¿¡h∞–¿ƒ‡‘‡–Ã¿∞Ã‘∏‘∞–‹∏‘∞¿∏¿∞±5=11}=9}Q5}IQL±	Ω—ïÖ¥Å…ΩÕ—ï»∞∞¿∏¿±›ïï¨ƒµÿƒ∏¿∞»¿»ÿ¥¿‡¥Ã¡PƒÿËƒ‘Ë¿¿¨¿¿Ë¿¿∞¿∏¿∞¿∏¿∞¿∏¿∞¿∏¿∞¿∏¿∞¿∏¿∞¿∏¿∞¿∏¿∞¿∏¿∞¿∏¿∞¿∏¿∞¿∏¿∞Ã»‰∞ƒ‹‘‘∞±ôÖ±Õî±—ïÖµ}…ïçΩπç•±•Ö—•Ωπ}Öπë}ç’……ïπ—}›ïï≠±Â}…Ω±î(»¿»ÿ∞ƒ±A|‡‡ÿŸ‹‰‹±°ÖπËÅ]•ùù•πÃ±}YP±Y•…ù•π•ÑÅQïç†±]H±Y5$±Q…’î∞»¿»ÿ¥¿‰¥¿’P»ÃËÃ¡h∞–¿ƒ‡‘‡»ƒƒ∞‘–∏‘∞‘‹∏‘∞¿∏¿∞±5=11}=9}Q5}IQL±	Ω—ïÖ¥Å…ΩÕ—ï»∞∞¿∏¿±›ïï¨ƒµÿƒ∏¿∞»¿»ÿ¥¿‡¥Ã¡PƒÿËƒ‘Ë¿¿¨¿¿Ë¿¿∞¿∏¿∞¿∏¿∞¿∏¿∞¿∏¿∞¿∏¿∞¿∏¿∞¿∏¿∞¿∏¿∞¿∏¿∞¿∏¿∞¿∏¿∞¿∏¿∞ÿ»ÿ∞ƒ‹‘ÿ∞±ôÖ±Õî±—ïÖµ}…ïçΩπç•±•Ö—•Ωπ}Öπë}ç’……ïπ—}›ïï≠±Â}…Ω±î(»¿»ÿ∞ƒ±A}¿¿ƒ–¿‹‡±°Ö…±•îÅ	Ö≠ï»±}5MT±5•ç°•ùÖ∏ÅM—Ö—î±Q±QΩ±ïëº±Q…’î∞»¿»ÿ¥¿‰¥¿’P¿¿Ë¿¡h∞–¿ƒ‡‘‡–»‰∞»‰∏‹‘∞–‰∏‘∞¿∏¿∞±5=11}=9}Q5}IQL±	Ω—ïÖ¥Å…ΩÕ—ï»∞∞¿∏¿±›ïï¨ƒµÿƒ∏¿∞»¿»ÿ¥¿‡¥Ã¡PƒÿËƒ‘Ë¿¿¨¿¿Ë¿¿∞¿∏¿∞¿∏¿∞¿∏¿∞¿∏¿∞¿∏¿∞¿∏¿∞¿∏¿∞¿∏¿∞¿∏¿∞¿∏¿∞¿∏¿∞¿∏¿∞ÃÃ¿∞ƒ‹‘‹∞±ôÖ±Õî±—ïÖµ}…ïçΩπç•±•Ö—•Ωπ}Öπë}ç’……ïπ—}›ïï≠±Â}…Ω±î(»¿»ÿ∞ƒ±A}Õ	ƒÃƒ»±°Ö…±•îÅ…Ω›ï±∞±}]M ±]ÖÕ°•πù—Ω∏±Q±]ÖÕ°•πù—Ω∏ÅM—Ö—î±Q…’î∞»¿»ÿ¥¿‰¥¿ŸP»¿Ë¿¡h∞–¿ƒ‡‘‡–Ã‹∞Ã‹∏¿∞‘¿∏‘∞¿∏¿∞±5=11}=9}Q5}IQL±	Ω—ïÖ¥Å…ΩÕ—ï»∞∞¿∏¿±›ïï¨ƒµÿƒ∏¿∞»¿»ÿ¥¿‡¥Ã¡PƒÿËƒ‘Ë¿¿¨¿¿Ë¿¿∞¿∏¿∞¿∏¿∞¿∏¿∞¿∏¿∞¿∏¿∞¿∏¿∞¿∏¿∞¿∏¿∞¿∏¿∞¿∏¿∞¿∏¿∞¿∏¿∞ÃÃƒ∞ƒ‹‘‡∞±ôÖ±Õî±—ïÖµ}…ïçΩπç•±•Ö—•Ωπ}Öπë}ç’……ïπ—}›ïï≠±Â}…Ω±î(»¿»ÿ∞ƒ±A}ÿ‹‹—±°Ö…±•îÅ)Ω°πÕΩ∏±}14±±ïµÕΩ∏±Q±1MT±Ö±Õî∞»¿»ÿ¥¿‰¥¿’P»ÃËÃ¡h∞–¿ƒ‡‘ÿÿÿ¿∞»¿∏‘∞‘ƒ∏‘∞¿∏¿∞±5=11}=9}Q5}IQL±	Ω—ïÖ¥Å…ΩÕ—ï»∞∞¿∏¿±›ïï¨ƒµÿƒ∏¿∞»¿»ÿ¥¿‡¥Ã¡PƒÿËƒ‘Ë¿¿¨¿¿Ë¿¿∞¿∏¿∞¿∏¿∞¿∏¿∞¿∏¿∞¿∏¿∞¿∏¿∞¿∏¿∞¿∏¿∞¿∏¿∞¿∏¿∞¿∏¿∞¿∏¿∞ÃÃ»∞ƒ‹‘‰∞±ôÖ±Õî±—ïÖµ}…ïçΩπç•±•Ö—•Ωπ}Öπë}ç’……ïπ—}›ïï≠±Â}…Ω±î(»¿»ÿ∞ƒ±A|–·ÿ‡–‡±°Ö…±•îÅ]•±±•ÖµÃ±}=1<±Ω±Ω…Öëº±Q±ïΩ…ù•ÑÅQïç†±Ö±Õî∞»¿»ÿ¥¿‰¥¿—P¿¿Ë¿¡h∞–¿ƒ‡‘ÿ‹‹ÿ∞»»∏¿∞‘¿∏‘∞¿∏¿∞±5=11}=9}Q5}IQL±	Ω—ïÖ¥Å…ΩÕ—ï»∞∞¿∏¿±›ïï¨ƒµÿƒ∏¿∞»¿»ÿ¥¿‡¥Ã¡PƒÿËƒ‘Ë¿¿¨¿¿Ë¿¿∞¿∏¿∞¿∏¿∞¿∏¿∞¿∏¿∞¿∏¿∞¿∏¿∞¿∏¿∞¿∏¿∞¿∏¿∞¿∏¿∞¿∏¿∞¿∏¿∞ÃÃÃ∞ƒ‹ÿ¿∞±ôÖ±Õî±—ïÖµ}…ïçΩπç•±•Ö—•Ωπ}Öπë}ç’……ïπ—}›ïï≠±Â}…Ω±î(»¿»ÿ∞ƒ±A|Õ—¿¡‰±°Ö…±‰Å5’±±Ö±‰±}M±MΩ’—†ÅÖ…Ω±•πÑ±]H±-ïπ–ÅM—Ö—î±Q…’î∞»¿»ÿ¥¿‰¥¿’PƒÿË–’h∞–¿ƒ‡‘ÿÿÿ‘∞–‘∏¿∞‘Ã∏‘∞¿∏¿∞±5=11}=9}Q5}IQL±	Ω—ïÖ¥Å…ΩÕ—ï»∞∞¿∏¿±›ïï¨ƒµÿƒ∏¿∞»¿»ÿ¥¿‡¥Ã¡PƒÿËƒ‘Ë¿¿¨¿¿Ë¿¿∞¿∏¿∞¿∏¿∞¿∏¿∞¿∏¿∞¿∏¿∞¿∏¿∞¿∏¿∞¿∏¿∞¿∏¿∞¿∏¿∞¿∏¿∞¿∏¿∞ÿ»‹∞ƒ‹ÿƒ∞±ôÖ±Õî±—ïÖµ}…ïçΩπç•±•Ö—•Ωπ}Öπë}ç’……ïπ—}›ïï≠±Â}…Ω±î(»¿»ÿ∞ƒ±A|·ƒ‡‘–›±°ÖÕîÅ	’…—Ω∏±}Q5T±Qï·ÖÃÅô4±]H±5•ÕÕΩ’…§ÅM—Ö—î±Q…’î∞»¿»ÿ¥¿‰¥¿’P»ÃË¿¡h∞–¿ƒ‡‘ÿÿÿ‡∞–‹∏‘∞‘Ã∏‘∞¿∏¿∞±5=11}=9}Q5}IQL±	Ω—ïÖ¥Å…ΩÕ—ï»∞∞¿∏¿±›ïï¨ƒµÿƒ∏¿∞»¿»ÿ¥¿‡¥Ã¡PƒÿËƒ‘Ë¿¿¨¿¿Ë¿¿∞¿∏¿∞¿∏¿∞¿∏¿∞¿∏¿∞¿∏¿∞¿∏¿∞¿∏¿∞¿∏¿∞¿∏¿∞¿∏¿∞¿∏¿∞¿∏¿∞ÿ»‡∞ƒ‹ÿ»∞±ôÖ±Õî±—ïÖµ}…ïçΩπç•±•Ö—•Ωπ}Öπë}ç’……ïπ—}›ïï≠±Â}…Ω±î(»¿»ÿ∞ƒ±A|‹»—‰–‰Ã±°ÖÕîÅ!•πÕ°Ö‹±}U±U±]H±	ï—°’πîµΩΩ≠µÖ∏±Q…’î∞»¿»ÿ¥¿‰¥¿ÕP»ÃË¿¡h∞–¿ƒ‡‘ÿ‹ÿ‹∞‘¿∏‘∞‘‡∏‘∞¿∏¿∞±5=11}=9}Q5}IQL±	Ω—ïÖ¥Å…ΩÕ—ï»∞∞¿∏¿±›ïï¨ƒµÿƒ∏¿∞»¿»ÿ¥¿‡¥Ã¡PƒÿËƒ‘Ë¿¿¨¿¿Ë¿¿∞¿∏¿∞¿∏¿∞¿∏¿∞¿∏¿∞¿∏¿∞¿∏¿∞¿∏¿∞¿∏¿∞¿∏¿∞¿∏¿∞¿∏¿∞¿∏¿∞ÿ»‰∞ƒ‹ÿÃ∞±ôÖ±Õî±—ïÖµ}…ïçΩπç•±•Ö—•Ωπ}Öπë}ç’……ïπ—}›ïï≠±Â}…Ω±î(»¿»ÿ∞ƒ±A|¡–¿≈ƒ‘±°ÖÕîÅQÂ±ï»±}]-±]Ö≠îÅΩ…ïÕ–±]H±≠…Ω∏±Q…’î∞»¿»ÿ¥¿‰¥¿ÕP»ÃË¿¡h∞–¿ƒ‡‘‡»¿–∞Ãÿ∏‘∞–‡∏‘∞¿∏¿∞±5=11}=9}Q5}IQL±	Ω—ïÖ¥Å…ΩÕ—ï»∞∞¿∏¿±›ïï¨ƒµÿƒ∏¿∞»¿»ÿ¥¿‡¥Ã¡PƒÿËƒ‘Ë¿¿¨¿¿Ë¿¿∞¿∏¿∞¿∏¿∞¿∏¿∞¿∏¿∞¿∏¿∞¿∏¿∞¿∏¿∞¿∏¿∞¿∏¿∞¿∏¿∞¿∏¿∞¿∏¿∞ÿÃ¿∞ƒ‹ÿ–∞±ôÖ±Õî±—ïÖµ}…ïçΩπç•±•Ö—•Ωπ}Öπë}ç’……ïπ—}›ïï≠±Â}…Ω±î(»¿»ÿ∞ƒ±A|≈ÿ≈≈±°…•ÃÅΩ…âº±}P±ïΩ…ù•ÑÅQïç†±Q±Ω±Ω…Öëº±Q…’î∞»¿»ÿ¥¿‰¥¿—P¿¿Ë¿¡h∞–¿ƒ‡‘ÿ‹‹ÿ∞»‡∏‘∞‘¿∏‘∞¿∏¿∞±5=11}=9}Q5}IQL±	Ω—ïÖ¥Å…ΩÕ—ï»∞∞¿∏¿±›ïï¨ƒµÿƒ∏¿∞»¿»ÿ¥¿‡¥Ã¡PƒÿËƒ‘Ë¿¿¨¿¿Ë¿¿∞¿∏¿∞¿∏¿∞¿∏¿∞¿∏¿∞¿∏¿∞¿∏¿∞¿∏¿∞¿∏¿∞¿∏¿∞¿∏¿∞¿∏¿∞¿∏¿∞ÃÃ–∞ƒ‹ÿ‘∞±—…’î±—ïÖµ}…ïçΩπç•±•Ö—•Ωπ}Öπë}ç’……ïπ—}›ïï≠±Â}…Ω±î(»¿»ÿ∞ƒ±A}	»ÿ‰¿–ÿ±°…•ÃÅ±≠º±}P±ïΩ…ù•ÑÅQïç†±]H±Ω±Ω…Öëº±Q…’î∞»¿»ÿ¥¿‰¥¿—P¿¿Ë¿¡h∞–¿ƒ‡‘ÿ‹‹ÿ∞»‡∏‘∞‘¿∏‘∞¿∏¿∞±5=11}=9}Q5}IQL±	Ω—ïÖ¥Å…ΩÕ—ï»∞∞¿∏¿±›ïï¨ƒµÿƒ∏¿∞»¿»ÿ¥¿‡¥Ã¡PƒÿËƒ‘Ë¿¿¨¿¿Ë¿¿∞¿∏¿∞¿∏¿∞¿∏¿∞¿∏¿∞¿∏¿∞¿∏¿∞¿∏¿∞¿∏¿∞¿∏¿∞¿∏¿∞¿∏¿∞¿∏¿∞ÿÃƒ∞ƒ‹ÿÿ∞±ôÖ±Õî±—ïÖµ}…ïçΩπç•±•Ö—•Ωπ}Öπë}ç’……ïπ—}›ïï≠±Â}…Ω±î(»¿»ÿ∞ƒ±A|‹ƒ…–¿≈±°…•ÃÅ5Ö…Õ°Ö±∞±}I,±…≠ÖπÕÖÃ±]H±9Ω…—†Å±ÖâÖµÑ±Q…’î∞»¿»ÿ¥¿‰¥¿’P»¿Ëƒ’h∞–¿ƒ‡‘ÿÿÃ‘∞‘»∏¿∞ÿÃ∏‘∞¿∏¿∞±5=11}=9}Q5}IQL±	Ω—ïÖ¥Å…ΩÕ—ï»∞∞¿∏¿±›ïï¨ƒµÿƒ∏¿∞»¿»ÿ¥¿‡¥Ã¡PƒÿËƒ‘Ë¿¿¨¿¿Ë¿¿∞¿∏¿∞¿∏¿∞¿∏¿∞¿∏¿∞¿∏¿∞¿∏¿∞¿∏¿∞¿∏¿∞¿∏¿∞¿∏¿∞¿∏¿∞¿∏¿∞ÿÃ»∞ƒ‹ÿ‹∞±ôÖ±Õî±—ïÖµ}…ïçΩπç•±•Ö—•Ωπ}Öπë}ç’……ïπ—}›ïï≠±Â}…Ω±î(»¿»ÿ∞ƒ±A}	¡‰±°…•Õ—•Ö∏Å…ïïπ±Ö‹±}%MT±%Ω›ÑÅM—Ö—î±Q±MΩ’—°ïÖÕ–Å5•ÕÕΩ’…§ÅM—Ö—î±Q…’î∞»¿»ÿ¥¿‰¥¿’Pƒ‹Ë¿¡h∞–¿ƒ‡‘ÿ‹‹‰∞–ƒ∏‘∞‘Ã∏‘∞¿∏¿∞±5=11}=9}Q5}IQL±	Ω—ïÖ¥Å…ΩÕ—ï»∞∞¿∏¿±›ïï¨ƒµÿƒ∏¿∞»¿»ÿ¥¿‡¥Ã¡PƒÿËƒ‘Ë¿¿¨¿¿Ë¿¿∞¿∏¿∞¿∏¿∞¿∏¿∞¿∏¿∞¿∏¿∞¿∏¿∞¿∏¿∞¿∏¿∞¿∏¿∞¿∏¿∞¿∏¿∞¿∏¿∞ÃÃ‘∞ƒ‹ÿ‡∞±ôÖ±Õî±—ïÖµ}…ïçΩπç•±•Ö—•Ωπ}Öπë}ç’……ïπ—}›ïï≠±Â}…Ω±î(»¿»ÿ∞ƒ±A}≈ÿ‡—±±Ö•âΩ…πîÅI•ç°Ö…ëÃ±}Y8±YÖπëï…â•±–±]H±’Õ—•∏ÅAïÖ‰±Q…’î∞»¿»ÿ¥¿‰¥¿’P»ÃË¿¡h∞–¿ƒ‡‘ÿÿÿ‰∞–ÿ∏¿∞ÿƒ∏‘∞¿∏¿∞±5=11}=9}Q5}IQL±	Ω—ïÖ¥Å…ΩÕ—ï»∞∞¿∏¿±›ïï¨ƒµÿƒ∏¿∞»¿»ÿ¥¿‡¥Ã¡PƒÿËƒ‘Ë¿¿¨¿¿Ë¿¿∞¿∏¿∞¿∏¿∞¿∏¿∞¿∏¿∞¿∏¿∞¿∏¿∞¿∏¿∞¿∏¿∞¿∏¿∞¿∏¿∞¿∏¿∞¿∏¿∞ÿÃÃ∞ƒ‹ÿ‰∞±ôÖ±Õî±—ïÖµ}…ïçΩπç•±•Ö—•Ωπ}Öπë}ç’……ïπ—}›ïï≠±Â}…Ω±î(»¿»ÿ∞ƒ±A|Õ¿––ÿ‹‘±±Ö‰ÅM›•ππï‰±}14±±ïµÕΩ∏±]H±1MT±Ö±Õî∞»¿»ÿ¥¿‰¥¿’P»ÃËÃ¡h∞–¿ƒ‡‘ÿÿÿ¿∞»¿∏‘∞‘ƒ∏‘∞¿∏¿∞±5=11}=9}Q5}IQL±	Ω—ïÖ¥Å…ΩÕ—ï»∞∞¿∏¿±›ïï¨ƒµÿƒ∏¿∞»¿»ÿ¥¿‡¥Ã¡PƒÿËƒ‘Ë¿¿¨¿¿Ë¿¿∞¿∏¿∞¿∏¿∞¿∏¿∞¿∏¿∞¿∏¿∞¿∏¿∞¿∏¿∞¿∏¿∞¿∏¿∞¿∏¿∞¿∏¿∞¿∏¿∞ÿÃ–∞ƒ‹‹¿∞±ôÖ±Õî±—ïÖµ}…ïçΩπç•±•Ö—•Ωπ}Öπë}ç’……ïπ—}›ïï≠±Â}…Ω±î(»¿»ÿ∞ƒ±A}‡¿‡»¿‡ÿ±Ω±îÅ5çΩπÖ—°‰Å%$±}5%±5•Öµ§±Q±M—ÖπôΩ…ê±Ö±Õî∞»¿»ÿ¥¿‰¥¿’P¿ƒË¿¡h∞–¿ƒ‡‘‡»¿ÿ∞Ãÿ∏¿∞–‹∏‘∞¿∏¿∞±5=11}=9}Q5}IQL±	Ω—ïÖ¥Å…ΩÕ—ï»∞∞¿∏¿±›ïï¨ƒµÿƒ∏¿∞»¿»ÿ¥¿‡¥Ã¡PƒÿËƒ‘Ë¿¿¨¿¿Ë¿¿∞¿∏¿∞¿∏¿∞¿∏¿∞¿∏¿∞¿∏¿∞¿∏¿∞¿∏¿∞¿∏¿∞¿∏¿∞¿∏¿∞¿∏¿∞¿∏¿∞ÃÃÿ∞ƒ‹‹ƒ∞±ôÖ±Õî±—ïÖµ}…ïçΩπç•±•Ö—•Ωπ}Öπë}ç’……ïπ—}›ïï≠±Â}…Ω±î(»¿»ÿ∞ƒ±A|‰ÿ–Ã–ƒ¿Ã±Ω±îÅ9ï›—Ω∏±}=I±=…ïùΩ∏±Q±	Ω•ÕîÅM—Ö—î±Q…’î∞»¿»ÿ¥¿‰¥¿’Pƒ‰ËÃ¡h∞–¿ƒ‡‘‡–ÃÃ∞Ã‡∏¿∞‘ƒ∏‘∞¿∏¿∞±5=11}=9}Q5}IQL±	Ω—ïÖ¥Å…ΩÕ—ï»∞∞¿∏¿±›ïï¨ƒµÿƒ∏¿∞»¿»ÿ¥¿‡¥Ã¡PƒÿËƒ‘Ë¿¿¨¿¿Ë¿¿∞¿∏¿∞¿∏¿∞¿∏¿∞¿∏¿∞¿∏¿∞¿∏¿∞¿∏¿∞¿∏¿∞¿∏¿∞¿∏¿∞¿∏¿∞¿∏¿∞ÃÃ‹∞ƒ‹‹»∞±ôÖ±Õî±—ïÖµ}…ïçΩπç•±•Ö—•Ωπ}Öπë}ç’……ïπ—}›ïï≠±Â}…Ω±î(»¿»ÿ∞ƒ±A|¿ÿ‹‡‹Õ±Ω±îÅIïïµÕπÂëï»±}YP±Y•…ù•π•ÑÅQïç†±Q±Y5$±Q…’î∞»¿»ÿ¥¿‰¥¿’P»ÃËÃ¡h∞–¿ƒ‡‘‡»ƒƒ∞‘–∏‘∞‘‹∏‘∞¿∏¿∞±5=11}=9}Q5}IQL±	Ω—ïÖ¥Å…ΩÕ—ï»∞∞¿∏¿±›ïï¨ƒµÿƒ∏¿∞»¿»ÿ¥¿‡¥Ã¡PƒÿËƒ‘Ë¿¿¨¿¿Ë¿¿∞¿∏¿∞¿∏¿∞¿∏¿∞¿∏¿∞¿∏¿∞¿∏¿∞¿∏¿∞¿∏¿∞¿∏¿∞¿∏¿∞¿∏¿∞¿∏¿∞ÃÃ‡∞ƒ‹‹Ã∞±ôÖ±Õî±—ïÖµ}…ïçΩπç•±•Ö—•Ωπ}Öπë}ç’……ïπ—}›ïï≠±Â}…Ω±î(»¿»ÿ∞ƒ±A|»–Ã—»‡»±Ω±îÅ]ïÖŸï»±}MeH±MÂ…Öç’Õî±]H±9ï‹Å!Öµ¡Õ°•…î±Q…’î∞»¿»ÿ¥¿‰¥¿’PƒÿË¿¡h∞–¿ƒ‡‘‡»¿‡∞––∏‘∞‘‘∏‘∞¿∏¿∞±5=11}=9}Q5}IQL±	Ω—ïÖ¥Å…ΩÕ—ï»∞∞¿∏¿±›ïï¨ƒµÿƒ∏¿∞»¿»ÿ¥¿‡¥Ã¡PƒÿËƒ‘Ë¿¿¨¿¿Ë¿¿∞¿∏¿∞¿∏¿∞¿∏¿∞¿∏¿∞¿∏¿∞¿∏¿∞¿∏¿∞¿∏¿∞¿∏¿∞¿∏¿∞¿∏¿∞¿∏¿∞ÿÃ‘∞ƒ‹‹–∞±ôÖ±Õî±—ïÖµ}…ïçΩπç•±•Ö—•Ωπ}Öπë}ç’……ïπ—}›ïï≠±Â}…Ω±î(»¿»ÿ∞ƒ±A}ÿ‘’»»±Ω±•∏Å°Ö…±ïÃ±}5MT±5•ç°•ùÖ∏ÅM—Ö—î±]H±QΩ±ïëº±Q…’î∞»¿»ÿ¥¿‰¥¿’P¿¿Ë¿¡h∞–¿ƒ‡‘‡–»‰∞»‰∏‹‘∞–‰∏‘∞¿∏¿∞±5=11}=9}Q5}IQL±	Ω—ïÖ¥Å…ΩÕ—ï»∞∞¿∏¿±›ïï¨ƒµÿƒ∏¿∞»¿»ÿ¥¿‡¥Ã¡PƒÿËƒ‘Ë¿¿¨¿¿Ë¿¿∞¿∏¿∞¿∏¿∞¿∏¿∞¿∏¿∞¿∏¿∞¿∏¿∞¿∏¿∞¿∏¿∞¿∏¿∞¿∏¿∞¿∏¿∞¿∏¿∞ÿÃÿ∞ƒ‹‹‘∞±ôÖ±Õî±—ïÖµ}…ïçΩπç•±•Ö—•Ωπ}Öπë}ç’……ïπ—}›ïï≠±Â}…Ω±î(»¿»ÿ∞ƒ±A|‰¿»ƒ»‘‘‡±Ω±—Ω∏Å!ï•π…•ç†±}U±ïΩ…ù•Ñ±Q±QïππïÕÕïîÅM—Ö—î±Q…’î∞»¿»ÿ¥¿‰¥¿’Pƒ‰Ë¿¡h∞–¿ƒ‡‘ÿÿ‘‡∞‘ƒ∏‘∞‘ÿ∏‘∞¿∏¿∞±5=11}=9}Q5}IQL±	Ω—ïÖ¥Å…ΩÕ—ï»∞∞¿∏¿±›ïï¨ƒµÿƒ∏¿∞»¿»ÿ¥¿‡¥Ã¡PƒÿËƒ‘Ë¿¿¨¿¿Ë¿¿∞¿∏¿∞¿∏¿∞¿∏¿∞¿∏¿∞¿∏¿∞¿∏¿∞¿∏¿∞¿∏¿∞¿∏¿∞¿∏¿∞¿∏¿∞¿∏¿∞ÃÃ‰∞ƒ‹‹ÿ∞±ôÖ±Õî±—ïÖµ}…ïçΩπç•±•Ö—•Ωπ}Öπë}ç’……ïπ—}›ïï≠±Â}…Ω±î(»¿»ÿ∞ƒ±A}—¡	±Ωπ±ïîÅ!ΩŸï‰±}-T±-ÖπÕÖÃ±Q±1ΩπúÅ%Õ±ÖπêÅUπ•Ÿï…Õ•—‰±Q…’î∞»¿»ÿ¥¿‰¥¿’P¿¿Ë¿¡h∞–¿ƒ‡‘ÿ‹ÿ‰∞–ÿ∏¿∞‘Ã∏‘∞¿∏¿∞±5=11}=9}Q5}IQL±	Ω—ïÖ¥Å…ΩÕ—ï»∞∞¿∏¿±›ïï¨ƒµÿƒ∏¿∞»¿»ÿ¥¿‡¥Ã¡PƒÿËƒ‘Ë¿¿¨¿¿Ë¿¿∞¿∏¿∞¿∏¿∞¿∏¿∞¿∏¿∞¿∏¿∞¿∏¿∞¿∏¿∞¿∏¿∞¿∏¿∞¿∏¿∞¿∏¿∞¿∏¿∞Ã–¿∞ƒ‹‹‹∞±ôÖ±Õî±—ïÖµ}…ïçΩπç•±•Ö—•Ωπ}Öπë}ç’……ïπ—}›ïï≠±Â}…Ω±î(»¿»ÿ∞ƒ±A|Âƒ‡Ã‰Ã–±ΩππΩ»ÅIΩ’Õ†±}P±ïΩ…ù•ÑÅQïç†±Q±Ω±Ω…Öëº±Q…’î∞»¿»ÿ¥¿‰¥¿—P¿¿Ë¿¡h∞–¿ƒ‡‘ÿ‹‹ÿ∞»‡∏‘∞‘¿∏‘∞¿∏¿∞±5=11}=9}Q5}IQL±	Ω—ïÖ¥Å…ΩÕ—ï»∞∞¿∏¿±›ïï¨ƒµÿƒ∏¿∞»¿»ÿ¥¿‡¥Ã¡PƒÿËƒ‘Ë¿¿¨¿¿Ë¿¿∞¿∏¿∞¿∏¿∞¿∏¿∞¿∏¿∞¿∏¿∞¿∏¿∞¿∏¿∞¿∏¿∞¿∏¿∞¿∏¿∞¿∏¿∞¿∏¿∞Ã–ƒ∞ƒ‹‹‡∞±ôÖ±Õî±—ïÖµ}…ïçΩπç•±•Ö—•Ωπ}Öπë}ç’……ïπ—}›ïï≠±Â}…Ω±î(»¿»ÿ∞ƒ±A}‹‡Ã‰…±ΩππΩ»ÅMç°’—–±}9±9ïâ…ÖÕ≠Ñ±]H±=°•º±Q…’î∞»¿»ÿ¥¿‰¥¿’PƒÿË¿¡h∞–¿ƒ‡‘‡–Ã¿∞Ã‘∏‘∞–‹∏‘∞¿∏¿∞±5=11}=9}Q5}IQL±	Ω—ïÖ¥Å…ΩÕ—ï»∞∞¿∏¿±›ïï¨ƒµÿƒ∏¿∞»¿»ÿ¥¿‡¥Ã¡PƒÿËƒ‘Ë¿¿¨¿¿Ë¿¿∞¿∏¿∞¿∏¿∞¿∏¿∞¿∏¿∞¿∏¿∞¿∏¿∞¿∏¿∞¿∏¿∞¿∏¿∞¿∏¿∞¿∏¿∞¿∏¿∞ÿÃ‹∞ƒ‹‹‰∞±ôÖ±Õî±—ïÖµ}…ïçΩπç•±•Ö—•Ωπ}Öπë}ç’……ïπ—}›ïï≠±Â}…Ω±î(»¿»ÿ∞ƒ±A|‘‰—‰Ã‰±ΩΩ¡ï»Å±ï·Öπëï»±}AMT±Aïπ∏ÅM—Ö—î±Q±5Ö…Õ°Ö±∞±Q…’î∞»¿»ÿ¥¿‰¥¿’Pƒ‰ËÃ¡h∞–¿ƒ‡‘‡–Ã–∞Ã‰∏‘∞‘–∏‘∞¿∏¿∞±5=11}=9}Q5}IQL±	Ω—ïÖ¥Å…ΩÕ—ï»∞∞¿∏¿±›ïï¨ƒµÿƒ∏¿∞»¿»ÿ¥¿‡¥Ã¡PƒÿËƒ‘Ë¿¿¨¿¿Ë¿¿∞¿∏¿∞¿∏¿∞¿∏¿∞¿∏¿∞¿∏¿∞¿∏¿∞¿∏¿∞¿∏¿∞¿∏¿∞¿∏¿∞¿∏¿∞¿∏¿∞Ã–»∞ƒ‹‡¿∞±ôÖ±Õî±—ïÖµ}…ïçΩπç•±•Ö—•Ωπ}Öπë}ç’……ïπ—}›ïï≠±Â}…Ω±î(»¿»ÿ∞ƒ±A|ƒÃ–ÿÂ–¿±ΩΩ¡ï»Å±ÖπÖùÖ∏±}9±9Ω—…îÅÖµî±Q±]•ÕçΩπÕ•∏±Q…’î∞»¿»ÿ¥¿‰¥¿ŸP»ÃËÃ¡h∞–¿ƒ‡‘‡–Ã‡∞Ã–∏¿∞–‹∏‘∞¿∏¿∞±5=11}=9}Q5}IQL±	Ω—ïÖ¥Å…ΩÕ—ï»∞∞¿∏¿±›ïï¨ƒµÿƒ∏¿∞»¿»ÿ¥¿‡¥Ã¡PƒÿËƒ‘Ë¿¿¨¿¿Ë¿¿∞¿∏¿∞¿∏¿∞¿∏¿∞¿∏¿∞¿∏¿∞¿∏¿∞¿∏¿∞¿∏¿∞¿∏¿∞¿∏¿∞¿∏¿∞¿∏¿∞Ã–Ã∞ƒ‹‡ƒ∞±ôÖ±Õî±—ïÖµ}…ïçΩπç•±•Ö—•Ωπ}Öπë}ç’……ïπ—}›ïï≠±Â}…Ω±î(»¿»ÿ∞ƒ±A}‡‡ÿ·≈±ΩΩ¡ï»Å5Ω±±•ÕΩ∏±}1±±ÖâÖµÑ±]H±ÖÕ–ÅÖ…Ω±•πÑ±Q…’î∞»¿»ÿ¥¿‰¥¿’PƒÿË¿¡h∞–¿ƒ‡‘ÿÿÃ–∞–ƒ∏¿∞‘Ã∏‘∞¿∏¿∞±5=11}=9}Q5}IQL±	Ω—ïÖ¥Å…ΩÕ—ï»∞∞¿∏¿±›ïï¨ƒµÿƒ∏¿∞»¿»ÿ¥¿‡¥Ã¡PƒÿËƒ‘Ë¿¿¨¿¿Ë¿¿∞¿∏¿∞¿∏¿∞¿∏¿∞¿∏¿∞¿∏¿∞¿∏¿∞¿∏¿∞¿∏¿∞¿∏¿∞¿∏¿∞¿∏¿∞¿∏¿∞ÿÃ‡∞ƒ‹‡»∞±ôÖ±Õî±—ïÖµ}…ïçΩπç•±•Ö—•Ωπ}Öπë}ç’……ïπ—}›ïï≠±Â}…Ω±î(»¿»ÿ∞ƒ±A}ƒ≈›·±ΩΩ¡ï»ÅAï……‰±}0±Ö±•ôΩ…π•Ñ±]H±U1±Q…’î∞»¿»ÿ¥¿‰¥¿ŸP¿»ËÃ¡h∞–¿ƒ‡‘‡»ƒ¿∞»ÿ∏¿∞‘Ã∏‘∞¿∏¿∞±5=11}=9}Q5}IQL±	Ω—ïÖ¥Å…ΩÕ—ï»∞∞¿∏¿±›ïï¨ƒµÿƒ∏¿∞»¿»ÿ¥¿‡¥Ã¡PƒÿËƒ‘Ë¿¿¨¿¿Ë¿¿∞¿∏¿∞¿∏¿∞¿∏¿∞¿∏¿∞¿∏¿∞¿∏¿∞¿∏¿∞¿∏¿∞¿∏¿∞¿∏¿∞¿∏¿∞¿∏¿∞ÿÃ‰∞ƒ‹‡Ã∞±—…’î±—ïÖµ}…ïçΩπç•±•Ö—•Ωπ}Öπë}ç’……ïπ—}›ïï≠±Â}…Ω±î(»¿»ÿ∞ƒ±A}’¡¿¿±Ω…‰Å!ïπëï…ÕΩ∏Å)»∏±}I,±…≠ÖπÕÖÃ±]H±9Ω…—†Å±ÖâÖµÑ±Q…’î∞»¿»ÿ¥¿‰¥¿’P»¿Ëƒ’h∞–¿ƒ‡‘ÿÿÃ‘∞‘»∏¿∞ÿÃ∏‘∞¿∏¿∞±5=11}=9}Q5}IQL±	Ω—ïÖ¥Å…ΩÕ—ï»∞∞¿∏¿±›ïï¨ƒµÿƒ∏¿∞»¿»ÿ¥¿‡¥Ã¡PƒÿËƒ‘Ë¿¿¨¿¿Ë¿¿∞¿∏¿∞¿∏¿∞¿∏¿∞¿∏¿∞¿∏¿∞¿∏¿∞¿∏¿∞¿∏¿∞¿∏¿∞¿∏¿∞¿∏¿∞¿∏¿∞ÿ–¿∞ƒ‹‡–∞±ôÖ±Õî±—ïÖµ}…ïçΩπç•±•Ö—•Ωπ}Öπë}ç’……ïπ—}›ïï≠±Â}…Ω±î(»¿»ÿ∞ƒ±A|‹ÿ»…	‹–±…ÖπëÖ±∞ÅE’•π∏±}5% ±5•ç°•ùÖ∏±Q±]ïÕ—ï…∏Å5•ç°•ùÖ∏±Q…’î∞»¿»ÿ¥¿‰¥¿’P»ÃËÃ¡h∞–¿ƒ‡‘‡–»‡∞Ã‡∏¿∞–‡∏‘∞¿∏¿∞±5=11}=9}Q5}IQL±	Ω—ïÖ¥Å…ΩÕ—ï»∞∞¿∏¿±›ïï¨ƒµÿƒ∏¿∞»¿»ÿ¥¿‡¥Ã¡PƒÿËƒ‘Ë¿¿¨¿¿Ë¿¿∞¿∏¿∞¿∏¿∞¿∏¿∞¿∏¿∞¿∏¿∞¿∏¿∞¿∏¿∞¿∏¿∞¿∏¿∞¿∏¿∞¿∏¿∞¿∏¿∞Ã––∞ƒ‹‡‘∞±ôÖ±Õî±—ïÖµ}…ïçΩπç•±•Ö—•Ωπ}Öπë}ç’……ïπ—}›ïï≠±Â}…Ω±î(»¿»ÿ∞ƒ±A}ƒ‹–Ÿ»‡±Â…’ÃÅQ…Ö’ù†±}]YT±]ïÕ–ÅY•…ù•π•Ñ±]H±ΩÖÕ—Ö∞ÅÖ…Ω±•πÑ±Q…’î∞»¿»ÿ¥¿‰¥¿’PƒÿË¿¡h∞–¿ƒ‡‘ÿ‹‡¿∞Ã‰∏¿∞‘ÿ∏‘∞¿∏¿∞±5=11}=9}Q5}IQL±	Ω—ïÖ¥Å…ΩÕ—ï»∞∞¿∏¿±›ïï¨ƒµÿƒ∏¿∞»¿»ÿ¥¿‡¥Ã¡PƒÿËƒ‘Ë¿¿¨¿¿Ë¿¿∞¿∏¿∞¿∏¿∞¿∏¿∞¿∏¿∞¿∏¿∞¿∏¿∞¿∏¿∞¿∏¿∞¿∏¿∞¿∏¿∞¿∏¿∞¿∏¿∞ÿ–ƒ∞ƒ‹‡ÿ∞±—…’î±—ïÖµ}…ïçΩπç•±•Ö—•Ωπ}Öπë}ç’……ïπ—}›ïï≠±Â}…Ω±î(»¿»ÿ∞ƒ±A|ƒ‰ÂÕ‹±(Å	±Öç¨±}M±MΩ’—†ÅÖ…Ω±•πÑ±]H±-ïπ–ÅM—Ö—î±Q…’î∞»¿»ÿ¥¿‰¥¿’PƒÿË–’h∞–¿ƒ‡‘ÿÿÿ‘∞–‘∏¿∞‘Ã∏‘∞¿∏¿∞±5=11}=9}Q5}IQL±	Ω—ïÖ¥Å…ΩÕ—ï»∞∞¿∏¿±›ïï¨ƒµÿƒ∏¿∞»¿»ÿ¥¿‡¥Ã¡PƒÿËƒ‘Ë¿¿¨¿¿Ë¿¿∞¿∏¿∞¿∏¿∞¿∏¿∞¿∏¿∞¿∏¿∞¿∏¿∞¿∏¿∞¿∏¿∞¿∏¿∞¿∏¿∞¿∏¿∞¿∏¿∞ÿ–»∞ƒ‹‡‹∞±—…’î±—ïÖµ}…ïçΩπç•±•Ö—•Ωπ}Öπë}ç’……ïπ—}›ïï≠±Â}…Ω±î(»¿»ÿ∞ƒ±A}…·–±(Å)Ω…ëÖ∏±}I%h±…•ÈΩπÑ±]H±9Ω…—°ï…∏Å…•ÈΩπÑ±Q…’î∞»¿»ÿ¥¿‰¥¿ŸP¿ƒËÃ¡h∞–¿ƒ‡‘ÿ‹‹Ã∞––∏¿∞‘ÿ∏‘∞¿∏¿∞±5=11}=9}Q5}IQL±	Ω—ïÖ¥Å…ΩÕ—ï»∞∞¿∏¿±›ïï¨ƒµÿƒ∏¿∞»¿»ÿ¥¿‡¥Ã¡PƒÿËƒ‘Ë¿¿¨¿¿Ë¿¿∞¿∏¿∞¿∏¿∞¿∏¿∞¿∏¿∞¿∏¿∞¿∏¿∞¿∏¿∞¿∏¿∞¿∏¿∞¿∏¿∞¿∏¿∞¿∏¿∞ÿ–Ã∞ƒ‹‡‡∞±ôÖ±Õî±—ïÖµ}…ïçΩπç•±•Ö—•Ωπ}Öπë}ç’……ïπ—}›ïï≠±Â}…Ω±î(»¿»ÿ∞ƒ±A}¿‘ÿ¡‰±(ÅM•πù±ï—Ω∏Å)»∏±}9±9ïâ…ÖÕ≠Ñ±]H±=°•º±Q…’î∞»¿»ÿ¥¿‰¥¿’PƒÿË¿¡h∞–¿ƒ‡‘‡–Ã¿∞Ã‘∏‘∞–‹∏‘∞¿∏¿∞±5=11}=9}Q5}IQL±	Ω—ïÖ¥Å…ΩÕ—ï»∞∞¿∏¿±›ïï¨ƒµÿƒ∏¿∞»¿»ÿ¥¿‡¥Ã¡PƒÿËƒ‘Ë¿¿¨¿¿Ë¿¿∞¿∏¿∞¿∏¿∞¿∏¿∞¿∏¿∞¿∏¿∞¿∏¿∞¿∏¿∞¿∏¿∞¿∏¿∞¿∏¿∞¿∏¿∞¿∏¿∞ÿ––∞ƒ‹‡‰∞±ôÖ±Õî±—ïÖµ}…ïçΩπç•±•Ö—•Ωπ}Öπë}ç’……ïπ—}›ïï≠±Â}…Ω±î(»¿»ÿ∞ƒ±A|¿‡¿ƒ≈¿±Ö§ùÕ°Ö’∏ÅQ°ΩµÖÃ±}I,±…≠ÖπÕÖÃ±]H±9Ω…—†Å±ÖâÖµÑ±Q…’î∞»¿»ÿ¥¿‰¥¿’P»¿Ëƒ’h∞–¿ƒ‡‘ÿÿÃ‘∞‘»∏¿∞ÿÃ∏‘∞¿∏¿∞±5=11}=9}Q5}IQL±	Ω—ïÖ¥Å…ΩÕ—ï»∞∞¿∏¿±›ïï¨ƒµÿƒ∏¿∞»¿»ÿ¥¿‡¥Ã¡PƒÿËƒ‘Ë¿¿¨¿¿Ë¿¿∞¿∏¿∞¿∏¿∞¿∏¿∞¿∏¿∞¿∏¿∞¿∏¿∞¿∏¿∞¿∏¿∞¿∏¿∞¿∏¿∞¿∏¿∞¿∏¿∞ÿ–‘∞ƒ‹‰¿∞±ôÖ±Õî±—ïÖµ}…ïçΩπç•±•Ö—•Ωπ}Öπë}ç’……ïπ—}›ïï≠±Â}…Ω±î(»¿»ÿ∞ƒ±A|·Ãƒ‘ÿ‡±Ö±ï∏ÅAïπÕΩ∏±}P±ïΩ…ù•ÑÅQïç†±]H±Ω±Ω…Öëº±Q…’î∞»¿»ÿ¥¿‰¥¿—P¿¿Ë¿¡h∞–¿ƒ‡‘ÿ‹‹ÿ∞»‡∏‘∞‘¿∏‘∞¿∏¿∞±5=11}=9}Q5}IQL±	Ω—ïÖ¥Å…ΩÕ—ï»∞∞¿∏¿±›ïï¨ƒµÿƒ∏¿∞»¿»ÿ¥¿‡¥Ã¡PƒÿËƒ‘Ë¿¿¨¿¿Ë¿¿∞¿∏¿∞¿∏¿∞¿∏¿∞¿∏¿∞¿∏¿∞¿∏¿∞¿∏¿∞¿∏¿∞¿∏¿∞¿∏¿∞¿∏¿∞¿∏¿∞ÿ–ÿ∞ƒ‹‰ƒ∞±—…’î±—ïÖµ}…ïçΩπç•±•Ö—•Ωπ}Öπë}ç’……ïπ—}›ïï≠±Â}…Ω±î(»¿»ÿ∞ƒ±A|»‰·≈»±Öπ•ï∞Å=›ïπÃ±}5±5Ö…Â±Öπê±Q±!Öµ¡—Ω∏±Q…’î∞»¿»ÿ¥¿‰¥¿ŸP¿¿Ë¿¡h∞–¿ƒ‡‘‡–»‹∞‘ƒ∏¿∞‘ÿ∏‘∞¿∏¿∞±5=11}=9}Q5}IQL±	Ω—ïÖ¥Å…ΩÕ—ï»∞∞¿∏¿±›ïï¨ƒµÿƒ∏¿∞»¿»ÿ¥¿‡¥Ã¡PƒÿËƒ‘Ë¿¿¨¿¿Ë¿¿∞¿∏¿∞¿∏¿∞¿∏¿∞¿∏¿∞¿∏¿∞¿∏¿∞¿∏¿∞¿∏¿∞¿∏¿∞¿∏¿∞¿∏¿∞¿∏¿∞Ã–‘∞ƒ‹‰»∞±ôÖ±Õî±—ïÖµ}…ïçΩπç•±•Ö—•Ωπ}Öπë}ç’……ïπ—}›ïï≠±Â}…Ω±î(»¿»ÿ∞ƒ±A}¿Ã‘…¿¿±Öππ‰Å’……Ö∏±}U±ïΩ…ù•Ñ±]H±QïππïÕÕïîÅM—Ö—î±Q…’î∞»¿»ÿ¥¿‰¥¿’Pƒ‰Ë¿¡h∞–¿ƒ‡‘ÿÿ‘‡∞‘ƒ∏‘∞‘ÿ∏‘∞¿∏¿∞±5=11}=9}Q5}IQL±	Ω—ïÖ¥Å…ΩÕ—ï»∞∞¿∏¿±›ïï¨ƒµÿƒ∏¿∞»¿»ÿ¥¿‡¥Ã¡PƒÿËƒ‘Ë¿¿¨¿¿Ë¿¿∞¿∏¿∞¿∏¿∞¿∏¿∞¿∏¿∞¿∏¿∞¿∏¿∞¿∏¿∞¿∏¿∞¿∏¿∞¿∏¿∞¿∏¿∞¿∏¿∞ÿ–‹∞ƒ‹‰Ã∞±ôÖ±Õî±—ïÖµ}…ïçΩπç•±•Ö—•Ωπ}Öπë}ç’……ïπ—}›ïï≠±Â}…Ω±î(»¿»ÿ∞ƒ±A}––‹’‘±Öππ‰Åëùï°•±±î±}	±	ΩÕ—Ω∏ÅΩ±±ïùî±Q±•πç•ππÖ—§±Ö±Õî∞»¿»ÿ¥¿‰¥¿’Pƒ‰ËÃ¡h∞–¿ƒ‡‘ÿ‹‹‹∞»»∏¿∞‘ƒ∏‘∞¿∏¿∞±5=11}=9}Q5}IQL±	Ω—ïÖ¥Å…ΩÕ—ï»∞∞¿∏¿±›ïï¨ƒµÿƒ∏¿∞»¿»ÿ¥¿‡¥Ã¡PƒÿËƒ‘Ë¿¿¨¿¿Ë¿¿∞¿∏¿∞¿∏¿∞¿∏¿∞¿∏¿∞¿∏¿∞¿∏¿∞¿∏¿∞¿∏¿∞¿∏¿∞¿∏¿∞¿∏¿∞¿∏¿∞Ã–ÿ∞ƒ‹‰–∞±ôÖ±Õî±—ïÖµ}…ïçΩπç•±•Ö—•Ωπ}Öπë}ç’……ïπ—}›ïï≠±Â}…Ω±î(»¿»ÿ∞ƒ±A|·›	Â±Öππ‰Å-•πú±}9±9ïâ…ÖÕ≠Ñ±Q±=°•º±Q…’î∞»¿»ÿ¥¿‰¥¿’PƒÿË¿¡h∞–¿ƒ‡‘‡–Ã¿∞Ã‘∏‘∞–‹∏‘∞¿∏¿∞±5=11}=9}Q5}IQL±	Ω—ïÖ¥Å…ΩÕ—ï»∞∞¿∏¿±›ïï¨ƒµÿƒ∏¿∞»¿»ÿ¥¿‡¥Ã¡PƒÿËƒ‘Ë¿¿¨¿¿Ë¿¿∞¿∏¿∞¿∏¿∞¿∏¿∞¿∏¿∞¿∏¿∞¿∏¿∞¿∏¿∞¿∏¿∞¿∏¿∞¿∏¿∞¿∏¿∞¿∏¿∞Ã–‹∞ƒ‹‰‘∞±ôÖ±Õî±—ïÖµ}…ïçΩπç•±•Ö—•Ωπ}Öπë}ç’……ïπ—}›ïï≠±Â}…Ω±î(»¿»ÿ∞ƒ±A}‡ÿ≈’±Ö…•’ÃÅ)Ω°πÕΩ∏±}MeH±MÂ…Öç’Õî±]H±9ï‹Å!Öµ¡Õ°•…î±Q…’î∞»¿»ÿ¥¿‰¥¿’PƒÿË¿¡h∞–¿ƒ‡‘‡»¿‡∞––∏‘∞‘‘∏‘∞¿∏¿∞±5=11}=9}Q5}IQL±	Ω—ïÖ¥Å…ΩÕ—ï»∞∞¿∏¿±›ïï¨ƒµÿƒ∏¿∞»¿»ÿ¥¿‡¥Ã¡PƒÿËƒ‘Ë¿¿¨¿¿Ë¿¿∞¿∏¿∞¿∏¿∞¿∏¿∞¿∏¿∞¿∏¿∞¿∏¿∞¿∏¿∞¿∏¿∞¿∏¿∞¿∏¿∞¿∏¿∞¿∏¿∞ÿ–‡∞ƒ‹‰ÿ∞±ôÖ±Õî±—ïÖµ}…ïçΩπç•±•Ö—•Ωπ}Öπë}ç’……ïπ—}›ïï≠±Â}…Ω±î(»¿»ÿ∞ƒ±A}Ÿ	—±Ö……ÂΩ∏Å]•±±•ÖµÃ±}MT±±Ω…•ëÑÅM—Ö—î±]H±M5T±Q…’î∞»¿»ÿ¥¿‰¥¿›P»ÃËÃ¡h∞–¿ƒ‡‘‡»ƒ»∞»‘∏»‘∞‘Ã∏‘∞¿∏¿∞±5=11}=9}Q5}IQL±	Ω—ïÖ¥Å…ΩÕ—ï»∞∞¿∏¿±›ïï¨ƒµÿƒ∏¿∞»¿»ÿ¥¿‡¥Ã¡PƒÿËƒ‘Ë¿¿¨¿¿Ë¿¿∞¿∏¿∞¿∏¿∞¿∏¿∞¿∏¿∞¿∏¿∞¿∏¿∞¿∏¿∞¿∏¿∞¿∏¿∞¿∏¿∞¿∏¿∞¿∏¿∞ÿ–‰∞ƒ‹‰‹∞±ôÖ±Õî±—ïÖµ}…ïçΩπç•±•Ö—•Ωπ}Öπë}ç’……ïπ—}›ïï≠±Â}…Ω±î(»¿»ÿ∞ƒ±A|’	ƒ‰±ÖŸ•Ö∏Å…Ωçî±}1±±Ω…•ëÑ±]H±±Ω…•ëÑÅ—±Öπ—•å±Q…’î∞»¿»ÿ¥¿‰¥¿’P»ÃË–’h∞–¿ƒ‡‘ÿÿÃ‹∞–Ã∏‘∞‘‰∏‘∞¿∏¿∞±5=11}=9}Q5}IQL±	Ω—ïÖ¥Å…ΩÕ—ï»∞∞¿∏¿±›ïï¨ƒµÿƒ∏¿∞»¿»ÿ¥¿‡¥Ã¡PƒÿËƒ‘Ë¿¿¨¿¿Ë¿¿∞¿∏¿∞¿∏¿∞¿∏¿∞¿∏¿∞¿∏¿∞¿∏¿∞¿∏¿∞¿∏¿∞¿∏¿∞¿∏¿∞¿∏¿∞¿∏¿∞ÿ‘¿∞ƒ‹‰‡∞±ôÖ±Õî±—ïÖµ}…ïçΩπç•±•Ö—•Ωπ}Öπë}ç’……ïπ—}›ïï≠±Â}…Ω±î(»¿»ÿ∞ƒ±A}‡≈‘¿±ÖŸ•êÅ-π•ôôï∏Å)»∏±}M5T±M5T±]H±±Ω…•ëÑÅM—Ö—î±Ö±Õî∞»¿»ÿ¥¿‰¥¿›P»ÃËÃ¡h∞–¿ƒ‡‘‡»ƒ»∞»‡∏»‘∞‘Ã∏‘∞¿∏¿∞±5=11}=9}Q5}IQL±	Ω—ïÖ¥Å…ΩÕ—ï»∞∞¿∏¿±›ïï¨ƒµÿƒ∏¿∞»¿»ÿ¥¿‡¥Ã¡PƒÿËƒ‘Ë¿¿¨¿¿Ë¿¿∞¿∏¿∞¿∏¿∞¿∏¿∞¿∏¿∞¿∏¿∞¿∏¿∞¿∏¿∞¿∏¿∞¿∏¿∞¿∏¿∞¿∏¿∞¿∏¿∞ÿ‘ƒ∞ƒ‹‰‰∞±ôÖ±Õî±—ïÖµ}…ïçΩπç•±•Ö—•Ωπ}Öπë}ç’……ïπ—}›ïï≠±Â}…Ω±î(»¿»ÿ∞ƒ±A}Õ‰»»‹‹±ÖŸ•êÅ1Ö±Ö•Ö∏±}U±ïΩ…ù•Ñ±Q±QïππïÕÕïîÅM—Ö—î±Q…’î∞»¿»ÿ¥¿‰¥¿’Pƒ‰Ë¿¡h∞–¿ƒ‡‘ÿÿ‘‡∞‘ƒ∏‘∞‘ÿ∏‘∞¿∏¿∞±5=11}=9}Q5}IQL±	Ω—ïÖ¥Å…ΩÕ—ï»∞∞¿∏¿±›ïï¨ƒµÿƒ∏¿∞»¿»ÿ¥¿‡¥Ã¡PƒÿËƒ‘Ë¿¿¨¿¿Ë¿¿∞¿∏¿∞¿∏¿∞¿∏¿∞¿∏¿∞¿∏¿∞¿∏¿∞¿∏¿∞¿∏¿∞¿∏¿∞¿∏¿∞¿∏¿∞¿∏¿∞Ã–‡∞ƒ‡¿¿∞±ôÖ±Õî±—ïÖµ}…ïçΩπç•±•Ö—•Ωπ}Öπë}ç’……ïπ—}›ïï≠±Â}…Ω±î(»¿»ÿ∞ƒ±A|ÿ¡Â…‘±ÖŸ•êÅAÖπ—ï±•Ã±}MQ8±M—ÖπôΩ…ê±]H±5•Öµ§±Q…’î∞»¿»ÿ¥¿‰¥¿’P¿ƒË¿¡h∞–¿ƒ‡‘‡»¿ÿ∞ƒƒ∏‘∞–‹∏‘∞¿∏¿∞±5=11}=9}Q5}IQL±	Ω—ïÖ¥Å…ΩÕ—ï»∞∞¿∏¿±›ïï¨ƒµÿƒ∏¿∞»¿»ÿ¥¿‡¥Ã¡PƒÿËƒ‘Ë¿¿¨¿¿Ë¿¿∞¿∏¿∞¿∏¿∞¿∏¿∞¿∏¿∞¿∏¿∞¿∏¿∞¿∏¿∞¿∏¿∞¿∏¿∞¿∏¿∞¿∏¿∞¿∏¿∞ÿ‘»∞ƒ‡¿ƒ∞±ôÖ±Õî±—ïÖµ}…ïçΩπç•±•Ö—•Ωπ}Öπë}ç’……ïπ—}›ïï≠±Â}…Ω±î(»¿»ÿ∞ƒ±A|‡¡	‹±ÖŸ•Ω∏ÅAï—ï…Ã±}	d±	ÖÂ±Ω»±]H±’â’…∏±Ö±Õî∞»¿»ÿ¥¿‰¥¿’Pƒ‰ËÃ¡h∞–¿ƒ‡‘ÿÿÃÿ∞»‘∏‹‘∞‘‡∏‘∞¿∏¿∞±5=11}=9}Q5}IQL±	Ω—ïÖ¥Å…ΩÕ—ï»∞∞¿∏¿±›ïï¨ƒµÿƒ∏¿∞»¿»ÿ¥¿‡¥Ã¡PƒÿËƒ‘Ë¿¿¨¿¿Ë¿¿∞¿∏¿∞¿∏¿∞¿∏¿∞¿∏¿∞¿∏¿∞¿∏¿∞¿∏¿∞¿∏¿∞¿∏¿∞¿∏¿∞¿∏¿∞¿∏¿∞ÿ‘Ã∞ƒ‡¿»∞±ôÖ±Õî±—ïÖµ}…ïçΩπç•±•Ö—•Ωπ}Öπë}ç’……ïπ—}›ïï≠±Â}…Ω±î(»¿»ÿ∞ƒ±A|»’ƒÃ»‘±ÖÂ—Ω∏ÅIÖ•Ω±Ñ±}=I±=…ïùΩ∏±Q±	Ω•ÕîÅM—Ö—î±Q…’î∞»¿»ÿ¥¿‰¥¿’Pƒ‰ËÃ¡h∞–¿ƒ‡‘‡–ÃÃ∞Ã‡∏¿∞‘ƒ∏‘∞¿∏¿∞±5=11}=9}Q5}IQL±	Ω—ïÖ¥Å…ΩÕ—ï»∞∞¿∏¿±›ïï¨ƒµÿƒ∏¿∞»¿»ÿ¥¿‡¥Ã¡PƒÿËƒ‘Ë¿¿¨¿¿Ë¿¿∞¿∏¿∞¿∏¿∞¿∏¿∞¿∏¿∞¿∏¿∞¿∏¿∞¿∏¿∞¿∏¿∞¿∏¿∞¿∏¿∞¿∏¿∞¿∏¿∞Ã–‰∞ƒ‡¿Ã∞±ôÖ±Õî±—ïÖµ}…ïçΩπç•±•Ö—•Ωπ}Öπë}ç’……ïπ—}›ïï≠±Â}…Ω±î(»¿»ÿ∞ƒ±A}‹‹ÿÿ·±ÖÂŸΩ∏ÅM—ÖπëÖ…ê±}=-MP±=≠±Ö°ΩµÑÅM—Ö—î±]H±Q’±ÕÑ±Ö±Õî∞»¿»ÿ¥¿‰¥¿’Pƒ‰Ë–’h∞–¿ƒ‡‘ÿ‹‹»∞Ã‹∏»‘∞ÿ¿∏‘∞¿∏¿∞±5=11}=9}Q5}IQL±	Ω—ïÖ¥Å…ΩÕ—ï»∞∞¿∏¿±›ïï¨ƒµÿƒ∏¿∞»¿»ÿ¥¿‡¥Ã¡PƒÿËƒ‘Ë¿¿¨¿¿Ë¿¿∞¿∏¿∞¿∏¿∞¿∏¿∞¿∏¿∞¿∏¿∞¿∏¿∞¿∏¿∞¿∏¿∞¿∏¿∞¿∏¿∞¿∏¿∞¿∏¿∞ÿ‘–∞ƒ‡¿–∞±ôÖ±Õî±—ïÖµ}…ïçΩπç•±•Ö—•Ωπ}Öπë}ç’……ïπ—}›ïï≠±Â}…Ω±î(»¿»ÿ∞ƒ±A}Ã·	¿–±ï	…Ö’∏Å!Öµ¡—Ω∏±}	d±	ÖÂ±Ω»±]H±’â’…∏±Ö±Õî∞»¿»ÿ¥¿‰¥¿’Pƒ‰ËÃ¡h∞–¿ƒ‡‘ÿÿÃÿ∞»‘∏‹‘∞‘‡∏‘∞¿∏¿∞±5=11}=9}Q5}IQL±	Ω—ïÖ¥Å…ΩÕ—ï»∞∞¿∏¿±›ïï¨ƒµÿƒ∏¿∞»¿»ÿ¥¿‡¥Ã¡PƒÿËƒ‘Ë¿¿¨¿¿Ë¿¿∞¿∏¿∞¿∏¿∞¿∏¿∞¿∏¿∞¿∏¿∞¿∏¿∞¿∏¿∞¿∏¿∞¿∏¿∞¿∏¿∞¿∏¿∞¿∏¿∞ÿ‘‘∞ƒ‡¿‘∞±ôÖ±Õî±—ïÖµ}…ïçΩπç•±•Ö—•Ωπ}Öπë}ç’……ïπ—}›ïï≠±Â}…Ω±î(»¿»ÿ∞ƒ±A|‘≈‘‹‰‡–±ïYÖ’∏Å)ΩπïÃ±}1=T±1Ω’•ÕŸ•±±î±]H±=±îÅ5•ÕÃ±Ö±Õî∞»¿»ÿ¥¿‰¥¿ŸP»ÃËÃ¡h∞–¿ƒ‡‘ÿÿÿƒ∞»–∏‘∞‘‘∏‘∞¿∏¿∞±5=11}=9}Q5}IQL±	Ω—ïÖ¥Å…ΩÕ—ï»∞∞¿∏¿±›ïï¨ƒµÿƒ∏¿∞»¿»ÿ¥¿‡¥Ã¡PƒÿËƒ‘Ë¿¿¨¿¿Ë¿¿∞¿∏¿∞¿∏¿∞¿∏¿∞¿∏¿∞¿∏¿∞¿∏¿∞¿∏¿∞¿∏¿∞¿∏¿∞¿∏¿∞¿∏¿∞¿∏¿∞ÿ‘ÿ∞ƒ‡¿ÿ∞±ôÖ±Õî±—ïÖµ}…ïçΩπç•±•Ö—•Ωπ}Öπë}ç’……ïπ—}›ïï≠±Â}…Ω±î(»¿»ÿ∞ƒ±A|‡¿Ÿ·±ïµ•—…•’ÃÅ	ï±∞±}9±9ïâ…ÖÕ≠Ñ±]H±=°•º±Q…’î∞»¿»ÿ¥¿‰¥¿’PƒÿË¿¡h∞–¿ƒ‡‘‡–Ã¿∞Ã‘∏‘∞–‹∏‘∞¿∏¿∞±5=11}=9}Q5}IQL±	Ω—ïÖ¥Å…ΩÕ—ï»∞∞¿∏¿±›ïï¨ƒµÿƒ∏¿∞»¿»ÿ¥¿‡¥Ã¡PƒÿËƒ‘Ë¿¿¨¿¿Ë¿¿∞¿∏¿∞¿∏¿∞¿∏¿∞¿∏¿∞¿∏¿∞¿∏¿∞¿∏¿∞¿∏¿∞¿∏¿∞¿∏¿∞¿∏¿∞¿∏¿∞ÿ‘‹∞ƒ‡¿‹∞±ôÖ±Õî±—ïÖµ}…ïçΩπç•±•Ö—•Ωπ}Öπë}ç’……ïπ—}›ïï≠±Â}…Ω±î(»¿»ÿ∞ƒ±A|Ã·Âƒ±ïΩ∏Å!Ö…ë•∏±}Q98±QïππïÕÕïî±]H±’…µÖ∏±Q…’î∞»¿»ÿ¥¿‰¥¿’Pƒ‰ËÃ¡h∞–¿ƒ‡‘ÿÿÿÿ∞‘ÿ∏‘∞ÿÿ∏‘∞¿∏¿∞±5=11}=9}Q5}IQL±	Ω—ïÖ¥Å…ΩÕ—ï»∞∞¿∏¿±›ïï¨ƒµÿƒ∏¿∞»¿»ÿ¥¿‡¥Ã¡PƒÿËƒ‘Ë¿¿¨¿¿Ë¿¿∞¿∏¿∞¿∏¿∞¿∏¿∞¿∏¿∞¿∏¿∞¿∏¿∞¿∏¿∞¿∏¿∞¿∏¿∞¿∏¿∞¿∏¿∞¿∏¿∞ÿ‘‡∞ƒ‡¿‡∞±ôÖ±Õî±—ïÖµ}…ïçΩπç•±•Ö—•Ωπ}Öπë}ç’……ïπ—}›ïï≠±Â}…Ω±î(»¿»ÿ∞ƒ±A|—‹ƒ‰‰‡±ï……•ç¨Å5ç	…•ëîÅ%$±}5%h±5•ÕÕΩ’…§±]H±…≠ÖπÕÖÃµA•πîÅ	±’ôò±Q…’î∞»¿»ÿ¥¿‰¥¿—P¿¿Ë¿¡h∞–¿ƒ‡‘ÿÿÿÃ∞‘‹∏‘∞ÿ¿∏‘∞¿∏¿∞±5=11}=9}Q5}IQL±	Ω—ïÖ¥Å…ΩÕ—ï»∞∞¿∏¿±›ïï¨ƒµÿƒ∏¿∞»¿»ÿ¥¿‡¥Ã¡PƒÿËƒ‘Ë¿¿¨¿¿Ë¿¿∞¿∏¿∞¿∏¿∞¿∏¿∞¿∏¿∞¿∏¿∞¿∏¿∞¿∏¿∞¿∏¿∞¿∏¿∞¿∏¿∞¿∏¿∞¿∏¿∞ÿ‘‰∞ƒ‡¿‰∞±ôÖ±Õî±—ïÖµ}…ïçΩπç•±•Ö—•Ωπ}Öπë}ç’……ïπ—}›ïï≠±Â}…Ω±î(»¿»ÿ∞ƒ±A}Â’»±ï……•ç¨ÅMÖ±±ï‰Å)»∏±}-MT±-ÖπÕÖÃÅM—Ö—î±]H±9•ç°Ω±±Ã±Q…’î∞»¿»ÿ¥¿‰¥¿’P»ÃË¿¡h∞–¿ƒ‡‘ÿ‹‹ƒ∞–‡∏¿∞‘‘∏‘∞¿∏¿∞±5=11}=9}Q5}IQL±	Ω—ïÖ¥Å…ΩÕ—ï»∞∞¿∏¿±›ïï¨ƒµÿƒ∏¿∞»¿»ÿ¥¿‡¥Ã¡PƒÿËƒ‘Ë¿¿¨¿¿Ë¿¿∞¿∏¿∞¿∏¿∞¿∏¿∞¿∏¿∞¿∏¿∞¿∏¿∞¿∏¿∞¿∏¿∞¿∏¿∞¿∏¿∞¿∏¿∞¿∏¿∞ÿÿ¿∞ƒ‡ƒ¿∞±ôÖ±Õî±—ïÖµ}…ïçΩπç•±•Ö—•Ωπ}Öπë}ç’……ïπ—}›ïï≠±Â}…Ω±î(»¿»ÿ∞ƒ±A|‡≈…‘Ã±ïŸΩ∏Å5Ö…—•∏±}M5T±M5T±Q±±Ω…•ëÑÅM—Ö—î±Ö±Õî∞»¿»ÿ¥¿‰¥¿›P»ÃËÃ¡h∞–¿ƒ‡‘‡»ƒ»∞»‡∏»‘∞‘Ã∏‘∞¿∏¿∞±5=11}=9}Q5}IQL±	Ω—ïÖ¥Å…ΩÕ—ï»∞∞¿∏¿±›ïï¨ƒµÿƒ∏¿∞»¿»ÿ¥¿‡¥Ã¡PƒÿËƒ‘Ë¿¿¨¿¿Ë¿¿∞¿∏¿∞¿∏¿∞¿∏¿∞¿∏¿∞¿∏¿∞¿∏¿∞¿∏¿∞¿∏¿∞¿∏¿∞¿∏¿∞¿∏¿∞¿∏¿∞Ã‘¿∞ƒ‡ƒƒ∞±ôÖ±Õî±—ïÖµ}…ïçΩπç•±•Ö—•Ωπ}Öπë}ç’……ïπ—}›ïï≠±Â}…Ω±î(»¿»ÿ∞ƒ±A}	’ƒƒÿƒ±ïŸÂ∏ÅiÖ°’…Õ≠‰±}%8±•πç•ππÖ—§±Q±	ΩÕ—Ω∏ÅΩ±±ïùî±Q…’î∞»¿»ÿ¥¿‰¥¿’Pƒ‰ËÃ¡h∞–¿ƒ‡‘ÿ‹‹‹∞»‰∏‘∞‘ƒ∏‘∞¿∏¿∞±5=11}=9}Q5}IQL±	Ω—ïÖ¥Å…ΩÕ—ï»∞∞¿∏¿±›ïï¨ƒµÿƒ∏¿∞»¿»ÿ¥¿‡¥Ã¡PƒÿËƒ‘Ë¿¿¨¿¿Ë¿¿∞¿∏¿∞¿∏¿∞¿∏¿∞¿∏¿∞¿∏¿∞¿∏¿∞¿∏¿∞¿∏¿∞¿∏¿∞¿∏¿∞¿∏¿∞¿∏¿∞Ã‘ƒ∞ƒ‡ƒ»∞±ôÖ±Õî±—ïÖµ}…ïçΩπç•±•Ö—•Ωπ}Öπë}ç’……ïπ—}›ïï≠±Â}…Ω±î(»¿»ÿ∞ƒ±A|¡Ÿ¿‰±Ωµ•π•åÅïMÖ…πº±}	±	ΩÕ—Ω∏ÅΩ±±ïùî±Q±•πç•ππÖ—§±Ö±Õî∞»¿»ÿ¥¿‰¥¿’Pƒ‰ËÃ¡h∞–¿ƒ‡‘ÿ‹‹‹∞»»∏¿∞‘ƒ∏‘∞¿∏¿∞±5=11}=9}Q5}IQL±	Ω—ïÖ¥Å…ΩÕ—ï»∞∞¿∏¿±›ïï¨ƒµÿƒ∏¿∞»¿»ÿ¥¿‡¥Ã¡PƒÿËƒ‘Ë¿¿¨¿¿Ë¿¿∞¿∏¿∞¿∏¿∞¿∏¿∞¿∏¿∞¿∏¿∞¿∏¿∞¿∏¿∞¿∏¿∞¿∏¿∞¿∏¿∞¿∏¿∞¿∏¿∞Ã‘»∞ƒ‡ƒÃ∞±ôÖ±Õî±—ïÖµ}…ïçΩπç•±•Ö—•Ωπ}Öπë}ç’……ïπ—}›ïï≠±Â}…Ω±î(»¿»ÿ∞ƒ±A}Ã‰≈»‘±ΩπÖ±êÅΩ±±•ï»±}-T±-ÖπÕÖÃ±]H±1ΩπúÅ%Õ±ÖπêÅUπ•Ÿï…Õ•—‰±Q…’î∞»¿»ÿ¥¿‰¥¿’P¿¿Ë¿¡h∞–¿ƒ‡‘ÿ‹ÿ‰∞–ÿ∏¿∞‘Ã∏‘∞¿∏¿∞±5=11}=9}Q5}IQL±	Ω—ïÖ¥Å…ΩÕ—ï»∞∞¿∏¿±›ïï¨ƒµÿƒ∏¿∞»¿»ÿ¥¿‡¥Ã¡PƒÿËƒ‘Ë¿¿¨¿¿Ë¿¿∞¿∏¿∞¿∏¿∞¿∏¿∞¿∏¿∞¿∏¿∞¿∏¿∞¿∏¿∞¿∏¿∞¿∏¿∞¿∏¿∞¿∏¿∞¿∏¿∞ÿÿƒ∞ƒ‡ƒ–∞±ôÖ±Õî±—ïÖµ}…ïçΩπç•±•Ö—•Ωπ}Öπë}ç’……ïπ—}›ïï≠±Â}…Ω±î(»¿»ÿ∞ƒ±A|—‹·»‹±Ωπ•ï±±îÅ!ÖÂïÃ±}5%98±5•ππïÕΩ—Ñ±]H±ÖÕ—ï…∏Å%±±•πΩ•Ã±Q…’î∞»¿»ÿ¥¿‰¥¿—P¿¿Ë¿¡h∞–¿ƒ‡‘‡–»»∞–‹∏‘∞‘ƒ∏‘∞¿∏¿∞±5=11}=9}Q5}IQL±	Ω—ïÖ¥Å…ΩÕ—ï»∞∞¿∏¿±›ïï¨ƒµÿƒ∏¿∞»¿»ÿ¥¿‡¥Ã¡PƒÿËƒ‘Ë¿¿¨¿¿Ë¿¿∞¿∏¿∞¿∏¿∞¿∏¿∞¿∏¿∞¿∏¿∞¿∏¿∞¿∏¿∞¿∏¿∞¿∏¿∞¿∏¿∞¿∏¿∞¿∏¿∞ÿÿ»∞ƒ‡ƒ‘∞±ôÖ±Õî±—ïÖµ}…ïçΩπç•±•Ö—•Ωπ}Öπë}ç’……ïπ—}›ïï≠±Â}…Ω±î(»¿»ÿ∞ƒ±A|ÂÃ≈‘Ã±Ω…•Ö∏Å	Ö…πïÃ±}!=T±!Ω’Õ—Ω∏±]H±=…ïùΩ∏ÅM—Ö—î±Q…’î∞»¿»ÿ¥¿‰¥¿’PƒÿË¿¡h∞–¿ƒ‡‘ÿ‹‹‡∞Ãÿ∏¿∞‘ƒ∏‘∞¿∏¿∞±5=11}=9}Q5}IQL±	Ω—ïÖ¥Å…ΩÕ—ï»∞∞¿∏¿±›ïï¨ƒµÿƒ∏¿∞»¿»ÿ¥¿‡¥Ã¡PƒÿËƒ‘Ë¿¿¨¿¿Ë¿¿∞¿∏¿∞¿∏¿∞¿∏¿∞¿∏¿∞¿∏¿∞¿∏¿∞¿∏¿∞¿∏¿∞¿∏¿∞¿∏¿∞¿∏¿∞¿∏¿∞ÿÿÃ∞ƒ‡ƒÿ∞±ôÖ±Õî±—ïÖµ}…ïçΩπç•±•Ö—•Ωπ}Öπë}ç’……ïπ—}›ïï≠±Â}…Ω±î(»¿»ÿ∞ƒ±A|‰¿Ã»–·¿±Ω…Õï—–ÅM—ïç≠ï»±}]%M±]•ÕçΩπÕ•∏±]H±9Ω—…îÅÖµî±Ö±Õî∞»¿»ÿ¥¿‰¥¿ŸP»ÃËÃ¡h∞–¿ƒ‡‘‡–Ã‡∞ƒÃ∏‘∞–‹∏‘∞¿∏¿∞±5=11}=9}Q5}IQL±	Ω—ïÖ¥Å…ΩÕ—ï»∞∞¿∏¿±›ïï¨ƒµÿƒ∏¿∞»¿»ÿ¥¿‡¥Ã¡PƒÿËƒ‘Ë¿¿¨¿¿Ë¿¿∞¿∏¿∞¿∏¿∞¿∏¿∞¿∏¿∞¿∏¿∞¿∏¿∞¿∏¿∞¿∏¿∞¿∏¿∞¿∏¿∞¿∏¿∞¿∏¿∞ÿÿ–∞ƒ‡ƒ‹∞±ôÖ±Õî±—ïÖµ}…ïçΩπç•±•Ö—•Ωπ}Öπë}ç’……ïπ—}›ïï≠±Â}…Ω±î(»¿»ÿ∞ƒ±A}‰‘’	‡Ã±…ï‹Å	Â…ê±}%MT±%Ω›ÑÅM—Ö—î±Q±MΩ’—°ïÖÕ–Å5•ÕÕΩ’…§ÅM—Ö—î±Q…’î∞»¿»ÿ¥¿‰¥¿’Pƒ‹Ë¿¡h∞–¿ƒ‡‘ÿ‹‹‰∞–ƒ∏‘∞‘Ã∏‘∞¿∏¿∞±5=11}=9}Q5}IQL±	Ω—ïÖ¥Å…ΩÕ—ï»∞∞¿∏¿±›ïï¨ƒµÿƒ∏¿∞»¿»ÿ¥¿‡¥Ã¡PƒÿËƒ‘Ë¿¿¨¿¿Ë¿¿∞¿∏¿∞¿∏¿∞¿∏¿∞¿∏¿∞¿∏¿∞¿∏¿∞¿∏¿∞¿∏¿∞¿∏¿∞¿∏¿∞¿∏¿∞¿∏¿∞Ã‘Ã∞ƒ‡ƒ‡∞±ôÖ±Õî±—ïÖµ}…ïçΩπç•±•Ö—•Ωπ}Öπë}ç’……ïπ—}›ïï≠±Â}…Ω±î(»¿»ÿ∞ƒ±A}¿»‹Õ±…ï‹Å!Ö…ë›•ç¨±}MT±±Ω…•ëÑÅM—Ö—î±Q±M5T±Q…’î∞»¿»ÿ¥¿‰¥¿›P»ÃËÃ¡h∞–¿ƒ‡‘‡»ƒ»∞»‘∏»‘∞‘Ã∏‘∞¿∏¿∞±5=11}=9}Q5}IQL±	Ω—ïÖ¥Å…ΩÕ—ï»∞∞¿∏¿±›ïï¨ƒµÿƒ∏¿∞»¿»ÿ¥¿‡¥Ã¡PƒÿËƒ‘Ë¿¿¨¿¿Ë¿¿∞¿∏¿∞¿∏¿∞¿∏¿∞¿∏¿∞¿∏¿∞¿∏¿∞¿∏¿∞¿∏¿∞¿∏¿∞¿∏¿∞¿∏¿∞¿∏¿∞Ã‘–∞ƒ‡ƒ‰∞±ôÖ±Õî±—ïÖµ}…ïçΩπç•±•Ö—•Ωπ}Öπë}ç’……ïπ—}›ïï≠±Â}…Ω±î(»¿»ÿ∞ƒ±A|—··»±…ï‹Å!’âî±}YP±Y•…ù•π•ÑÅQïç†±]H±Y5$±Q…’î∞»¿»ÿ¥¿‰¥¿’P»ÃËÃ¡h∞–¿ƒ‡‘‡»ƒƒ∞‘–∏‘∞‘‹∏‘∞¿∏¿∞±5=11}=9}Q5}IQL±	Ω—ïÖ¥Å…ΩÕ—ï»∞∞¿∏¿±›ïï¨ƒµÿƒ∏¿∞»¿»ÿ¥¿‡¥Ã¡PƒÿËƒ‘Ë¿¿¨¿¿Ë¿¿∞¿∏¿∞¿∏¿∞¿∏¿∞¿∏¿∞¿∏¿∞¿∏¿∞¿∏¿∞¿∏¿∞¿∏¿∞¿∏¿∞¿∏¿∞¿∏¿∞ÿÿ‘∞ƒ‡»¿∞±ôÖ±Õî±—ïÖµ}…ïçΩπç•±•Ö—•Ωπ}Öπë}ç’……ïπ—}›ïï≠±Â}…Ω±î(»¿»ÿ∞ƒ±A|ÃÕ‘Õ±’≠îÅ	…ïππÖ∏±}	±	ΩÕ—Ω∏ÅΩ±±ïùî±]H±•πç•ππÖ—§±Ö±Õî∞»¿»ÿ¥¿‰¥¿’Pƒ‰ËÃ¡h∞–¿ƒ‡‘ÿ‹‹‹∞»»∏¿∞‘ƒ∏‘∞¿∏¿∞±5=11}=9}Q5}IQL±	Ω—ïÖ¥Å…ΩÕ—ï»∞∞¿∏¿±›ïï¨ƒµÿƒ∏¿∞»¿»ÿ¥¿‡¥Ã¡PƒÿËƒ‘Ë¿¿¨¿¿Ë¿¿∞¿∏¿∞¿∏¿∞¿∏¿∞¿∏¿∞¿∏¿∞¿∏¿∞¿∏¿∞¿∏¿∞¿∏¿∞¿∏¿∞¿∏¿∞¿∏¿∞ÿÿÿ∞ƒ‡»ƒ∞±ôÖ±Õî±—ïÖµ}…ïçΩπç•±•Ö—•Ωπ}Öπë}ç’……ïπ—}›ïï≠±Â}…Ω±î(»¿»ÿ∞ƒ±A|‡‘‰≈‡±Â±Ö∏Å	…Ö•—°›Ö•—î±}IUQ±I’—ùï…Ã±]H±5ÖÕÕÖç°’Õï——Ã±Q…’î∞»¿»ÿ¥¿‰¥¿ÕP»»Ë¿¡h∞–¿ƒ‡‘‡–»Ã∞–ƒ∏¿∞‘»∏‘∞¿∏¿∞±5=11}=9}Q5}IQL±	Ω—ïÖ¥Å…ΩÕ—ï»∞∞¿∏¿±›ïï¨ƒµÿƒ∏¿∞»¿»ÿ¥¿‡¥Ã¡PƒÿËƒ‘Ë¿¿¨¿¿Ë¿¿∞¿∏¿∞¿∏¿∞¿∏¿∞¿∏¿∞¿∏¿∞¿∏¿∞¿∏¿∞¿∏¿∞¿∏¿∞¿∏¿∞¿∏¿∞¿∏¿∞ÿÿ‹∞ƒ‡»»∞±ôÖ±Õî±—ïÖµ}…ïçΩπç•±•Ö—•Ωπ}Öπë}ç’……ïπ—}›ïï≠±Â}…Ω±î(»¿»ÿ∞ƒ±A|»‡—…¿‘±Â±Ö∏ÅÖŸ•Ã±}5%ML±=±îÅ5•ÕÃ±]H±1Ω’•ÕŸ•±±î±Q…’î∞»¿»ÿ¥¿‰¥¿ŸP»ÃËÃ¡h∞–¿ƒ‡‘ÿÿÿƒ∞Ãƒ∏¿∞‘‘∏‘∞¿∏¿∞±5=11}=9}Q5}IQL±	Ω—ïÖ¥Å…ΩÕ—ï»∞∞¿∏¿±›ïï¨ƒµÿƒ∏¿∞»¿»ÿ¥¿‡¥Ã¡PƒÿËƒ‘Ë¿¿¨¿¿Ë¿¿∞¿∏¿∞¿∏¿∞¿∏¿∞¿∏¿∞¿∏¿∞¿∏¿∞¿∏¿∞¿∏¿∞¿∏¿∞¿∏¿∞¿∏¿∞¿∏¿∞ÿÿ‡∞ƒ‡»Ã∞±ôÖ±Õî±—ïÖµ}…ïçΩπç•±•Ö—•Ωπ}Öπë}ç’……ïπ—}›ïï≠±Â}…Ω±î(»¿»ÿ∞ƒ±A|ÃÃ¡…–‰±Â±Ö∏Å5ïÕµÖ∏±}1=T±1Ω’•ÕŸ•±±î±Q±=±îÅ5•ÕÃ±Ö±Õî∞»¿»ÿ¥¿‰¥¿ŸP»ÃËÃ¡h∞–¿ƒ‡‘ÿÿÿƒ∞»–∏‘∞‘‘∏‘∞¿∏¿∞±5=11}=9}Q5}IQL±	Ω—ïÖ¥Å…ΩÕ—ï»∞∞¿∏¿±›ïï¨ƒµÿƒ∏¿∞»¿»ÿ¥¿‡¥Ã¡PƒÿËƒ‘Ë¿¿¨¿¿Ë¿¿∞¿∏¿∞¿∏¿∞¿∏¿∞¿∏¿∞¿∏¿∞¿∏¿∞¿∏¿∞¿∏¿∞¿∏¿∞¿∏¿∞¿∏¿∞¿∏¿∞Ã‘‘∞ƒ‡»–∞±ôÖ±Õî±—ïÖµ}…ïçΩπç•±•Ö—•Ωπ}Öπë}ç’……ïπ—}›ïï≠±Â}…Ω±î(»¿»ÿ∞ƒ±A}–’ƒ‹»Ã±Â±Ö∏ÅIï•µÖ∏±}5%±5•Öµ§±Q±M—ÖπôΩ…ê±Ö±Õî∞»¿»ÿ¥¿‰¥¿’P¿ƒË¿¡h∞–¿ƒ‡‘‡»¿ÿ∞Ãÿ∏¿∞–‹∏‘∞¿∏¿∞±5=11}=9}Q5}IQL±	Ω—ïÖ¥Å…ΩÕ—ï»∞∞¿∏¿±›ïï¨ƒµÿƒ∏¿∞»¿»ÿ¥¿‡¥Ã¡PƒÿËƒ‘Ë¿¿¨¿¿Ë¿¿∞¿∏¿∞¿∏¿∞¿∏¿∞¿∏¿∞¿∏¿∞¿∏¿∞¿∏¿∞¿∏¿∞¿∏¿∞¿∏¿∞¿∏¿∞¿∏¿∞Ã‘ÿ∞ƒ‡»‘∞±ôÖ±Õî±—ïÖµ}…ïçΩπç•±•Ö—•Ωπ}Öπë}ç’……ïπ—}›ïï≠±Â}…Ω±î(»¿»ÿ∞ƒ±A|»‘Ã–Õ’±Â±Ö∏ÅM—ïç≠ï»±}%=]±%Ω›Ñ±Q±9Ω…—°ï…∏Å%±±•πΩ•Ã±Q…’î∞»¿»ÿ¥¿‰¥¿’P»¿Ëƒ’h∞–¿ƒ‡‘‡–»ÿ∞Ã‡∏‘∞–‘∏‘∞¿∏¿∞±5=11}=9}Q5}IQL±	Ω—ïÖ¥Å…ΩÕ—ï»∞∞¿∏¿±›ïï¨ƒµÿƒ∏¿∞»¿»ÿ¥¿‡¥Ã¡PƒÿËƒ‘Ë¿¿¨¿¿Ë¿¿∞¿∏¿∞¿∏¿∞¿∏¿∞¿∏¿∞¿∏¿∞¿∏¿∞¿∏¿∞¿∏¿∞¿∏¿∞¿∏¿∞¿∏¿∞¿∏¿∞Ã‘‹∞ƒ‡»ÿ∞±ôÖ±Õî±—ïÖµ}…ïçΩπç•±•Ö—•Ωπ}Öπë}ç’……ïπ—}›ïï≠±Â}…Ω±î(»¿»ÿ∞ƒ±A|›‹‘–ÿ‹»±ëë•îÅ-ÖÕ¡ï»±}%10±%±±•πΩ•Ã±]H±U±Q…’î∞»¿»ÿ¥¿‰¥¿—P¿ƒË¿¡h∞–¿ƒ‡‘‡–»–∞–»∏¿∞‘‘∏‘∞¿∏¿∞±5=11}=9}Q5}IQL±	Ω—ïÖ¥Å…ΩÕ—ï»∞∞¿∏¿±›ïï¨ƒµÿƒ∏¿∞»¿»ÿ¥¿‡¥Ã¡PƒÿËƒ‘Ë¿¿¨¿¿Ë¿¿∞¿∏¿∞¿∏¿∞¿∏¿∞¿∏¿∞¿∏¿∞¿∏¿∞¿∏¿∞¿∏¿∞¿∏¿∞¿∏¿∞¿∏¿∞¿∏¿∞ÿÿ‰∞ƒ‡»‹∞±ôÖ±Õî±—ïÖµ}…ïçΩπç•±•Ö—•Ωπ}Öπë}ç’……ïπ—}›ïï≠±Â}…Ω±î(»¿»ÿ∞ƒ±A|‰¡‰‰Â±©Öπ§ÅM°Ö≠•»±}5±5Ö…Â±Öπê±]H±!Öµ¡—Ω∏±Q…’î∞»¿»ÿ¥¿‰¥¿ŸP¿¿Ë¿¡h∞–¿ƒ‡‘‡–»‹∞‘ƒ∏¿∞‘ÿ∏‘∞¿∏¿∞±5=11}=9}Q5}IQL±	Ω—ïÖ¥Å…ΩÕ—ï»∞∞¿∏¿±›ïï¨ƒµÿƒ∏¿∞»¿»ÿ¥¿‡¥Ã¡PƒÿËƒ‘Ë¿¿¨¿¿Ë¿¿∞¿∏¿∞¿∏¿∞¿∏¿∞¿∏¿∞¿∏¿∞¿∏¿∞¿∏¿∞¿∏¿∞¿∏¿∞¿∏¿∞¿∏¿∞¿∏¿∞ÿ‹¿∞ƒ‡»‡∞±ôÖ±Õî±—ïÖµ}…ïçΩπç•±•Ö—•Ωπ}Öπë}ç’……ïπ—}›ïï≠±Â}…Ω±î(»¿»ÿ∞ƒ±A}¿‰»’…±±§ÅëÖµÃ±}]%M±]•ÕçΩπÕ•∏±]H±9Ω—…îÅÖµî±Ö±Õî∞»¿»ÿ¥¿‰¥¿ŸP»ÃËÃ¡h∞–¿ƒ‡‘‡–Ã‡∞ƒÃ∏‘∞–‹∏‘∞¿∏¿∞±5=11}=9}Q5}IQL±	Ω—ïÖ¥Å…ΩÕ—ï»∞∞¿∏¿±›ïï¨ƒµÿƒ∏¿∞»¿»ÿ¥¿‡¥Ã¡PƒÿËƒ‘Ë¿¿¨¿¿Ë¿¿∞¿∏¿∞¿∏¿∞¿∏¿∞¿∏¿∞¿∏¿∞¿∏¿∞¿∏¿∞¿∏¿∞¿∏¿∞¿∏¿∞¿∏¿∞¿∏¿∞ÿ‹ƒ∞ƒ‡»‰∞±ôÖ±Õî±—ïÖµ}…ïçΩπç•±•Ö—•Ωπ}Öπë}ç’……ïπ—}›ïï≠±Â}…Ω±î(»¿»ÿ∞ƒ±A}’¿—±±§Å)Ω°πÕΩ∏±}%=]±%Ω›Ñ±Q±9Ω…—°ï…∏Å%±±•πΩ•Ã±Q…’î∞»¿»ÿ¥¿‰¥¿’P»¿Ëƒ’h∞–¿ƒ‡‘‡–»ÿ∞Ã‡∏‘∞–‘∏‘∞¿∏¿∞±5=11}=9}Q5}IQL±	Ω—ïÖ¥Å…ΩÕ—ï»∞∞¿∏¿±›ïï¨ƒµÿƒ∏¿∞»¿»ÿ¥¿‡¥Ã¡PƒÿËƒ‘Ë¿¿¨¿¿Ë¿¿∞¿∏¿∞¿∏¿∞¿∏¿∞¿∏¿∞¿∏¿∞¿∏¿∞¿∏¿∞¿∏¿∞¿∏¿∞¿∏¿∞¿∏¿∞¿∏¿∞Ã‘‡∞ƒ‡Ã¿∞±ôÖ±Õî±—ïÖµ}…ïçΩπç•±•Ö—•Ωπ}Öπë}ç’……ïπ—}›ïï≠±Â}…Ω±î(»¿»ÿ∞ƒ±A|»¡‹Ã—±±§Å5ï…ç¨±}=T±=≠±Ö°ΩµÑ±]H±UQ@±Q…’î∞»¿»ÿ¥¿‰¥¿’P¿¿Ë¿¡h∞–¿ƒ‡‘ÿÿÿ–∞–ÿ∏¿∞‘¿∏‘∞¿∏¿∞±5=11}=9}Q5}IQL±	Ω—ïÖ¥Å…ΩÕ—ï»∞∞¿∏¿±›ïï¨ƒµÿƒ∏¿∞»¿»ÿ¥¿‡¥Ã¡PƒÿËƒ‘Ë¿¿¨¿¿Ë¿¿∞¿∏¿∞¿∏¿∞¿∏¿∞¿∏¿∞¿∏¿∞¿∏¿∞¿∏¿∞¿∏¿∞¿∏¿∞¿∏¿∞¿∏¿∞¿∏¿∞ÿ‹»∞ƒ‡Ãƒ∞±ôÖ±Õî±—ïÖµ}…ïçΩπç•±•Ö—•Ωπ}Öπë}ç’……ïπ—}›ïï≠±Â}…Ω±î(»¿»ÿ∞ƒ±A}–ÿ‰¡‡±±§Å=›ïπÃ±}5% ±5•ç°•ùÖ∏±Q±]ïÕ—ï…∏Å5•ç°•ùÖ∏±Q…’î∞»¿»ÿ¥¿‰¥¿’P»ÃËÃ¡h∞–¿ƒ‡‘‡–»‡∞Ã‡∏¿∞–‡∏‘∞¿∏¿∞±5=11}=9}Q5}IQL±	Ω—ïÖ¥Å…ΩÕ—ï»∞∞¿∏¿±›ïï¨ƒµÿƒ∏¿∞»¿»ÿ¥¿‡¥Ã¡PƒÿËƒ‘Ë¿¿¨¿¿Ë¿¿∞¿∏¿∞¿∏¿∞¿∏¿∞¿∏¿∞¿∏¿∞¿∏¿∞¿∏¿∞¿∏¿∞¿∏¿∞¿∏¿∞¿∏¿∞¿∏¿∞Ã‘‰∞ƒ‡Ã»∞±ôÖ±Õî±—ïÖµ}…ïçΩπç•±•Ö—•Ωπ}Öπë}ç’……ïπ—}›ïï≠±Â}…Ω±î(»¿»ÿ∞ƒ±A|—‡¿–›±±§ÅAΩ——Ã±}]-±]Ö≠îÅΩ…ïÕ–±]H±≠…Ω∏±Q…’î∞»¿»ÿ¥¿‰¥¿ÕP»ÃË¿¡h∞–¿ƒ‡‘‡»¿–∞Ãÿ∏‘∞–‡∏‘∞¿∏¿∞±5=11}=9}Q5}IQL±	Ω—ïÖ¥Å…ΩÕ—ï»∞∞¿∏¿±›ïï¨ƒµÿƒ∏¿∞»¿»ÿ¥¿‡¥Ã¡PƒÿËƒ‘Ë¿¿¨¿¿Ë¿¿∞¿∏¿∞¿∏¿∞¿∏¿∞¿∏¿∞¿∏¿∞¿∏¿∞¿∏¿∞¿∏¿∞¿∏¿∞¿∏¿∞¿∏¿∞¿∏¿∞ÿ‹Ã∞ƒ‡ÃÃ∞±ôÖ±Õî±—ïÖµ}…ïçΩπç•±•Ö—•Ωπ}Öπë}ç’……ïπ—}›ïï≠±Â}…Ω±î(»¿»ÿ∞ƒ±A|–‰ÂÂ»±±•©Ö†Å	…Ω›∏±}U,±-ïπ—’ç≠‰±Q±eΩ’πùÕ—Ω›∏ÅM—Ö—î±Q…’î∞»¿»ÿ¥¿‰¥¿’Pƒ‹Ë¿¡h∞–¿ƒ‡‘ÿÿ‘‰∞–Ã∏¿∞ÿ»∏‘∞¿∏¿∞±5=11}=9}Q5}IQL±	Ω—ïÖ¥Å…ΩÕ—ï»∞∞¿∏¿±›ïï¨ƒµÿƒ∏¿∞»¿»ÿ¥¿‡¥Ã¡PƒÿËƒ‘Ë¿¿¨¿¿Ë¿¿∞¿∏¿∞¿∏¿∞¿∏¿∞¿∏¿∞¿∏¿∞¿∏¿∞¿∏¿∞¿∏¿∞¿∏¿∞¿∏¿∞¿∏¿∞¿∏¿∞Ãÿ¿∞ƒ‡Ã–∞±ôÖ±Õî±—ïÖµ}…ïçΩπç•±•Ö—•Ωπ}Öπë}ç’……ïπ—}›ïï≠±Â}…Ω±î(»¿»ÿ∞ƒ±A|»–‹»ÃÕ±±•©Ö†Å!Ö…ë‰±}U±U±]H±	ï—°’πîµΩΩ≠µÖ∏±Q…’î∞»¿»ÿ¥¿‰¥¿ÕP»ÃË¿¡h∞–¿ƒ‡‘ÿ‹ÿ‹∞‘¿∏‘∞‘‡∏‘∞¿∏¿∞±5=11}=9}Q5}IQL±	Ω—ïÖ¥Å…ΩÕ—ï»∞∞¿∏¿±›ïï¨ƒµÿƒ∏¿∞»¿»ÿ¥¿‡¥Ã¡PƒÿËƒ‘Ë¿¿¨¿¿Ë¿¿∞¿∏¿∞¿∏¿∞¿∏¿∞¿∏¿∞¿∏¿∞¿∏¿∞¿∏¿∞¿∏¿∞¿∏¿∞¿∏¿∞¿∏¿∞¿∏¿∞ÿ‹–∞ƒ‡Ã‘∞±ôÖ±Õî±—ïÖµ}…ïçΩπç•±•Ö—•Ωπ}Öπë}ç’……ïπ—}›ïï≠±Â}…Ω±î(»¿»ÿ∞ƒ±A}Ÿ‘‹‘‰±±•©Ö†Å5ΩΩ…î±}MeH±MÂ…Öç’Õî±]H±9ï‹Å!Öµ¡Õ°•…î±Q…’î∞»¿»ÿ¥¿‰¥¿’PƒÿË¿¡h∞–¿ƒ‡‘‡»¿‡∞––∏‘∞‘‘∏‘∞¿∏¿∞±5=11}=9}Q5}IQL±	Ω—ïÖ¥Å…ΩÕ—ï»∞∞¿∏¿±›ïï¨ƒµÿƒ∏¿∞»¿»ÿ¥¿‡¥Ã¡PƒÿËƒ‘Ë¿¿¨¿¿Ë¿¿∞¿∏¿∞¿∏¿∞¿∏¿∞¿∏¿∞¿∏¿∞¿∏¿∞¿∏¿∞¿∏¿∞¿∏¿∞¿∏¿∞¿∏¿∞¿∏¿∞ÿ‹‘∞ƒ‡Ãÿ∞±ôÖ±Õî±—ïÖµ}…ïçΩπç•±•Ö—•Ωπ}Öπë}ç’……ïπ—}›ïï≠±Â}…Ω±î(»¿»ÿ∞ƒ±A|‹—‘Ã‹‘‰±±•©Ö†Å5’……Ö‰±}1±±ÖâÖµÑ±]H±ÖÕ–ÅÖ…Ω±•πÑ±Q…’î∞»¿»ÿ¥¿‰¥¿’PƒÿË¿¡h∞–¿ƒ‡‘ÿÿÃ–∞–ƒ∏¿∞‘Ã∏‘∞¿∏¿∞±5=11}=9}Q5}IQL±	Ω—ïÖ¥Å…ΩÕ—ï»∞∞¿∏¿±›ïï¨ƒµÿƒ∏¿∞»¿»ÿ¥¿‡¥Ã¡PƒÿËƒ‘Ë¿¿¨¿¿Ë¿¿∞¿∏¿∞¿∏¿∞¿∏¿∞¿∏¿∞¿∏¿∞¿∏¿∞¿∏¿∞¿∏¿∞¿∏¿∞¿∏¿∞¿∏¿∞¿∏¿∞ÿ‹ÿ∞ƒ‡Ã‹∞±ôÖ±Õî±—ïÖµ}…ïçΩπç•±•Ö—•Ωπ}Öπë}ç’……ïπ—}›ïï≠±Â}…Ω±î(»¿»ÿ∞ƒ±A|ÕÂ≈±±•©Ö†ÅIΩΩπï‰±}Y8±YÖπëï…â•±–±Q±’Õ—•∏ÅAïÖ‰±Q…’î∞»¿»ÿ¥¿‰¥¿’P»ÃË¿¡h∞–¿ƒ‡‘ÿÿÿ‰∞–ÿ∏¿∞ÿƒ∏‘∞¿∏¿∞±5=11}=9}Q5}IQL±	Ω—ïÖ¥Å…ΩÕ—ï»∞∞¿∏¿±›ïï¨ƒµÿƒ∏¿∞»¿»ÿ¥¿‡¥Ã¡PƒÿËƒ‘Ë¿¿¨¿¿Ë¿¿∞¿∏¿∞¿∏¿∞¿∏¿∞¿∏¿∞¿∏¿∞¿∏¿∞¿∏¿∞¿∏¿∞¿∏¿∞¿∏¿∞¿∏¿∞¿∏¿∞Ãÿƒ∞ƒ‡Ã‡∞±ôÖ±Õî±—ïÖµ}…ïçΩπç•±•Ö—•Ωπ}Öπë}ç’……ïπ—}›ïï≠±Â}…Ω±î(»¿»ÿ∞ƒ±A|¿‰¿—·–±±•È©Ö†Å1ï›•Ã±}1=T±1Ω’•ÕŸ•±±î±]H±=±îÅ5•ÕÃ±Ö±Õî∞»¿»ÿ¥¿‰¥¿ŸP»ÃËÃ¡h∞–¿ƒ‡‘ÿÿÿƒ∞»–∏‘∞‘‘∏‘∞¿∏¿∞±5=11}=9}Q5}IQL±	Ω—ïÖ¥Å…ΩÕ—ï»∞∞¿∏¿±›ïï¨ƒµÿƒ∏¿∞»¿»ÿ¥¿‡¥Ã¡PƒÿËƒ‘Ë¿¿¨¿¿Ë¿¿∞¿∏¿∞¿∏¿∞¿∏¿∞¿∏¿∞¿∏¿∞¿∏¿∞¿∏¿∞¿∏¿∞¿∏¿∞¿∏¿∞¿∏¿∞¿∏¿∞ÿ‹‹∞ƒ‡Ã‰∞±ôÖ±Õî±—ïÖµ}…ïçΩπç•±•Ö—•Ωπ}Öπë}ç’……ïπ—}›ïï≠±Â}…Ω±î(»¿»ÿ∞ƒ±A|–Âƒ’»±µï…ÕΩ∏ÅMµ•—†±}5±5Ö…Â±Öπê±]H±!Öµ¡—Ω∏±Q…’î∞»¿»ÿ¥¿‰¥¿ŸP¿¿Ë¿¡h∞–¿ƒ‡‘‡–»‹∞‘ƒ∏¿∞‘ÿ∏‘∞¿∏¿∞±5=11}=9}Q5}IQL±	Ω—ïÖ¥Å…ΩÕ—ï»∞∞¿∏¿±›ïï¨ƒµÿƒ∏¿∞»¿»ÿ¥¿‡¥Ã¡PƒÿËƒ‘Ë¿¿¨¿¿Ë¿¿∞¿∏¿∞¿∏¿∞¿∏¿∞¿∏¿∞¿∏¿∞¿∏¿∞¿∏¿∞¿∏¿∞¿∏¿∞¿∏¿∞¿∏¿∞¿∏¿∞ÿ‹‡∞ƒ‡–¿∞±ôÖ±Õî±—ïÖµ}…ïçΩπç•±•Ö—•Ωπ}Öπë}ç’……ïπ—}›ïï≠±Â}…Ω±î(»¿»ÿ∞ƒ±A}’ÃÕ±µµï—–Å	Ω…¨±}]%M±]•ÕçΩπÕ•∏±Q±9Ω—…îÅÖµî±Ö±Õî∞»¿»ÿ¥¿‰¥¿ŸP»ÃËÃ¡h∞–¿ƒ‡‘‡–Ã‡∞ƒÃ∏‘∞–‹∏‘∞¿∏¿∞±5=11}=9}Q5}IQL±	Ω—ïÖ¥Å…ΩÕ—ï»∞∞¿∏¿±›ïï¨ƒµÿƒ∏¿∞»¿»ÿ¥¿‡¥Ã¡PƒÿËƒ‘Ë¿¿¨¿¿Ë¿¿∞¿∏¿∞¿∏¿∞¿∏¿∞¿∏¿∞¿∏¿∞¿∏¿∞¿∏¿∞¿∏¿∞¿∏¿∞¿∏¿∞¿∏¿∞¿∏¿∞Ãÿ»∞ƒ‡–ƒ∞±ôÖ±Õî±—ïÖµ}…ïçΩπç•±•Ö—•Ωπ}Öπë}ç’……ïπ—}›ïï≠±Â}…Ω±î(»¿»ÿ∞ƒ±A}ƒƒ¿¿‡ÿ‡±…•ç¨ÅMµ•—†±}U±’â’…∏±]H±	ÖÂ±Ω»±Q…’î∞»¿»ÿ¥¿‰¥¿’Pƒ‰ËÃ¡h∞–¿ƒ‡‘ÿÿÃÿ∞Ã»∏‹‘∞‘‡∏‘∞¿∏¿∞±5=11}=9}Q5}IQL±	Ω—ïÖ¥Å…ΩÕ—ï»∞∞¿∏¿±›ïï¨ƒµÿƒ∏¿∞»¿»ÿ¥¿‡¥Ã¡PƒÿËƒ‘Ë¿¿¨¿¿Ë¿¿∞¿∏¿∞¿∏¿∞¿∏¿∞¿∏¿∞¿∏¿∞¿∏¿∞¿∏¿∞¿∏¿∞¿∏¿∞¿∏¿∞¿∏¿∞¿∏¿∞ÿ‹‰∞ƒ‡–»∞±ôÖ±Õî±—ïÖµ}…ïçΩπç•±•Ö—•Ωπ}Öπë}ç’……ïπ—}›ïï≠±Â}…Ω±î(»¿»ÿ∞ƒ±A}‹Õ¡±…πïÕ–ÅÖµ¡âï±∞±}=1<±Ω±Ω…Öëº±]H±ïΩ…ù•ÑÅQïç†±Ö±Õî∞»¿»ÿ¥¿‰¥¿—P¿¿Ë¿¡h∞–¿ƒ‡‘ÿ‹‹ÿ∞»»∏¿∞‘¿∏‘∞¿∏¿∞±5=11}=9}Q5}IQL±	Ω—ïÖ¥Å…ΩÕ—ï»∞∞¿∏¿±›ïï¨ƒµÿƒ∏¿∞»¿»ÿ¥¿‡¥Ã¡PƒÿËƒ‘Ë¿¿¨¿¿Ë¿¿∞¿∏¿∞¿∏¿∞¿∏¿∞¿∏¿∞¿∏¿∞¿∏¿∞¿∏¿∞¿∏¿∞¿∏¿∞¿∏¿∞¿∏¿∞¿∏¿∞ÿ‡¿∞ƒ‡–Ã∞±—…’î±—ïÖµ}…ïçΩπç•±•Ö—•Ωπ}Öπë}ç’……ïπ—}›ïï≠±Â}…Ω±î(»¿»ÿ∞ƒ±A|’»‡—±—°Ö∏Å	Ö…âΩ’»±}U±ïΩ…ù•Ñ±Q±QïππïÕÕïîÅM—Ö—î±Q…’î∞»¿»ÿ¥¿‰¥¿’Pƒ‰Ë¿¡h∞–¿ƒ‡‘ÿÿ‘‡∞‘ƒ∏‘∞‘ÿ∏‘∞¿∏¿∞±5=11}=9}Q5}IQL±	Ω—ïÖ¥Å…ΩÕ—ï»∞∞¿∏¿±›ïï¨ƒµÿƒ∏¿∞»¿»ÿ¥¿‡¥Ã¡PƒÿËƒ‘Ë¿¿¨¿¿Ë¿¿∞¿∏¿∞¿∏¿∞¿∏¿∞¿∏¿∞¿∏¿∞¿∏¿∞¿∏¿∞¿∏¿∞¿∏¿∞¿∏¿∞¿∏¿∞¿∏¿∞ÃÿÃ∞ƒ‡––∞±ôÖ±Õî±—ïÖµ}…ïçΩπç•±•Ö—•Ωπ}Öπë}ç’……ïπ—}›ïï≠±Â}…Ω±î(»¿»ÿ∞ƒ±A}›—±—°Ö∏Å	±Öç¨±}AMT±Aïπ∏ÅM—Ö—î±]H±5Ö…Õ°Ö±∞±Q…’î∞»¿»ÿ¥¿‰¥¿’Pƒ‰ËÃ¡h∞–¿ƒ‡‘‡–Ã–∞Ã‰∏‘∞‘–∏‘∞¿∏¿∞±5=11}=9}Q5}IQL±	Ω—ïÖ¥Å…ΩÕ—ï»∞∞¿∏¿±›ïï¨ƒµÿƒ∏¿∞»¿»ÿ¥¿‡¥Ã¡PƒÿËƒ‘Ë¿¿¨¿¿Ë¿¿∞¿∏¿∞¿∏¿∞¿∏¿∞¿∏¿∞¿∏¿∞¿∏¿∞¿∏¿∞¿∏¿∞¿∏¿∞¿∏¿∞¿∏¿∞¿∏¿∞ÿ‡ƒ∞ƒ‡–‘∞±ôÖ±Õî±—ïÖµ}…ïçΩπç•±•Ö—•Ωπ}Öπë}ç’……ïπ—}›ïï≠±Â}…Ω±î(»¿»ÿ∞ƒ±A}‹·ƒÂ±—°Ö∏Å5ï±Ÿ•±±î±}5MT±5•ç°•ùÖ∏ÅM—Ö—î±Q±QΩ±ïëº±Q…’î∞»¿»ÿ¥¿‰¥¿’P¿¿Ë¿¡h∞–¿ƒ‡‘‡–»‰∞»‰∏‹‘∞–‰∏‘∞¿∏¿∞±5=11}=9}Q5}IQL±	Ω—ïÖ¥Å…ΩÕ—ï»∞∞¿∏¿±›ïï¨ƒµÿƒ∏¿∞»¿»ÿ¥¿‡¥Ã¡PƒÿËƒ‘Ë¿¿¨¿¿Ë¿¿∞¿∏¿∞¿∏¿∞¿∏¿∞¿∏¿∞¿∏¿∞¿∏¿∞¿∏¿∞¿∏¿∞¿∏¿∞¿∏¿∞¿∏¿∞¿∏¿∞Ãÿ–∞ƒ‡–ÿ∞±ôÖ±Õî±—ïÖµ}…ïçΩπç•±•Ö—•Ωπ}Öπë}ç’……ïπ—}›ïï≠±Â}…Ω±î(»¿»ÿ∞ƒ±A|¿…‘¿‡–±—°Ö∏Å]ΩΩê±}	eT±	eT±Q±U—Ö†ÅQïç†±Q…’î∞»¿»ÿ¥¿‰¥¿ŸP¿¿Ë¿¡h∞–¿ƒ‡‘ÿ‹‹‘∞‘»∏‘∞‘–∏‘∞¿∏¿∞±5=11}=9}Q5}IQL±	Ω—ïÖ¥Å…ΩÕ—ï»∞∞¿∏¿±›ïï¨ƒµÿƒ∏¿∞»¿»ÿ¥¿‡¥Ã¡PƒÿËƒ‘Ë¿¿¨¿¿Ë¿¿∞¿∏¿∞¿∏¿∞¿∏¿∞¿∏¿∞¿∏¿∞¿∏¿∞¿∏¿∞¿∏¿∞¿∏¿∞¿∏¿∞¿∏¿∞¿∏¿∞Ãÿ‘∞ƒ‡–‹∞±ôÖ±Õî±—ïÖµ}…ïçΩπç•±•Ö—•Ωπ}Öπë}ç’……ïπ—}›ïï≠±Â}…Ω±î(»¿»ÿ∞ƒ±A|–»·›‡‡±ŸÖ∏Å	ΩÂê±}%MT±%Ω›ÑÅM—Ö—î±]H±MΩ’—°ïÖÕ–Å5•ÕÕΩ’…§ÅM—Ö—î±Q…’î∞»¿»ÿ¥¿‰¥¿’Pƒ‹Ë¿¡h∞–¿ƒ‡‘ÿ‹‹‰∞–ƒ∏‘∞‘Ã∏‘∞¿∏¿∞±5=11}=9}Q5}IQL±	Ω—ïÖ¥Å…ΩÕ—ï»∞∞¿∏¿±›ïï¨ƒµÿƒ∏¿∞»¿»ÿ¥¿‡¥Ã¡PƒÿËƒ‘Ë¿¿¨¿¿Ë¿¿∞¿∏¿∞¿∏¿∞¿∏¿∞¿∏¿∞¿∏¿∞¿∏¿∞¿∏¿∞¿∏¿∞¿∏¿∞¿∏¿∞¿∏¿∞¿∏¿∞ÿ‡»∞ƒ‡–‡∞±ôÖ±Õî±—ïÖµ}…ïçΩπç•±•Ö—•Ωπ}Öπë}ç’……ïπ—}›ïï≠±Â}…Ω±î(»¿»ÿ∞ƒ±A|¿‘‡·‹‰‘±ŸÖ∏Å°•ïçÑ±}1±±Ω…•ëÑ±Q±±Ω…•ëÑÅ—±Öπ—•å±Q…’î∞»¿»ÿ¥¿‰¥¿’P»ÃË–’h∞–¿ƒ‡‘ÿÿÃ‹∞–Ã∏‘∞‘‰∏‘∞¿∏¿∞±5=11}=9}Q5}IQL±	Ω—ïÖ¥Å…ΩÕ—ï»∞∞¿∏¿±›ïï¨ƒµÿƒ∏¿∞»¿»ÿ¥¿‡¥Ã¡PƒÿËƒ‘Ë¿¿¨¿¿Ë¿¿∞¿∏¿∞¿∏¿∞¿∏¿∞¿∏¿∞¿∏¿∞¿∏¿∞¿∏¿∞¿∏¿∞¿∏¿∞¿∏¿∞¿∏¿∞¿∏¿∞Ãÿÿ∞ƒ‡–‰∞±ôÖ±Õî±—ïÖµ}…ïçΩπç•±•Ö—•Ωπ}Öπë}ç’……ïπ—}›ïï≠±Â}…Ω±î(»¿»ÿ∞ƒ±A|‘ÂÕ’‘±ŸÖ∏Åπëï…±•∏±}Q`±Qï·ÖÃ±]H±Qï·ÖÃÅM—Ö—î±Q…’î∞»¿»ÿ¥¿‰¥¿’Pƒ‰ËÃ¡h∞–¿ƒ‡‘ÿÿÿ‹∞–‘∏¿∞‘‰∏‘∞¿∏¿∞±5=11}=9}Q5}IQL±	Ω—ïÖ¥Å…ΩÕ—ï»∞∞¿∏¿±›ïï¨ƒµÿƒ∏¿∞»¿»ÿ¥¿‡¥Ã¡PƒÿËƒ‘Ë¿¿¨¿¿Ë¿¿∞¿∏¿∞¿∏¿∞¿∏¿∞¿∏¿∞¿∏¿∞¿∏¿∞¿∏¿∞¿∏¿∞¿∏¿∞¿∏¿∞¿∏¿∞¿∏¿∞ÿ‡Ã∞ƒ‡‘¿∞±ôÖ±Õî±—ïÖµ}…ïçΩπç•±•Ö—•Ωπ}Öπë}ç’……ïπ—}›ïï≠±Â}…Ω±î(»¿»ÿ∞ƒ±A|›Õ‡±ŸÖ∏Å!ÖÂπïÃ±}P±ïΩ…ù•ÑÅQïç†±]H±Ω±Ω…Öëº±Q…’î∞»¿»ÿ¥¿‰¥¿—P¿¿Ë¿¡h∞–¿ƒ‡‘ÿ‹‹ÿ∞»‡∏‘∞‘¿∏‘∞¿∏¿∞±5=11}=9}Q5}IQL±	Ω—ïÖ¥Å…ΩÕ—ï»∞∞¿∏¿±›ïï¨ƒµÿƒ∏¿∞»¿»ÿ¥¿‡¥Ã¡PƒÿËƒ‘Ë¿¿¨¿¿Ë¿¿∞¿∏¿∞¿∏¿∞¿∏¿∞¿∏¿∞¿∏¿∞¿∏¿∞¿∏¿∞¿∏¿∞¿∏¿∞¿∏¿∞¿∏¿∞¿∏¿∞ÿ‡–∞ƒ‡‘ƒ∞±ôÖ±Õî±—ïÖµ}…ïçΩπç•±•Ö—•Ωπ}Öπë}ç’……ïπ—}›ïï≠±Â}…Ω±î(»¿»ÿ∞ƒ±A}’‹ÿÃÃ±ŸÖ∏Å)ÖçΩâÕΩ∏±}Q5T±Qï·ÖÃÅô4±Q±5•ÕÕΩ’…§ÅM—Ö—î±Q…’î∞»¿»ÿ¥¿‰¥¿’P»ÃË¿¡h∞–¿ƒ‡‘ÿÿÿ‡∞–‹∏‘∞‘Ã∏‘∞¿∏¿∞±5=11}=9}Q5}IQL±	Ω—ïÖ¥Å…ΩÕ—ï»∞∞¿∏¿±›ïï¨ƒµÿƒ∏¿∞»¿»ÿ¥¿‡¥Ã¡PƒÿËƒ‘Ë¿¿¨¿¿Ë¿¿∞¿∏¿∞¿∏¿∞¿∏¿∞¿∏¿∞¿∏¿∞¿∏¿∞¿∏¿∞¿∏¿∞¿∏¿∞¿∏¿∞¿∏¿∞¿∏¿∞Ãÿ‹∞ƒ‡‘»∞±ôÖ±Õî±—ïÖµ}…ïçΩπç•±•Ö—•Ωπ}Öπë}ç’……ïπ—}›ïï≠±Â}…Ω±î(»¿»ÿ∞ƒ±A|¿¡‰‘Õ	±ŸÖ∏Å)ÖµïÃ±}%=]±%Ω›Ñ±]H±9Ω…—°ï…∏Å%±±•πΩ•Ã±Q…’î∞»¿»ÿ¥¿‰¥¿’P»¿Ëƒ’h∞–¿ƒ‡‘‡–»ÿ∞Ã‡∏‘∞–‘∏‘∞¿∏¿∞±5=11}=9}Q5}IQL±	Ω—ïÖ¥Å…ΩÕ—ï»∞∞¿∏¿±›ïï¨ƒµÿƒ∏¿∞»¿»ÿ¥¿‡¥Ã¡PƒÿËƒ‘Ë¿¿¨¿¿Ë¿¿∞¿∏¿∞¿∏¿∞¿∏¿∞¿∏¿∞¿∏¿∞¿∏¿∞¿∏¿∞¿∏¿∞¿∏¿∞¿∏¿∞¿∏¿∞¿∏¿∞ÿ‡‘∞ƒ‡‘Ã∞±—…’î±—ïÖµ}…ïçΩπç•±•Ö—•Ωπ}Öπë}ç’……ïπ—}›ïï≠±Â}…Ω±î(»¿»ÿ∞ƒ±A|ÿ‹‰‹›±•π∏Å’…µÖπï¨±}AMT±Aïπ∏ÅM—Ö—î±Q±5Ö…Õ°Ö±∞±Q…’î∞»¿»ÿ¥¿‰¥¿’Pƒ‰ËÃ¡h∞–¿ƒ‡‘‡–Ã–∞Ã‰∏‘∞‘–∏‘∞¿∏¿∞±5=11}=9}Q5}IQL±	Ω—ïÖ¥Å…ΩÕ—ï»∞∞¿∏¿±›ïï¨ƒµÿƒ∏¿∞»¿»ÿ¥¿‡¥Ã¡PƒÿËƒ‘Ë¿¿¨¿¿Ë¿¿∞¿∏¿∞¿∏¿∞¿∏¿∞¿∏¿∞¿∏¿∞¿∏¿∞¿∏¿∞¿∏¿∞¿∏¿∞¿∏¿∞¿∏¿∞¿∏¿∞Ãÿ‡∞ƒ‡‘–∞±ôÖ±Õî±—ïÖµ}…ïçΩπç•±•Ö—•Ωπ}Öπë}ç’……ïπ—}›ïï≠±Â}…Ω±î(»¿»ÿ∞ƒ±A|ƒ–Ã›‰»‹±•Õ°ï»Å±ïµïπ—Ã±}=1<±Ω±Ω…Öëº±Q±ïΩ…ù•ÑÅQïç†±Ö±Õî∞»¿»ÿ¥¿‰¥¿—P¿¿Ë¿¡h∞–¿ƒ‡‘ÿ‹‹ÿ∞»»∏¿∞‘¿∏‘∞¿∏¿∞±5=11}=9}Q5}IQL±	Ω—ïÖ¥Å…ΩÕ—ï»∞∞¿∏¿±›ïï¨ƒµÿƒ∏¿∞»¿»ÿ¥¿‡¥Ã¡PƒÿËƒ‘Ë¿¿¨¿¿Ë¿¿∞¿∏¿∞¿∏¿∞¿∏¿∞¿∏¿∞¿∏¿∞¿∏¿∞¿∏¿∞¿∏¿∞¿∏¿∞¿∏¿∞¿∏¿∞¿∏¿∞Ãÿ‰∞ƒ‡‘‘∞±ôÖ±Õî±—ïÖµ}…ïçΩπç•±•Ö—•Ωπ}Öπë}ç’……ïπ—}›ïï≠±Â}…Ω±î(»¿»ÿ∞ƒ±A|–‡–‡Â±•Õ°ï»Å5ï±—Ω∏±}UM±UM±Q±…ïÕπºÅM—Ö—î±Q…’î∞»¿»ÿ¥¿‰¥¿’P¿ƒË¿¡h∞–¿ƒ‡‘‡–Ãÿ∞Ã‹∏‘∞‘ƒ∏‘∞¿∏¿∞±5=11}=9}Q5}IQL±	Ω—ïÖ¥Å…ΩÕ—ï»∞∞¿∏¿±›ïï¨ƒµÿƒ∏¿∞»¿»ÿ¥¿‡¥Ã¡PƒÿËƒ‘Ë¿¿¨¿¿Ë¿¿∞¿∏¿∞¿∏¿∞¿∏¿∞¿∏¿∞¿∏¿∞¿∏¿∞¿∏¿∞¿∏¿∞¿∏¿∞¿∏¿∞¿∏¿∞¿∏¿∞Ã‹¿∞ƒ‡‘ÿ∞±ôÖ±Õî±—ïÖµ}…ïçΩπç•±•Ö—•Ωπ}Öπë}ç’……ïπ—}›ïï≠±Â}…Ω±î(»¿»ÿ∞ƒ±A|ƒŸ‰≈ƒƒ±•Õ°ï»ÅMΩ’—°Ö±∞±}5MMP±5•ÕÕ•ÕÕ•¡¡§ÅM—Ö—î±]H±U0Å5Ωπ…Ωî±Q…’î∞»¿»ÿ¥¿‰¥¿’P»ÃËÃ¡h∞–¿ƒ‡‘ÿÿÿ»∞–»∏‘∞‘ÿ∏‘∞¿∏¿∞±5=11}=9}Q5}IQL±	Ω—ïÖ¥Å…ΩÕ—ï»∞∞¿∏¿±›ïï¨ƒµÿƒ∏¿∞»¿»ÿ¥¿‡¥Ã¡PƒÿËƒ‘Ë¿¿¨¿¿Ë¿¿∞¿∏¿∞¿∏¿∞¿∏¿∞¿∏¿∞¿∏¿∞¿∏¿∞¿∏¿∞¿∏¿∞¿∏¿∞¿∏¿∞¿∏¿∞¿∏¿∞ÿ‡ÿ∞ƒ‡‘‹∞±ôÖ±Õî±—ïÖµ}…ïçΩπç•±•Ö—•Ωπ}Öπë}ç’……ïπ—}›ïï≠±Â}…Ω±î(»¿»ÿ∞ƒ±A|…¡‘»±±Âπ∏ÅMç°•ï±î±}%8±•πç•ππÖ—§±]H±	ΩÕ—Ω∏ÅΩ±±ïùî±Q…’î∞»¿»ÿ¥¿‰¥¿’Pƒ‰ËÃ¡h∞–¿ƒ‡‘ÿ‹‹‹∞»‰∏‘∞‘ƒ∏‘∞¿∏¿∞±5=11}=9}Q5}IQL±	Ω—ïÖ¥Å…ΩÕ—ï»∞∞¿∏¿±›ïï¨ƒµÿƒ∏¿∞»¿»ÿ¥¿‡¥Ã¡PƒÿËƒ‘Ë¿¿¨¿¿Ë¿¿∞¿∏¿∞¿∏¿∞¿∏¿∞¿∏¿∞¿∏¿∞¿∏¿∞¿∏¿∞¿∏¿∞¿∏¿∞¿∏¿∞¿∏¿∞¿∏¿∞ÿ‡‹∞ƒ‡‘‡∞±ôÖ±Õî±—ïÖµ}…ïçΩπç•±•Ö—•Ωπ}Öπë}ç’……ïπ—}›ïï≠±Â}…Ω±î(»¿»ÿ∞ƒ±A|——›ƒ‹±…Öπ≠•îÅ5ç±±•Õ—ï»±}=MT±=°•ºÅM—Ö—î±Q±	Ö±∞ÅM—Ö—î±Q…’î∞»¿»ÿ¥¿‰¥¿’PƒÿËÃ¡h∞–¿ƒ‡‘‡–Ã»∞‘Ã∏‘∞‘ÿ∏‘∞¿∏¿∞±5=11}=9}Q5}IQL±	Ω—ïÖ¥Å…ΩÕ—ï»∞∞¿∏¿±›ïï¨ƒµÿƒ∏¿∞»¿»ÿ¥¿‡¥Ã¡PƒÿËƒ‘Ë¿¿¨¿¿Ë¿¿∞¿∏¿∞¿∏¿∞¿∏¿∞¿∏¿∞¿∏¿∞¿∏¿∞¿∏¿∞¿∏¿∞¿∏¿∞¿∏¿∞¿∏¿∞¿∏¿∞Ã‹ƒ∞ƒ‡‘‰∞±ôÖ±Õî±—ïÖµ}…ïçΩπç•±•Ö—•Ωπ}Öπë}ç’……ïπ—}›ïï≠±Â}…Ω±î(»¿»ÿ∞ƒ±A|¡ÿ·±…ïë…•ç¨Å5ΩΩ…î±}5MT±5•ç°•ùÖ∏ÅM—Ö—î±]H±QΩ±ïëº±Q…’î∞»¿»ÿ¥¿‰¥¿’P¿¿Ë¿¡h∞–¿ƒ‡‘‡–»‰∞»‰∏‹‘∞–‰∏‘∞¿∏¿∞±5=11}=9}Q5}IQL±	Ω—ïÖ¥Å…ΩÕ—ï»∞∞¿∏¿±›ïï¨ƒµÿƒ∏¿∞»¿»ÿ¥¿‡¥Ã¡PƒÿËƒ‘Ë¿¿¨¿¿Ë¿¿∞¿∏¿∞¿∏¿∞¿∏¿∞¿∏¿∞¿∏¿∞¿∏¿∞¿∏¿∞¿∏¿∞¿∏¿∞¿∏¿∞¿∏¿∞¿∏¿∞ÿ‡‡∞ƒ‡ÿ¿∞±ôÖ±Õî±—ïÖµ}…ïçΩπç•±•Ö—•Ωπ}Öπë}ç’……ïπ—}›ïï≠±Â}…Ω±î(»¿»ÿ∞ƒ±A}¿‹‰·—±Ö—±•∏Å	Ö•»±}=I±=…ïùΩ∏±]H±	Ω•ÕîÅM—Ö—î±Q…’î∞»¿»ÿ¥¿‰¥¿’Pƒ‰ËÃ¡h∞–¿ƒ‡‘‡–ÃÃ∞Ã‡∏¿∞‘ƒ∏‘∞¿∏¿∞±5=11}=9}Q5}IQL±	Ω—ïÖ¥Å…ΩÕ—ï»∞∞¿∏¿±›ïï¨ƒµÿƒ∏¿∞»¿»ÿ¥¿‡¥Ã¡PƒÿËƒ‘Ë¿¿¨¿¿Ë¿¿∞¿∏¿∞¿∏¿∞¿∏¿∞¿∏¿∞¿∏¿∞¿∏¿∞¿∏¿∞¿∏¿∞¿∏¿∞¿∏¿∞¿∏¿∞¿∏¿∞ÿ‡‰∞ƒ‡ÿƒ∞±ôÖ±Õî±—ïÖµ}…ïçΩπç•±•Ö—•Ωπ}Öπë}ç’……ïπ—}›ïï≠±Â}…Ω±î(»¿»ÿ∞ƒ±A|Ÿ¿‘‘±ÖŸ•∏Å!ΩôôµÖ∏±}5%h±5•ÕÕΩ’…§±Q±…≠ÖπÕÖÃµA•πîÅ	±’ôò±Q…’î∞»¿»ÿ¥¿‰¥¿—P¿¿Ë¿¡h∞–¿ƒ‡‘ÿÿÿÃ∞‘‹∏‘∞ÿ¿∏‘∞¿∏¿∞±5=11}=9}Q5}IQL±	Ω—ïÖ¥Å…ΩÕ—ï»∞∞¿∏¿±›ïï¨ƒµÿƒ∏¿∞»¿»ÿ¥¿‡¥Ã¡PƒÿËƒ‘Ë¿¿¨¿¿Ë¿¿∞¿∏¿∞¿∏¿∞¿∏¿∞¿∏¿∞¿∏¿∞¿∏¿∞¿∏¿∞¿∏¿∞¿∏¿∞¿∏¿∞¿∏¿∞¿∏¿∞Ã‹»∞ƒ‡ÿ»∞±ôÖ±Õî±—ïÖµ}…ïçΩπç•±•Ö—•Ωπ}Öπë}ç’……ïπ—}›ïï≠±Â}…Ω±î(»¿»ÿ∞ƒ±A|Ã–—¡Õ±ÖŸ•∏Å5Ö…≠ï‰±}MT±±Ω…•ëÑÅM—Ö—î±Q±M5T±Q…’î∞»¿»ÿ¥¿‰¥¿›P»ÃËÃ¡h∞–¿ƒ‡‘‡»ƒ»∞»‘∏»‘∞‘Ã∏‘∞¿∏¿∞±5=11}=9}Q5}IQL±	Ω—ïÖ¥Å…ΩÕ—ï»∞∞¿∏¿±›ïï¨ƒµÿƒ∏¿∞»¿»ÿ¥¿‡¥Ã¡PƒÿËƒ‘Ë¿¿¨¿¿Ë¿¿∞¿∏¿∞¿∏¿∞¿∏¿∞¿∏¿∞¿∏¿∞¿∏¿∞¿∏¿∞¿∏¿∞¿∏¿∞¿∏¿∞¿∏¿∞¿∏¿∞Ã‹Ã∞ƒ‡ÿÃ∞±ôÖ±Õî±—ïÖµ}…ïçΩπç•±•Ö—•Ωπ}Öπë}ç’……ïπ—}›ïï≠±Â}…Ω±î(»¿»ÿ∞ƒ±A}–‰Ã¡‹ÿ±ÖŸ•∏Å]ÂÖ—–±}5%h±5•ÕÕΩ’…§±]H±…≠ÖπÕÖÃµA•πîÅ	±’ôò±Q…’î∞»¿»ÿ¥¿‰¥¿—P¿¿Ë¿¡h∞–¿ƒ‡‘ÿÿÿÃ∞‘‹∏‘∞ÿ¿∏‘∞¿∏¿∞±5=11}=9}Q5}IQL±	Ω—ïÖ¥Å…ΩÕ—ï»∞∞¿∏¿±›ïï¨ƒµÿƒ∏¿∞»¿»ÿ¥¿‡¥Ã¡PƒÿËƒ‘Ë¿¿¨¿¿Ë¿¿∞¿∏¿∞¿∏¿∞¿∏¿∞¿∏¿∞¿∏¿∞¿∏¿∞¿∏¿∞¿∏¿∞¿∏¿∞¿∏¿∞¿∏¿∞¿∏¿∞ÿ‰¿∞ƒ‡ÿ–∞±ôÖ±Õî±—ïÖµ}…ïçΩπç•±•Ö—•Ωπ}Öπë}ç’……ïπ—}›ïï≠±Â}…Ω±î(»¿»ÿ∞ƒ±A|‡‰ÕÂ‘±…Öë‰ÅM°ï……•±∞±}14±±ïµÕΩ∏±]H±1MT±Ö±Õî∞»¿»ÿ¥¿‰¥¿’P»ÃËÃ¡h∞–¿ƒ‡‘ÿÿÿ¿∞»¿∏‘∞‘ƒ∏‘∞¿∏¿∞±5=11}=9}Q5}IQL±	Ω—ïÖ¥Å…ΩÕ—ï»∞∞¿∏¿±›ïï¨ƒµÿƒ∏¿∞»¿»ÿ¥¿‡¥Ã¡PƒÿËƒ‘Ë¿¿¨¿¿Ë¿¿∞¿∏¿∞¿∏¿∞¿∏¿∞¿∏¿∞¿∏¿∞¿∏¿∞¿∏¿∞¿∏¿∞¿∏¿∞¿∏¿∞¿∏¿∞¿∏¿∞ÿ‰ƒ∞ƒ‡ÿ‘∞±ôÖ±Õî±—ïÖµ}…ïçΩπç•±•Ö—•Ωπ}Öπë}ç’……ïπ—}›ïï≠±Â}…Ω±î(»¿»ÿ∞ƒ±A|≈≈ÃÂ±…Öπ–Å]ΩΩëÃ±}UM±UM±]H±…ïÕπºÅM—Ö—î±Q…’î∞»¿»ÿ¥¿‰¥¿’P¿ƒË¿¡h∞–¿ƒ‡‘‡–Ãÿ∞Ã‹∏‘∞‘ƒ∏‘∞¿∏¿∞±5=11}=9}Q5}IQL±	Ω—ïÖ¥Å…ΩÕ—ï»∞∞¿∏¿±›ïï¨ƒµÿƒ∏¿∞»¿»ÿ¥¿‡¥Ã¡PƒÿËƒ‘Ë¿¿¨¿¿Ë¿¿∞¿∏¿∞¿∏¿∞¿∏¿∞¿∏¿∞¿∏¿∞¿∏¿∞¿∏¿∞¿∏¿∞¿∏¿∞¿∏¿∞¿∏¿∞¿∏¿∞ÿ‰»∞ƒ‡ÿÿ∞±ôÖ±Õî±—ïÖµ}…ïçΩπç•±•Ö—•Ωπ}Öπë}ç’……ïπ—}›ïï≠±Â}…Ω±î(»¿»ÿ∞ƒ±A|ÿÂƒ‹¿ÿ‹±…•ôô•∏Å	Ö≠ï»±}-T±-ÖπÕÖÃ±]H±1ΩπúÅ%Õ±ÖπêÅUπ•Ÿï…Õ•—‰±Q…’î∞»¿»ÿ¥¿‰¥¿’P¿¿Ë¿¡h∞–¿ƒ‡‘ÿ‹ÿ‰∞–ÿ∏¿∞‘Ã∏‘∞¿∏¿∞±5=11}=9}Q5}IQL±	Ω—ïÖ¥Å…ΩÕ—ï»∞∞¿∏¿±›ïï¨ƒµÿƒ∏¿∞»¿»ÿ¥¿‡¥Ã¡PƒÿËƒ‘Ë¿¿¨¿¿Ë¿¿∞¿∏¿∞¿∏¿∞¿∏¿∞¿∏¿∞¿∏¿∞¿∏¿∞¿∏¿∞¿∏¿∞¿∏¿∞¿∏¿∞¿∏¿∞¿∏¿∞ÿ‰Ã∞ƒ‡ÿ‹∞±ôÖ±Õî±—ïÖµ}…ïçΩπç•±•Ö—•Ωπ}Öπë}ç’……ïπ—}›ïï≠±Â}…Ω±î(»¿»ÿ∞ƒ±A}	—Õ±…•ôô•∏Å	…Ö°¥±}UM±UM±]H±…ïÕπºÅM—Ö—î±Q…’î∞»¿»ÿ¥¿‰¥¿’P¿ƒË¿¡h∞–¿ƒ‡‘‡–Ãÿ∞Ã‹∏‘∞‘ƒ∏‘∞¿∏¿∞±5=11}=9}Q5}IQL±	Ω—ïÖ¥Å…ΩÕ—ï»∞∞¿∏¿±›ïï¨ƒµÿƒ∏¿∞»¿»ÿ¥¿‡¥Ã¡PƒÿËƒ‘Ë¿¿¨¿¿Ë¿¿∞¿∏¿∞¿∏¿∞¿∏¿∞¿∏¿∞¿∏¿∞¿∏¿∞¿∏¿∞¿∏¿∞¿∏¿∞¿∏¿∞¿∏¿∞¿∏¿∞ÿ‰–∞ƒ‡ÿ‡∞±ôÖ±Õî±—ïÖµ}…ïçΩπç•±•Ö—•Ωπ}Öπë}ç’……ïπ—}›ïï≠±Â}…Ω±î(»¿»ÿ∞ƒ±A|‡Ÿ—	¡±!Öµ•±—Ω∏Å—≠•πÃ±}1=T±1Ω’•ÕŸ•±±î±Q±=±îÅ5•ÕÃ±Ö±Õî∞»¿»ÿ¥¿‰¥¿ŸP»ÃËÃ¡h∞–¿ƒ‡‘ÿÿÿƒ∞»–∏‘∞‘‘∏‘∞¿∏¿∞±5=11}=9}Q5}IQL±	Ω—ïÖ¥Å…ΩÕ—ï»∞∞¿∏¿±›ïï¨ƒµÿƒ∏¿∞»¿»ÿ¥¿‡¥Ã¡PƒÿËƒ‘Ë¿¿¨¿¿Ë¿¿∞¿∏¿∞¿∏¿∞¿∏¿∞¿∏¿∞¿∏¿∞¿∏¿∞¿∏¿∞¿∏¿∞¿∏¿∞¿∏¿∞¿∏¿∞¿∏¿∞Ã‹–∞ƒ‡ÿ‰∞±ôÖ±Õî±—ïÖµ}…ïçΩπç•±•Ö—•Ωπ}Öπë}ç’……ïπ—}›ïï≠±Â}…Ω±î(»¿»ÿ∞ƒ±A}	ÕÃ‡ÿ±!Öπ¨Å1’Õ—•ú±}AMT±Aïπ∏ÅM—Ö—î±]H±5Ö…Õ°Ö±∞±Q…’î∞»¿»ÿ¥¿‰¥¿’Pƒ‰ËÃ¡h∞–¿ƒ‡‘‡–Ã–∞Ã‰∏‘∞‘–∏‘∞¿∏¿∞±5=11}=9}Q5}IQL±	Ω—ïÖ¥Å…ΩÕ—ï»∞∞¿∏¿±›ïï¨ƒµÿƒ∏¿∞»¿»ÿ¥¿‡¥Ã¡PƒÿËƒ‘Ë¿¿¨¿¿Ë¿¿∞¿∏¿∞¿∏¿∞¿∏¿∞¿∏¿∞¿∏¿∞¿∏¿∞¿∏¿∞¿∏¿∞¿∏¿∞¿∏¿∞¿∏¿∞¿∏¿∞ÿ‰‘∞ƒ‡‹¿∞±ôÖ±Õî±—ïÖµ}…ïçΩπç•±•Ö—•Ωπ}Öπë}ç’……ïπ—}›ïï≠±Â}…Ω±î(»¿»ÿ∞ƒ±A|—			±!ÖÂëï∏Å5ΩΩ…î±}5%98±5•ππïÕΩ—Ñ±]H±ÖÕ—ï…∏Å%±±•πΩ•Ã±Q…’î∞»¿»ÿ¥¿‰¥¿—P¿¿Ë¿¡h∞–¿ƒ‡‘‡–»»∞–‹∏‘∞‘ƒ∏‘∞¿∏¿∞±5=11}=9}Q5}IQL±	Ω—ïÖ¥Å…ΩÕ—ï»∞∞¿∏¿±›ïï¨ƒµÿƒ∏¿∞»¿»ÿ¥¿‡¥Ã¡PƒÿËƒ‘Ë¿¿¨¿¿Ë¿¿∞¿∏¿∞¿∏¿∞¿∏¿∞¿∏¿∞¿∏¿∞¿∏¿∞¿∏¿∞¿∏¿∞¿∏¿∞¿∏¿∞¿∏¿∞¿∏¿∞ÿ‰ÿ∞ƒ‡‹ƒ∞±ôÖ±Õî±—ïÖµ}…ïçΩπç•±•Ö—•Ωπ}Öπë}ç’……ïπ—}›ïï≠±Â}…Ω±î(»¿»ÿ∞ƒ±A|‘ÿ‡≈›	±!ÖÂïÃÅ5•±±ï»±}9±9ïâ…ÖÕ≠Ñ±]H±=°•º±Q…’î∞»¿»ÿ¥¿‰¥¿’PƒÿË¿¡h∞–¿ƒ‡‘‡–Ã¿∞Ã‘∏‘∞–‹∏‘∞¿∏¿∞±5=11}=9}Q5}IQL±	Ω—ïÖ¥Å…ΩÕ—ï»∞∞¿∏¿±›ïï¨ƒµÿƒ∏¿∞»¿»ÿ¥¿‡¥Ã¡PƒÿËƒ‘Ë¿¿¨¿¿Ë¿¿∞¿∏¿∞¿∏¿∞¿∏¿∞¿∏¿∞¿∏¿∞¿∏¿∞¿∏¿∞¿∏¿∞¿∏¿∞¿∏¿∞¿∏¿∞¿∏¿∞ÿ‰‹∞ƒ‡‹»∞±ôÖ±Õî±—ïÖµ}…ïçΩπç•±•Ö—•Ωπ}Öπë}ç’……ïπ—}›ïï≠±Â}…Ω±î(»¿»ÿ∞ƒ±A}»ÿÂ’»±!ïπ…‰ÅÖ……•—‰±}9±9Ω—…îÅÖµî±Q±]•ÕçΩπÕ•∏±Q…’î∞»¿»ÿ¥¿‰¥¿ŸP»ÃËÃ¡h∞–¿ƒ‡‘‡–Ã‡∞Ã–∏¿∞–‹∏‘∞¿∏¿∞±5=11}=9}Q5}IQL±	Ω—ïÖ¥Å…ΩÕ—ï»∞∞¿∏¿±›ïï¨ƒµÿƒ∏¿∞»¿»ÿ¥¿‡¥Ã¡PƒÿËƒ‘Ë¿¿¨¿¿Ë¿¿∞¿∏¿∞¿∏¿∞¿∏¿∞¿∏¿∞¿∏¿∞¿∏¿∞¿∏¿∞¿∏¿∞¿∏¿∞¿∏¿∞¿∏¿∞¿∏¿∞Ã‹‘∞ƒ‡‹Ã∞±ôÖ±Õî±—ïÖµ}…ïçΩπç•±•Ö—•Ωπ}Öπë}ç’……ïπ—}›ïï≠±Â}…Ω±î(»¿»ÿ∞ƒ±A}»¿ÃŸ¿‰±!ïÈîÅ-ïπ–±}1±±Ω…•ëÑ±Q±±Ω…•ëÑÅ—±Öπ—•å±Q…’î∞»¿»ÿ¥¿‰¥¿’P»ÃË–’h∞–¿ƒ‡‘ÿÿÃ‹∞–Ã∏‘∞‘‰∏‘∞¿∏¿∞±5=11}=9}Q5}IQL±	Ω—ïÖ¥Å…ΩÕ—ï»∞∞¿∏¿±›ïï¨ƒµÿƒ∏¿∞»¿»ÿ¥¿‡¥Ã¡PƒÿËƒ‘Ë¿¿¨¿¿Ë¿¿∞¿∏¿∞¿∏¿∞¿∏¿∞¿∏¿∞¿∏¿∞¿∏¿∞¿∏¿∞¿∏¿∞¿∏¿∞¿∏¿∞¿∏¿∞¿∏¿∞Ã‹ÿ∞ƒ‡‹–∞±ôÖ±Õî±—ïÖµ}…ïçΩπç•±•Ö—•Ωπ}Öπë}ç’……ïπ—}›ïï≠±Â}…Ω±î(»¿»ÿ∞ƒ±A|¡‡‘‡ƒ‡‰±!Ω…Ö—•ºÅ•ï±ëÃ±}5%ML±=±îÅ5•ÕÃ±]H±1Ω’•ÕŸ•±±î±Q…’î∞»¿»ÿ¥¿‰¥¿ŸP»ÃËÃ¡h∞–¿ƒ‡‘ÿÿÿƒ∞Ãƒ∏¿∞‘‘∏‘∞¿∏¿∞±5=11}=9}Q5}IQL±	Ω—ïÖ¥Å…ΩÕ—ï»∞∞¿∏¿±›ïï¨ƒµÿƒ∏¿∞»¿»ÿ¥¿‡¥Ã¡PƒÿËƒ‘Ë¿¿¨¿¿Ë¿¿∞¿∏¿∞¿∏¿∞¿∏¿∞¿∏¿∞¿∏¿∞¿∏¿∞¿∏¿∞¿∏¿∞¿∏¿∞¿∏¿∞¿∏¿∞¿∏¿∞ÿ‰‡∞ƒ‡‹‘∞±ôÖ±Õî±—ïÖµ}…ïçΩπç•±•Ö—•Ωπ}Öπë}ç’……ïπ—}›ïï≠±Â}…Ω±î(»¿»ÿ∞ƒ±A|≈¡‡ƒ‡±!’ëÕΩ∏Å1ï›•Ã±}=I±=…ïùΩ∏±]H±	Ω•ÕîÅM—Ö—î±Q…’î∞»¿»ÿ¥¿‰¥¿’Pƒ‰ËÃ¡h∞–¿ƒ‡‘‡–ÃÃ∞Ã‡∏¿∞‘ƒ∏‘∞¿∏¿∞±5=11}=9}Q5}IQL±	Ω—ïÖ¥Å…ΩÕ—ï»∞∞¿∏¿±›ïï¨ƒµÿƒ∏¿∞»¿»ÿ¥¿‡¥Ã¡PƒÿËƒ‘Ë¿¿¨¿¿Ë¿¿∞¿∏¿∞¿∏¿∞¿∏¿∞¿∏¿∞¿∏¿∞¿∏¿∞¿∏¿∞¿∏¿∞¿∏¿∞¿∏¿∞¿∏¿∞¿∏¿∞ÿ‰‰∞ƒ‡‹ÿ∞±ôÖ±Õî±—ïÖµ}…ïçΩπç•±•Ö—•Ωπ}Öπë}ç’……ïπ—}›ïï≠±Â}…Ω±î(»¿»ÿ∞ƒ±A|¿‡’·–±!’ëÕΩ∏ÅAΩ›ï±∞±}Q`±Qï·ÖÃ±]H±Qï·ÖÃÅM—Ö—î±Q…’î∞»¿»ÿ¥¿‰¥¿’Pƒ‰ËÃ¡h∞–¿ƒ‡‘ÿÿÿ‹∞–‘∏¿∞‘‰∏‘∞¿∏¿∞±5=11}=9}Q5}IQL±	Ω—ïÖ¥Å…ΩÕ—ï»∞∞¿∏¿±›ïï¨ƒµÿƒ∏¿∞»¿»ÿ¥¿‡¥Ã¡PƒÿËƒ‘Ë¿¿¨¿¿Ë¿¿∞¿∏¿∞¿∏¿∞¿∏¿∞¿∏¿∞¿∏¿∞¿∏¿∞¿∏¿∞¿∏¿∞¿∏¿∞¿∏¿∞¿∏¿∞¿∏¿∞‹¿¿∞ƒ‡‹‹∞±ôÖ±Õî±—ïÖµ}…ïçΩπç•±•Ö—•Ωπ}Öπë}ç’……ïπ—}›ïï≠±Â}…Ω±î(»¿»ÿ∞ƒ±A|‡Ÿ»Ã‘‰±!’ëÕΩ∏Åiï±∞±}YP±Y•…ù•π•ÑÅQïç†±]H±Y5$±Q…’î∞»¿»ÿ¥¿‰¥¿’P»ÃËÃ¡h∞–¿ƒ‡‘‡»ƒƒ∞‘–∏‘∞‘‹∏‘∞¿∏¿∞±5=11}=9}Q5}IQL±	Ω—ïÖ¥Å…ΩÕ—ï»∞∞¿∏¿±›ïï¨ƒµÿƒ∏¿∞»¿»ÿ¥¿‡¥Ã¡PƒÿËƒ‘Ë¿¿¨¿¿Ë¿¿∞¿∏¿∞¿∏¿∞¿∏¿∞¿∏¿∞¿∏¿∞¿∏¿∞¿∏¿∞¿∏¿∞¿∏¿∞¿∏¿∞¿∏¿∞¿∏¿∞‹¿ƒ∞ƒ‡‹‡∞±ôÖ±Õî±—ïÖµ}…ïçΩπç•±•Ö—•Ωπ}Öπë}ç’……ïπ—}›ïï≠±Â}…Ω±î(»¿»ÿ∞ƒ±A|‹Ã‰——‰±!’ù†Å<ù	…•ï∏±}]-±]Ö≠îÅΩ…ïÕ–±]H±≠…Ω∏±Q…’î∞»¿»ÿ¥¿‰¥¿ÕP»ÃË¿¡h∞–¿ƒ‡‘‡»¿–∞Ãÿ∏‘∞–‡∏‘∞¿∏¿∞±5=11}=9}Q5}IQL±	Ω—ïÖ¥Å…ΩÕ—ï»∞∞¿∏¿±›ïï¨ƒµÿƒ∏¿∞»¿»ÿ¥¿‡¥Ã¡PƒÿËƒ‘Ë¿¿¨¿¿Ë¿¿∞¿∏¿∞¿∏¿∞¿∏¿∞¿∏¿∞¿∏¿∞¿∏¿∞¿∏¿∞¿∏¿∞¿∏¿∞¿∏¿∞¿∏¿∞¿∏¿∞‹¿»∞ƒ‡‹‰∞±ôÖ±Õî±—ïÖµ}…ïçΩπç•±•Ö—•Ωπ}Öπë}ç’……ïπ—}›ïï≠±Â}…Ω±î(»¿»ÿ∞ƒ±A}—ƒ‰ÿ±!’π—ï»ÅÖ…Ÿï»±}5%±5•Öµ§±Q±M—ÖπôΩ…ê±Ö±Õî∞»¿»ÿ¥¿‰¥¿’P¿ƒË¿¡h∞–¿ƒ‡‘‡»¿ÿ∞Ãÿ∏¿∞–‹∏‘∞¿∏¿∞±5=11}=9}Q5}IQL±	Ω—ïÖ¥Å…ΩÕ—ï»∞∞¿∏¿±›ïï¨ƒµÿƒ∏¿∞»¿»ÿ¥¿‡¥Ã¡PƒÿËƒ‘Ë¿¿¨¿¿Ë¿¿∞¿∏¿∞¿∏¿∞¿∏¿∞¿∏¿∞¿∏¿∞¿∏¿∞¿∏¿∞¿∏¿∞¿∏¿∞¿∏¿∞¿∏¿∞¿∏¿∞Ã‹‹∞ƒ‡‡¿∞±ôÖ±Õî±—ïÖµ}…ïçΩπç•±•Ö—•Ωπ}Öπë}ç’……ïπ—}›ïï≠±Â}…Ω±î(»¿»ÿ∞ƒ±A|—ÿ—ÿ≈±!’π—ï»Å=’Õ±ï‰±}U±’â’…∏±Q±	ÖÂ±Ω»±Q…’î∞»¿»ÿ¥¿‰¥¿’Pƒ‰ËÃ¡h∞–¿ƒ‡‘ÿÿÃÿ∞Ã»∏‹‘∞‘‡∏‘∞¿∏¿∞±5=11}=9}Q5}IQL±	Ω—ïÖ¥Å…ΩÕ—ï»∞∞¿∏¿±›ïï¨ƒµÿƒ∏¿∞»¿»ÿ¥¿‡¥Ã¡PƒÿËƒ‘Ë¿¿¨¿¿Ë¿¿∞¿∏¿∞¿∏¿∞¿∏¿∞¿∏¿∞¿∏¿∞¿∏¿∞¿∏¿∞¿∏¿∞¿∏¿∞¿∏¿∞¿∏¿∞¿∏¿∞Ã‹‡∞ƒ‡‡ƒ∞±ôÖ±Õî±—ïÖµ}…ïçΩπç•±•Ö—•Ωπ}Öπë}ç’……ïπ—}›ïï≠±Â}…Ω±î(»¿»ÿ∞ƒ±A|–¿¡—‰±!’π—ï»ÅM—…Ω’ê±}%9±%πë•ÖπÑ±]H±9Ω…—†ÅQï·ÖÃ±Q…’î∞»¿»ÿ¥¿‰¥¿’PƒÿË¿¡h∞–¿ƒ‡‘‡–»‘∞–‡∏¿∞‘‘∏‘∞¿∏¿∞±5=11}=9}Q5}IQL±	Ω—ïÖ¥Å…ΩÕ—ï»∞∞¿∏¿±›ïï¨ƒµÿƒ∏¿∞»¿»ÿ¥¿‡¥Ã¡PƒÿËƒ‘Ë¿¿¨¿¿Ë¿¿∞¿∏¿∞¿∏¿∞¿∏¿∞¿∏¿∞¿∏¿∞¿∏¿∞¿∏¿∞¿∏¿∞¿∏¿∞¿∏¿∞¿∏¿∞¿∏¿∞‹¿Ã∞ƒ‡‡»∞±ôÖ±Õî±—ïÖµ}…ïçΩπç•±•Ö—•Ωπ}Öπë}ç’……ïπ—}›ïï≠±Â}…Ω±î(»¿»ÿ∞ƒ±A}›¡ƒ‰±!’π—ï»ÅQï•ç°µÖ∏±}!=T±!Ω’Õ—Ω∏±]H±=…ïùΩ∏ÅM—Ö—î±Q…’î∞»¿»ÿ¥¿‰¥¿’PƒÿË¿¡h∞–¿ƒ‡‘ÿ‹‹‡∞Ãÿ∏¿∞‘ƒ∏‘∞¿∏¿∞±5=11}=9}Q5}IQL±	Ω—ïÖ¥Å…ΩÕ—ï»∞∞¿∏¿±›ïï¨ƒµÿƒ∏¿∞»¿»ÿ¥¿‡¥Ã¡PƒÿËƒ‘Ë¿¿¨¿¿Ë¿¿∞¿∏¿∞¿∏¿∞¿∏¿∞¿∏¿∞¿∏¿∞¿∏¿∞¿∏¿∞¿∏¿∞¿∏¿∞¿∏¿∞¿∏¿∞¿∏¿∞‹¿–∞ƒ‡‡Ã∞±ôÖ±Õî±—ïÖµ}…ïçΩπç•±•Ö—•Ωπ}Öπë}ç’……ïπ—}›ïï≠±Â}…Ω±î(»¿»ÿ∞ƒ±A|›·’‘±!’π—ï»ÅYÖ’ù°∏±}=I±=…ïùΩ∏±]H±	Ω•ÕîÅM—Ö—î±Q…’î∞»¿»ÿ¥¿‰¥¿’Pƒ‰ËÃ¡h∞–¿ƒ‡‘‡–ÃÃ∞Ã‡∏¿∞‘ƒ∏‘∞¿∏¿∞±5=11}=9}Q5}IQL±	Ω—ïÖ¥Å…ΩÕ—ï»∞∞¿∏¿±›ïï¨ƒµÿƒ∏¿∞»¿»ÿ¥¿‡¥Ã¡PƒÿËƒ‘Ë¿¿¨¿¿Ë¿¿∞¿∏¿∞¿∏¿∞¿∏¿∞¿∏¿∞¿∏¿∞¿∏¿∞¿∏¿∞¿∏¿∞¿∏¿∞¿∏¿∞¿∏¿∞¿∏¿∞‹¿‘∞ƒ‡‡–∞±ôÖ±Õî±—ïÖµ}…ïçΩπç•±•Ö—•Ωπ}Öπë}ç’……ïπ—}›ïï≠±Â}…Ω±î(»¿»ÿ∞ƒ±A|‡›Â¿‰±!’—ÕΩ∏Å!ïπë…•‡±}I,±…≠ÖπÕÖÃ±Q±9Ω…—†Å±ÖâÖµÑ±Q…’î∞»¿»ÿ¥¿‰¥¿’P»¿Ëƒ’h∞–¿ƒ‡‘ÿÿÃ‘∞‘»∏¿∞ÿÃ∏‘∞¿∏¿∞±5=11}=9}Q5}IQL±	Ω—ïÖ¥Å…ΩÕ—ï»∞∞¿∏¿±›ïï¨ƒµÿƒ∏¿∞»¿»ÿ¥¿‡¥Ã¡PƒÿËƒ‘Ë¿¿¨¿¿Ë¿¿∞¿∏¿∞¿∏¿∞¿∏¿∞¿∏¿∞¿∏¿∞¿∏¿∞¿∏¿∞¿∏¿∞¿∏¿∞¿∏¿∞¿∏¿∞¿∏¿∞Ã‹‰∞ƒ‡‡‘∞±ôÖ±Õî±—ïÖµ}…ïçΩπç•±•Ö—•Ωπ}Öπë}ç’……ïπ—}›ïï≠±Â}…Ω±î(»¿»ÿ∞ƒ±A|ƒ‡¡‘–Ãƒ±%Ö∏Å’Ö…—î±}Q98±QïππïÕÕïî±]H±’…µÖ∏±Q…’î∞»¿»ÿ¥¿‰¥¿’Pƒ‰ËÃ¡h∞–¿ƒ‡‘ÿÿÿÿ∞‘ÿ∏‘∞ÿÿ∏‘∞¿∏¿∞±5=11}=9}Q5}IQL±	Ω—ïÖ¥Å…ΩÕ—ï»∞∞¿∏¿±›ïï¨ƒµÿƒ∏¿∞»¿»ÿ¥¿‡¥Ã¡PƒÿËƒ‘Ë¿¿¨¿¿Ë¿¿∞¿∏¿∞¿∏¿∞¿∏¿∞¿∏¿∞¿∏¿∞¿∏¿∞¿∏¿∞¿∏¿∞¿∏¿∞¿∏¿∞¿∏¿∞¿∏¿∞‹¿ÿ∞ƒ‡‡ÿ∞±ôÖ±Õî±—ïÖµ}…ïçΩπç•±•Ö—•Ωπ}Öπë}ç’……ïπ—}›ïï≠±Â}…Ω±î(»¿»ÿ∞ƒ±A|Ã‰ƒÕ¿’±%ÕÖ•Ö†Å!Ω…—Ω∏±}Q5T±Qï·ÖÃÅô4±]H±5•ÕÕΩ’…§ÅM—Ö—î±Q…’î∞»¿»ÿ¥¿‰¥¿’P»ÃË¿¡h∞–¿ƒ‡‘ÿÿÿ‡∞–‹∏‘∞‘Ã∏‘∞¿∏¿∞±5=11}=9}Q5}IQL±	Ω—ïÖ¥Å…ΩÕ—ï»∞∞¿∏¿±›ïï¨ƒµÿƒ∏¿∞»¿»ÿ¥¿‡¥Ã¡PƒÿËƒ‘Ë¿¿¨¿¿Ë¿¿∞¿∏¿∞¿∏¿∞¿∏¿∞¿∏¿∞¿∏¿∞¿∏¿∞¿∏¿∞¿∏¿∞¿∏¿∞¿∏¿∞¿∏¿∞¿∏¿∞‹¿‹∞ƒ‡‡‹∞±ôÖ±Õî±—ïÖµ}…ïçΩπç•±•Ö—•Ωπ}Öπë}ç’……ïπ—}›ïï≠±Â}…Ω±î(»¿»ÿ∞ƒ±A}‘’»Ã±%ÕÖ•Ö†Å=±•Ÿï»±}%=]±%Ω›Ñ±]H±9Ω…—°ï…∏Å%±±•πΩ•Ã±Q…’î∞»¿»ÿ¥¿‰¥¿’P»¿Ëƒ’h∞–¿ƒ‡‘‡–»ÿ∞Ã‡∏‘∞–‘∏‘∞¿∏¿∞±5=11}=9}Q5}IQL±	Ω—ïÖ¥Å…ΩÕ—ï»∞∞¿∏¿±›ïï¨ƒµÿƒ∏¿∞»¿»ÿ¥¿‡¥Ã¡PƒÿËƒ‘Ë¿¿¨¿¿Ë¿¿∞¿∏¿∞¿∏¿∞¿∏¿∞¿∏¿∞¿∏¿∞¿∏¿∞¿∏¿∞¿∏¿∞¿∏¿∞¿∏¿∞¿∏¿∞¿∏¿∞‹¿‡∞ƒ‡‡‡∞±ôÖ±Õî±—ïÖµ}…ïçΩπç•±•Ö—•Ωπ}Öπë}ç’……ïπ—}›ïï≠±Â}…Ω±î(»¿»ÿ∞ƒ±A}‘»Ã≈	±%ÕµÖï∞Å•ÕÕî±}I,±…≠ÖπÕÖÃ±]H±9Ω…—†Å±ÖâÖµÑ±Q…’î∞»¿»ÿ¥¿‰¥¿’P»¿Ëƒ’h∞–¿ƒ‡‘ÿÿÃ‘∞‘»∏¿∞ÿÃ∏‘∞¿∏¿∞±5=11}=9}Q5}IQL±	Ω—ïÖ¥Å…ΩÕ—ï»∞∞¿∏¿±›ïï¨ƒµÿƒ∏¿∞»¿»ÿ¥¿‡¥Ã¡PƒÿËƒ‘Ë¿¿¨¿¿Ë¿¿∞¿∏¿∞¿∏¿∞¿∏¿∞¿∏¿∞¿∏¿∞¿∏¿∞¿∏¿∞¿∏¿∞¿∏¿∞¿∏¿∞¿∏¿∞¿∏¿∞‹¿‰∞ƒ‡‡‰∞±ôÖ±Õî±—ïÖµ}…ïçΩπç•±•Ö—•Ωπ}Öπë}ç’……ïπ—}›ïï≠±Â}…Ω±î(»¿»ÿ∞ƒ±A|–»‘ÿ»‘≈±%Õ…Öï∞Å!Ö•…Õ—Ω∏±}YP±Y•…ù•π•ÑÅQïç†±]H±Y5$±Q…’î∞»¿»ÿ¥¿‰¥¿’P»ÃËÃ¡h∞–¿ƒ‡‘‡»ƒƒ∞‘–∏‘∞‘‹∏‘∞¿∏¿∞±5=11}=9}Q5}IQL±	Ω—ïÖ¥Å…ΩÕ—ï»∞∞¿∏¿±›ïï¨ƒµÿƒ∏¿∞»¿»ÿ¥¿‡¥Ã¡PƒÿËƒ‘Ë¿¿¨¿¿Ë¿¿∞¿∏¿∞¿∏¿∞¿∏¿∞¿∏¿∞¿∏¿∞¿∏¿∞¿∏¿∞¿∏¿∞¿∏¿∞¿∏¿∞¿∏¿∞¿∏¿∞‹ƒ¿∞ƒ‡‰¿∞±ôÖ±Õî±—ïÖµ}…ïçΩπç•±•Ö—•Ωπ}Öπë}ç’……ïπ—}›ïï≠±Â}…Ω±î(»¿»ÿ∞ƒ±A|ÕÃ‹‰‹ÿ–±%Õ…ïÖ∞Å5ΩÕïÃÅX±}-T±-ÖπÕÖÃ±]H±1ΩπúÅ%Õ±ÖπêÅUπ•Ÿï…Õ•—‰±Q…’î∞»¿»ÿ¥¿‰¥¿’P¿¿Ë¿¡h∞–¿ƒ‡‘ÿ‹ÿ‰∞–ÿ∏¿∞‘Ã∏‘∞¿∏¿∞±5=11}=9}Q5}IQL±	Ω—ïÖ¥Å…ΩÕ—ï»∞∞¿∏¿±›ïï¨ƒµÿƒ∏¿∞»¿»ÿ¥¿‡¥Ã¡PƒÿËƒ‘Ë¿¿¨¿¿Ë¿¿∞¿∏¿∞¿∏¿∞¿∏¿∞¿∏¿∞¿∏¿∞¿∏¿∞¿∏¿∞¿∏¿∞¿∏¿∞¿∏¿∞¿∏¿∞¿∏¿∞‹ƒƒ∞ƒ‡‰ƒ∞±ôÖ±Õî±—ïÖµ}…ïçΩπç•±•Ö—•Ωπ}Öπë}ç’……ïπ—}›ïï≠±Â}…Ω±î(»¿»ÿ∞ƒ±A|‹‡ÂÂ›±%ÈÖ•Ö†Å]•±±•ÖµÃ±}-MT±-ÖπÕÖÃÅM—Ö—î±]H±9•ç°Ω±±Ã±Q…’î∞»¿»ÿ¥¿‰¥¿’P»ÃË¿¡h∞–¿ƒ‡‘ÿ‹‹ƒ∞–‡∏¿∞‘‘∏‘∞¿∏¿∞±5=11}=9}Q5}IQL±	Ω—ïÖ¥Å…ΩÕ—ï»∞∞¿∏¿±›ïï¨ƒµÿƒ∏¿∞»¿»ÿ¥¿‡¥Ã¡PƒÿËƒ‘Ë¿¿¨¿¿Ë¿¿∞¿∏¿∞¿∏¿∞¿∏¿∞¿∏¿∞¿∏¿∞¿∏¿∞¿∏¿∞¿∏¿∞¿∏¿∞¿∏¿∞¿∏¿∞¿∏¿∞‹ƒ»∞ƒ‡‰»∞±ôÖ±Õî±—ïÖµ}…ïçΩπç•±•Ö—•Ωπ}Öπë}ç’……ïπ—}›ïï≠±Â}…Ω±î(»¿»ÿ∞ƒ±A|ƒÿ–‡Ÿ‘±)PÅQÖùùÖ…–±}5±5Ö…Â±Öπê±Q±!Öµ¡—Ω∏±Q…’î∞»¿»ÿ¥¿‰¥¿ŸP¿¿Ë¿¡h∞–¿ƒ‡‘‡–»‹∞‘ƒ∏¿∞‘ÿ∏‘∞¿∏¿∞±5=11}=9}Q5}IQL±	Ω—ïÖ¥Å…ΩÕ—ï»∞∞¿∏¿±›ïï¨ƒµÿƒ∏¿∞»¿»ÿ¥¿‡¥Ã¡PƒÿËƒ‘Ë¿¿¨¿¿Ë¿¿∞¿∏¿∞¿∏¿∞¿∏¿∞¿∏¿∞¿∏¿∞¿∏¿∞¿∏¿∞¿∏¿∞¿∏¿∞¿∏¿∞¿∏¿∞¿∏¿∞Ã‡¿∞ƒ‡‰Ã∞±ôÖ±Õî±—ïÖµ}…ïçΩπç•±•Ö—•Ωπ}Öπë}ç’……ïπ—}›ïï≠±Â}…Ω±î(»¿»ÿ∞ƒ±A|›»Õÿ–±)XÅ•âÕΩ∏±}%8±•πç•ππÖ—§±]H±	ΩÕ—Ω∏ÅΩ±±ïùî±Q…’î∞»¿»ÿ¥¿‰¥¿’Pƒ‰ËÃ¡h∞–¿ƒ‡‘ÿ‹‹‹∞»‰∏‘∞‘ƒ∏‘∞¿∏¿∞±5=11}=9}Q5}IQL±	Ω—ïÖ¥Å…ΩÕ—ï»∞∞¿∏¿±›ïï¨ƒµÿƒ∏¿∞»¿»ÿ¥¿‡¥Ã¡PƒÿËƒ‘Ë¿¿¨¿¿Ë¿¿∞¿∏¿∞¿∏¿∞¿∏¿∞¿∏¿∞¿∏¿∞¿∏¿∞¿∏¿∞¿∏¿∞¿∏¿∞¿∏¿∞¿∏¿∞¿∏¿∞‹ƒÃ∞ƒ‡‰–∞±—…’î±—ïÖµ}…ïçΩπç•±•Ö—•Ωπ}Öπë}ç’……ïπ—}›ïï≠±Â}…Ω±î(»¿»ÿ∞ƒ±A}…	±)Ñù-ÖÂëï∏Åï…ù’ÕΩ∏±}U,±-ïπ—’ç≠‰±]H±eΩ’πùÕ—Ω›∏ÅM—Ö—î±Q…’î∞»¿»ÿ¥¿‰¥¿’Pƒ‹Ë¿¡h∞–¿ƒ‡‘ÿÿ‘‰∞–Ã∏¿∞ÿ»∏‘∞¿∏¿∞±5=11}=9}Q5}IQL±	Ω—ïÖ¥Å…ΩÕ—ï»∞∞¿∏¿±›ïï¨ƒµÿƒ∏¿∞»¿»ÿ¥¿‡¥Ã¡PƒÿËƒ‘Ë¿¿¨¿¿Ë¿¿∞¿∏¿∞¿∏¿∞¿∏¿∞¿∏¿∞¿∏¿∞¿∏¿∞¿∏¿∞¿∏¿∞¿∏¿∞¿∏¿∞¿∏¿∞¿∏¿∞‹ƒ–∞ƒ‡‰‘∞±ôÖ±Õî±—ïÖµ}…ïçΩπç•±•Ö—•Ωπ}Öπë}ç’……ïπ—}›ïï≠±Â}…Ω±î(»¿»ÿ∞ƒ±A|’‘–¡–ÿ±)ÖçîÅ	’…—Ω∏±}]M ±]ÖÕ°•πù—Ω∏±]H±]ÖÕ°•πù—Ω∏ÅM—Ö—î±Q…’î∞»¿»ÿ¥¿‰¥¿ŸP»¿Ë¿¡h∞–¿ƒ‡‘‡–Ã‹∞Ã‹∏¿∞‘¿∏‘∞¿∏¿∞±5=11}=9}Q5}IQL±	Ω—ïÖ¥Å…ΩÕ—ï»∞∞¿∏¿±›ïï¨ƒµÿƒ∏¿∞»¿»ÿ¥¿‡¥Ã¡PƒÿËƒ‘Ë¿¿¨¿¿Ë¿¿∞¿∏¿∞¿∏¿∞¿∏¿∞¿∏¿∞¿∏¿∞¿∏¿∞¿∏¿∞¿∏¿∞¿∏¿∞¿∏¿∞¿∏¿∞¿∏¿∞‹ƒ‘∞ƒ‡‰ÿ∞±ôÖ±Õî±—ïÖµ}…ïçΩπç•±•Ö—•Ωπ}Öπë}ç’……ïπ—}›ïï≠±Â}…Ω±î(»¿»ÿ∞ƒ±A|‰¿¿’»ƒÃ±)Öç¨Å	©Ω…∏±}%MT±%Ω›ÑÅM—Ö—î±Q±MΩ’—°ïÖÕ–Å5•ÕÕΩ’…§ÅM—Ö—î±Q…’î∞»¿»ÿ¥¿‰¥¿’Pƒ‹Ë¿¡h∞–¿ƒ‡‘ÿ‹‹‰∞–ƒ∏‘∞‘Ã∏‘∞¿∏¿∞±5=11}=9}Q5}IQL±	Ω—ïÖ¥Å…ΩÕ—ï»∞∞¿∏¿±›ïï¨ƒµÿƒ∏¿∞»¿»ÿ¥¿‡¥Ã¡PƒÿËƒ‘Ë¿¿¨¿¿Ë¿¿∞¿∏¿∞¿∏¿∞¿∏¿∞¿∏¿∞¿∏¿∞¿∏¿∞¿∏¿∞¿∏¿∞¿∏¿∞¿∏¿∞¿∏¿∞¿∏¿∞Ã‡ƒ∞ƒ‡‰‹∞±ôÖ±Õî±—ïÖµ}…ïçΩπç•±•Ö—•Ωπ}Öπë}ç’……ïπ—}›ïï≠±Â}…Ω±î(»¿»ÿ∞ƒ±A}ÿ‹‡»Õ±)Öç¨Å±±ïπâ’…ú±}U±’â’…∏±]H±	ÖÂ±Ω»±Q…’î∞»¿»ÿ¥¿‰¥¿’Pƒ‰ËÃ¡h∞–¿ƒ‡‘ÿÿÃÿ∞Ã»∏‹‘∞‘‡∏‘∞¿∏¿∞±5=11}=9}Q5}IQL±	Ω—ïÖ¥Å…ΩÕ—ï»∞∞¿∏¿±›ïï¨ƒµÿƒ∏¿∞»¿»ÿ¥¿‡¥Ã¡PƒÿËƒ‘Ë¿¿¨¿¿Ë¿¿∞¿∏¿∞¿∏¿∞¿∏¿∞¿∏¿∞¿∏¿∞¿∏¿∞¿∏¿∞¿∏¿∞¿∏¿∞¿∏¿∞¿∏¿∞¿∏¿∞‹ƒÿ∞ƒ‡‰‡∞±ôÖ±Õî±—ïÖµ}…ïçΩπç•±•Ö—•Ωπ}Öπë}ç’……ïπ—}›ïï≠±Â}…Ω±î(»¿»ÿ∞ƒ±A|Ÿ≈Õ‡ƒ±)Öç¨ÅÕ¡Ö…ÈÑ±}QQT±Qï·ÖÃÅQïç†±Q±â•±ïπîÅ°…•Õ—•Ö∏±Q…’î∞»¿»ÿ¥¿‰¥¿’P»ÃË¿¡h∞–¿ƒ‡‘ÿ‹‹¿∞‘ƒ∏¿∞‘‰∏‘∞¿∏¿∞±5=11}=9}Q5}IQL±	Ω—ïÖ¥Å…ΩÕ—ï»∞∞¿∏¿±›ïï¨ƒµÿƒ∏¿∞»¿»ÿ¥¿‡¥Ã¡PƒÿËƒ‘Ë¿¿¨¿¿Ë¿¿∞¿∏¿∞¿∏¿∞¿∏¿∞¿∏¿∞¿∏¿∞¿∏¿∞¿∏¿∞¿∏¿∞¿∏¿∞¿∏¿∞¿∏¿∞¿∏¿∞Ã‡»∞ƒ‡‰‰∞±ôÖ±Õî±—ïÖµ}…ïçΩπç•±•Ö—•Ωπ}Öπë}ç’……ïπ—}›ïï≠±Â}…Ω±î(»¿»ÿ∞ƒ±A}‡≈»¡±)Öç¨ÅÖÕ≠•πÃ±}U-±’≠î±Q±Q’±Öπî±Q…’î∞»¿»ÿ¥¿‰¥¿’Pƒ‰ËÃ¡h∞–¿ƒ‡‘‡»¿‰∞Ã¿∏¿∞‘¿∏‘∞¿∏¿∞±5=11}=9}Q5}IQL±	Ω—ïÖ¥Å…ΩÕ—ï»∞∞¿∏¿±›ïï¨ƒµÿƒ∏¿∞»¿»ÿ¥¿‡¥Ã¡PƒÿËƒ‘Ë¿¿¨¿¿Ë¿¿∞¿∏¿∞¿∏¿∞¿∏¿∞¿∏¿∞¿∏¿∞¿∏¿∞¿∏¿∞¿∏¿∞¿∏¿∞¿∏¿∞¿∏¿∞¿∏¿∞Ã‡Ã∞ƒ‰¿¿∞±ôÖ±Õî±—ïÖµ}…ïçΩπç•±•Ö—•Ωπ}Öπë}ç’……ïπ—}›ïï≠±Â}…Ω±î(»¿»ÿ∞ƒ±A|»‰≈·»»±)Öç¨Å!Ö…¡ï»±}5%ML±=±îÅ5•ÕÃ±Q±1Ω’•ÕŸ•±±î±Q…’î∞»¿»ÿ¥¿‰¥¿ŸP»ÃËÃ¡h∞–¿ƒ‡‘ÿÿÿƒ∞Ãƒ∏¿∞‘‘∏‘∞¿∏¿∞±5=11}=9}Q5}IQL±	Ω—ïÖ¥Å…ΩÕ—ï»∞∞¿∏¿±›ïï¨ƒµÿƒ∏¿∞»¿»ÿ¥¿‡¥Ã¡PƒÿËƒ‘Ë¿¿¨¿¿Ë¿¿∞¿∏¿∞¿∏¿∞¿∏¿∞¿∏¿∞¿∏¿∞¿∏¿∞¿∏¿∞¿∏¿∞¿∏¿∞¿∏¿∞¿∏¿∞¿∏¿∞Ã‡–∞ƒ‰¿ƒ∞±ôÖ±Õî±—ïÖµ}…ïçΩπç•±•Ö—•Ωπ}Öπë}ç’……ïπ—}›ïï≠±Â}…Ω±î(»¿»ÿ∞ƒ±A|–…‡‘¡±)Öç¨Å1ïÕπ•ï›•çË±}A%QP±A•—–±]H±5•Öµ§Ä°= §±Q…’î∞»¿»ÿ¥¿‰¥¿’PƒÿËÃ¡h∞–¿ƒ‡‘‡»¿‹∞ÃÃ∏¿∞–‰∏‘∞¿∏¿∞±5=11}=9}Q5}IQL±	Ω—ïÖ¥Å…ΩÕ—ï»∞∞¿∏¿±›ïï¨ƒµÿƒ∏¿∞»¿»ÿ¥¿‡¥Ã¡PƒÿËƒ‘Ë¿¿¨¿¿Ë¿¿∞¿∏¿∞¿∏¿∞¿∏¿∞¿∏¿∞¿∏¿∞¿∏¿∞¿∏¿∞¿∏¿∞¿∏¿∞¿∏¿∞¿∏¿∞¿∏¿∞‹ƒ‹∞ƒ‰¿»∞±ôÖ±Õî±—ïÖµ}…ïçΩπç•±•Ö—•Ωπ}Öπë}ç’……ïπ—}›ïï≠±Â}…Ω±î(»¿»ÿ∞ƒ±A|‹‡¿’Õ»±)Öç¨Å9ï›°Ω’Õî±}!=T±!Ω’Õ—Ω∏±]H±=…ïùΩ∏ÅM—Ö—î±Q…’î∞»¿»ÿ¥¿‰¥¿’PƒÿË¿¡h∞–¿ƒ‡‘ÿ‹‹‡∞Ãÿ∏¿∞‘ƒ∏‘∞¿∏¿∞±5=11}=9}Q5}IQL±	Ω—ïÖ¥Å…ΩÕ—ï»∞∞¿∏¿±›ïï¨ƒµÿƒ∏¿∞»¿»ÿ¥¿‡¥Ã¡PƒÿËƒ‘Ë¿¿¨¿¿Ë¿¿∞¿∏¿∞¿∏¿∞¿∏¿∞¿∏¿∞¿∏¿∞¿∏¿∞¿∏¿∞¿∏¿∞¿∏¿∞¿∏¿∞¿∏¿∞¿∏¿∞‹ƒ‡∞ƒ‰¿Ã∞±ôÖ±Õî±—ïÖµ}…ïçΩπç•±•Ö—•Ωπ}Öπë}ç’……ïπ—}›ïï≠±Â}…Ω±î(»¿»ÿ∞ƒ±A}ÿƒ‘‘Õ±)Öç¨Å=±Â¡°Öπ–±}0±Ö±•ôΩ…π•Ñ±Q±U1±Q…’î∞»¿»ÿ¥¿‰¥¿ŸP¿»ËÃ¡h∞–¿ƒ‡‘‡»ƒ¿∞»ÿ∏¿∞‘Ã∏‘∞¿∏¿∞±5=11}=9}Q5}IQL±	Ω—ïÖ¥Å…ΩÕ—ï»∞∞¿∏¿±›ïï¨ƒµÿƒ∏¿∞»¿»ÿ¥¿‡¥Ã¡PƒÿËƒ‘Ë¿¿¨¿¿Ë¿¿∞¿∏¿∞¿∏¿∞¿∏¿∞¿∏¿∞¿∏¿∞¿∏¿∞¿∏¿∞¿∏¿∞¿∏¿∞¿∏¿∞¿∏¿∞¿∏¿∞Ã‡‘∞ƒ‰¿–∞±ôÖ±Õî±—ïÖµ}…ïçΩπç•±•Ö—•Ωπ}Öπë}ç’……ïπ—}›ïï≠±Â}…Ω±î(»¿»ÿ∞ƒ±A|‹›»Â±)Öç¨ÅA’…≠ï…ÕΩ∏±}14±±ïµÕΩ∏±]H±1MT±Ö±Õî∞»¿»ÿ¥¿‰¥¿’P»ÃËÃ¡h∞–¿ƒ‡‘ÿÿÿ¿∞»¿∏‘∞‘ƒ∏‘∞¿∏¿∞±5=11}=9}Q5}IQL±	Ω—ïÖ¥Å…ΩÕ—ï»∞∞¿∏¿±›ïï¨ƒµÿƒ∏¿∞»¿»ÿ¥¿‡¥Ã¡PƒÿËƒ‘Ë¿¿¨¿¿Ë¿¿∞¿∏¿∞¿∏¿∞¿∏¿∞¿∏¿∞¿∏¿∞¿∏¿∞¿∏¿∞¿∏¿∞¿∏¿∞¿∏¿∞¿∏¿∞¿∏¿∞‹ƒ‰∞ƒ‰¿‘∞±ôÖ±Õî±—ïÖµ}…ïçΩπç•±•Ö—•Ωπ}Öπë}ç’……ïπ—}›ïï≠±Â}…Ω±î(»¿»ÿ∞ƒ±A|‹ÿ‘ÿÕ»ÿ±)Öç¨ÅMÖµµÖ…çº±}1±±ÖâÖµÑ±Q±ÖÕ–ÅÖ…Ω±•πÑ±Q…’î∞»¿»ÿ¥¿‰¥¿’PƒÿË¿¡h∞–¿ƒ‡‘ÿÿÃ–∞–ƒ∏¿∞‘Ã∏‘∞¿∏¿∞±5=11}=9}Q5}IQL±	Ω—ïÖ¥Å…ΩÕ—ï»∞∞¿∏¿±›ïï¨ƒµÿƒ∏¿∞»¿»ÿ¥¿‡¥Ã¡PƒÿËƒ‘Ë¿¿¨¿¿Ë¿¿∞¿∏¿∞¿∏¿∞¿∏¿∞¿∏¿∞¿∏¿∞¿∏¿∞¿∏¿∞¿∏¿∞¿∏¿∞¿∏¿∞¿∏¿∞¿∏¿∞Ã‡ÿ∞ƒ‰¿ÿ∞±ôÖ±Õî±—ïÖµ}…ïçΩπç•±•Ö—•Ωπ}Öπë}ç’……ïπ—}›ïï≠±Â}…Ω±î(»¿»ÿ∞ƒ±A}…·’	±)Öç¨ÅYÖ∏ÅΩ…Õï±Öï»±}=T±=≠±Ö°ΩµÑ±Q±UQ@±Q…’î∞»¿»ÿ¥¿‰¥¿’P¿¿Ë¿¡h∞–¿ƒ‡‘ÿÿÿ–∞–ÿ∏¿∞‘¿∏‘∞¿∏¿∞±5=11}=9}Q5}IQL±	Ω—ïÖ¥Å…ΩÕ—ï»∞∞¿∏¿±›ïï¨ƒµÿƒ∏¿∞»¿»ÿ¥¿‡¥Ã¡PƒÿËƒ‘Ë¿¿¨¿¿Ë¿¿∞¿∏¿∞¿∏¿∞¿∏¿∞¿∏¿∞¿∏¿∞¿∏¿∞¿∏¿∞¿∏¿∞¿∏¿∞¿∏¿∞¿∏¿∞¿∏¿∞Ã‡‹∞ƒ‰¿‹∞±ôÖ±Õî±—ïÖµ}…ïçΩπç•±•Ö—•Ωπ}Öπë}ç’……ïπ—}›ïï≠±Â}…Ω±î(»¿»ÿ∞ƒ±A}–¡Ÿ‘Ã±)Öç¨Å]Ω±ò±}14±±ïµÕΩ∏±Q±1MT±Ö±Õî∞»¿»ÿ¥¿‰¥¿’P»ÃËÃ¡h∞–¿ƒ‡‘ÿÿÿ¿∞»¿∏‘∞‘ƒ∏‘∞¿∏¿∞±5=11}=9}Q5}IQL±	Ω—ïÖ¥Å…ΩÕ—ï»∞∞¿∏¿±›ïï¨ƒµÿƒ∏¿∞»¿»ÿ¥¿‡¥Ã¡PƒÿËƒ‘Ë¿¿¨¿¿Ë¿¿∞¿∏¿∞¿∏¿∞¿∏¿∞¿∏¿∞¿∏¿∞¿∏¿∞¿∏¿∞¿∏¿∞¿∏¿∞¿∏¿∞¿∏¿∞¿∏¿∞Ã‡‡∞ƒ‰¿‡∞±ôÖ±Õî±—ïÖµ}…ïçΩπç•±•Ö—•Ωπ}Öπë}ç’……ïπ—}›ïï≠±Â}…Ω±î(»¿»ÿ∞ƒ±A}’‰‘‘Ã±)Öç¨ÅeÖπÖç°•¨±}5MT±5•ç°•ùÖ∏ÅM—Ö—î±]H±QΩ±ïëº±Q…’î∞»¿»ÿ¥¿‰¥¿’P¿¿Ë¿¡h∞–¿ƒ‡‘‡–»‰∞»‰∏‹‘∞–‰∏‘∞¿∏¿∞±5=11}=9}Q5}IQL±	Ω—ïÖ¥Å…ΩÕ—ï»∞∞¿∏¿±›ïï¨ƒµÿƒ∏¿∞»¿»ÿ¥¿‡¥Ã¡PƒÿËƒ‘Ë¿¿¨¿¿Ë¿¿∞¿∏¿∞¿∏¿∞¿∏¿∞¿∏¿∞¿∏¿∞¿∏¿∞¿∏¿∞¿∏¿∞¿∏¿∞¿∏¿∞¿∏¿∞¿∏¿∞‹»¿∞ƒ‰¿‰∞±ôÖ±Õî±—ïÖµ}…ïçΩπç•±•Ö—•Ωπ}Öπë}ç’……ïπ—}›ïï≠±Â}…Ω±î(»¿»ÿ∞ƒ±A}	ƒ…	±)Öç¨µ!ïπ…‰Å)Ö≠Ωâ•¨±}Q98±QïππïÕÕïî±]H±’…µÖ∏±Q…’î∞»¿»ÿ¥¿‰¥¿’Pƒ‰ËÃ¡h∞–¿ƒ‡‘ÿÿÿÿ∞‘ÿ∏‘∞ÿÿ∏‘∞¿∏¿∞±5=11}=9}Q5}IQL±	Ω—ïÖ¥Å…ΩÕ—ï»∞∞¿∏¿±›ïï¨ƒµÿƒ∏¿∞»¿»ÿ¥¿‡¥Ã¡PƒÿËƒ‘Ë¿¿¨¿¿Ë¿¿∞¿∏¿∞¿∏¿∞¿∏¿∞¿∏¿∞¿∏¿∞¿∏¿∞¿∏¿∞¿∏¿∞¿∏¿∞¿∏¿∞¿∏¿∞¿∏¿∞‹»ƒ∞ƒ‰ƒ¿∞±ôÖ±Õî±—ïÖµ}…ïçΩπç•±•Ö—•Ωπ}Öπë}ç’……ïπ—}›ïï≠±Â}…Ω±î(»¿»ÿ∞ƒ±A}ÿ»’±)Öç≠ÕΩ∏Å	Ö•…ê±}	d±	ÖÂ±Ω»±]H±’â’…∏±Ö±Õî∞»¿»ÿ¥¿‰¥¿’Pƒ‰ËÃ¡h∞–¿ƒ‡‘ÿÿÃÿ∞»‘∏‹‘∞‘‡∏‘∞¿∏¿∞±5=11}=9}Q5}IQL±	Ω—ïÖ¥Å…ΩÕ—ï»∞∞¿∏¿±›ïï¨ƒµÿƒ∏¿∞»¿»ÿ¥¿‡¥Ã¡PƒÿËƒ‘Ë¿¿¨¿¿Ë¿¿∞¿∏¿∞¿∏¿∞¿∏¿∞¿∏¿∞¿∏¿∞¿∏¿∞¿∏¿∞¿∏¿∞¿∏¿∞¿∏¿∞¿∏¿∞¿∏¿∞‹»»∞ƒ‰ƒƒ∞±ôÖ±Õî±—ïÖµ}…ïçΩπç•±•Ö—•Ωπ}Öπë}ç’……ïπ—}›ïï≠±Â}…Ω±î(»¿»ÿ∞ƒ±A|’	‹¡±)Öç≠ÕΩ∏Å	ï……ÂµÖ∏±}AUH±A’…ë’î±Q±%πë•ÖπÑÅM—Ö—î±Q…’î∞»¿»ÿ¥¿‰¥¿—P»ÃË¿¡h∞–¿ƒ‡‘‡–Ã‘∞–ÿ∏¿∞‘ÿ∏‘∞¿∏¿∞±5=11}=9}Q5}IQL±	Ω—ïÖ¥Å…ΩÕ—ï»∞∞¿∏¿±›ïï¨ƒµÿƒ∏¿∞»¿»ÿ¥¿‡¥Ã¡PƒÿËƒ‘Ë¿¿¨¿¿Ë¿¿∞¿∏¿∞¿∏¿∞¿∏¿∞¿∏¿∞¿∏¿∞¿∏¿∞¿∏¿∞¿∏¿∞¿∏¿∞¿∏¿∞¿∏¿∞¿∏¿∞Ã‡‰∞ƒ‰ƒ»∞±ôÖ±Õî±—ïÖµ}…ïçΩπç•±•Ö—•Ωπ}Öπë}ç’……ïπ—}›ïï≠±Â}…Ω±î(»¿»ÿ∞ƒ±A|‘‰›»≈±)Öç≠ÕΩ∏ÅÖ…Ÿï»±}5%±5•Öµ§±Q±M—ÖπôΩ…ê±Ö±Õî∞»¿»ÿ¥¿‰¥¿’P¿ƒË¿¡h∞–¿ƒ‡‘‡»¿ÿ∞Ãÿ∏¿∞–‹∏‘∞¿∏¿∞±5=11}=9}Q5}IQL±	Ω—ïÖ¥Å…ΩÕ—ï»∞∞¿∏¿±›ïï¨ƒµÿƒ∏¿∞»¿»ÿ¥¿‡¥Ã¡PƒÿËƒ‘Ë¿¿¨¿¿Ë¿¿∞¿∏¿∞¿∏¿∞¿∏¿∞¿∏¿∞¿∏¿∞¿∏¿∞¿∏¿∞¿∏¿∞¿∏¿∞¿∏¿∞¿∏¿∞¿∏¿∞Ã‰¿∞ƒ‰ƒÃ∞±ôÖ±Õî±—ïÖµ}…ïçΩπç•±•Ö—•Ωπ}Öπë}ç’……ïπ—}›ïï≠±Â}…Ω±î(»¿»ÿ∞ƒ±A|»–ÿ›‡¿‰±)Öç≠ÕΩ∏ÅΩΩ¨±}-T±-ÖπÕÖÃ±]H±1ΩπúÅ%Õ±ÖπêÅUπ•Ÿï…Õ•—‰±Q…’î∞»¿»ÿ¥¿‰¥¿’P¿¿Ë¿¡h∞–¿ƒ‡‘ÿ‹ÿ‰∞–ÿ∏¿∞‘Ã∏‘∞¿∏¿∞±5=11}=9}Q5}IQL±	Ω—ïÖ¥Å…ΩÕ—ï»∞∞¿∏¿±›ïï¨ƒµÿƒ∏¿∞»¿»ÿ¥¿‡¥Ã¡PƒÿËƒ‘Ë¿¿¨¿¿Ë¿¿∞¿∏¿∞¿∏¿∞¿∏¿∞¿∏¿∞¿∏¿∞¿∏¿∞¿∏¿∞¿∏¿∞¿∏¿∞¿∏¿∞¿∏¿∞¿∏¿∞‹»Ã∞ƒ‰ƒ–∞±ôÖ±Õî±—ïÖµ}…ïçΩπç•±•Ö—•Ωπ}Öπë}ç’……ïπ—}›ïï≠±Â}…Ω±î(»¿»ÿ∞ƒ±A|–Ã—Õƒ±)Öç≠ÕΩ∏Å5Öùù•Ω…î±}U-±’≠î±]H±Q’±Öπî±Q…’î∞»¿»ÿ¥¿‰¥¿’Pƒ‰ËÃ¡h∞–¿ƒ‡‘‡»¿‰∞Ã¿∏¿∞‘¿∏‘∞¿∏¿∞±5=11}=9}Q5}IQL±	Ω—ïÖ¥Å…ΩÕ—ï»∞∞¿∏¿±›ïï¨ƒµÿƒ∏¿∞»¿»ÿ¥¿‡¥Ã¡PƒÿËƒ‘Ë¿¿¨¿¿Ë¿¿∞¿∏¿∞¿∏¿∞¿∏¿∞¿∏¿∞¿∏¿∞¿∏¿∞¿∏¿∞¿∏¿∞¿∏¿∞¿∏¿∞¿∏¿∞¿∏¿∞‹»–∞ƒ‰ƒ‘∞±ôÖ±Õî±—ïÖµ}…ïçΩπç•±•Ö—•Ωπ}Öπë}ç’……ïπ—}›ïï≠±Â}…Ω±î(»¿»ÿ∞ƒ±A|ÿ·	Â±)Öç≠ÕΩ∏Å5ïï°Ö∏±}U1±U1±]H±Ö±•ôΩ…π•Ñ±Ö±Õî∞»¿»ÿ¥¿‰¥¿ŸP¿»ËÃ¡h∞–¿ƒ‡‘‡»ƒ¿∞»‹∏‘∞‘Ã∏‘∞¿∏¿∞±5=11}=9}Q5}IQL±	Ω—ïÖ¥Å…ΩÕ—ï»∞∞¿∏¿±›ïï¨ƒµÿƒ∏¿∞»¿»ÿ¥¿‡¥Ã¡PƒÿËƒ‘Ë¿¿¨¿¿Ë¿¿∞¿∏¿∞¿∏¿∞¿∏¿∞¿∏¿∞¿∏¿∞¿∏¿∞¿∏¿∞¿∏¿∞¿∏¿∞¿∏¿∞¿∏¿∞¿∏¿∞‹»‘∞ƒ‰ƒÿ∞±ôÖ±Õî±—ïÖµ}…ïçΩπç•±•Ö—•Ωπ}Öπë}ç’……ïπ—}›ïï≠±Â}…Ω±î(»¿»ÿ∞ƒ±A|ÿ—Ÿƒ±)Öç≠ÕΩ∏Å9ÖïŸî±}%=]±%Ω›Ñ±]H±9Ω…—°ï…∏Å%±±•πΩ•Ã±Q…’î∞»¿»ÿ¥¿‰¥¿’P»¿Ëƒ’h∞–¿ƒ‡‘‡–»ÿ∞Ã‡∏‘∞–‘∏‘∞¿∏¿∞±5=11}=9}Q5}IQL±	Ω—ïÖ¥Å…ΩÕ—ï»∞∞¿∏¿±›ïï¨ƒµÿƒ∏¿∞»¿»ÿ¥¿‡¥Ã¡PƒÿËƒ‘Ë¿¿¨¿¿Ë¿¿∞¿∏¿∞¿∏¿∞¿∏¿∞¿∏¿∞¿∏¿∞¿∏¿∞¿∏¿∞¿∏¿∞¿∏¿∞¿∏¿∞¿∏¿∞¿∏¿∞‹»ÿ∞ƒ‰ƒ‹∞±ôÖ±Õî±—ïÖµ}…ïçΩπç•±•Ö—•Ωπ}Öπë}ç’……ïπ—}›ïï≠±Â}…Ω±î(»¿»ÿ∞ƒ±A|ƒ‰‰‘‘‰‰‡±)Öç≠ÕΩ∏ÅIï¡¿±}M±MΩ’—†ÅÖ…Ω±•πÑ±]H±-ïπ–ÅM—Ö—î±Q…’î∞»¿»ÿ¥¿‰¥¿’PƒÿË–’h∞–¿ƒ‡‘ÿÿÿ‘∞–‘∏¿∞‘Ã∏‘∞¿∏¿∞±5=11}=9}Q5}IQL±	Ω—ïÖ¥Å…ΩÕ—ï»∞∞¿∏¿±›ïï¨ƒµÿƒ∏¿∞»¿»ÿ¥¿‡¥Ã¡PƒÿËƒ‘Ë¿¿¨¿¿Ë¿¿∞¿∏¿∞¿∏¿∞¿∏¿∞¿∏¿∞¿∏¿∞¿∏¿∞¿∏¿∞¿∏¿∞¿∏¿∞¿∏¿∞¿∏¿∞¿∏¿∞‹»‹∞ƒ‰ƒ‡∞±ôÖ±Õî±—ïÖµ}…ïçΩπç•±•Ö—•Ωπ}Öπë}ç’……ïπ—}›ïï≠±Â}…Ω±î(»¿»ÿ∞ƒ±A|‹—‹‡»ƒ±)Öç≠ÕΩ∏ÅM–∏Å±Ö•»±}U±ïΩ…ù•Ñ±]H±QïππïÕÕïîÅM—Ö—î±Q…’î∞»¿»ÿ¥¿‰¥¿’Pƒ‰Ë¿¡h∞–¿ƒ‡‘ÿÿ‘‡∞‘ƒ∏‘∞‘ÿ∏‘∞¿∏¿∞±5=11}=9}Q5}IQL±	Ω—ïÖ¥Å…ΩÕ—ï»∞∞¿∏¿±›ïï¨ƒµÿƒ∏¿∞»¿»ÿ¥¿‡¥Ã¡PƒÿËƒ‘Ë¿¿¨¿¿Ë¿¿∞¿∏¿∞¿∏¿∞¿∏¿∞¿∏¿∞¿∏¿∞¿∏¿∞¿∏¿∞¿∏¿∞¿∏¿∞¿∏¿∞¿∏¿∞¿∏¿∞‹»‡∞ƒ‰ƒ‰∞±ôÖ±Õî±—ïÖµ}…ïçΩπç•±•Ö—•Ωπ}Öπë}ç’……ïπ—}›ïï≠±Â}…Ω±î(»¿»ÿ∞ƒ±A|‰·≈‹‘±)Öç≠ÕΩ∏ÅYΩ—†±}1=T±1Ω’•ÕŸ•±±î±]H±=±îÅ5•ÕÃ±Ö±Õî∞»¿»ÿ¥¿‰¥¿ŸP»ÃËÃ¡h∞–¿ƒ‡‘ÿÿÿƒ∞»–∏‘∞‘‘∏‘∞¿∏¿∞±5=11}=9}Q5}IQL±	Ω—ïÖ¥Å…ΩÕ—ï»∞∞¿∏¿±›ïï¨ƒµÿƒ∏¿∞»¿»ÿ¥¿‡¥Ã¡PƒÿËƒ‘Ë¿¿¨¿¿Ë¿¿∞¿∏¿∞¿∏¿∞¿∏¿∞¿∏¿∞¿∏¿∞¿∏¿∞¿∏¿∞¿∏¿∞¿∏¿∞¿∏¿∞¿∏¿∞¿∏¿∞‹»‰∞ƒ‰»¿∞±ôÖ±Õî±—ïÖµ}…ïçΩπç•±•Ö—•Ωπ}Öπë}ç’……ïπ—}›ïï≠±Â}…Ω±î(»¿»ÿ∞ƒ±A}‘‹≈–›±)Öç≠ÕΩ∏Å]Öëî±}	±	ΩÕ—Ω∏ÅΩ±±ïùî±]H±•πç•ππÖ—§±Ö±Õî∞»¿»ÿ¥¿‰¥¿’Pƒ‰ËÃ¡h∞–¿ƒ‡‘ÿ‹‹‹∞»»∏¿∞‘ƒ∏‘∞¿∏¿∞±5=11}=9}Q5}IQL±	Ω—ïÖ¥Å…ΩÕ—ï»∞∞¿∏¿±›ïï¨ƒµÿƒ∏¿∞»¿»ÿ¥¿‡¥Ã¡PƒÿËƒ‘Ë¿¿¨¿¿Ë¿¿∞¿∏¿∞¿∏¿∞¿∏¿∞¿∏¿∞¿∏¿∞¿∏¿∞¿∏¿∞¿∏¿∞¿∏¿∞¿∏¿∞¿∏¿∞¿∏¿∞‹Ã¿∞ƒ‰»ƒ∞±ôÖ±Õî±—ïÖµ}…ïçΩπç•±•Ö—•Ωπ}Öπë}ç’……ïπ—}›ïï≠±Â}…Ω±î(»¿»ÿ∞ƒ±A|–Ÿ‡ƒ‰Ãÿ±)ÖçΩàÅ!Ö…Ÿï‰±}%10±%±±•πΩ•Ã±]H±U±Q…’î∞»¿»ÿ¥¿‰¥¿—P¿ƒË¿¡h∞–¿ƒ‡‘‡–»–∞–»∏¿∞‘‘∏‘∞¿∏¿∞±5=11}=9}Q5}IQL±	Ω—ïÖ¥Å…ΩÕ—ï»∞∞¿∏¿±›ïï¨ƒµÿƒ∏¿∞»¿»ÿ¥¿‡¥Ã¡PƒÿËƒ‘Ë¿¿¨¿¿Ë¿¿∞¿∏¿∞¿∏¿∞¿∏¿∞¿∏¿∞¿∏¿∞¿∏¿∞¿∏¿∞¿∏¿∞¿∏¿∞¿∏¿∞¿∏¿∞¿∏¿∞‹Ãƒ∞ƒ‰»»∞±ôÖ±Õî±—ïÖµ}…ïçΩπç•±•Ö—•Ωπ}Öπë}ç’……ïπ—}›ïï≠±Â}…Ω±î(»¿»ÿ∞ƒ±A}»ŸŸ–ÿ±)ÖçΩàÅM•µ¡ÕΩ∏±}5%98±5•ππïÕΩ—Ñ±Q±ÖÕ—ï…∏Å%±±•πΩ•Ã±Q…’î∞»¿»ÿ¥¿‰¥¿—P¿¿Ë¿¡h∞–¿ƒ‡‘‡–»»∞–‹∏‘∞‘ƒ∏‘∞¿∏¿∞±5=11}=9}Q5}IQL±	Ω—ïÖ¥Å…ΩÕ—ï»∞∞¿∏¿±›ïï¨ƒµÿƒ∏¿∞»¿»ÿ¥¿‡¥Ã¡PƒÿËƒ‘Ë¿¿¨¿¿Ë¿¿∞¿∏¿∞¿∏¿∞¿∏¿∞¿∏¿∞¿∏¿∞¿∏¿∞¿∏¿∞¿∏¿∞¿∏¿∞¿∏¿∞¿∏¿∞¿∏¿∞Ã‰ƒ∞ƒ‰»Ã∞±ôÖ±Õî±—ïÖµ}…ïçΩπç•±•Ö—•Ωπ}Öπë}ç’……ïπ—}›ïï≠±Â}…Ω±î(»¿»ÿ∞ƒ±A}·¿¿‘‡±)ÖçΩàÅM›Ö•∏±}=1<±Ω±Ω…Öëº±]H±ïΩ…ù•ÑÅQïç†±Ö±Õî∞»¿»ÿ¥¿‰¥¿—P¿¿Ë¿¡h∞–¿ƒ‡‘ÿ‹‹ÿ∞»»∏¿∞‘¿∏‘∞¿∏¿∞±5=11}=9}Q5}IQL±	Ω—ïÖ¥Å…ΩÕ—ï»∞∞¿∏¿±›ïï¨ƒµÿƒ∏¿∞»¿»ÿ¥¿‡¥Ã¡PƒÿËƒ‘Ë¿¿¨¿¿Ë¿¿∞¿∏¿∞¿∏¿∞¿∏¿∞¿∏¿∞¿∏¿∞¿∏¿∞¿∏¿∞¿∏¿∞¿∏¿∞¿∏¿∞¿∏¿∞¿∏¿∞‹Ã»∞ƒ‰»–∞±ôÖ±Õî±—ïÖµ}…ïçΩπç•±•Ö—•Ωπ}Öπë}ç’……ïπ—}›ïï≠±Â}…Ω±î(»¿»ÿ∞ƒ±A|ƒƒ’Â≈±)Öëï∏ÅëùïçΩµâî±}1±±Ω…•ëÑ±]H±±Ω…•ëÑÅ—±Öπ—•å±Q…’î∞»¿»ÿ¥¿‰¥¿’P»ÃË–’h∞–¿ƒ‡‘ÿÿÃ‹∞–Ã∏‘∞‘‰∏‘∞¿∏¿∞±5=11}=9}Q5}IQL±	Ω—ïÖ¥Å…ΩÕ—ï»∞∞¿∏¿±›ïï¨ƒµÿƒ∏¿∞»¿»ÿ¥¿‡¥Ã¡PƒÿËƒ‘Ë¿¿¨¿¿Ë¿¿∞¿∏¿∞¿∏¿∞¿∏¿∞¿∏¿∞¿∏¿∞¿∏¿∞¿∏¿∞¿∏¿∞¿∏¿∞¿∏¿∞¿∏¿∞¿∏¿∞‹ÃÃ∞ƒ‰»‘∞±ôÖ±Õî±—ïÖµ}…ïçΩπç•±•Ö—•Ωπ}Öπë}ç’……ïπ—}›ïï≠±Â}…Ω±î(»¿»ÿ∞ƒ±A}	–¡…±)Öëï∏Å5ç’ôô•î±}9\±9Ω…—°›ïÕ—ï…∏±]H±MΩ’—†ÅÖ≠Ω—ÑÅM—Ö—î±Q…’î∞»¿»ÿ¥¿‰¥¿ŸP¿¿Ë¿¡h∞–¿ƒ‡‘‡–Ãƒ∞»‰∏‘∞–ÿ∏‘∞¿∏¿∞±5=11}=9}Q5}IQL±	Ω—ïÖ¥Å…ΩÕ—ï»∞∞¿∏¿±›ïï¨ƒµÿƒ∏¿∞»¿»ÿ¥¿‡¥Ã¡PƒÿËƒ‘Ë¿¿¨¿¿Ë¿¿∞¿∏¿∞¿∏¿∞¿∏¿∞¿∏¿∞¿∏¿∞¿∏¿∞¿∏¿∞¿∏¿∞¿∏¿∞¿∏¿∞¿∏¿∞¿∏¿∞‹Ã–∞ƒ‰»ÿ∞±ôÖ±Õî±—ïÖµ}…ïçΩπç•±•Ö—•Ωπ}Öπë}ç’……ïπ—}›ïï≠±Â}…Ω±î(»¿»ÿ∞ƒ±A}…Ÿ‘‡¿±)Öïëï∏ÅI•ç≠ï——Ã±}=MT±=°•ºÅM—Ö—î±]H±	Ö±∞ÅM—Ö—î±Q…’î∞»¿»ÿ¥¿‰¥¿’PƒÿËÃ¡h∞–¿ƒ‡‘‡–Ã»∞‘Ã∏‘∞‘ÿ∏‘∞¿∏¿∞±5=11}=9}Q5}IQL±	Ω—ïÖ¥Å…ΩÕ—ï»∞∞¿∏¿±›ïï¨ƒµÿƒ∏¿∞»¿»ÿ¥¿‡¥Ã¡PƒÿËƒ‘Ë¿¿¨¿¿Ë¿¿∞¿∏¿∞¿∏¿∞¿∏¿∞¿∏¿∞¿∏¿∞¿∏¿∞¿∏¿∞¿∏¿∞¿∏¿∞¿∏¿∞¿∏¿∞¿∏¿∞‹Ã‘∞ƒ‰»‹∞±ôÖ±Õî±—ïÖµ}…ïçΩπç•±•Ö—•Ωπ}Öπë}ç’……ïπ—}›ïï≠±Â}…Ω±î(»¿»ÿ∞ƒ±A|≈‰Õ±)Ö•Ÿï∏ÅA±’µµï»±}P±ïΩ…ù•ÑÅQïç†±]H±Ω±Ω…Öëº±Q…’î∞»¿»ÿ¥¿‰¥¿—P¿¿Ë¿¡h∞–¿ƒ‡‘ÿ‹‹ÿ∞»‡∏‘∞‘¿∏‘∞¿∏¿∞±5=11}=9}Q5}IQL±	Ω—ïÖ¥Å…ΩÕ—ï»∞∞¿∏¿±›ïï¨ƒµÿƒ∏¿∞»¿»ÿ¥¿‡¥Ã¡PƒÿËƒ‘Ë¿¿¨¿¿Ë¿¿∞¿∏¿∞¿∏¿∞¿∏¿∞¿∏¿∞¿∏¿∞¿∏¿∞¿∏¿∞¿∏¿∞¿∏¿∞¿∏¿∞¿∏¿∞¿∏¿∞‹Ãÿ∞ƒ‰»‡∞±ôÖ±Õî±—ïÖµ}…ïçΩπç•±•Ö—•Ωπ}Öπë}ç’……ïπ—}›ïï≠±Â}…Ω±î(»¿»ÿ∞ƒ±A}¿‰‘‘–‘‡±)Ö≠îÅMÖÕÕ•å±}A%QP±A•—–±]H±5•Öµ§Ä°= §±Q…’î∞»¿»ÿ¥¿‰¥¿’PƒÿËÃ¡h∞–¿ƒ‡‘‡»¿‹∞ÃÃ∏¿∞–‰∏‘∞¿∏¿∞±5=11}=9}Q5}IQL±	Ω—ïÖ¥Å…ΩÕ—ï»∞∞¿∏¿±›ïï¨ƒµÿƒ∏¿∞»¿»ÿ¥¿‡¥Ã¡PƒÿËƒ‘Ë¿¿¨¿¿Ë¿¿∞¿∏¿∞¿∏¿∞¿∏¿∞¿∏¿∞¿∏¿∞¿∏¿∞¿∏¿∞¿∏¿∞¿∏¿∞¿∏¿∞¿∏¿∞¿∏¿∞‹Ã‹∞ƒ‰»‰∞±ôÖ±Õî±—ïÖµ}…ïçΩπç•±•Ö—•Ωπ}Öπë}ç’……ïπ—}›ïï≠±Â}…Ω±î(»¿»ÿ∞ƒ±A}¡·Ã±)Ö≠îÅ]°•—î±}U±’â’…∏±]H±	ÖÂ±Ω»±Q…’î∞»¿»ÿ¥¿‰¥¿’Pƒ‰ËÃ¡h∞–¿ƒ‡‘ÿÿÃÿ∞Ã»∏‹‘∞‘‡∏‘∞¿∏¿∞±5=11}=9}Q5}IQL±	Ω—ïÖ¥Å…ΩÕ—ï»∞∞¿∏¿±›ïï¨ƒµÿƒ∏¿∞»¿»ÿ¥¿‡¥Ã¡PƒÿËƒ‘Ë¿¿¨¿¿Ë¿¿∞¿∏¿∞¿∏¿∞¿∏¿∞¿∏¿∞¿∏¿∞¿∏¿∞¿∏¿∞¿∏¿∞¿∏¿∞¿∏¿∞¿∏¿∞¿∏¿∞‹Ã‡∞ƒ‰Ã¿∞±ôÖ±Õî±—ïÖµ}…ïçΩπç•±•Ö—•Ωπ}Öπë}ç’……ïπ—}›ïï≠±Â}…Ω±î(»¿»ÿ∞ƒ±A|¡—ÿ¿‘±)Ö≠ΩàÅ•·Ω∏±}1=T±1Ω’•ÕŸ•±±î±]H±=±îÅ5•ÕÃ±Ö±Õî∞»¿»ÿ¥¿‰¥¿ŸP»ÃËÃ¡h∞–¿ƒ‡‘ÿÿÿƒ∞»–∏‘∞‘‘∏‘∞¿∏¿∞±5=11}=9}Q5}IQL±	Ω—ïÖ¥Å…ΩÕ—ï»∞∞¿∏¿±›ïï¨ƒµÿƒ∏¿∞»¿»ÿ¥¿‡¥Ã¡PƒÿËƒ‘Ë¿¿¨¿¿Ë¿¿∞¿∏¿∞¿∏¿∞¿∏¿∞¿∏¿∞¿∏¿∞¿∏¿∞¿∏¿∞¿∏¿∞¿∏¿∞¿∏¿∞¿∏¿∞¿∏¿∞‹Ã‰∞ƒ‰Ãƒ∞±ôÖ±Õî±—ïÖµ}…ïçΩπç•±•Ö—•Ωπ}Öπë}ç’……ïπ—}›ïï≠±Â}…Ω±î(»¿»ÿ∞ƒ±A}	‰¿±)Ö±ï∏Å!ΩôôµÖ∏±}5% ±5•ç°•ùÖ∏±Q±]ïÕ—ï…∏Å5•ç°•ùÖ∏±Q…’î∞»¿»ÿ¥¿‰¥¿’P»ÃËÃ¡h∞–¿ƒ‡‘‡–»‡∞Ã‡∏¿∞–‡∏‘∞¿∏¿∞±5=11}=9}Q5}IQL±	Ω—ïÖ¥Å…ΩÕ—ï»∞∞¿∏¿±›ïï¨ƒµÿƒ∏¿∞»¿»ÿ¥¿‡¥Ã¡PƒÿËƒ‘Ë¿¿¨¿¿Ë¿¿∞¿∏¿∞¿∏¿∞¿∏¿∞¿∏¿∞¿∏¿∞¿∏¿∞¿∏¿∞¿∏¿∞¿∏¿∞¿∏¿∞¿∏¿∞¿∏¿∞Ã‰»∞ƒ‰Ã»∞±ôÖ±Õî±—ïÖµ}…ïçΩπç•±•Ö—•Ωπ}Öπë}ç’……ïπ—}›ïï≠±Â}…Ω±î(»¿»ÿ∞ƒ±A|‡Â‰¿–Ã‰±)Ö±ï∏Å)ΩπïÃ±}QQT±Qï·ÖÃÅQïç†±]H±â•±ïπîÅ°…•Õ—•Ö∏±Q…’î∞»¿»ÿ¥¿‰¥¿’P»ÃË¿¡h∞–¿ƒ‡‘ÿ‹‹¿∞‘ƒ∏¿∞‘‰∏‘∞¿∏¿∞±5=11}=9}Q5}IQL±	Ω—ïÖ¥Å…ΩÕ—ï»∞∞¿∏¿±›ïï¨ƒµÿƒ∏¿∞»¿»ÿ¥¿‡¥Ã¡PƒÿËƒ‘Ë¿¿¨¿¿Ë¿¿∞¿∏¿∞¿∏¿∞¿∏¿∞¿∏¿∞¿∏¿∞¿∏¿∞¿∏¿∞¿∏¿∞¿∏¿∞¿∏¿∞¿∏¿∞¿∏¿∞‹–¿∞ƒ‰ÃÃ∞±ôÖ±Õî±—ïÖµ}…ïçΩπç•±•Ö—•Ωπ}Öπë}ç’……ïπ—}›ïï≠±Â}…Ω±î(»¿»ÿ∞ƒ±A|·ƒƒ¿—»±)Ö±ï∏Å1Ω—–±}=I±=…ïùΩ∏±]H±	Ω•ÕîÅM—Ö—î±Q…’î∞»¿»ÿ¥¿‰¥¿’Pƒ‰ËÃ¡h∞–¿ƒ‡‘‡–ÃÃ∞Ã‡∏¿∞‘ƒ∏‘∞¿∏¿∞±5=11}=9}Q5}IQL±	Ω—ïÖ¥Å…ΩÕ—ï»∞∞¿∏¿±›ïï¨ƒµÿƒ∏¿∞»¿»ÿ¥¿‡¥Ã¡PƒÿËƒ‘Ë¿¿¨¿¿Ë¿¿∞¿∏¿∞¿∏¿∞¿∏¿∞¿∏¿∞¿∏¿∞¿∏¿∞¿∏¿∞¿∏¿∞¿∏¿∞¿∏¿∞¿∏¿∞¿∏¿∞‹–ƒ∞ƒ‰Ã–∞±ôÖ±Õî±—ïÖµ}…ïçΩπç•±•Ö—•Ωπ}Öπë}ç’……ïπ—}›ïï≠±Â}…Ω±î(»¿»ÿ∞ƒ±A|¿’ƒ±)Ö±ï∏ÅMÖ•π–ÅAÖ’∞±}U1±U1±]H±Ö±•ôΩ…π•Ñ±Ö±Õî∞»¿»ÿ¥¿‰¥¿ŸP¿»ËÃ¡h∞–¿ƒ‡‘‡»ƒ¿∞»‹∏‘∞‘Ã∏‘∞¿∏¿∞±5=11}=9}Q5}IQL±	Ω—ïÖ¥Å…ΩÕ—ï»∞∞¿∏¿±›ïï¨ƒµÿƒ∏¿∞»¿»ÿ¥¿‡¥Ã¡PƒÿËƒ‘Ë¿¿¨¿¿Ë¿¿∞¿∏¿∞¿∏¿∞¿∏¿∞¿∏¿∞¿∏¿∞¿∏¿∞¿∏¿∞¿∏¿∞¿∏¿∞¿∏¿∞¿∏¿∞¿∏¿∞‹–»∞ƒ‰Ã‘∞±ôÖ±Õî±—ïÖµ}…ïçΩπç•±•Ö—•Ωπ}Öπë}ç’……ïπ—}›ïï≠±Â}…Ω±î(»¿»ÿ∞ƒ±A}—ƒ‘›–±)ÖµÖ»Å	…Ω›ëï»±}5% ±5•ç°•ùÖ∏±]H±]ïÕ—ï…∏Å5•ç°•ùÖ∏±Q…’î∞»¿»ÿ¥¿‰¥¿’P»ÃËÃ¡h∞–¿ƒ‡‘‡–»‡∞Ã‡∏¿∞–‡∏‘∞¿∏¿∞±5=11}=9}Q5}IQL±	Ω—ïÖ¥Å…ΩÕ—ï»∞∞¿∏¿±›ïï¨ƒµÿƒ∏¿∞»¿»ÿ¥¿‡¥Ã¡PƒÿËƒ‘Ë¿¿¨¿¿Ë¿¿∞¿∏¿∞¿∏¿∞¿∏¿∞¿∏¿∞¿∏¿∞¿∏¿∞¿∏¿∞¿∏¿∞¿∏¿∞¿∏¿∞¿∏¿∞¿∏¿∞‹–Ã∞ƒ‰Ãÿ∞±ôÖ±Õî±—ïÖµ}…ïçΩπç•±•Ö—•Ωπ}Öπë}ç’……ïπ—}›ïï≠±Â}…Ω±î(»¿»ÿ∞ƒ±A|–¿‡¿…·±)ÖµÖ…§Å	…Ω›∏±}9±9ïâ…ÖÕ≠Ñ±]H±=°•º±Q…’î∞»¿»ÿ¥¿‰¥¿’PƒÿË¿¡h∞–¿ƒ‡‘‡–Ã¿∞Ã‘∏‘∞–‹∏‘∞¿∏¿∞±5=11}=9}Q5}IQL±	Ω—ïÖ¥Å…ΩÕ—ï»∞∞¿∏¿±›ïï¨ƒµÿƒ∏¿∞»¿»ÿ¥¿‡¥Ã¡PƒÿËƒ‘Ë¿¿¨¿¿Ë¿¿∞¿∏¿∞¿∏¿∞¿∏¿∞¿∏¿∞¿∏¿∞¿∏¿∞¿∏¿∞¿∏¿∞¿∏¿∞¿∏¿∞¿∏¿∞¿∏¿∞‹––∞ƒ‰Ã‹∞±ôÖ±Õî±—ïÖµ}…ïçΩπç•±•Ö—•Ωπ}Öπë}ç’……ïπ—}›ïï≠±Â}…Ω±î(»¿»ÿ∞ƒ±A|‹……‹‡±)Öπ§Å]ï•»±}=-MP±=≠±Ö°ΩµÑÅM—Ö—î±]H±Q’±ÕÑ±Ö±Õî∞»¿»ÿ¥¿‰¥¿’Pƒ‰Ë–’h∞–¿ƒ‡‘ÿ‹‹»∞Ã‹∏»‘∞ÿ¿∏‘∞¿∏¿∞±5=11}=9}Q5}IQL±	Ω—ïÖ¥Å…ΩÕ—ï»∞∞¿∏¿±›ïï¨ƒµÿƒ∏¿∞»¿»ÿ¥¿‡¥Ã¡PƒÿËƒ‘Ë¿¿¨¿¿Ë¿¿∞¿∏¿∞¿∏¿∞¿∏¿∞¿∏¿∞¿∏¿∞¿∏¿∞¿∏¿∞¿∏¿∞¿∏¿∞¿∏¿∞¿∏¿∞¿∏¿∞‹–‘∞ƒ‰Ã‡∞±ôÖ±Õî±—ïÖµ}…ïçΩπç•±•Ö—•Ωπ}Öπë}ç’……ïπ—}›ïï≠±Â}…Ω±î(»¿»ÿ∞ƒ±A}Ÿ≈‡¿ƒ±)Ö…ïêÅÕ¡±•∏±}	eT±	eT±]H±U—Ö†ÅQïç†±Q…’î∞»¿»ÿ¥¿‰¥¿ŸP¿¿Ë¿¡h∞–¿ƒ‡‘ÿ‹‹‘∞‘»∏‘∞‘–∏‘∞¿∏¿∞±5=11}=9}Q5}IQL±	Ω—ïÖ¥Å…ΩÕ—ï»∞∞¿∏¿±›ïï¨ƒµÿƒ∏¿∞»¿»ÿ¥¿‡¥Ã¡PƒÿËƒ‘Ë¿¿¨¿¿Ë¿¿∞¿∏¿∞¿∏¿∞¿∏¿∞¿∏¿∞¿∏¿∞¿∏¿∞¿∏¿∞¿∏¿∞¿∏¿∞¿∏¿∞¿∏¿∞¿∏¿∞‹–ÿ∞ƒ‰Ã‰∞±ôÖ±Õî±—ïÖµ}…ïçΩπç•±•Ö—•Ωπ}Öπë}ç’……ïπ—}›ïï≠±Â}…Ω±î(»¿»ÿ∞ƒ±A}Â›±)Ö…ïêÅI•ç°Ö…ëÕΩ∏±}U-±’≠î±]H±Q’±Öπî±Q…’î∞»¿»ÿ¥¿‰¥¿’Pƒ‰ËÃ¡h∞–¿ƒ‡‘‡»¿‰∞Ã¿∏¿∞‘¿∏‘∞¿∏¿∞±5=11}=9}Q5}IQL±	Ω—ïÖ¥Å…ΩÕ—ï»∞∞¿∏¿±›ïï¨ƒµÿƒ∏¿∞»¿»ÿ¥¿‡¥Ã¡PƒÿËƒ‘Ë¿¿¨¿¿Ë¿¿∞¿∏¿∞¿∏¿∞¿∏¿∞¿∏¿∞¿∏¿∞¿∏¿∞¿∏¿∞¿∏¿∞¿∏¿∞¿∏¿∞¿∏¿∞¿∏¿∞‹–‹∞ƒ‰–¿∞±—…’î±—ïÖµ}…ïçΩπç•±•Ö—•Ωπ}Öπë}ç’……ïπ—}›ïï≠±Â}…Ω±î(»¿»ÿ∞ƒ±A|‘‹Õÿƒ±)Ö·Ω∏ÅM°’——±ïÕ›Ω…—†±}1±±ÖâÖµÑ±Q±ÖÕ–ÅÖ…Ω±•πÑ±Q…’î∞»¿»ÿ¥¿‰¥¿’PƒÿË¿¡h∞–¿ƒ‡‘ÿÿÃ–∞–ƒ∏¿∞‘Ã∏‘∞¿∏¿∞±5=11}=9}Q5}IQL±	Ω—ïÖ¥Å…ΩÕ—ï»∞∞¿∏¿±›ïï¨ƒµÿƒ∏¿∞»¿»ÿ¥¿‡¥Ã¡PƒÿËƒ‘Ë¿¿¨¿¿Ë¿¿∞¿∏¿∞¿∏¿∞¿∏¿∞¿∏¿∞¿∏¿∞¿∏¿∞¿∏¿∞¿∏¿∞¿∏¿∞¿∏¿∞¿∏¿∞¿∏¿∞Ã‰Ã∞ƒ‰–ƒ∞±ôÖ±Õî±—ïÖµ}…ïçΩπç•±•Ö—•Ωπ}Öπë}ç’……ïπ—}›ïï≠±Â}…Ω±î(»¿»ÿ∞ƒ±A}Â¿¡±)ÖÂëï∏Å	Ω±—Ω∏±}5%h±5•ÕÕΩ’…§±]H±…≠ÖπÕÖÃµA•πîÅ	±’ôò±Q…’î∞»¿»ÿ¥¿‰¥¿—P¿¿Ë¿¡h∞–¿ƒ‡‘ÿÿÿÃ∞‘‹∏‘∞ÿ¿∏‘∞¿∏¿∞±5=11}=9}Q5}IQL±	Ω—ïÖ¥Å…ΩÕ—ï»∞∞¿∏¿±›ïï¨ƒµÿƒ∏¿∞»¿»ÿ¥¿‡¥Ã¡PƒÿËƒ‘Ë¿¿¨¿¿Ë¿¿∞¿∏¿∞¿∏¿∞¿∏¿∞¿∏¿∞¿∏¿∞¿∏¿∞¿∏¿∞¿∏¿∞¿∏¿∞¿∏¿∞¿∏¿∞¿∏¿∞‹–‡∞ƒ‰–»∞±ôÖ±Õî±—ïÖµ}…ïçΩπç•±•Ö—•Ωπ}Öπë}ç’……ïπ—}›ïï≠±Â}…Ω±î(»¿»ÿ∞ƒ±A}‡ÕÂ±)ÖÂëï∏Å•âÕΩ∏±}M±MΩ’—†ÅÖ…Ω±•πÑ±]H±-ïπ–ÅM—Ö—î±Q…’î∞»¿»ÿ¥¿‰¥¿’PƒÿË–’h∞–¿ƒ‡‘ÿÿÿ‘∞–‘∏¿∞‘Ã∏‘∞¿∏¿∞±5=11}=9}Q5}IQL±	Ω—ïÖ¥Å…ΩÕ—ï»∞∞¿∏¿±›ïï¨ƒµÿƒ∏¿∞»¿»ÿ¥¿‡¥Ã¡PƒÿËƒ‘Ë¿¿¨¿¿Ë¿¿∞¿∏¿∞¿∏¿∞¿∏¿∞¿∏¿∞¿∏¿∞¿∏¿∞¿∏¿∞¿∏¿∞¿∏¿∞¿∏¿∞¿∏¿∞¿∏¿∞‹–‰∞ƒ‰–Ã∞±ôÖ±Õî±—ïÖµ}…ïçΩπç•±•Ö—•Ωπ}Öπë}ç’……ïπ—}›ïï≠±Â}…Ω±î(»¿»ÿ∞ƒ±A|…’¿‘—±)ÖÂ±Ö∏Å!Ω…πÕâ‰±}AUH±A’…ë’î±]H±%πë•ÖπÑÅM—Ö—î±Q…’î∞»¿»ÿ¥¿‰¥¿—P»ÃË¿¡h∞–¿ƒ‡‘‡–Ã‘∞–ÿ∏¿∞‘ÿ∏‘∞¿∏¿∞±5=11}=9}Q5}IQL±	Ω—ïÖ¥Å…ΩÕ—ï»∞∞¿∏¿±›ïï¨ƒµÿƒ∏¿∞»¿»ÿ¥¿‡¥Ã¡PƒÿËƒ‘Ë¿¿¨¿¿Ë¿¿∞¿∏¿∞¿∏¿∞¿∏¿∞¿∏¿∞¿∏¿∞¿∏¿∞¿∏¿∞¿∏¿∞¿∏¿∞¿∏¿∞¿∏¿∞¿∏¿∞‹‘¿∞ƒ‰––∞±ôÖ±Õî±—ïÖµ}…ïçΩπç•±•Ö—•Ωπ}Öπë}ç’……ïπ—}›ïï≠±Â}…Ω±î(»¿»ÿ∞ƒ±A|ƒƒÿÿƒ·¿±)ÖÂ±ï∏Å	…Ω›∏µ]Ö±±Öçî±}14±±ïµÕΩ∏±]H±1MT±Ö±Õî∞»¿»ÿ¥¿‰¥¿’P»ÃËÃ¡h∞–¿ƒ‡‘ÿÿÿ¿∞»¿∏‘∞‘ƒ∏‘∞¿∏¿∞±5=11}=9}Q5}IQL±	Ω—ïÖ¥Å…ΩÕ—ï»∞∞¿∏¿±›ïï¨ƒµÿƒ∏¿∞»¿»ÿ¥¿‡¥Ã¡PƒÿËƒ‘Ë¿¿¨¿¿Ë¿¿∞¿∏¿∞¿∏¿∞¿∏¿∞¿∏¿∞¿∏¿∞¿∏¿∞¿∏¿∞¿∏¿∞¿∏¿∞¿∏¿∞¿∏¿∞¿∏¿∞‹‘ƒ∞ƒ‰–‘∞±ôÖ±Õî±—ïÖµ}…ïçΩπç•±•Ö—•Ωπ}Öπë}ç’……ïπ—}›ïï≠±Â}…Ω±î(»¿»ÿ∞ƒ±A|¡	≈‰ƒ±)ÖÂ±ï∏Å)Ω…ëΩ∏±}1±±Ω…•ëÑ±Q±±Ω…•ëÑÅ—±Öπ—•å±Q…’î∞»¿»ÿ¥¿‰¥¿’P»ÃË–’h∞–¿ƒ‡‘ÿÿÃ‹∞–Ã∏‘∞‘‰∏‘∞¿∏¿∞±5=11}=9}Q5}IQL±	Ω—ïÖ¥Å…ΩÕ—ï»∞∞¿∏¿±›ïï¨ƒµÿƒ∏¿∞»¿»ÿ¥¿‡¥Ã¡PƒÿËƒ‘Ë¿¿¨¿¿Ë¿¿∞¿∏¿∞¿∏¿∞¿∏¿∞¿∏¿∞¿∏¿∞¿∏¿∞¿∏¿∞¿∏¿∞¿∏¿∞¿∏¿∞¿∏¿∞¿∏¿∞Ã‰–∞ƒ‰–ÿ∞±ôÖ±Õî±—ïÖµ}…ïçΩπç•±•Ö—•Ωπ}Öπë}ç’……ïπ—}›ïï≠±Â}…Ω±î(»¿»ÿ∞ƒ±A}	‰–Ãÿ»±)ÖÂ±Ω∏ÅΩµ•πùïÖ’‡±}]%M±]•ÕçΩπÕ•∏±]H±9Ω—…îÅÖµî±Ö±Õî∞»¿»ÿ¥¿‰¥¿ŸP»ÃËÃ¡h∞–¿ƒ‡‘‡–Ã‡∞ƒÃ∏‘∞–‹∏‘∞¿∏¿∞±5=11}=9}Q5}IQL±	Ω—ïÖ¥Å…ΩÕ—ï»∞∞¿∏¿±›ïï¨ƒµÿƒ∏¿∞»¿»ÿ¥¿‡¥Ã¡PƒÿËƒ‘Ë¿¿¨¿¿Ë¿¿∞¿∏¿∞¿∏¿∞¿∏¿∞¿∏¿∞¿∏¿∞¿∏¿∞¿∏¿∞¿∏¿∞¿∏¿∞¿∏¿∞¿∏¿∞¿∏¿∞‹‘»∞ƒ‰–‹∞±ôÖ±Õî±—ïÖµ}…ïçΩπç•±•Ö—•Ωπ}Öπë}ç’……ïπ—}›ïï≠±Â}…Ω±î(»¿»ÿ∞ƒ±A}‰‡‰¡·±)ïôô…ï‰ÅM—…ΩÈ•ï»Å)»∏±}!=T±!Ω’Õ—Ω∏±]H±=…ïùΩ∏ÅM—Ö—î±Q…’î∞»¿»ÿ¥¿‰¥¿’PƒÿË¿¡h∞–¿ƒ‡‘ÿ‹‹‡∞Ãÿ∏¿∞‘ƒ∏‘∞¿∏¿∞±5=11}=9}Q5}IQL±	Ω—ïÖ¥Å…ΩÕ—ï»∞∞¿∏¿±›ïï¨ƒµÿƒ∏¿∞»¿»ÿ¥¿‡¥Ã¡PƒÿËƒ‘Ë¿¿¨¿¿Ë¿¿∞¿∏¿∞¿∏¿∞¿∏¿∞¿∏¿∞¿∏¿∞¿∏¿∞¿∏¿∞¿∏¿∞¿∏¿∞¿∏¿∞¿∏¿∞¿∏¿∞‹‘Ã∞ƒ‰–‡∞±ôÖ±Õî±—ïÖµ}…ïçΩπç•±•Ö—•Ωπ}Öπë}ç’……ïπ—}›ïï≠±Â}…Ω±î(»¿»ÿ∞ƒ±A}’’‹ƒ±)ï±Öπ§Å]Ö—≠•πÃ±}I,±…≠ÖπÕÖÃ±]H±9Ω…—†Å±ÖâÖµÑ±Q…’î∞»¿»ÿ¥¿‰¥¿’P»¿Ëƒ’h∞–¿ƒ‡‘ÿÿÃ‘∞‘»∏¿∞ÿÃ∏‘∞¿∏¿∞±5=11}=9}Q5}IQL±	Ω—ïÖ¥Å…ΩÕ—ï»∞∞¿∏¿±›ïï¨ƒµÿƒ∏¿∞»¿»ÿ¥¿‡¥Ã¡PƒÿËƒ‘Ë¿¿¨¿¿Ë¿¿∞¿∏¿∞¿∏¿∞¿∏¿∞¿∏¿∞¿∏¿∞¿∏¿∞¿∏¿∞¿∏¿∞¿∏¿∞¿∏¿∞¿∏¿∞¿∏¿∞‹‘–∞ƒ‰–‰∞±ôÖ±Õî±—ïÖµ}…ïçΩπç•±•Ö—•Ωπ}Öπë}ç’……ïπ—}›ïï≠±Â}…Ω±î(»¿»ÿ∞ƒ±A|¿≈¡	‹»±)ïÕÕ•îÅA…•µï»Å%X±}5MMP±5•ÕÕ•ÕÕ•¡¡§ÅM—Ö—î±]H±U0Å5Ωπ…Ωî±Q…’î∞»¿»ÿ¥¿‰¥¿’P»ÃËÃ¡h∞–¿ƒ‡‘ÿÿÿ»∞–»∏‘∞‘ÿ∏‘∞¿∏¿∞±5=11}=9}Q5}IQL±	Ω—ïÖ¥Å…ΩÕ—ï»∞∞¿∏¿±›ïï¨ƒµÿƒ∏¿∞»¿»ÿ¥¿‡¥Ã¡PƒÿËƒ‘Ë¿¿¨¿¿Ë¿¿∞¿∏¿∞¿∏¿∞¿∏¿∞¿∏¿∞¿∏¿∞¿∏¿∞¿∏¿∞¿∏¿∞¿∏¿∞¿∏¿∞¿∏¿∞¿∏¿∞‹‘‘∞ƒ‰‘¿∞±ôÖ±Õî±—ïÖµ}…ïçΩπç•±•Ö—•Ωπ}Öπë}ç’……ïπ—}›ïï≠±Â}…Ω±î(»¿»ÿ∞ƒ±A|ÿÿƒ–ÿ¿Ã‘±)•µµ‰ÅA•ÕÖπ§±}5% ±5•ç°•ùÖ∏±Q±]ïÕ—ï…∏Å5•ç°•ùÖ∏±Q…’î∞»¿»ÿ¥¿‰¥¿’P»ÃËÃ¡h∞–¿ƒ‡‘‡–»‡∞Ã‡∏¿∞–‡∏‘∞¿∏¿∞±5=11}=9}Q5}IQL±	Ω—ïÖ¥Å…ΩÕ—ï»∞∞¿∏¿±›ïï¨ƒµÿƒ∏¿∞»¿»ÿ¥¿‡¥Ã¡PƒÿËƒ‘Ë¿¿¨¿¿Ë¿¿∞¿∏¿∞¿∏¿∞¿∏¿∞¿∏¿∞¿∏¿∞¿∏¿∞¿∏¿∞¿∏¿∞¿∏¿∞¿∏¿∞¿∏¿∞¿∏¿∞Ã‰‘∞ƒ‰‘ƒ∞±ôÖ±Õî±—ïÖµ}…ïçΩπç•±•Ö—•Ωπ}Öπë}ç’……ïπ—}›ïï≠±Â}…Ω±î(»¿»ÿ∞ƒ±A|ÂŸ	–ƒ–±)Ω°∏Å1Ωç≠îÅ)»∏±}=T±=≠±Ö°ΩµÑ±Q±UQ@±Q…’î∞»¿»ÿ¥¿‰¥¿’P¿¿Ë¿¡h∞–¿ƒ‡‘ÿÿÿ–∞–ÿ∏¿∞‘¿∏‘∞¿∏¿∞±5=11}=9}Q5}IQL±	Ω—ïÖ¥Å…ΩÕ—ï»∞∞¿∏¿±›ïï¨ƒµÿƒ∏¿∞»¿»ÿ¥¿‡¥Ã¡PƒÿËƒ‘Ë¿¿¨¿¿Ë¿¿∞¿∏¿∞¿∏¿∞¿∏¿∞¿∏¿∞¿∏¿∞¿∏¿∞¿∏¿∞¿∏¿∞¿∏¿∞¿∏¿∞¿∏¿∞¿∏¿∞Ã‰ÿ∞ƒ‰‘»∞±ôÖ±Õî±—ïÖµ}…ïçΩπç•±•Ö—•Ωπ}Öπë}ç’……ïπ—}›ïï≠±Â}…Ω±î(»¿»ÿ∞ƒ±A}¿¿‘‡Ã≈±)Ω°∏Å9ï•ëï»±}]YT±]ïÕ–ÅY•…ù•π•Ñ±]H±ΩÖÕ—Ö∞ÅÖ…Ω±•πÑ±Q…’î∞»¿»ÿ¥¿‰¥¿’PƒÿË¿¡h∞–¿ƒ‡‘ÿ‹‡¿∞Ã‰∏¿∞‘ÿ∏‘∞¿∏¿∞±5=11}=9}Q5}IQL±	Ω—ïÖ¥Å…ΩÕ—ï»∞∞¿∏¿±›ïï¨ƒµÿƒ∏¿∞»¿»ÿ¥¿‡¥Ã¡PƒÿËƒ‘Ë¿¿¨¿¿Ë¿¿∞¿∏¿∞¿∏¿∞¿∏¿∞¿∏¿∞¿∏¿∞¿∏¿∞¿∏¿∞¿∏¿∞¿∏¿∞¿∏¿∞¿∏¿∞¿∏¿∞‹‘ÿ∞ƒ‰‘Ã∞±—…’î±—ïÖµ}…ïçΩπç•±•Ö—•Ωπ}Öπë}ç’……ïπ—}›ïï≠±Â}…Ω±î(»¿»ÿ∞ƒ±A}ƒ»–Ÿ·±)Ω°∏ÅQΩô§Å)»∏±}0±Ö±•ôΩ…π•Ñ±Q±U1±Q…’î∞»¿»ÿ¥¿‰¥¿ŸP¿»ËÃ¡h∞–¿ƒ‡‘‡»ƒ¿∞»ÿ∏¿∞‘Ã∏‘∞¿∏¿∞±5=11}=9}Q5}IQL±	Ω—ïÖ¥Å…ΩÕ—ï»∞∞¿∏¿±›ïï¨ƒµÿƒ∏¿∞»¿»ÿ¥¿‡¥Ã¡PƒÿËƒ‘Ë¿¿¨¿¿Ë¿¿∞¿∏¿∞¿∏¿∞¿∏¿∞¿∏¿∞¿∏¿∞¿∏¿∞¿∏¿∞¿∏¿∞¿∏¿∞¿∏¿∞¿∏¿∞¿∏¿∞Ã‰‹∞ƒ‰‘–∞±ôÖ±Õî±—ïÖµ}…ïçΩπç•±•Ö—•Ωπ}Öπë}ç’……ïπ—}›ïï≠±Â}…Ω±î(»¿»ÿ∞ƒ±A|›‹‡Â‰±)Ω°πÖ—°Ö∏Å5Ωπ—Öù’îÅ)»∏±}	±	ΩÕ—Ω∏ÅΩ±±ïùî±]H±•πç•ππÖ—§±Ö±Õî∞»¿»ÿ¥¿‰¥¿’Pƒ‰ËÃ¡h∞–¿ƒ‡‘ÿ‹‹‹∞»»∏¿∞‘ƒ∏‘∞¿∏¿∞±5=11}=9}Q5}IQL±	Ω—ïÖ¥Å…ΩÕ—ï»∞∞¿∏¿±›ïï¨ƒµÿƒ∏¿∞»¿»ÿ¥¿‡¥Ã¡PƒÿËƒ‘Ë¿¿¨¿¿Ë¿¿∞¿∏¿∞¿∏¿∞¿∏¿∞¿∏¿∞¿∏¿∞¿∏¿∞¿∏¿∞¿∏¿∞¿∏¿∞¿∏¿∞¿∏¿∞¿∏¿∞‹‘‹∞ƒ‰‘‘∞±—…’î±—ïÖµ}…ïçΩπç•±•Ö—•Ωπ}Öπë}ç’……ïπ—}›ïï≠±Â}…Ω±î(»¿»ÿ∞ƒ±A|»——›‹±)Ω∏Å…•µµï—–±}AUH±A’…ë’î±Q±%πë•ÖπÑÅM—Ö—î±Q…’î∞»¿»ÿ¥¿‰¥¿—P»ÃË¿¡h∞–¿ƒ‡‘‡–Ã‘∞–ÿ∏¿∞‘ÿ∏‘∞¿∏¿∞±5=11}=9}Q5}IQL±	Ω—ïÖ¥Å…ΩÕ—ï»∞∞¿∏¿±›ïï¨ƒµÿƒ∏¿∞»¿»ÿ¥¿‡¥Ã¡PƒÿËƒ‘Ë¿¿¨¿¿Ë¿¿∞¿∏¿∞¿∏¿∞¿∏¿∞¿∏¿∞¿∏¿∞¿∏¿∞¿∏¿∞¿∏¿∞¿∏¿∞¿∏¿∞¿∏¿∞¿∏¿∞Ã‰‡∞ƒ‰‘ÿ∞±ôÖ±Õî±—ïÖµ}…ïçΩπç•±•Ö—•Ωπ}Öπë}ç’……ïπ—}›ïï≠±Â}…Ω±î(»¿»ÿ∞ƒ±A}–Ÿ¿Ã‹±)ΩπÖ†Å	’…—Ω∏±}U-±’≠î±]H±Q’±Öπî±Q…’î∞»¿»ÿ¥¿‰¥¿’Pƒ‰ËÃ¡h∞–¿ƒ‡‘‡»¿‰∞Ã¿∏¿∞‘¿∏‘∞¿∏¿∞±5=11}=9}Q5}IQL±	Ω—ïÖ¥Å…ΩÕ—ï»∞∞¿∏¿±›ïï¨ƒµÿƒ∏¿∞»¿»ÿ¥¿‡¥Ã¡PƒÿËƒ‘Ë¿¿¨¿¿Ë¿¿∞¿∏¿∞¿∏¿∞¿∏¿∞¿∏¿∞¿∏¿∞¿∏¿∞¿∏¿∞¿∏¿∞¿∏¿∞¿∏¿∞¿∏¿∞¿∏¿∞‹‘‡∞ƒ‰‘‹∞±—…’î±—ïÖµ}…ïçΩπç•±•Ö—•Ωπ}Öπë}ç’……ïπ—}›ïï≠±Â}…Ω±î(»¿»ÿ∞ƒ±A}‰‡·ƒÃÃ±)ΩπÖ†Å]•±ÕΩ∏±}Q5T±Qï·ÖÃÅô4±]H±5•ÕÕΩ’…§ÅM—Ö—î±Q…’î∞»¿»ÿ¥¿‰¥¿’P»ÃË¿¡h∞–¿ƒ‡‘ÿÿÿ‡∞–‹∏‘∞‘Ã∏‘∞¿∏¿∞±5=11}=9}Q5}IQL±	Ω—ïÖ¥Å…ΩÕ—ï»∞∞¿∏¿±›ïï¨ƒµÿƒ∏¿∞»¿»ÿ¥¿‡¥Ã¡PƒÿËƒ‘Ë¿¿¨¿¿Ë¿¿∞¿∏¿∞¿∏¿∞¿∏¿∞¿∏¿∞¿∏¿∞¿∏¿∞¿∏¿∞¿∏¿∞¿∏¿∞¿∏¿∞¿∏¿∞¿∏¿∞‹‘‰∞ƒ‰‘‡∞±ôÖ±Õî±—ïÖµ}…ïçΩπç•±•Ö—•Ωπ}Öπë}ç’……ïπ—}›ïï≠±Â}…Ω±î(»¿»ÿ∞ƒ±A}Ã¿‘‡¿–‰±)ΩπÖ†Å]•πÕ—Ω∏±}MT±±Ω…•ëÑÅM—Ö—î±]H±M5T±Q…’î∞»¿»ÿ¥¿‰¥¿›P»ÃËÃ¡h∞–¿ƒ‡‘‡»ƒ»∞»‘∏»‘∞‘Ã∏‘∞¿∏¿∞±5=11}=9}Q5}IQL±	Ω—ïÖ¥Å…ΩÕ—ï»∞∞¿∏¿±›ïï¨ƒµÿƒ∏¿∞»¿»ÿ¥¿‡¥Ã¡PƒÿËƒ‘Ë¿¿¨¿¿Ë¿¿∞¿∏¿∞¿∏¿∞¿∏¿∞¿∏¿∞¿∏¿∞¿∏¿∞¿∏¿∞¿∏¿∞¿∏¿∞¿∏¿∞¿∏¿∞¿∏¿∞‹ÿ¿∞ƒ‰‘‰∞±ôÖ±Õî±—ïÖµ}…ïçΩπç•±•Ö—•Ωπ}Öπë}ç’……ïπ—}›ïï≠±Â}…Ω±î(»¿»ÿ∞ƒ±A}…ÿ≈–±)Ω…ëÖ∏Å5çΩ…êÅ%%$±}I%h±…•ÈΩπÑ±]H±9Ω…—°ï…∏Å…•ÈΩπÑ±Q…’î∞»¿»ÿ¥¿‰¥¿ŸP¿ƒËÃ¡h∞–¿ƒ‡‘ÿ‹‹Ã∞––∏¿∞‘ÿ∏‘∞¿∏¿∞±5=11}=9}Q5}IQL±	Ω—ïÖ¥Å…ΩÕ—ï»∞∞¿∏¿±›ïï¨ƒµÿƒ∏¿∞»¿»ÿ¥¿‡¥Ã¡PƒÿËƒ‘Ë¿¿¨¿¿Ë¿¿∞¿∏¿∞¿∏¿∞¿∏¿∞¿∏¿∞¿∏¿∞¿∏¿∞¿∏¿∞¿∏¿∞¿∏¿∞¿∏¿∞¿∏¿∞¿∏¿∞‹ÿƒ∞ƒ‰ÿ¿∞±ôÖ±Õî±—ïÖµ}…ïçΩπç•±•Ö—•Ωπ}Öπë}ç’……ïπ—}›ïï≠±Â}…Ω±î(»¿»ÿ∞ƒ±A}	ÿ—	‡±)Ω…ëÂ∏ÅëÖµÃ±}M5T±M5T±]H±±Ω…•ëÑÅM—Ö—î±Ö±Õî∞»¿»ÿ¥¿‰¥¿›P»ÃËÃ¡h∞–¿ƒ‡‘‡»ƒ»∞»‡∏»‘∞‘Ã∏‘∞¿∏¿∞±5=11}=9}Q5}IQL±	Ω—ïÖ¥Å…ΩÕ—ï»∞∞¿∏¿±›ïï¨ƒµÿƒ∏¿∞»¿»ÿ¥¿‡¥Ã¡PƒÿËƒ‘Ë¿¿¨¿¿Ë¿¿∞¿∏¿∞¿∏¿∞¿∏¿∞¿∏¿∞¿∏¿∞¿∏¿∞¿∏¿∞¿∏¿∞¿∏¿∞¿∏¿∞¿∏¿∞¿∏¿∞‹ÿ»∞ƒ‰ÿƒ∞±ôÖ±Õî±—ïÖµ}…ïçΩπç•±•Ö—•Ωπ}Öπë}ç’……ïπ—}›ïï≠±Â}…Ω±î(»¿»ÿ∞ƒ±A|¿≈Õ…ƒ±)ΩÕï¡†Å!ΩââÃ±}YP±Y•…ù•π•ÑÅQïç†±]H±Y5$±Q…’î∞»¿»ÿ¥¿‰¥¿’P»ÃËÃ¡h∞–¿ƒ‡‘‡»ƒƒ∞‘–∏‘∞‘‹∏‘∞¿∏¿∞±5=11}=9}Q5}IQL±	Ω—ïÖ¥Å…ΩÕ—ï»∞∞¿∏¿±›ïï¨ƒµÿƒ∏¿∞»¿»ÿ¥¿‡¥Ã¡PƒÿËƒ‘Ë¿¿¨¿¿Ë¿¿∞¿∏¿∞¿∏¿∞¿∏¿∞¿∏¿∞¿∏¿∞¿∏¿∞¿∏¿∞¿∏¿∞¿∏¿∞¿∏¿∞¿∏¿∞¿∏¿∞‹ÿÃ∞ƒ‰ÿ»∞±ôÖ±Õî±—ïÖµ}…ïçΩπç•±•Ö—•Ωπ}Öπë}ç’……ïπ—}›ïï≠±Â}…Ω±î(»¿»ÿ∞ƒ±A}‰Õ…‰–±)ΩÕï¡†Å5ΩÕï±ï‰±}P±ïΩ…ù•ÑÅQïç†±]H±Ω±Ω…Öëº±Q…’î∞»¿»ÿ¥¿‰¥¿—P¿¿Ë¿¡h∞–¿ƒ‡‘ÿ‹‹ÿ∞»‡∏‘∞‘¿∏‘∞¿∏¿∞±5=11}=9}Q5}IQL±	Ω—ïÖ¥Å…ΩÕ—ï»∞∞¿∏¿±›ïï¨ƒµÿƒ∏¿∞»¿»ÿ¥¿‡¥Ã¡PƒÿËƒ‘Ë¿¿¨¿¿Ë¿¿∞¿∏¿∞¿∏¿∞¿∏¿∞¿∏¿∞¿∏¿∞¿∏¿∞¿∏¿∞¿∏¿∞¿∏¿∞¿∏¿∞¿∏¿∞¿∏¿∞‹ÿ–∞ƒ‰ÿÃ∞±ôÖ±Õî±—ïÖµ}…ïçΩπç•±•Ö—•Ωπ}Öπë}ç’……ïπ—}›ïï≠±Â}…Ω±î(»¿»ÿ∞ƒ±A}–‹›‡±)ΩÕ†ÅÖŸ•Ã±}	eT±	eT±Q±U—Ö†ÅQïç†±Q…’î∞»¿»ÿ¥¿‰¥¿ŸP¿¿Ë¿¡h∞–¿ƒ‡‘ÿ‹‹‘∞‘»∏‘∞‘–∏‘∞¿∏¿∞±5=11}=9}Q5}IQL±	Ω—ïÖ¥Å…ΩÕ—ï»∞∞¿∏¿±›ïï¨ƒµÿƒ∏¿∞»¿»ÿ¥¿‡¥Ã¡PƒÿËƒ‘Ë¿¿¨¿¿Ë¿¿∞¿∏¿∞¿∏¿∞¿∏¿∞¿∏¿∞¿∏¿∞¿∏¿∞¿∏¿∞¿∏¿∞¿∏¿∞¿∏¿∞¿∏¿∞¿∏¿∞Ã‰‰∞ƒ‰ÿ–∞±ôÖ±Õî±—ïÖµ}…ïçΩπç•±•Ö—•Ωπ}Öπë}ç’……ïπ—}›ïï≠±Â}…Ω±î(»¿»ÿ∞ƒ±A}‹Â‰‰±)ΩÕ†ÅΩ…ê±}1±±ÖâÖµÑ±Q±ÖÕ–ÅÖ…Ω±•πÑ±Q…’î∞»¿»ÿ¥¿‰¥¿’PƒÿË¿¡h∞–¿ƒ‡‘ÿÿÃ–∞–ƒ∏¿∞‘Ã∏‘∞¿∏¿∞±5=11}=9}Q5}IQL±	Ω—ïÖ¥Å…ΩÕ—ï»∞∞¿∏¿±›ïï¨ƒµÿƒ∏¿∞»¿»ÿ¥¿‡¥Ã¡PƒÿËƒ‘Ë¿¿¨¿¿Ë¿¿∞¿∏¿∞¿∏¿∞¿∏¿∞¿∏¿∞¿∏¿∞¿∏¿∞¿∏¿∞¿∏¿∞¿∏¿∞¿∏¿∞¿∏¿∞¿∏¿∞–¿¿∞ƒ‰ÿ‘∞±—…’î±—ïÖµ}…ïçΩπç•±•Ö—•Ωπ}Öπë}ç’……ïπ—}›ïï≠±Â}…Ω±î(»¿»ÿ∞ƒ±A}…Ã≈±)ΩÕ†Å)Öç≠ÕΩ∏±}1MT±1MT±]H±±ïµÕΩ∏±Q…’î∞»¿»ÿ¥¿‰¥¿’P»ÃËÃ¡h∞–¿ƒ‡‘ÿÿÿ¿∞Ãƒ∏¿∞‘ƒ∏‘∞¿∏¿∞±5=11}=9}Q5}IQL±	Ω—ïÖ¥Å…ΩÕ—ï»∞∞¿∏¿±›ïï¨ƒµÿƒ∏¿∞»¿»ÿ¥¿‡¥Ã¡PƒÿËƒ‘Ë¿¿¨¿¿Ë¿¿∞¿∏¿∞¿∏¿∞¿∏¿∞¿∏¿∞¿∏¿∞¿∏¿∞¿∏¿∞¿∏¿∞¿∏¿∞¿∏¿∞¿∏¿∞¿∏¿∞‹ÿ‘∞ƒ‰ÿÿ∞±ôÖ±Õî±—ïÖµ}…ïçΩπç•±•Ö—•Ωπ}Öπë}ç’……ïπ—}›ïï≠±Â}…Ω±î(»¿»ÿ∞ƒ±A}’–¿≈±)ΩÕ†ÅA°•ôï»±}U1±U1±Q±Ö±•ôΩ…π•Ñ±Ö±Õî∞»¿»ÿ¥¿‰¥¿ŸP¿»ËÃ¡h∞–¿ƒ‡‘‡»ƒ¿∞»‹∏‘∞‘Ã∏‘∞¿∏¿∞±5=11}=9}Q5}IQL±	Ω—ïÖ¥Å…ΩÕ—ï»∞∞¿∏¿±›ïï¨ƒµÿƒ∏¿∞»¿»ÿ¥¿‡¥Ã¡PƒÿËƒ‘Ë¿¿¨¿¿Ë¿¿∞¿∏¿∞¿∏¿∞¿∏¿∞¿∏¿∞¿∏¿∞¿∏¿∞¿∏¿∞¿∏¿∞¿∏¿∞¿∏¿∞¿∏¿∞¿∏¿∞–¿ƒ∞ƒ‰ÿ‹∞±—…’î±—ïÖµ}…ïçΩπç•±•Ö—•Ωπ}Öπë}ç’……ïπ—}›ïï≠±Â}…Ω±î(»¿»ÿ∞ƒ±A}ƒ‡Â‰ƒÿ±)ΩÕ•Ö†Å)ïôôï…ÕΩ∏±}UM±UM±Q±…ïÕπºÅM—Ö—î±Q…’î∞»¿»ÿ¥¿‰¥¿’P¿ƒË¿¡h∞–¿ƒ‡‘‡–Ãÿ∞Ã‹∏‘∞‘ƒ∏‘∞¿∏¿∞±5=11}=9}Q5}IQL±	Ω—ïÖ¥Å…ΩÕ—ï»∞∞¿∏¿±›ïï¨ƒµÿƒ∏¿∞»¿»ÿ¥¿‡¥Ã¡PƒÿËƒ‘Ë¿¿¨¿¿Ë¿¿∞¿∏¿∞¿∏¿∞¿∏¿∞¿∏¿∞¿∏¿∞¿∏¿∞¿∏¿∞¿∏¿∞¿∏¿∞¿∏¿∞¿∏¿∞¿∏¿∞–¿»∞ƒ‰ÿ‡∞±ôÖ±Õî±—ïÖµ}…ïçΩπç•±•Ö—•Ωπ}Öπë}ç’……ïπ—}›ïï≠±Â}…Ω±î(»¿»ÿ∞ƒ±A|ÿ‡…ÿ‹‡‘±)ΩŸΩ∏Å5çIÖîÅ%$±}=I±=…ïùΩ∏±]H±	Ω•ÕîÅM—Ö—î±Q…’î∞»¿»ÿ¥¿‰¥¿’Pƒ‰ËÃ¡h∞–¿ƒ‡‘‡–ÃÃ∞Ã‡∏¿∞‘ƒ∏‘∞¿∏¿∞±5=11}=9}Q5}IQL±	Ω—ïÖ¥Å…ΩÕ—ï»∞∞¿∏¿±›ïï¨ƒµÿƒ∏¿∞»¿»ÿ¥¿‡¥Ã¡PƒÿËƒ‘Ë¿¿¨¿¿Ë¿¿∞¿∏¿∞¿∏¿∞¿∏¿∞¿∏¿∞¿∏¿∞¿∏¿∞¿∏¿∞¿∏¿∞¿∏¿∞¿∏¿∞¿∏¿∞¿∏¿∞‹ÿÿ∞ƒ‰ÿ‰∞±ôÖ±Õî±—ïÖµ}…ïçΩπç•±•Ö—•Ωπ}Öπë}ç’……ïπ—}›ïï≠±Â}…Ω±î(»¿»ÿ∞ƒ±A}–Â–±)’π•Ω»ÅΩ’ù°±•∏±}UQ ±U—Ö†±]H±%ëÖ°º±Q…’î∞»¿»ÿ¥¿‰¥¿—P¿ƒË¿¡h∞–¿ƒ‡‘ÿ‹ÿ‡∞–‘∏¿∞‘ÿ∏‘∞¿∏¿∞±5=11}=9}Q5}IQL±	Ω—ïÖ¥Å…ΩÕ—ï»∞∞¿∏¿±›ïï¨ƒµÿƒ∏¿∞»¿»ÿ¥¿‡¥Ã¡PƒÿËƒ‘Ë¿¿¨¿¿Ë¿¿∞¿∏¿∞¿∏¿∞¿∏¿∞¿∏¿∞¿∏¿∞¿∏¿∞¿∏¿∞¿∏¿∞¿∏¿∞¿∏¿∞¿∏¿∞¿∏¿∞‹ÿ‹∞ƒ‰‹¿∞±ôÖ±Õî±—ïÖµ}…ïçΩπç•±•Ö—•Ωπ}Öπë}ç’……ïπ—}›ïï≠±Â}…Ω±î(»¿»ÿ∞ƒ±A}ÿ‹‡›Ã±)’Õ—•∏Å	Ω›•ç¨±}=-MP±=≠±Ö°ΩµÑÅM—Ö—î±]H±Q’±ÕÑ±Ö±Õî∞»¿»ÿ¥¿‰¥¿’Pƒ‰Ë–’h∞–¿ƒ‡‘ÿ‹‹»∞Ã‹∏»‘∞ÿ¿∏‘∞¿∏¿∞±5=11}=9}Q5}IQL±	Ω—ïÖ¥Å…ΩÕ—ï»∞∞¿∏¿±›ïï¨ƒµÿƒ∏¿∞»¿»ÿ¥¿‡¥Ã¡PƒÿËƒ‘Ë¿¿¨¿¿Ë¿¿∞¿∏¿∞¿∏¿∞¿∏¿∞¿∏¿∞¿∏¿∞¿∏¿∞¿∏¿∞¿∏¿∞¿∏¿∞¿∏¿∞¿∏¿∞¿∏¿∞‹ÿ‡∞ƒ‰‹ƒ∞±—…’î±—ïÖµ}…ïçΩπç•±•Ö—•Ωπ}Öπë}ç’……ïπ—}›ïï≠±Â}…Ω±î(»¿»ÿ∞ƒ±A|‰Ÿ’‰±)’Õ—•∏ÅïYÖ’ù°∏±}5±5Ö…Â±Öπê±]H±!Öµ¡—Ω∏±Q…’î∞»¿»ÿ¥¿‰¥¿ŸP¿¿Ë¿¡h∞–¿ƒ‡‘‡–»‹∞‘ƒ∏¿∞‘ÿ∏‘∞¿∏¿∞±5=11}=9}Q5}IQL±	Ω—ïÖ¥Å…ΩÕ—ï»∞∞¿∏¿±›ïï¨ƒµÿƒ∏¿∞»¿»ÿ¥¿‡¥Ã¡PƒÿËƒ‘Ë¿¿¨¿¿Ë¿¿∞¿∏¿∞¿∏¿∞¿∏¿∞¿∏¿∞¿∏¿∞¿∏¿∞¿∏¿∞¿∏¿∞¿∏¿∞¿∏¿∞¿∏¿∞¿∏¿∞‹ÿ‰∞ƒ‰‹»∞±ôÖ±Õî±—ïÖµ}…ïçΩπç•±•Ö—•Ωπ}Öπë}ç’……ïπ—}›ïï≠±Â}…Ω±î(»¿»ÿ∞ƒ±A}Õ‡‡Õ±)’Õ—•∏Å-Ö——’Ã±}U,±-ïπ—’ç≠‰±Q±eΩ’πùÕ—Ω›∏ÅM—Ö—î±Q…’î∞»¿»ÿ¥¿‰¥¿’Pƒ‹Ë¿¡h∞–¿ƒ‡‘ÿÿ‘‰∞–Ã∏¿∞ÿ»∏‘∞¿∏¿∞±5=11}=9}Q5}IQL±	Ω—ïÖ¥Å…ΩÕ—ï»∞∞¿∏¿±›ïï¨ƒµÿƒ∏¿∞»¿»ÿ¥¿‡¥Ã¡PƒÿËƒ‘Ë¿¿¨¿¿Ë¿¿∞¿∏¿∞¿∏¿∞¿∏¿∞¿∏¿∞¿∏¿∞¿∏¿∞¿∏¿∞¿∏¿∞¿∏¿∞¿∏¿∞¿∏¿∞¿∏¿∞–¿Ã∞ƒ‰‹Ã∞±ôÖ±Õî±—ïÖµ}…ïçΩπç•±•Ö—•Ωπ}Öπë}ç’……ïπ—}›ïï≠±Â}…Ω±î(»¿»ÿ∞ƒ±A}Ÿ≈±)’Õ—•∏Å]•±±•ÖµÃ±}1±±Ω…•ëÑ±]H±±Ω…•ëÑÅ—±Öπ—•å±Q…’î∞»¿»ÿ¥¿‰¥¿’P»ÃË–’h∞–¿ƒ‡‘ÿÿÃ‹∞–Ã∏‘∞‘‰∏‘∞¿∏¿∞±5=11}=9}Q5}IQL±	Ω—ïÖ¥Å…ΩÕ—ï»∞∞¿∏¿±›ïï¨ƒµÿƒ∏¿∞»¿»ÿ¥¿‡¥Ã¡PƒÿËƒ‘Ë¿¿¨¿¿Ë¿¿∞¿∏¿∞¿∏¿∞¿∏¿∞¿∏¿∞¿∏¿∞¿∏¿∞¿∏¿∞¿∏¿∞¿∏¿∞¿∏¿∞¿∏¿∞¿∏¿∞‹‹¿∞ƒ‰‹–∞±ôÖ±Õî±—ïÖµ}…ïçΩπç•±•Ö—•Ωπ}Öπë}ç’……ïπ—}›ïï≠±Â}…Ω±î(»¿»ÿ∞ƒ±A}≈Ÿƒ±-Ñù5Ö’……§ÅMµ•—†±}%8±•πç•ππÖ—§±Q±	ΩÕ—Ω∏ÅΩ±±ïùî±Q…’î∞»¿»ÿ¥¿‰¥¿’Pƒ‰ËÃ¡h∞–¿ƒ‡‘ÿ‹‹‹∞»‰∏‘∞‘ƒ∏‘∞¿∏¿∞±5=11}=9}Q5}IQL±	Ω—ïÖ¥Å…ΩÕ—ï»∞∞¿∏¿±›ïï¨ƒµÿƒ∏¿∞»¿»ÿ¥¿‡¥Ã¡PƒÿËƒ‘Ë¿¿¨¿¿Ë¿¿∞¿∏¿∞¿∏¿∞¿∏¿∞¿∏¿∞¿∏¿∞¿∏¿∞¿∏¿∞¿∏¿∞¿∏¿∞¿∏¿∞¿∏¿∞¿∏¿∞–¿–∞ƒ‰‹‘∞±ôÖ±Õî±—ïÖµ}…ïçΩπç•±•Ö—•Ωπ}Öπë}ç’……ïπ—}›ïï≠±Â}…Ω±î(»¿»ÿ∞ƒ±A|≈‰ƒ‰‰ƒ‘±-ÖëîÅ5ç%π—Â…î±}=T±=≠±Ö°ΩµÑ±Q±UQ@±Q…’î∞»¿»ÿ¥¿‰¥¿’P¿¿Ë¿¡h∞–¿ƒ‡‘ÿÿÿ–∞–ÿ∏¿∞‘¿∏‘∞¿∏¿∞±5=11}=9}Q5}IQL±	Ω—ïÖ¥Å…ΩÕ—ï»∞∞¿∏¿±›ïï¨ƒµÿƒ∏¿∞»¿»ÿ¥¿‡¥Ã¡PƒÿËƒ‘Ë¿¿¨¿¿Ë¿¿∞¿∏¿∞¿∏¿∞¿∏¿∞¿∏¿∞¿∏¿∞¿∏¿∞¿∏¿∞¿∏¿∞¿∏¿∞¿∏¿∞¿∏¿∞¿∏¿∞–¿‘∞ƒ‰‹ÿ∞±ôÖ±Õî±—ïÖµ}…ïçΩπç•±•Ö—•Ωπ}Öπë}ç’……ïπ—}›ïï≠±Â}…Ω±î(»¿»ÿ∞ƒ±A}Õ»Ã‰–±-ÖëîÅM—ï›Ö…–±}Q5T±Qï·ÖÃÅô4±]H±5•ÕÕΩ’…§ÅM—Ö—î±Q…’î∞»¿»ÿ¥¿‰¥¿’P»ÃË¿¡h∞–¿ƒ‡‘ÿÿÿ‡∞–‹∏‘∞‘Ã∏‘∞¿∏¿∞±5=11}=9}Q5}IQL±	Ω—ïÖ¥Å…ΩÕ—ï»∞∞¿∏¿±›ïï¨ƒµÿƒ∏¿∞»¿»ÿ¥¿‡¥Ã¡PƒÿËƒ‘Ë¿¿¨¿¿Ë¿¿∞¿∏¿∞¿∏¿∞¿∏¿∞¿∏¿∞¿∏¿∞¿∏¿∞¿∏¿∞¿∏¿∞¿∏¿∞¿∏¿∞¿∏¿∞¿∏¿∞‹‹ƒ∞ƒ‰‹‹∞±ôÖ±Õî±—ïÖµ}…ïçΩπç•±•Ö—•Ωπ}Öπë}ç’……ïπ—}›ïï≠±Â}…Ω±î(»¿»ÿ∞ƒ±A|›Ã≈¿’±-Ö°±ï•∞Å)Öç≠ÕΩ∏±}1±±Ω…•ëÑ±]H±±Ω…•ëÑÅ—±Öπ—•å±Q…’î∞»¿»ÿ¥¿‰¥¿’P»ÃË–’h∞–¿ƒ‡‘ÿÿÃ‹∞–Ã∏‘∞‘‰∏‘∞¿∏¿∞±5=11}=9}Q5}IQL±	Ω—ïÖ¥Å…ΩÕ—ï»∞∞¿∏¿±›ïï¨ƒµÿƒ∏¿∞»¿»ÿ¥¿‡¥Ã¡PƒÿËƒ‘Ë¿¿¨¿¿Ë¿¿∞¿∏¿∞¿∏¿∞¿∏¿∞¿∏¿∞¿∏¿∞¿∏¿∞¿∏¿∞¿∏¿∞¿∏¿∞¿∏¿∞¿∏¿∞¿∏¿∞‹‹»∞ƒ‰‹‡∞±ôÖ±Õî±—ïÖµ}…ïçΩπç•±•Ö—•Ωπ}Öπë}ç’……ïπ—}›ïï≠±Â}…Ω±î(»¿»ÿ∞ƒ±A|‹·…›Ã±-Ö§ÅAΩ›ï±∞±}QQT±Qï·ÖÃÅQïç†±]H±â•±ïπîÅ°…•Õ—•Ö∏±Q…’î∞»¿»ÿ¥¿‰¥¿’P»ÃË¿¡h∞–¿ƒ‡‘ÿ‹‹¿∞‘ƒ∏¿∞‘‰∏‘∞¿∏¿∞±5=11}=9}Q5}IQL±	Ω—ïÖ¥Å…ΩÕ—ï»∞∞¿∏¿±›ïï¨ƒµÿƒ∏¿∞»¿»ÿ¥¿‡¥Ã¡PƒÿËƒ‘Ë¿¿¨¿¿Ë¿¿∞¿∏¿∞¿∏¿∞¿∏¿∞¿∏¿∞¿∏¿∞¿∏¿∞¿∏¿∞¿∏¿∞¿∏¿∞¿∏¿∞¿∏¿∞¿∏¿∞‹‹Ã∞ƒ‰‹‰∞±ôÖ±Õî±—ïÖµ}…ïçΩπç•±•Ö—•Ωπ}Öπë}ç’……ïπ—}›ïï≠±Â}…Ω±î(»¿»ÿ∞ƒ±A}	‹Ÿ±-Ö§Å]ïÕ±ï‰±}	d±	ÖÂ±Ω»±Q±’â’…∏±Ö±Õî∞»¿»ÿ¥¿‰¥¿’Pƒ‰ËÃ¡h∞–¿ƒ‡‘ÿÿÃÿ∞»‘∏‹‘∞‘‡∏‘∞¿∏¿∞±5=11}=9}Q5}IQL±	Ω—ïÖ¥Å…ΩÕ—ï»∞∞¿∏¿±›ïï¨ƒµÿƒ∏¿∞»¿»ÿ¥¿‡¥Ã¡PƒÿËƒ‘Ë¿¿¨¿¿Ë¿¿∞¿∏¿∞¿∏¿∞¿∏¿∞¿∏¿∞¿∏¿∞¿∏¿∞¿∏¿∞¿∏¿∞¿∏¿∞¿∏¿∞¿∏¿∞¿∏¿∞–¿ÿ∞ƒ‰‡¿∞±ôÖ±Õî±—ïÖµ}…ïçΩπç•±•Ö—•Ωπ}Öπë}ç’……ïπ—}›ïï≠±Â}…Ω±î(»¿»ÿ∞ƒ±A|»‡Ÿ’»±-Ö±ïàÅ)Ω°πÕΩ∏±}9±9Ω—…îÅÖµî±Q±]•ÕçΩπÕ•∏±Q…’î∞»¿»ÿ¥¿‰¥¿ŸP»ÃËÃ¡h∞–¿ƒ‡‘‡–Ã‡∞Ã–∏¿∞–‹∏‘∞¿∏¿∞±5=11}=9}Q5}IQL±	Ω—ïÖ¥Å…ΩÕ—ï»∞∞¿∏¿±›ïï¨ƒµÿƒ∏¿∞»¿»ÿ¥¿‡¥Ã¡PƒÿËƒ‘Ë¿¿¨¿¿Ë¿¿∞¿∏¿∞¿∏¿∞¿∏¿∞¿∏¿∞¿∏¿∞¿∏¿∞¿∏¿∞¿∏¿∞¿∏¿∞¿∏¿∞¿∏¿∞¿∏¿∞–¿‹∞ƒ‰‡ƒ∞±ôÖ±Õî±—ïÖµ}…ïçΩπç•±•Ö—•Ωπ}Öπë}ç’……ïπ—}›ïï≠±Â}…Ω±î(»¿»ÿ∞ƒ±A|›	ÿ‰‹»‹±-Ö±ïàÅMç°±ïç°–±}5% ±5•ç°•ùÖ∏±]H±]ïÕ—ï…∏Å5•ç°•ùÖ∏±Q…’î∞»¿»ÿ¥¿‰¥¿’P»ÃËÃ¡h∞–¿ƒ‡‘‡–»‡∞Ã‡∏¿∞–‡∏‘∞¿∏¿∞±5=11}=9}Q5}IQL±	Ω—ïÖ¥Å…ΩÕ—ï»∞∞¿∏¿±›ïï¨ƒµÿƒ∏¿∞»¿»ÿ¥¿‡¥Ã¡PƒÿËƒ‘Ë¿¿¨¿¿Ë¿¿∞¿∏¿∞¿∏¿∞¿∏¿∞¿∏¿∞¿∏¿∞¿∏¿∞¿∏¿∞¿∏¿∞¿∏¿∞¿∏¿∞¿∏¿∞¿∏¿∞‹‹–∞ƒ‰‡»∞±ôÖ±Õî±—ïÖµ}…ïçΩπç•±•Ö—•Ωπ}Öπë}ç’……ïπ—}›ïï≠±Â}…Ω±î(»¿»ÿ∞ƒ±A|ÂÃ‡–—–±-Ö±ïàÅQ°ΩµÖÃ±}!=T±!Ω’Õ—Ω∏±Q±=…ïùΩ∏ÅM—Ö—î±Q…’î∞»¿»ÿ¥¿‰¥¿’PƒÿË¿¡h∞–¿ƒ‡‘ÿ‹‹‡∞Ãÿ∏¿∞‘ƒ∏‘∞¿∏¿∞±5=11}=9}Q5}IQL±	Ω—ïÖ¥Å…ΩÕ—ï»∞∞¿∏¿±›ïï¨ƒµÿƒ∏¿∞»¿»ÿ¥¿‡¥Ã¡PƒÿËƒ‘Ë¿¿¨¿¿Ë¿¿∞¿∏¿∞¿∏¿∞¿∏¿∞¿∏¿∞¿∏¿∞¿∏¿∞¿∏¿∞¿∏¿∞¿∏¿∞¿∏¿∞¿∏¿∞¿∏¿∞–¿‡∞ƒ‰‡Ã∞±ôÖ±Õî±—ïÖµ}…ïçΩπç•±•Ö—•Ωπ}Öπë}ç’……ïπ—}›ïï≠±Â}…Ω±î(»¿»ÿ∞ƒ±A|»‘Ã·ÿ±-ÖπÑù§Å1Ω¡ïÃ±}UQ ±U—Ö†±Q±%ëÖ°º±Q…’î∞»¿»ÿ¥¿‰¥¿—P¿ƒË¿¡h∞–¿ƒ‡‘ÿ‹ÿ‡∞–‘∏¿∞‘ÿ∏‘∞¿∏¿∞±5=11}=9}Q5}IQL±	Ω—ïÖ¥Å…ΩÕ—ï»∞∞¿∏¿±›ïï¨ƒµÿƒ∏¿∞»¿»ÿ¥¿‡¥Ã¡PƒÿËƒ‘Ë¿¿¨¿¿Ë¿¿∞¿∏¿∞¿∏¿∞¿∏¿∞¿∏¿∞¿∏¿∞¿∏¿∞¿∏¿∞¿∏¿∞¿∏¿∞¿∏¿∞¿∏¿∞¿∏¿∞–¿‰∞ƒ‰‡–∞±ôÖ±Õî±—ïÖµ}…ïçΩπç•±•Ö—•Ωπ}Öπë}ç’……ïπ—}›ïï≠±Â}…Ω±î(»¿»ÿ∞ƒ±A|ƒ…–Õ±-Ö…ÕΩ∏Å-Ö•Õï»±}%10±%±±•πΩ•Ã±]H±U±Q…’î∞»¿»ÿ¥¿‰¥¿—P¿ƒË¿¡h∞–¿ƒ‡‘‡–»–∞–»∏¿∞‘‘∏‘∞¿∏¿∞±5=11}=9}Q5}IQL±	Ω—ïÖ¥Å…ΩÕ—ï»∞∞¿∏¿±›ïï¨ƒµÿƒ∏¿∞»¿»ÿ¥¿‡¥Ã¡PƒÿËƒ‘Ë¿¿¨¿¿Ë¿¿∞¿∏¿∞¿∏¿∞¿∏¿∞¿∏¿∞¿∏¿∞¿∏¿∞¿∏¿∞¿∏¿∞¿∏¿∞¿∏¿∞¿∏¿∞¿∏¿∞‹‹‘∞ƒ‰‡‘∞±ôÖ±Õî±—ïÖµ}…ïçΩπç•±•Ö—•Ωπ}Öπë}ç’……ïπ—}›ïï≠±Â}…Ω±î(»¿»ÿ∞ƒ±A}–ƒ‡Ÿ»±-ïÖ—Ω∏ÅIï•π≠î±}9\±9Ω…—°›ïÕ—ï…∏±]H±MΩ’—†ÅÖ≠Ω—ÑÅM—Ö—î±Q…’î∞»¿»ÿ¥¿‰¥¿ŸP¿¿Ë¿¡h∞–¿ƒ‡‘‡–Ãƒ∞»‰∏‘∞–ÿ∏‘∞¿∏¿∞±5=11}=9}Q5}IQL±	Ω—ïÖ¥Å…ΩÕ—ï»∞∞¿∏¿±›ïï¨ƒµÿƒ∏¿∞»¿»ÿ¥¿‡¥Ã¡PƒÿËƒ‘Ë¿¿¨¿¿Ë¿¿∞¿∏¿∞¿∏¿∞¿∏¿∞¿∏¿∞¿∏¿∞¿∏¿∞¿∏¿∞¿∏¿∞¿∏¿∞¿∏¿∞¿∏¿∞¿∏¿∞‹‹ÿ∞ƒ‰‡ÿ∞±ôÖ±Õî±—ïÖµ}…ïçΩπç•±•Ö—•Ωπ}Öπë}ç’……ïπ—}›ïï≠±Â}…Ω±î(»¿»ÿ∞ƒ±A}‹›’	±-ïÖ—Ω∏ÅIΩÕ≠Ω¿±}%MT±%Ω›ÑÅM—Ö—î±Q±MΩ’—°ïÖÕ–Å5•ÕÕΩ’…§ÅM—Ö—î±Q…’î∞»¿»ÿ¥¿‰¥¿’Pƒ‹Ë¿¡h∞–¿ƒ‡‘ÿ‹‹‰∞–ƒ∏‘∞‘Ã∏‘∞¿∏¿∞±5=11}=9}Q5}IQL±	Ω—ïÖ¥Å…ΩÕ—ï»∞∞¿∏¿±›ïï¨ƒµÿƒ∏¿∞»¿»ÿ¥¿‡¥Ã¡PƒÿËƒ‘Ë¿¿¨¿¿Ë¿¿∞¿∏¿∞¿∏¿∞¿∏¿∞¿∏¿∞¿∏¿∞¿∏¿∞¿∏¿∞¿∏¿∞¿∏¿∞¿∏¿∞¿∏¿∞¿∏¿∞–ƒ¿∞ƒ‰‡‹∞±ôÖ±Õî±—ïÖµ}…ïçΩπç•±•Ö—•Ωπ}Öπë}ç’……ïπ—}›ïï≠±Â}…Ω±î(»¿»ÿ∞ƒ±A|Õ¡—‘±-ïë…•ç¨ÅQ…•¡±ï—–±}]YT±]ïÕ–ÅY•…ù•π•Ñ±]H±ΩÖÕ—Ö∞ÅÖ…Ω±•πÑ±Q…’î∞»¿»ÿ¥¿‰¥¿’PƒÿË¿¡h∞–¿ƒ‡‘ÿ‹‡¿∞Ã‰∏¿∞‘ÿ∏‘∞¿∏¿∞±5=11}=9}Q5}IQL±	Ω—ïÖ¥Å…ΩÕ—ï»∞∞¿∏¿±›ïï¨ƒµÿƒ∏¿∞»¿»ÿ¥¿‡¥Ã¡PƒÿËƒ‘Ë¿¿¨¿¿Ë¿¿∞¿∏¿∞¿∏¿∞¿∏¿∞¿∏¿∞¿∏¿∞¿∏¿∞¿∏¿∞¿∏¿∞¿∏¿∞¿∏¿∞¿∏¿∞¿∏¿∞‹‹‹∞ƒ‰‡‡∞±ôÖ±Õî±—ïÖµ}…ïçΩπç•±•Ö—•Ωπ}Öπë}ç’……ïπ—}›ïï≠±Â}…Ω±î(»¿»ÿ∞ƒ±A|»–‰‘Õ‘ÿ±-ï•∞Å5ç…•ôò±}14±±ïµÕΩ∏±]H±1MT±Ö±Õî∞»¿»ÿ¥¿‰¥¿’P»ÃËÃ¡h∞–¿ƒ‡‘ÿÿÿ¿∞»¿∏‘∞‘ƒ∏‘∞¿∏¿∞±5=11}=9}Q5}IQL±	Ω—ïÖ¥Å…ΩÕ—ï»∞∞¿∏¿±›ïï¨ƒµÿƒ∏¿∞»¿»ÿ¥¿‡¥Ã¡PƒÿËƒ‘Ë¿¿¨¿¿Ë¿¿∞¿∏¿∞¿∏¿∞¿∏¿∞¿∏¿∞¿∏¿∞¿∏¿∞¿∏¿∞¿∏¿∞¿∏¿∞¿∏¿∞¿∏¿∞¿∏¿∞‹‹‡∞ƒ‰‡‰∞±ôÖ±Õî±—ïÖµ}…ïçΩπç•±•Ö—•Ωπ}Öπë}ç’……ïπ—}›ïï≠±Â}…Ω±î(»¿»ÿ∞ƒ±A}Õ‹‡›	±-ï•—†Å)ΩπïÃÅ)»∏±}AMT±Aïπ∏ÅM—Ö—î±]H±5Ö…Õ°Ö±∞±Q…’î∞»¿»ÿ¥¿‰¥¿’Pƒ‰ËÃ¡h∞–¿ƒ‡‘‡–Ã–∞Ã‰∏‘∞‘–∏‘∞¿∏¿∞±5=11}=9}Q5}IQL±	Ω—ïÖ¥Å…ΩÕ—ï»∞∞¿∏¿±›ïï¨ƒµÿƒ∏¿∞»¿»ÿ¥¿‡¥Ã¡PƒÿËƒ‘Ë¿¿¨¿¿Ë¿¿∞¿∏¿∞¿∏¿∞¿∏¿∞¿∏¿∞¿∏¿∞¿∏¿∞¿∏¿∞¿∏¿∞¿∏¿∞¿∏¿∞¿∏¿∞¿∏¿∞‹‹‰∞ƒ‰‰¿∞±—…’î±—ïÖµ}…ïçΩπç•±•Ö—•Ωπ}Öπë}ç’……ïπ—}›ïï≠±Â}…Ω±î(»¿»ÿ∞ƒ±A}‹’	¡±-ï±±ï∏ÅÖŸ•Ã±}%8±•πç•ππÖ—§±Q±	ΩÕ—Ω∏ÅΩ±±ïùî±Q…’î∞»¿»ÿ¥¿‰¥¿’Pƒ‰ËÃ¡h∞–¿ƒ‡‘ÿ‹‹‹∞»‰∏‘∞‘ƒ∏‘∞¿∏¿∞±5=11}=9}Q5}IQL±	Ω—ïÖ¥Å…ΩÕ—ï»∞∞¿∏¿±›ïï¨ƒµÿƒ∏¿∞»¿»ÿ¥¿‡¥Ã¡PƒÿËƒ‘Ë¿¿¨¿¿Ë¿¿∞¿∏¿∞¿∏¿∞¿∏¿∞¿∏¿∞¿∏¿∞¿∏¿∞¿∏¿∞¿∏¿∞¿∏¿∞¿∏¿∞¿∏¿∞¿∏¿∞–ƒƒ∞ƒ‰‰ƒ∞±ôÖ±Õî±—ïÖµ}…ïçΩπç•±•Ö—•Ωπ}Öπë}ç’……ïπ—}›ïï≠±Â}…Ω±î(»¿»ÿ∞ƒ±A|ƒÂ	Ÿ±-ïπë…îÅ!Ö……•ÕΩ∏±}=I±=…ïùΩ∏±Q±	Ω•ÕîÅM—Ö—î±Q…’î∞»¿»ÿ¥¿‰¥¿’Pƒ‰ËÃ¡h∞–¿ƒ‡‘‡–ÃÃ∞Ã‡∏¿∞‘ƒ∏‘∞¿∏¿∞±5=11}=9}Q5}IQL±	Ω—ïÖ¥Å…ΩÕ—ï»∞∞¿∏¿±›ïï¨ƒµÿƒ∏¿∞»¿»ÿ¥¿‡¥Ã¡PƒÿËƒ‘Ë¿¿¨¿¿Ë¿¿∞¿∏¿∞¿∏¿∞¿∏¿∞¿∏¿∞¿∏¿∞¿∏¿∞¿∏¿∞¿∏¿∞¿∏¿∞¿∏¿∞¿∏¿∞¿∏¿∞–ƒ»∞ƒ‰‰»∞±—…’î±—ïÖµ}…ïçΩπç•±•Ö—•Ωπ}Öπë}ç’……ïπ—}›ïï≠±Â}…Ω±î(»¿»ÿ∞ƒ±A}‰≈¿¿‡±-ïπ…•åÅ1Öπ•ï»Å%$±}5%h±5•ÕÕΩ’…§±]H±…≠ÖπÕÖÃµA•πîÅ	±’ôò±Q…’î∞»¿»ÿ¥¿‰¥¿—P¿¿Ë¿¡h∞–¿ƒ‡‘ÿÿÿÃ∞‘‹∏‘∞ÿ¿∏‘∞¿∏¿∞±5=11}=9}Q5}IQL±	Ω—ïÖ¥Å…ΩÕ—ï»∞∞¿∏¿±›ïï¨ƒµÿƒ∏¿∞»¿»ÿ¥¿‡¥Ã¡PƒÿËƒ‘Ë¿¿¨¿¿Ë¿¿∞¿∏¿∞¿∏¿∞¿∏¿∞¿∏¿∞¿∏¿∞¿∏¿∞¿∏¿∞¿∏¿∞¿∏¿∞¿∏¿∞¿∏¿∞¿∏¿∞‹‡¿∞ƒ‰‰Ã∞±ôÖ±Õî±—ïÖµ}…ïçΩπç•±•Ö—•Ωπ}Öπë}ç’……ïπ—}›ïï≠±Â}…Ω±î(»¿»ÿ∞ƒ±A}Ÿ‘Ÿ±-ïΩ∏Å!’—ç°•πÃ±}]YT±]ïÕ–ÅY•…ù•π•Ñ±]H±ΩÖÕ—Ö∞ÅÖ…Ω±•πÑ±Q…’î∞»¿»ÿ¥¿‰¥¿’PƒÿË¿¡h∞–¿ƒ‡‘ÿ‹‡¿∞Ã‰∏¿∞‘ÿ∏‘∞¿∏¿∞±5=11}=9}Q5}IQL±	Ω—ïÖ¥Å…ΩÕ—ï»∞∞¿∏¿±›ïï¨ƒµÿƒ∏¿∞»¿»ÿ¥¿‡¥Ã¡PƒÿËƒ‘Ë¿¿¨¿¿Ë¿¿∞¿∏¿∞¿∏¿∞¿∏¿∞¿∏¿∞¿∏¿∞¿∏¿∞¿∏¿∞¿∏¿∞¿∏¿∞¿∏¿∞¿∏¿∞¿∏¿∞‹‡ƒ∞ƒ‰‰–∞±ôÖ±Õî±—ïÖµ}…ïçΩπç•±•Ö—•Ωπ}Öπë}ç’……ïπ—}›ïï≠±Â}…Ω±î(»¿»ÿ∞ƒ±A|‡‡¡»ÿŸ±-ïÕ°Ö’∏ÅM•πù±ï—Ω∏±}U±’â’…∏±]H±	ÖÂ±Ω»±Q…’î∞»¿»ÿ¥¿‰¥¿’Pƒ‰ËÃ¡h∞–¿ƒ‡‘ÿÿÃÿ∞Ã»∏‹‘∞‘‡∏‘∞¿∏¿∞±5=11}=9}Q5}IQL±	Ω—ïÖ¥Å…ΩÕ—ï»∞∞¿∏¿±›ïï¨ƒµÿƒ∏¿∞»¿»ÿ¥¿‡¥Ã¡PƒÿËƒ‘Ë¿¿¨¿¿Ë¿¿∞¿∏¿∞¿∏¿∞¿∏¿∞¿∏¿∞¿∏¿∞¿∏¿∞¿∏¿∞¿∏¿∞¿∏¿∞¿∏¿∞¿∏¿∞¿∏¿∞‹‡»∞ƒ‰‰‘∞±—…’î±—ïÖµ}…ïçΩπç•±•Ö—•Ωπ}Öπë}ç’……ïπ—}›ïï≠±Â}…Ω±î(»¿»ÿ∞ƒ±A}‘ŸÂ±-ïÂ±ï∏ÅëÖµÃ±}YP±Y•…ù•π•ÑÅQïç†±]H±Y5$±Q…’î∞»¿»ÿ¥¿‰¥¿’P»ÃËÃ¡h∞–¿ƒ‡‘‡»ƒƒ∞‘–∏‘∞‘‹∏‘∞¿∏¿∞±5=11}=9}Q5}IQL±	Ω—ïÖ¥Å…ΩÕ—ï»∞∞¿∏¿±›ïï¨ƒµÿƒ∏¿∞»¿»ÿ¥¿‡¥Ã¡PƒÿËƒ‘Ë¿¿¨¿¿Ë¿¿∞¿∏¿∞¿∏¿∞¿∏¿∞¿∏¿∞¿∏¿∞¿∏¿∞¿∏¿∞¿∏¿∞¿∏¿∞¿∏¿∞¿∏¿∞¿∏¿∞‹‡Ã∞ƒ‰‰ÿ∞±ôÖ±Õî±—ïÖµ}…ïçΩπç•±•Ö—•Ωπ}Öπë}ç’……ïπ—}›ïï≠±Â}…Ω±î(»¿»ÿ∞ƒ±A}¿›–‡±-•±ÑÅ-ïΩπî±}	eT±	eT±]H±U—Ö†ÅQïç†±Q…’î∞»¿»ÿ¥¿‰¥¿ŸP¿¿Ë¿¡h∞–¿ƒ‡‘ÿ‹‹‘∞‘»∏‘∞‘–∏‘∞¿∏¿∞±5=11}=9}Q5}IQL±	Ω—ïÖ¥Å…ΩÕ—ï»∞∞¿∏¿±›ïï¨ƒµÿƒ∏¿∞»¿»ÿ¥¿‡¥Ã¡PƒÿËƒ‘Ë¿¿¨¿¿Ë¿¿∞¿∏¿∞¿∏¿∞¿∏¿∞¿∏¿∞¿∏¿∞¿∏¿∞¿∏¿∞¿∏¿∞¿∏¿∞¿∏¿∞¿∏¿∞¿∏¿∞‹‡–∞ƒ‰‰‹∞±ôÖ±Õî±—ïÖµ}…ïçΩπç•±•Ö—•Ωπ}Öπë}ç’……ïπ—}›ïï≠±Â}…Ω±î(»¿»ÿ∞ƒ±A}‡‘—Ÿ±-Ω±â‰Å1’πÑ±}5%±5•Öµ§±]H±M—ÖπôΩ…ê±Ö±Õî∞»¿»ÿ¥¿‰¥¿’P¿ƒË¿¡h∞–¿ƒ‡‘‡»¿ÿ∞Ãÿ∏¿∞–‹∏‘∞¿∏¿∞±5=11}=9}Q5}IQL±	Ω—ïÖ¥Å…ΩÕ—ï»∞∞¿∏¿±›ïï¨ƒµÿƒ∏¿∞»¿»ÿ¥¿‡¥Ã¡PƒÿËƒ‘Ë¿¿¨¿¿Ë¿¿∞¿∏¿∞¿∏¿∞¿∏¿∞¿∏¿∞¿∏¿∞¿∏¿∞¿∏¿∞¿∏¿∞¿∏¿∞¿∏¿∞¿∏¿∞¿∏¿∞‹‡‘∞ƒ‰‰‡∞±ôÖ±Õî±—ïÖµ}…ïçΩπç•±•Ö—•Ωπ}Öπë}ç’……ïπ—}›ïï≠±Â}…Ω±î(»¿»ÿ∞ƒ±A}‘‘ÿÕ¡±-Ω…‰ÅAï——•ù…ï‹±}U±’â’…∏±]H±	ÖÂ±Ω»±Q…’î∞»¿»ÿ¥¿‰¥¿’Pƒ‰ËÃ¡h∞–¿ƒ‡‘ÿÿÃÿ∞Ã»∏‹‘∞‘‡∏‘∞¿∏¿∞±5=11}=9}Q5}IQL±	Ω—ïÖ¥Å…ΩÕ—ï»∞∞¿∏¿±›ïï¨ƒµÿƒ∏¿∞»¿»ÿ¥¿‡¥Ã¡PƒÿËƒ‘Ë¿¿¨¿¿Ë¿¿∞¿∏¿∞¿∏¿∞¿∏¿∞¿∏¿∞¿∏¿∞¿∏¿∞¿∏¿∞¿∏¿∞¿∏¿∞¿∏¿∞¿∏¿∞¿∏¿∞‹‡ÿ∞ƒ‰‰‰∞±ôÖ±Õî±—ïÖµ}…ïçΩπç•±•Ö—•Ωπ}Öπë}ç’……ïπ—}›ïï≠±Â}…Ω±î(»¿»ÿ∞ƒ±A}ÿ¿‹»ÃÂ±-…•Õ—•Ö∏Å%πùµÖ∏±}MT±…•ÈΩπÑÅM—Ö—î±Q±5Ω…ùÖ∏ÅM—Ö—î±Q…’î∞»¿»ÿ¥¿‰¥¿ŸP¿»Ë¿¡h∞–¿ƒ‡‘ÿ‹‹–∞–‹∏¿∞‘»∏‘∞¿∏¿∞±5=11}=9}Q5}IQL±	Ω—ïÖ¥Å…ΩÕ—ï»∞∞¿∏¿±›ïï¨ƒµÿƒ∏¿∞»¿»ÿ¥¿‡¥Ã¡PƒÿËƒ‘Ë¿¿¨¿¿Ë¿¿∞¿∏¿∞¿∏¿∞¿∏¿∞¿∏¿∞¿∏¿∞¿∏¿∞¿∏¿∞¿∏¿∞¿∏¿∞¿∏¿∞¿∏¿∞¿∏¿∞–ƒÃ∞»¿¿¿∞±ôÖ±Õî±—ïÖµ}…ïçΩπç•±•Ö—•Ωπ}Öπë}ç’……ïπ—}›ïï≠±Â}…Ω±î(»¿»ÿ∞ƒ±A}‹≈Ã±-Â±îÅAÖ…≠ï»±}=MT±=°•ºÅM—Ö—î±]H±	Ö±∞ÅM—Ö—î±Q…’î∞»¿»ÿ¥¿‰¥¿’PƒÿËÃ¡h∞–¿ƒ‡‘‡–Ã»∞‘Ã∏‘∞‘ÿ∏‘∞¿∏¿∞±5=11}=9}Q5}IQL±	Ω—ïÖ¥Å…ΩÕ—ï»∞∞¿∏¿±›ïï¨ƒµÿƒ∏¿∞»¿»ÿ¥¿‡¥Ã¡PƒÿËƒ‘Ë¿¿¨¿¿Ë¿¿∞¿∏¿∞¿∏¿∞¿∏¿∞¿∏¿∞¿∏¿∞¿∏¿∞¿∏¿∞¿∏¿∞¿∏¿∞¿∏¿∞¿∏¿∞¿∏¿∞‹‡‹∞»¿¿ƒ∞±ôÖ±Õî±—ïÖµ}…ïçΩπç•±•Ö—•Ωπ}Öπë}ç’……ïπ—}›ïï≠±Â}…Ω±î(»¿»ÿ∞ƒ±A}‰–Ã—ƒƒ±0π(∏Å	ΩΩ≠ï»±}YP±Y•…ù•π•ÑÅQïç†±]H±Y5$±Q…’î∞»¿»ÿ¥¿‰¥¿’P»ÃËÃ¡h∞–¿ƒ‡‘‡»ƒƒ∞‘–∏‘∞‘‹∏‘∞¿∏¿∞±5=11}=9}Q5}IQL±	Ω—ïÖ¥Å…ΩÕ—ï»∞∞¿∏¿±›ïï¨ƒµÿƒ∏¿∞»¿»ÿ¥¿‡¥Ã¡PƒÿËƒ‘Ë¿¿¨¿¿Ë¿¿∞¿∏¿∞¿∏¿∞¿∏¿∞¿∏¿∞¿∏¿∞¿∏¿∞¿∏¿∞¿∏¿∞¿∏¿∞¿∏¿∞¿∏¿∞¿∏¿∞‹‡‡∞»¿¿»∞±ôÖ±Õî±—ïÖµ}…ïçΩπç•±•Ö—•Ωπ}Öπë}ç’……ïπ—}›ïï≠±Â}…Ω±î(»¿»ÿ∞ƒ±A|ÂÃ‹ƒŸ±1Öç°±Ö∏ÅQï•ÕÕ•ï»±}I%h±…•ÈΩπÑ±Q±9Ω…—°ï…∏Å…•ÈΩπÑ±Q…’î∞»¿»ÿ¥¿‰¥¿ŸP¿ƒËÃ¡h∞–¿ƒ‡‘ÿ‹‹Ã∞––∏¿∞‘ÿ∏‘∞¿∏¿∞±5=11}=9}Q5}IQL±	Ω—ïÖ¥Å…ΩÕ—ï»∞∞¿∏¿±›ïï¨ƒµÿƒ∏¿∞»¿»ÿ¥¿‡¥Ã¡PƒÿËƒ‘Ë¿¿¨¿¿Ë¿¿∞¿∏¿∞¿∏¿∞¿∏¿∞¿∏¿∞¿∏¿∞¿∏¿∞¿∏¿∞¿∏¿∞¿∏¿∞¿∏¿∞¿∏¿∞¿∏¿∞–ƒ–∞»¿¿Ã∞±ôÖ±Õî±—ïÖµ}…ïçΩπç•±•Ö—•Ωπ}Öπë}ç’……ïπ—}›ïï≠±Â}…Ω±î(»¿»ÿ∞ƒ±A}‹…¡–‰±1ÖπçîÅ	ïïù°±ï‰±}%=]±%Ω›Ñ±]H±9Ω…—°ï…∏Å%±±•πΩ•Ã±Q…’î∞»¿»ÿ¥¿‰¥¿’P»¿Ëƒ’h∞–¿ƒ‡‘‡–»ÿ∞Ã‡∏‘∞–‘∏‘∞¿∏¿∞±5=11}=9}Q5}IQL±	Ω—ïÖ¥Å…ΩÕ—ï»∞∞¿∏¿±›ïï¨ƒµÿƒ∏¿∞»¿»ÿ¥¿‡¥Ã¡PƒÿËƒ‘Ë¿¿¨¿¿Ë¿¿∞¿∏¿∞¿∏¿∞¿∏¿∞¿∏¿∞¿∏¿∞¿∏¿∞¿∏¿∞¿∏¿∞¿∏¿∞¿∏¿∞¿∏¿∞¿∏¿∞‹‡‰∞»¿¿–∞±ôÖ±Õî±—ïÖµ}…ïçΩπç•±•Ö—•Ωπ}Öπë}ç’……ïπ—}›ïï≠±Â}…Ω±î(»¿»ÿ∞ƒ±A}‘‹‡Â‘ƒ±1ÖπëΩ∏Å…Ö•ú±}1MT±1MT±Q±±ïµÕΩ∏±Q…’î∞»¿»ÿ¥¿‰¥¿’P»ÃËÃ¡h∞–¿ƒ‡‘ÿÿÿ¿∞Ãƒ∏¿∞‘ƒ∏‘∞¿∏¿∞±5=11}=9}Q5}IQL±	Ω—ïÖ¥Å…ΩÕ—ï»∞∞¿∏¿±›ïï¨ƒµÿƒ∏¿∞»¿»ÿ¥¿‡¥Ã¡PƒÿËƒ‘Ë¿¿¨¿¿Ë¿¿∞¿∏¿∞¿∏¿∞¿∏¿∞¿∏¿∞¿∏¿∞¿∏¿∞¿∏¿∞¿∏¿∞¿∏¿∞¿∏¿∞¿∏¿∞¿∏¿∞–ƒ‘∞»¿¿‘∞±ôÖ±Õî±—ïÖµ}…ïçΩπç•±•Ö—•Ωπ}Öπë}ç’……ïπ—}›ïï≠±Â}…Ω±î(»¿»ÿ∞ƒ±A}»»–¿ÿ…±1ÖπëΩ∏Å5Ω……•Ã±}]-±]Ö≠îÅΩ…ïÕ–±Q±≠…Ω∏±Q…’î∞»¿»ÿ¥¿‰¥¿ÕP»ÃË¿¡h∞–¿ƒ‡‘‡»¿–∞Ãÿ∏‘∞–‡∏‘∞¿∏¿∞±5=11}=9}Q5}IQL±	Ω—ïÖ¥Å…ΩÕ—ï»∞∞¿∏¿±›ïï¨ƒµÿƒ∏¿∞»¿»ÿ¥¿‡¥Ã¡PƒÿËƒ‘Ë¿¿¨¿¿Ë¿¿∞¿∏¿∞¿∏¿∞¿∏¿∞¿∏¿∞¿∏¿∞¿∏¿∞¿∏¿∞¿∏¿∞¿∏¿∞¿∏¿∞¿∏¿∞¿∏¿∞–ƒÿ∞»¿¿ÿ∞±ôÖ±Õî±—ïÖµ}…ïçΩπç•±•Ö—•Ωπ}Öπë}ç’……ïπ—}›ïï≠±Â}…Ω±î(»¿»ÿ∞ƒ±A|›‡Ÿ‰±1ÖπëΩ∏Å]…•ù°–±}	±	ΩÕ—Ω∏ÅΩ±±ïùî±]H±•πç•ππÖ—§±Ö±Õî∞»¿»ÿ¥¿‰¥¿’Pƒ‰ËÃ¡h∞–¿ƒ‡‘ÿ‹‹‹∞»»∏¿∞‘ƒ∏‘∞¿∏¿∞±5=11}=9}Q5}IQL±	Ω—ïÖ¥Å…ΩÕ—ï»∞∞¿∏¿±›ïï¨ƒµÿƒ∏¿∞»¿»ÿ¥¿‡¥Ã¡PƒÿËƒ‘Ë¿¿¨¿¿Ë¿¿∞¿∏¿∞¿∏¿∞¿∏¿∞¿∏¿∞¿∏¿∞¿∏¿∞¿∏¿∞¿∏¿∞¿∏¿∞¿∏¿∞¿∏¿∞¿∏¿∞‹‰¿∞»¿¿‹∞±ôÖ±Õî±—ïÖµ}…ïçΩπç•±•Ö—•Ωπ}Öπë}ç’……ïπ—}›ïï≠±Â}…Ω±î(»¿»ÿ∞ƒ±A}ƒÿ›Õ±1ÖπîÅΩ¡î±}Q98±QïππïÕÕïî±]H±’…µÖ∏±Q…’î∞»¿»ÿ¥¿‰¥¿’Pƒ‰ËÃ¡h∞–¿ƒ‡‘ÿÿÿÿ∞‘ÿ∏‘∞ÿÿ∏‘∞¿∏¿∞±5=11}=9}Q5}IQL±	Ω—ïÖ¥Å…ΩÕ—ï»∞∞¿∏¿±›ïï¨ƒµÿƒ∏¿∞»¿»ÿ¥¿‡¥Ã¡PƒÿËƒ‘Ë¿¿¨¿¿Ë¿¿∞¿∏¿∞¿∏¿∞¿∏¿∞¿∏¿∞¿∏¿∞¿∏¿∞¿∏¿∞¿∏¿∞¿∏¿∞¿∏¿∞¿∏¿∞¿∏¿∞‹‰ƒ∞»¿¿‡∞±ôÖ±Õî±—ïÖµ}…ïçΩπç•±•Ö—•Ωπ}Öπë}ç’……ïπ—}›ïï≠±Â}…Ω±î(»¿»ÿ∞ƒ±A}–‡Â¿Õ±1ÖπùëΩ∏Å9Ω…ëùÖÖ…ê±}]%M±]•ÕçΩπÕ•∏±]H±9Ω—…îÅÖµî±Ö±Õî∞»¿»ÿ¥¿‰¥¿ŸP»ÃËÃ¡h∞–¿ƒ‡‘‡–Ã‡∞ƒÃ∏‘∞–‹∏‘∞¿∏¿∞±5=11}=9}Q5}IQL±	Ω—ïÖ¥Å…ΩÕ—ï»∞∞¿∏¿±›ïï¨ƒµÿƒ∏¿∞»¿»ÿ¥¿‡¥Ã¡PƒÿËƒ‘Ë¿¿¨¿¿Ë¿¿∞¿∏¿∞¿∏¿∞¿∏¿∞¿∏¿∞¿∏¿∞¿∏¿∞¿∏¿∞¿∏¿∞¿∏¿∞¿∏¿∞¿∏¿∞¿∏¿∞‹‰»∞»¿¿‰∞±ôÖ±Õî±—ïÖµ}…ïçΩπç•±•Ö—•Ωπ}Öπë}ç’……ïπ—}›ïï≠±Â}…Ω±î(»¿»ÿ∞ƒ±A|›‘‡·ÿ±1Ö…ïπÈºÅïππï»±}%8±•πç•ππÖ—§±]H±	ΩÕ—Ω∏ÅΩ±±ïùî±Q…’î∞»¿»ÿ¥¿‰¥¿’Pƒ‰ËÃ¡h∞–¿ƒ‡‘ÿ‹‹‹∞»‰∏‘∞‘ƒ∏‘∞¿∏¿∞±5=11}=9}Q5}IQL±	Ω—ïÖ¥Å…ΩÕ—ï»∞∞¿∏¿±›ïï¨ƒµÿƒ∏¿∞»¿»ÿ¥¿‡¥Ã¡PƒÿËƒ‘Ë¿¿¨¿¿Ë¿¿∞¿∏¿∞¿∏¿∞¿∏¿∞¿∏¿∞¿∏¿∞¿∏¿∞¿∏¿∞¿∏¿∞¿∏¿∞¿∏¿∞¿∏¿∞¿∏¿∞‹‰Ã∞»¿ƒ¿∞±—…’î±—ïÖµ}…ïçΩπç•±•Ö—•Ωπ}Öπë}ç’……ïπ—}›ïï≠±Â}…Ω±î(»¿»ÿ∞ƒ±A|¡…	‰¡±1Ö›ÕΩ∏Å5çù…Ö‹±}-MT±-ÖπÕÖÃÅM—Ö—î±Q±9•ç°Ω±±Ã±Q…’î∞»¿»ÿ¥¿‰¥¿’P»ÃË¿¡h∞–¿ƒ‡‘ÿ‹‹ƒ∞–‡∏¿∞‘‘∏‘∞¿∏¿∞±5=11}=9}Q5}IQL±	Ω—ïÖ¥Å…ΩÕ—ï»∞∞¿∏¿±›ïï¨ƒµÿƒ∏¿∞»¿»ÿ¥¿‡¥Ã¡PƒÿËƒ‘Ë¿¿¨¿¿Ë¿¿∞¿∏¿∞¿∏¿∞¿∏¿∞¿∏¿∞¿∏¿∞¿∏¿∞¿∏¿∞¿∏¿∞¿∏¿∞¿∏¿∞¿∏¿∞¿∏¿∞–ƒ‹∞»¿ƒƒ∞±ôÖ±Õî±—ïÖµ}…ïçΩπç•±•Ö—•Ωπ}Öπë}ç’……ïπ—}›ïï≠±Â}…Ω±î(»¿»ÿ∞ƒ±A}–‡‰‘’	±1ïâ…Ω∏Å!•±∞±}Y8±YÖπëï…â•±–±]H±’Õ—•∏ÅAïÖ‰±Q…’î∞»¿»ÿ¥¿‰¥¿’P»ÃË¿¡h∞–¿ƒ‡‘ÿÿÿ‰∞–ÿ∏¿∞ÿƒ∏‘∞¿∏¿∞±5=11}=9}Q5}IQL±	Ω—ïÖ¥Å…ΩÕ—ï»∞∞¿∏¿±›ïï¨ƒµÿƒ∏¿∞»¿»ÿ¥¿‡¥Ã¡PƒÿËƒ‘Ë¿¿¨¿¿Ë¿¿∞¿∏¿∞¿∏¿∞¿∏¿∞¿∏¿∞¿∏¿∞¿∏¿∞¿∏¿∞¿∏¿∞¿∏¿∞¿∏¿∞¿∏¿∞¿∏¿∞‹‰–∞»¿ƒ»∞±ôÖ±Õî±—ïÖµ}…ïçΩπç•±•Ö—•Ωπ}Öπë}ç’……ïπ—}›ïï≠±Â}…Ω±î(»¿»ÿ∞ƒ±A}‡ÃÃ·Ã±1ïùïπêÅ±ÖÕ≠ï»±}	eT±	eT±]H±U—Ö†ÅQïç†±Q…’î∞»¿»ÿ¥¿‰¥¿ŸP¿¿Ë¿¡h∞–¿ƒ‡‘ÿ‹‹‘∞‘»∏‘∞‘–∏‘∞¿∏¿∞±5=11}=9}Q5}IQL±	Ω—ïÖ¥Å…ΩÕ—ï»∞∞¿∏¿±›ïï¨ƒµÿƒ∏¿∞»¿»ÿ¥¿‡¥Ã¡PƒÿËƒ‘Ë¿¿¨¿¿Ë¿¿∞¿∏¿∞¿∏¿∞¿∏¿∞¿∏¿∞¿∏¿∞¿∏¿∞¿∏¿∞¿∏¿∞¿∏¿∞¿∏¿∞¿∏¿∞¿∏¿∞‹‰‘∞»¿ƒÃ∞±ôÖ±Õî±—ïÖµ}…ïçΩπç•±•Ö—•Ωπ}Öπë}ç’……ïπ—}›ïï≠±Â}…Ω±î(»¿»ÿ∞ƒ±A|‡ÿ¿–‡›–±1ï±ÖπêÅMµ•—†±}U1±U1±]H±Ö±•ôΩ…π•Ñ±Ö±Õî∞»¿»ÿ¥¿‰¥¿ŸP¿»ËÃ¡h∞–¿ƒ‡‘‡»ƒ¿∞»‹∏‘∞‘Ã∏‘∞¿∏¿∞±5=11}=9}Q5}IQL±	Ω—ïÖ¥Å…ΩÕ—ï»∞∞¿∏¿±›ïï¨ƒµÿƒ∏¿∞»¿»ÿ¥¿‡¥Ã¡PƒÿËƒ‘Ë¿¿¨¿¿Ë¿¿∞¿∏¿∞¿∏¿∞¿∏¿∞¿∏¿∞¿∏¿∞¿∏¿∞¿∏¿∞¿∏¿∞¿∏¿∞¿∏¿∞¿∏¿∞¿∏¿∞‹‰ÿ∞»¿ƒ–∞±—…’î±—ïÖµ}…ïçΩπç•±•Ö—•Ωπ}Öπë}ç’……ïπ—}›ïï≠±Â}…Ω±î(»¿»ÿ∞ƒ±A}Ã–»»‰‡‹±1ïÕ±•îÅ5ΩÕ±ï‰Å)»∏±}%10±%±±•πΩ•Ã±]H±U±Q…’î∞»¿»ÿ¥¿‰¥¿—P¿ƒË¿¡h∞–¿ƒ‡‘‡–»–∞–»∏¿∞‘‘∏‘∞¿∏¿∞±5=11}=9}Q5}IQL±	Ω—ïÖ¥Å…ΩÕ—ï»∞∞¿∏¿±›ïï¨ƒµÿƒ∏¿∞»¿»ÿ¥¿‡¥Ã¡PƒÿËƒ‘Ë¿¿¨¿¿Ë¿¿∞¿∏¿∞¿∏¿∞¿∏¿∞¿∏¿∞¿∏¿∞¿∏¿∞¿∏¿∞¿∏¿∞¿∏¿∞¿∏¿∞¿∏¿∞¿∏¿∞‹‰‹∞»¿ƒ‘∞±ôÖ±Õî±—ïÖµ}…ïçΩπç•±•Ö—•Ωπ}Öπë}ç’……ïπ—}›ïï≠±Â}…Ω±î(»¿»ÿ∞ƒ±A}¡	–Â±1ïŸ§Å	±Ω’π–±}5%ML±=±îÅ5•ÕÃ±]H±1Ω’•ÕŸ•±±î±Q…’î∞»¿»ÿ¥¿‰¥¿ŸP»ÃËÃ¡h∞–¿ƒ‡‘ÿÿÿƒ∞Ãƒ∏¿∞‘‘∏‘∞¿∏¿∞±5=11}=9}Q5}IQL±	Ω—ïÖ¥Å…ΩÕ—ï»∞∞¿∏¿±›ïï¨ƒµÿƒ∏¿∞»¿»ÿ¥¿‡¥Ã¡PƒÿËƒ‘Ë¿¿¨¿¿Ë¿¿∞¿∏¿∞¿∏¿∞¿∏¿∞¿∏¿∞¿∏¿∞¿∏¿∞¿∏¿∞¿∏¿∞¿∏¿∞¿∏¿∞¿∏¿∞¿∏¿∞‹‰‡∞»¿ƒÿ∞±ôÖ±Õî±—ïÖµ}…ïçΩπç•±•Ö—•Ωπ}Öπë}ç’……ïπ—}›ïï≠±Â}…Ω±î(»¿»ÿ∞ƒ±A|Õ—…Ãƒ±1•Ö¥ÅQ°Ω…¡î±}MQ8±M—ÖπôΩ…ê±]H±5•Öµ§±Q…’î∞»¿»ÿ¥¿‰¥¿’P¿ƒË¿¡h∞–¿ƒ‡‘‡»¿ÿ∞ƒƒ∏‘∞–‹∏‘∞¿∏¿∞±5=11}=9}Q5}IQL±	Ω—ïÖ¥Å…ΩÕ—ï»∞∞¿∏¿±›ïï¨ƒµÿƒ∏¿∞»¿»ÿ¥¿‡¥Ã¡PƒÿËƒ‘Ë¿¿¨¿¿Ë¿¿∞¿∏¿∞¿∏¿∞¿∏¿∞¿∏¿∞¿∏¿∞¿∏¿∞¿∏¿∞¿∏¿∞¿∏¿∞¿∏¿∞¿∏¿∞¿∏¿∞‹‰‰∞»¿ƒ‹∞±—…’î±—ïÖµ}…ïçΩπç•±•Ö—•Ωπ}Öπë}ç’……ïπ—}›ïï≠±Â}…Ω±î(»¿»ÿ∞ƒ±A|ÿ¿»‘–¿‹Ã±1ΩùÖ∏Å’ππ•πù°Ö¥±}AMT±Aïπ∏ÅM—Ö—î±]H±5Ö…Õ°Ö±∞±Q…’î∞»¿»ÿ¥¿‰¥¿’Pƒ‰ËÃ¡h∞–¿ƒ‡‘‡–Ã–∞Ã‰∏‘∞‘–∏‘∞¿∏¿∞±5=11}=9}Q5}IQL±	Ω—ïÖ¥Å…ΩÕ—ï»∞∞¿∏¿±›ïï¨ƒµÿƒ∏¿∞»¿»ÿ¥¿‡¥Ã¡PƒÿËƒ‘Ë¿¿¨¿¿Ë¿¿∞¿∏¿∞¿∏¿∞¿∏¿∞¿∏¿∞¿∏¿∞¿∏¿∞¿∏¿∞¿∏¿∞¿∏¿∞¿∏¿∞¿∏¿∞¿∏¿∞‡¿¿∞»¿ƒ‡∞±ôÖ±Õî±—ïÖµ}…ïçΩπç•±•Ö—•Ωπ}Öπë}ç’……ïπ—}›ïï≠±Â}…Ω±î(»¿»ÿ∞ƒ±A}≈‹‰’ƒ±1ΩùÖ∏ÅΩ…âïÃ±}5% ±5•ç°•ùÖ∏±]H±]ïÕ—ï…∏Å5•ç°•ùÖ∏±Q…’î∞»¿»ÿ¥¿‰¥¿’P»ÃËÃ¡h∞–¿ƒ‡‘‡–»‡∞Ã‡∏¿∞–‡∏‘∞¿∏¿∞±5=11}=9}Q5}IQL±	Ω—ïÖ¥Å…ΩÕ—ï»∞∞¿∏¿±›ïï¨ƒµÿƒ∏¿∞»¿»ÿ¥¿‡¥Ã¡PƒÿËƒ‘Ë¿¿¨¿¿Ë¿¿∞¿∏¿∞¿∏¿∞¿∏¿∞¿∏¿∞¿∏¿∞¿∏¿∞¿∏¿∞¿∏¿∞¿∏¿∞¿∏¿∞¿∏¿∞¿∏¿∞‡¿ƒ∞»¿ƒ‰∞±ôÖ±Õî±—ïÖµ}…ïçΩπç•±•Ö—•Ωπ}Öπë}ç’……ïπ—}›ïï≠±Â}…Ω±î(»¿»ÿ∞ƒ±A}—¿‰‡›±1ΩπëΩ∏ÅMµ•—†±}	d±	ÖÂ±Ω»±]H±’â’…∏±Ö±Õî∞»¿»ÿ¥¿‰¥¿’Pƒ‰ËÃ¡h∞–¿ƒ‡‘ÿÿÃÿ∞»‘∏‹‘∞‘‡∏‘∞¿∏¿∞±5=11}=9}Q5}IQL±	Ω—ïÖ¥Å…ΩÕ—ï»∞∞¿∏¿±›ïï¨ƒµÿƒ∏¿∞»¿»ÿ¥¿‡¥Ã¡PƒÿËƒ‘Ë¿¿¨¿¿Ë¿¿∞¿∏¿∞¿∏¿∞¿∏¿∞¿∏¿∞¿∏¿∞¿∏¿∞¿∏¿∞¿∏¿∞¿∏¿∞¿∏¿∞¿∏¿∞¿∏¿∞‡¿»∞»¿»¿∞±ôÖ±Õî±—ïÖµ}…ïçΩπç•±•Ö—•Ωπ}Öπë}ç’……ïπ—}›ïï≠±Â}…Ω±î(»¿»ÿ∞ƒ±A}‹‹¿‡Ÿ¿±1’≠îÅ	…Öëï∏±}Q5T±Qï·ÖÃÅô4±Q±5•ÕÕΩ’…§ÅM—Ö—î±Q…’î∞»¿»ÿ¥¿‰¥¿’P»ÃË¿¡h∞–¿ƒ‡‘ÿÿÿ‡∞–‹∏‘∞‘Ã∏‘∞¿∏¿∞±5=11}=9}Q5}IQL±	Ω—ïÖ¥Å…ΩÕ—ï»∞∞¿∏¿±›ïï¨ƒµÿƒ∏¿∞»¿»ÿ¥¿‡¥Ã¡PƒÿËƒ‘Ë¿¿¨¿¿Ë¿¿∞¿∏¿∞¿∏¿∞¿∏¿∞¿∏¿∞¿∏¿∞¿∏¿∞¿∏¿∞¿∏¿∞¿∏¿∞¿∏¿∞¿∏¿∞¿∏¿∞–ƒ‡∞»¿»ƒ∞±ôÖ±Õî±—ïÖµ}…ïçΩπç•±•Ö—•Ωπ}Öπë}ç’……ïπ—}›ïï≠±Â}…Ω±î(»¿»ÿ∞ƒ±A}	–Â‘‘¿±1’≠îÅïùπï»±}UM±UM±]H±…ïÕπºÅM—Ö—î±Q…’î∞»¿»ÿ¥¿‰¥¿’P¿ƒË¿¡h∞–¿ƒ‡‘‡–Ãÿ∞Ã‹∏‘∞‘ƒ∏‘∞¿∏¿∞±5=11}=9}Q5}IQL±	Ω—ïÖ¥Å…ΩÕ—ï»∞∞¿∏¿±›ïï¨ƒµÿƒ∏¿∞»¿»ÿ¥¿‡¥Ã¡PƒÿËƒ‘Ë¿¿¨¿¿Ë¿¿∞¿∏¿∞¿∏¿∞¿∏¿∞¿∏¿∞¿∏¿∞¿∏¿∞¿∏¿∞¿∏¿∞¿∏¿∞¿∏¿∞¿∏¿∞¿∏¿∞‡¿Ã∞»¿»»∞±ôÖ±Õî±—ïÖµ}…ïçΩπç•±•Ö—•Ωπ}Öπë}ç’……ïπ—}›ïï≠±Â}…Ω±î(»¿»ÿ∞ƒ±A}’‹ÃÂÃ±1’≠îÅï°π•ç≠î±}9\±9Ω…—°›ïÕ—ï…∏±Q±MΩ’—†ÅÖ≠Ω—ÑÅM—Ö—î±Q…’î∞»¿»ÿ¥¿‰¥¿ŸP¿¿Ë¿¡h∞–¿ƒ‡‘‡–Ãƒ∞»‰∏‘∞–ÿ∏‘∞¿∏¿∞±5=11}=9}Q5}IQL±	Ω—ïÖ¥Å…ΩÕ—ï»∞∞¿∏¿±›ïï¨ƒµÿƒ∏¿∞»¿»ÿ¥¿‡¥Ã¡PƒÿËƒ‘Ë¿¿¨¿¿Ë¿¿∞¿∏¿∞¿∏¿∞¿∏¿∞¿∏¿∞¿∏¿∞¿∏¿∞¿∏¿∞¿∏¿∞¿∏¿∞¿∏¿∞¿∏¿∞¿∏¿∞–ƒ‰∞»¿»Ã∞±ôÖ±Õî±—ïÖµ}…ïçΩπç•±•Ö—•Ωπ}Öπë}ç’……ïπ—}›ïï≠±Â}…Ω±î(»¿»ÿ∞ƒ±A|–‘‘¿–Õÿ±1’≠îÅ1ΩùÖ∏±}=-MP±=≠±Ö°ΩµÑÅM—Ö—î±Q±Q’±ÕÑ±Ö±Õî∞»¿»ÿ¥¿‰¥¿’Pƒ‰Ë–’h∞–¿ƒ‡‘ÿ‹‹»∞Ã‹∏»‘∞ÿ¿∏‘∞¿∏¿∞±5=11}=9}Q5}IQL±	Ω—ïÖ¥Å…ΩÕ—ï»∞∞¿∏¿±›ïï¨ƒµÿƒ∏¿∞»¿»ÿ¥¿‡¥Ã¡PƒÿËƒ‘Ë¿¿¨¿¿Ë¿¿∞¿∏¿∞¿∏¿∞¿∏¿∞¿∏¿∞¿∏¿∞¿∏¿∞¿∏¿∞¿∏¿∞¿∏¿∞¿∏¿∞¿∏¿∞¿∏¿∞–»¿∞»¿»–∞±ôÖ±Õî±—ïÖµ}…ïçΩπç•±•Ö—•Ωπ}Öπë}ç’……ïπ—}›ïï≠±Â}…Ω±î(»¿»ÿ∞ƒ±A}»–·Ÿ±1’≠îÅM°Ω…—ï»±}AUH±A’…ë’î±Q±%πë•ÖπÑÅM—Ö—î±Q…’î∞»¿»ÿ¥¿‰¥¿—P»ÃË¿¡h∞–¿ƒ‡‘‡–Ã‘∞–ÿ∏¿∞‘ÿ∏‘∞¿∏¿∞±5=11}=9}Q5}IQL±	Ω—ïÖ¥Å…ΩÕ—ï»∞∞¿∏¿±›ïï¨ƒµÿƒ∏¿∞»¿»ÿ¥¿‡¥Ã¡PƒÿËƒ‘Ë¿¿¨¿¿Ë¿¿∞¿∏¿∞¿∏¿∞¿∏¿∞¿∏¿∞¿∏¿∞¿∏¿∞¿∏¿∞¿∏¿∞¿∏¿∞¿∏¿∞¿∏¿∞¿∏¿∞–»ƒ∞»¿»‘∞±ôÖ±Õî±—ïÖµ}…ïçΩπç•±•Ö—•Ωπ}Öπë}ç’……ïπ—}›ïï≠±Â}…Ω±î(»¿»ÿ∞ƒ±A|≈Â‘»±1’≠îÅM—’ââÃ±}14±±ïµÕΩ∏±]H±1MT±Ö±Õî∞»¿»ÿ¥¿‰¥¿’P»ÃËÃ¡h∞–¿ƒ‡‘ÿÿÿ¿∞»¿∏‘∞‘ƒ∏‘∞¿∏¿∞±5=11}=9}Q5}IQL±	Ω—ïÖ¥Å…ΩÕ—ï»∞∞¿∏¿±›ïï¨ƒµÿƒ∏¿∞»¿»ÿ¥¿‡¥Ã¡PƒÿËƒ‘Ë¿¿¨¿¿Ë¿¿∞¿∏¿∞¿∏¿∞¿∏¿∞¿∏¿∞¿∏¿∞¿∏¿∞¿∏¿∞¿∏¿∞¿∏¿∞¿∏¿∞¿∏¿∞¿∏¿∞‡¿–∞»¿»ÿ∞±ôÖ±Õî±—ïÖµ}…ïçΩπç•±•Ö—•Ωπ}Öπë}ç’……ïπ—}›ïï≠±Â}…Ω±î(»¿»ÿ∞ƒ±A}¿ƒÃ»ÿ‘–±1’≠îÅM—’ï›î±}YP±Y•…ù•π•ÑÅQïç†±]H±Y5$±Q…’î∞»¿»ÿ¥¿‰¥¿’P»ÃËÃ¡h∞–¿ƒ‡‘‡»ƒƒ∞‘–∏‘∞‘‹∏‘∞¿∏¿∞±5=11}=9}Q5}IQL±	Ω—ïÖ¥Å…ΩÕ—ï»∞∞¿∏¿±›ïï¨ƒµÿƒ∏¿∞»¿»ÿ¥¿‡¥Ã¡PƒÿËƒ‘Ë¿¿¨¿¿Ë¿¿∞¿∏¿∞¿∏¿∞¿∏¿∞¿∏¿∞¿∏¿∞¿∏¿∞¿∏¿∞¿∏¿∞¿∏¿∞¿∏¿∞¿∏¿∞¿∏¿∞‡¿‘∞»¿»‹∞±ôÖ±Õî±—ïÖµ}…ïçΩπç•±•Ö—•Ωπ}Öπë}ç’……ïπ—}›ïï≠±Â}…Ω±î(»¿»ÿ∞ƒ±A|ÿ‡’Âÿ±1ÂŸ•ï∞Å]Ö—ï…Ã±}%8±•πç•ππÖ—§±Q±	ΩÕ—Ω∏ÅΩ±±ïùî±Q…’î∞»¿»ÿ¥¿‰¥¿’Pƒ‰ËÃ¡h∞–¿ƒ‡‘ÿ‹‹‹∞»‰∏‘∞‘ƒ∏‘∞¿∏¿∞±5=11}=9}Q5}IQL±	Ω—ïÖ¥Å…ΩÕ—ï»∞∞¿∏¿±›ïï¨ƒµÿƒ∏¿∞»¿»ÿ¥¿‡¥Ã¡PƒÿËƒ‘Ë¿¿¨¿¿Ë¿¿∞¿∏¿∞¿∏¿∞¿∏¿∞¿∏¿∞¿∏¿∞¿∏¿∞¿∏¿∞¿∏¿∞¿∏¿∞¿∏¿∞¿∏¿∞¿∏¿∞–»»∞»¿»‡∞±ôÖ±Õî±—ïÖµ}…ïçΩπç•±•Ö—•Ωπ}Öπë}ç’……ïπ—}›ïï≠±Â}…Ω±î(»¿»ÿ∞ƒ±A}	¿‘Ÿ±5Öç≠ïπÈ•îÅ±±ïÂπî±}=T±=≠±Ö°ΩµÑ±]H±UQ@±Q…’î∞»¿»ÿ¥¿‰¥¿’P¿¿Ë¿¡h∞–¿ƒ‡‘ÿÿÿ–∞–ÿ∏¿∞‘¿∏‘∞¿∏¿∞±5=11}=9}Q5}IQL±	Ω—ïÖ¥Å…ΩÕ—ï»∞∞¿∏¿±›ïï¨ƒµÿƒ∏¿∞»¿»ÿ¥¿‡¥Ã¡PƒÿËƒ‘Ë¿¿¨¿¿Ë¿¿∞¿∏¿∞¿∏¿∞¿∏¿∞¿∏¿∞¿∏¿∞¿∏¿∞¿∏¿∞¿∏¿∞¿∏¿∞¿∏¿∞¿∏¿∞¿∏¿∞‡¿ÿ∞»¿»‰∞±ôÖ±Õî±—ïÖµ}…ïçΩπç•±•Ö—•Ωπ}Öπë}ç’……ïπ—}›ïï≠±Â}…Ω±î(»¿»ÿ∞ƒ±A|Ÿ	‡‘––ƒ±5Ö©Ω»ÅA…•ëî±}U1±U1±]H±Ö±•ôΩ…π•Ñ±Ö±Õî∞»¿»ÿ¥¿‰¥¿ŸP¿»ËÃ¡h∞–¿ƒ‡‘‡»ƒ¿∞»‹∏‘∞‘Ã∏‘∞¿∏¿∞±5=11}=9}Q5}IQL±	Ω—ïÖ¥Å…ΩÕ—ï»∞∞¿∏¿±›ïï¨ƒµÿƒ∏¿∞»¿»ÿ¥¿‡¥Ã¡PƒÿËƒ‘Ë¿¿¨¿¿Ë¿¿∞¿∏¿∞¿∏¿∞¿∏¿∞¿∏¿∞¿∏¿∞¿∏¿∞¿∏¿∞¿∏¿∞¿∏¿∞¿∏¿∞¿∏¿∞¿∏¿∞‡¿‹∞»¿Ã¿∞±ôÖ±Õî±—ïÖµ}…ïçΩπç•±•Ö—•Ωπ}Öπë}ç’……ïπ—}›ïï≠±Â}…Ω±î(»¿»ÿ∞ƒ±A}‡—	‰Â±5Ö±•¨Å±È‰±}1MT±1MT±]H±±ïµÕΩ∏±Q…’î∞»¿»ÿ¥¿‰¥¿’P»ÃËÃ¡h∞–¿ƒ‡‘ÿÿÿ¿∞Ãƒ∏¿∞‘ƒ∏‘∞¿∏¿∞±5=11}=9}Q5}IQL±	Ω—ïÖ¥Å…ΩÕ—ï»∞∞¿∏¿±›ïï¨ƒµÿƒ∏¿∞»¿»ÿ¥¿‡¥Ã¡PƒÿËƒ‘Ë¿¿¨¿¿Ë¿¿∞¿∏¿∞¿∏¿∞¿∏¿∞¿∏¿∞¿∏¿∞¿∏¿∞¿∏¿∞¿∏¿∞¿∏¿∞¿∏¿∞¿∏¿∞¿∏¿∞‡¿‡∞»¿Ãƒ∞±—…’î±—ïÖµ}…ïçΩπç•±•Ö—•Ωπ}Öπë}ç’……ïπ—}›ïï≠±Â}…Ω±î(»¿»ÿ∞ƒ±A|»‰¿‘ÂÂ±5Ö±•¨Å-π•ù°–±}A%QP±A•—–±]H±5•Öµ§Ä°= §±Q…’î∞»¿»ÿ¥¿‰¥¿’PƒÿËÃ¡h∞–¿ƒ‡‘‡»¿‹∞ÃÃ∏¿∞–‰∏‘∞¿∏¿∞±5=11}=9}Q5}IQL±	Ω—ïÖ¥Å…ΩÕ—ï»∞∞¿∏¿±›ïï¨ƒµÿƒ∏¿∞»¿»ÿ¥¿‡¥Ã¡PƒÿËƒ‘Ë¿¿¨¿¿Ë¿¿∞¿∏¿∞¿∏¿∞¿∏¿∞¿∏¿∞¿∏¿∞¿∏¿∞¿∏¿∞¿∏¿∞¿∏¿∞¿∏¿∞¿∏¿∞¿∏¿∞‡¿‰∞»¿Ã»∞±—…’î±—ïÖµ}…ïçΩπç•±•Ö—•Ωπ}Öπë}ç’……ïπ—}›ïï≠±Â}…Ω±î(»¿»ÿ∞ƒ±A}–‹‘Ã¿·±5ÖπÑÅÖ…ŸÖ±°º±}UQ ±U—Ö†±]H±%ëÖ°º±Q…’î∞»¿»ÿ¥¿‰¥¿—P¿ƒË¿¡h∞–¿ƒ‡‘ÿ‹ÿ‡∞–‘∏¿∞‘ÿ∏‘∞¿∏¿∞±5=11}=9}Q5}IQL±	Ω—ïÖ¥Å…ΩÕ—ï»∞∞¿∏¿±›ïï¨ƒµÿƒ∏¿∞»¿»ÿ¥¿‡¥Ã¡PƒÿËƒ‘Ë¿¿¨¿¿Ë¿¿∞¿∏¿∞¿∏¿∞¿∏¿∞¿∏¿∞¿∏¿∞¿∏¿∞¿∏¿∞¿∏¿∞¿∏¿∞¿∏¿∞¿∏¿∞¿∏¿∞‡ƒ¿∞»¿ÃÃ∞±ôÖ±Õî±—ïÖµ}…ïçΩπç•±•Ö—•Ωπ}Öπë}ç’……ïπ—}›ïï≠±Â}…Ω±î(»¿»ÿ∞ƒ±A}¡‡¡ÿ–±5Öππ‰Å°Ω•çî±}=T±=≠±Ö°ΩµÑ±]H±UQ@±Q…’î∞»¿»ÿ¥¿‰¥¿’P¿¿Ë¿¡h∞–¿ƒ‡‘ÿÿÿ–∞–ÿ∏¿∞‘¿∏‘∞¿∏¿∞±5=11}=9}Q5}IQL±	Ω—ïÖ¥Å…ΩÕ—ï»∞∞¿∏¿±›ïï¨ƒµÿƒ∏¿∞»¿»ÿ¥¿‡¥Ã¡PƒÿËƒ‘Ë¿¿¨¿¿Ë¿¿∞¿∏¿∞¿∏¿∞¿∏¿∞¿∏¿∞¿∏¿∞¿∏¿∞¿∏¿∞¿∏¿∞¿∏¿∞¿∏¿∞¿∏¿∞¿∏¿∞‡ƒƒ∞»¿Ã–∞±ôÖ±Õî±—ïÖµ}…ïçΩπç•±•Ö—•Ωπ}Öπë}ç’……ïπ—}›ïï≠±Â}…Ω±î(»¿»ÿ∞ƒ±A|›……	±5ÖπΩÖ†Å1ï•Ö—º±}UM±UM±Q±…ïÕπºÅM—Ö—î±Q…’î∞»¿»ÿ¥¿‰¥¿’P¿ƒË¿¡h∞–¿ƒ‡‘‡–Ãÿ∞Ã‹∏‘∞‘ƒ∏‘∞¿∏¿∞±5=11}=9}Q5}IQL±	Ω—ïÖ¥Å…ΩÕ—ï»∞∞¿∏¿±›ïï¨ƒµÿƒ∏¿∞»¿»ÿ¥¿‡¥Ã¡PƒÿËƒ‘Ë¿¿¨¿¿Ë¿¿∞¿∏¿∞¿∏¿∞¿∏¿∞¿∏¿∞¿∏¿∞¿∏¿∞¿∏¿∞¿∏¿∞¿∏¿∞¿∏¿∞¿∏¿∞¿∏¿∞–»Ã∞»¿Ã‘∞±ôÖ±Õî±—ïÖµ}…ïçΩπç•±•Ö—•Ωπ}Öπë}ç’……ïπ—}›ïï≠±Â}…Ω±î(»¿»ÿ∞ƒ±A}’‹‘Ã›±5Ö…ç’ÃÅ!Ö……•Ã±}U1±U1±]H±Ö±•ôΩ…π•Ñ±Ö±Õî∞»¿»ÿ¥¿‰¥¿ŸP¿»ËÃ¡h∞–¿ƒ‡‘‡»ƒ¿∞»‹∏‘∞‘Ã∏‘∞¿∏¿∞±5=11}=9}Q5}IQL±	Ω—ïÖ¥Å…ΩÕ—ï»∞∞¿∏¿±›ïï¨ƒµÿƒ∏¿∞»¿»ÿ¥¿‡¥Ã¡PƒÿËƒ‘Ë¿¿¨¿¿Ë¿¿∞¿∏¿∞¿∏¿∞¿∏¿∞¿∏¿∞¿∏¿∞¿∏¿∞¿∏¿∞¿∏¿∞¿∏¿∞¿∏¿∞¿∏¿∞¿∏¿∞‡ƒ»∞»¿Ãÿ∞±ôÖ±Õî±—ïÖµ}…ïçΩπç•±•Ö—•Ωπ}Öπë}ç’……ïπ—}›ïï≠±Â}…Ω±î(»¿»ÿ∞ƒ±A|Ã‰‰¿‹›‡±5Ö…ç’ÃÅM’πú±}UM±UM±]H±…ïÕπºÅM—Ö—î±Q…’î∞»¿»ÿ¥¿‰¥¿’P¿ƒË¿¡h∞–¿ƒ‡‘‡–Ãÿ∞Ã‹∏‘∞‘ƒ∏‘∞¿∏¿∞±5=11}=9}Q5}IQL±	Ω—ïÖ¥Å…ΩÕ—ï»∞∞¿∏¿±›ïï¨ƒµÿƒ∏¿∞»¿»ÿ¥¿‡¥Ã¡PƒÿËƒ‘Ë¿¿¨¿¿Ë¿¿∞¿∏¿∞¿∏¿∞¿∏¿∞¿∏¿∞¿∏¿∞¿∏¿∞¿∏¿∞¿∏¿∞¿∏¿∞¿∏¿∞¿∏¿∞¿∏¿∞‡ƒÃ∞»¿Ã‹∞±ôÖ±Õî±—ïÖµ}…ïçΩπç•±•Ö—•Ωπ}Öπë}ç’……ïπ—}›ïï≠±Â}…Ω±î(»¿»ÿ∞ƒ±A}ÿ¡ÿÿÃ‰±5Ö…≠’ÃÅ-•ï»±}U1±U1±]H±Ö±•ôΩ…π•Ñ±Ö±Õî∞»¿»ÿ¥¿‰¥¿ŸP¿»ËÃ¡h∞–¿ƒ‡‘‡»ƒ¿∞»‹∏‘∞‘Ã∏‘∞¿∏¿∞±5=11}=9}Q5}IQL±	Ω—ïÖ¥Å…ΩÕ—ï»∞∞¿∏¿±›ïï¨ƒµÿƒ∏¿∞»¿»ÿ¥¿‡¥Ã¡PƒÿËƒ‘Ë¿¿¨¿¿Ë¿¿∞¿∏¿∞¿∏¿∞¿∏¿∞¿∏¿∞¿∏¿∞¿∏¿∞¿∏¿∞¿∏¿∞¿∏¿∞¿∏¿∞¿∏¿∞¿∏¿∞‡ƒ–∞»¿Ã‡∞±ôÖ±Õî±—ïÖµ}…ïçΩπç•±•Ö—•Ωπ}Öπë}ç’……ïπ—}›ïï≠±Â}…Ω±î(»¿»ÿ∞ƒ±A}‘¡	––‰±5Ö…≈’ïËÅÖπ•ï∞±}1±±Ω…•ëÑ±]H±±Ω…•ëÑÅ—±Öπ—•å±Q…’î∞»¿»ÿ¥¿‰¥¿’P»ÃË–’h∞–¿ƒ‡‘ÿÿÃ‹∞–Ã∏‘∞‘‰∏‘∞¿∏¿∞±5=11}=9}Q5}IQL±	Ω—ïÖ¥Å…ΩÕ—ï»∞∞¿∏¿±›ïï¨ƒµÿƒ∏¿∞»¿»ÿ¥¿‡¥Ã¡PƒÿËƒ‘Ë¿¿¨¿¿Ë¿¿∞¿∏¿∞¿∏¿∞¿∏¿∞¿∏¿∞¿∏¿∞¿∏¿∞¿∏¿∞¿∏¿∞¿∏¿∞¿∏¿∞¿∏¿∞¿∏¿∞‡ƒ‘∞»¿Ã‰∞±ôÖ±Õî±—ïÖµ}…ïçΩπç•±•Ö—•Ωπ}Öπë}ç’……ïπ—}›ïï≠±Â}…Ω±î(»¿»ÿ∞ƒ±A|‘·¿ÿ¡ÿ±5Ö…≈’•ÃÅ)Ω°πÕΩ∏±}5MMP±5•ÕÕ•ÕÕ•¡¡§ÅM—Ö—î±]H±U0Å5Ωπ…Ωî±Q…’î∞»¿»ÿ¥¿‰¥¿’P»ÃËÃ¡h∞–¿ƒ‡‘ÿÿÿ»∞–»∏‘∞‘ÿ∏‘∞¿∏¿∞±5=11}=9}Q5}IQL±	Ω—ïÖ¥Å…ΩÕ—ï»∞∞¿∏¿±›ïï¨ƒµÿƒ∏¿∞»¿»ÿ¥¿‡¥Ã¡PƒÿËƒ‘Ë¿¿¨¿¿Ë¿¿∞¿∏¿∞¿∏¿∞¿∏¿∞¿∏¿∞¿∏¿∞¿∏¿∞¿∏¿∞¿∏¿∞¿∏¿∞¿∏¿∞¿∏¿∞¿∏¿∞‡ƒÿ∞»¿–¿∞±ôÖ±Õî±—ïÖµ}…ïçΩπç•±•Ö—•Ωπ}Öπë}ç’……ïπ—}›ïï≠±Â}…Ω±î(»¿»ÿ∞ƒ±A|‡»–¡¿‘ƒ±5ÖÕΩ∏Å)Ω…ëÖ∏±}1±±Ω…•ëÑ±]H±±Ω…•ëÑÅ—±Öπ—•å±Q…’î∞»¿»ÿ¥¿‰¥¿’P»ÃË–’h∞–¿ƒ‡‘ÿÿÃ‹∞–Ã∏‘∞‘‰∏‘∞¿∏¿∞±5=11}=9}Q5}IQL±	Ω—ïÖ¥Å…ΩÕ—ï»∞∞¿∏¿±›ïï¨ƒµÿƒ∏¿∞»¿»ÿ¥¿‡¥Ã¡PƒÿËƒ‘Ë¿¿¨¿¿Ë¿¿∞¿∏¿∞¿∏¿∞¿∏¿∞¿∏¿∞¿∏¿∞¿∏¿∞¿∏¿∞¿∏¿∞¿∏¿∞¿∏¿∞¿∏¿∞¿∏¿∞‡ƒ‹∞»¿–ƒ∞±ôÖ±Õî±—ïÖµ}…ïçΩπç•±•Ö—•Ωπ}Öπë}ç’……ïπ—}›ïï≠±Â}…Ω±î(»¿»ÿ∞ƒ±A}	–ƒ’‹‹±5ÖÕΩ∏Å-ï±±ï‰±}]%M±]•ÕçΩπÕ•∏±]H±9Ω—…îÅÖµî±Ö±Õî∞»¿»ÿ¥¿‰¥¿ŸP»ÃËÃ¡h∞–¿ƒ‡‘‡–Ã‡∞ƒÃ∏‘∞–‹∏‘∞¿∏¿∞±5=11}=9}Q5}IQL±	Ω—ïÖ¥Å…ΩÕ—ï»∞∞¿∏¿±›ïï¨ƒµÿƒ∏¿∞»¿»ÿ¥¿‡¥Ã¡PƒÿËƒ‘Ë¿¿¨¿¿Ë¿¿∞¿∏¿∞¿∏¿∞¿∏¿∞¿∏¿∞¿∏¿∞¿∏¿∞¿∏¿∞¿∏¿∞¿∏¿∞¿∏¿∞¿∏¿∞¿∏¿∞‡ƒ‡∞»¿–»∞±ôÖ±Õî±—ïÖµ}…ïçΩπç•±•Ö—•Ωπ}Öπë}ç’……ïπ—}›ïï≠±Â}…Ω±î(»¿»ÿ∞ƒ±A|¡‰Ã¡»‰±5ÖÕΩ∏Å]ΩΩëÃ±}%=]±%Ω›Ñ±Q±9Ω…—°ï…∏Å%±±•πΩ•Ã±Q…’î∞»¿»ÿ¥¿‰¥¿’P»¿Ëƒ’h∞–¿ƒ‡‘‡–»ÿ∞Ã‡∏‘∞–‘∏‘∞¿∏¿∞±5=11}=9}Q5}IQL±	Ω—ïÖ¥Å…ΩÕ—ï»∞∞¿∏¿±›ïï¨ƒµÿƒ∏¿∞»¿»ÿ¥¿‡¥Ã¡PƒÿËƒ‘Ë¿¿¨¿¿Ë¿¿∞¿∏¿∞¿∏¿∞¿∏¿∞¿∏¿∞¿∏¿∞¿∏¿∞¿∏¿∞¿∏¿∞¿∏¿∞¿∏¿∞¿∏¿∞¿∏¿∞–»–∞»¿–Ã∞±ôÖ±Õî±—ïÖµ}…ïçΩπç•±•Ö—•Ωπ}Öπë}ç’……ïπ—}›ïï≠±Â}…Ω±î(»¿»ÿ∞ƒ±A}ÿ›ÃÃ±5Ö—–Å±Ö…¨±}UQ ±U—Ö†±]H±%ëÖ°º±Q…’î∞»¿»ÿ¥¿‰¥¿—P¿ƒË¿¡h∞–¿ƒ‡‘ÿ‹ÿ‡∞–‘∏¿∞‘ÿ∏‘∞¿∏¿∞±5=11}=9}Q5}IQL±	Ω—ïÖ¥Å…ΩÕ—ï»∞∞¿∏¿±›ïï¨ƒµÿƒ∏¿∞»¿»ÿ¥¿‡¥Ã¡PƒÿËƒ‘Ë¿¿¨¿¿Ë¿¿∞¿∏¿∞¿∏¿∞¿∏¿∞¿∏¿∞¿∏¿∞¿∏¿∞¿∏¿∞¿∏¿∞¿∏¿∞¿∏¿∞¿∏¿∞¿∏¿∞‡ƒ‰∞»¿––∞±ôÖ±Õî±—ïÖµ}…ïçΩπç•±•Ö—•Ωπ}Öπë}ç’……ïπ—}›ïï≠±Â}…Ω±î(»¿»ÿ∞ƒ±A|——Ÿ‰–±5Ö—–Å5ÖÂô•ï±ê±}5MMP±5•ÕÕ•ÕÕ•¡¡§ÅM—Ö—î±]H±U0Å5Ωπ…Ωî±Q…’î∞»¿»ÿ¥¿‰¥¿’P»ÃËÃ¡h∞–¿ƒ‡‘ÿÿÿ»∞–»∏‘∞‘ÿ∏‘∞¿∏¿∞±5=11}=9}Q5}IQL±	Ω—ïÖ¥Å…ΩÕ—ï»∞∞¿∏¿±›ïï¨ƒµÿƒ∏¿∞»¿»ÿ¥¿‡¥Ã¡PƒÿËƒ‘Ë¿¿¨¿¿Ë¿¿∞¿∏¿∞¿∏¿∞¿∏¿∞¿∏¿∞¿∏¿∞¿∏¿∞¿∏¿∞¿∏¿∞¿∏¿∞¿∏¿∞¿∏¿∞¿∏¿∞‡»¿∞»¿–‘∞±ôÖ±Õî±—ïÖµ}…ïçΩπç•±•Ö—•Ωπ}Öπë}ç’……ïπ—}›ïï≠±Â}…Ω±î(»¿»ÿ∞ƒ±A|Ã·≈‹–±5Ö——°ï‹Å…ïë…•ç¨±}	eT±	eT±Q±U—Ö†ÅQïç†±Q…’î∞»¿»ÿ¥¿‰¥¿ŸP¿¿Ë¿¡h∞–¿ƒ‡‘ÿ‹‹‘∞‘»∏‘∞‘–∏‘∞¿∏¿∞±5=11}=9}Q5}IQL±	Ω—ïÖ¥Å…ΩÕ—ï»∞∞¿∏¿±›ïï¨ƒµÿƒ∏¿∞»¿»ÿ¥¿‡¥Ã¡PƒÿËƒ‘Ë¿¿¨¿¿Ë¿¿∞¿∏¿∞¿∏¿∞¿∏¿∞¿∏¿∞¿∏¿∞¿∏¿∞¿∏¿∞¿∏¿∞¿∏¿∞¿∏¿∞¿∏¿∞¿∏¿∞–»‘∞»¿–ÿ∞±ôÖ±Õî±—ïÖµ}…ïçΩπç•±•Ö—•Ωπ}Öπë}ç’……ïπ—}›ïï≠±Â}…Ω±î(»¿»ÿ∞ƒ±A|¿‹–Õ–‰»±5Ö——°ï‹Å1’ÕÖ…ë§±}]-±]Ö≠îÅΩ…ïÕ–±Q±≠…Ω∏±Q…’î∞»¿»ÿ¥¿‰¥¿ÕP»ÃË¿¡h∞–¿ƒ‡‘‡»¿–∞Ãÿ∏‘∞–‡∏‘∞¿∏¿∞±5=11}=9}Q5}IQL±	Ω—ïÖ¥Å…ΩÕ—ï»∞∞¿∏¿±›ïï¨ƒµÿƒ∏¿∞»¿»ÿ¥¿‡¥Ã¡PƒÿËƒ‘Ë¿¿¨¿¿Ë¿¿∞¿∏¿∞¿∏¿∞¿∏¿∞¿∏¿∞¿∏¿∞¿∏¿∞¿∏¿∞¿∏¿∞¿∏¿∞¿∏¿∞¿∏¿∞¿∏¿∞–»ÿ∞»¿–‹∞±ôÖ±Õî±—ïÖµ}…ïçΩπç•±•Ö—•Ωπ}Öπë}ç’……ïπ—}›ïï≠±Â}…Ω±î(»¿»ÿ∞ƒ±A|≈‰Â	‰±5Ö’…•çîÅA’…•ô‰Å%$±}9±9ïâ…ÖÕ≠Ñ±]H±=°•º±Q…’î∞»¿»ÿ¥¿‰¥¿’PƒÿË¿¡h∞–¿ƒ‡‘‡–Ã¿∞Ã‘∏‘∞–‹∏‘∞¿∏¿∞±5=11}=9}Q5}IQL±	Ω—ïÖ¥Å…ΩÕ—ï»∞∞¿∏¿±›ïï¨ƒµÿƒ∏¿∞»¿»ÿ¥¿‡¥Ã¡PƒÿËƒ‘Ë¿¿¨¿¿Ë¿¿∞¿∏¿∞¿∏¿∞¿∏¿∞¿∏¿∞¿∏¿∞¿∏¿∞¿∏¿∞¿∏¿∞¿∏¿∞¿∏¿∞¿∏¿∞¿∏¿∞‡»ƒ∞»¿–‡∞±ôÖ±Õî±—ïÖµ}…ïçΩπç•±•Ö—•Ωπ}Öπë}ç’……ïπ—}›ïï≠±Â}…Ω±î(»¿»ÿ∞ƒ±A|¿≈—·	±5Ö’…•çîÅMµ•—†Å)»∏±}%10±%±±•πΩ•Ã±Q±U±Q…’î∞»¿»ÿ¥¿‰¥¿—P¿ƒË¿¡h∞–¿ƒ‡‘‡–»–∞–»∏¿∞‘‘∏‘∞¿∏¿∞±5=11}=9}Q5}IQL±	Ω—ïÖ¥Å…ΩÕ—ï»∞∞¿∏¿±›ïï¨ƒµÿƒ∏¿∞»¿»ÿ¥¿‡¥Ã¡PƒÿËƒ‘Ë¿¿¨¿¿Ë¿¿∞¿∏¿∞¿∏¿∞¿∏¿∞¿∏¿∞¿∏¿∞¿∏¿∞¿∏¿∞¿∏¿∞¿∏¿∞¿∏¿∞¿∏¿∞¿∏¿∞–»‹∞»¿–‰∞±ôÖ±Õî±—ïÖµ}…ïçΩπç•±•Ö—•Ωπ}Öπë}ç’……ïπ—}›ïï≠±Â}…Ω±î(»¿»ÿ∞ƒ±A|¡—’‰ƒ±5Ö’…•çîÅYïπï‰±}Y8±YÖπëï…â•±–±Q±’Õ—•∏ÅAïÖ‰±Q…’î∞»¿»ÿ¥¿‰¥¿’P»ÃË¿¡h∞–¿ƒ‡‘ÿÿÿ‰∞–ÿ∏¿∞ÿƒ∏‘∞¿∏¿∞±5=11}=9}Q5}IQL±	Ω—ïÖ¥Å…ΩÕ—ï»∞∞¿∏¿±›ïï¨ƒµÿƒ∏¿∞»¿»ÿ¥¿‡¥Ã¡PƒÿËƒ‘Ë¿¿¨¿¿Ë¿¿∞¿∏¿∞¿∏¿∞¿∏¿∞¿∏¿∞¿∏¿∞¿∏¿∞¿∏¿∞¿∏¿∞¿∏¿∞¿∏¿∞¿∏¿∞¿∏¿∞–»‡∞»¿‘¿∞±ôÖ±Õî±—ïÖµ}…ïçΩπç•±•Ö—•Ωπ}Öπë}ç’……ïπ—}›ïï≠±Â}…Ω±î(»¿»ÿ∞ƒ±A|‘Ÿÿ‹‰…±5Ö‡Å’Õµ’Ã±}UQ ±U—Ö†±]H±%ëÖ°º±Q…’î∞»¿»ÿ¥¿‰¥¿—P¿ƒË¿¡h∞–¿ƒ‡‘ÿ‹ÿ‡∞–‘∏¿∞‘ÿ∏‘∞¿∏¿∞±5=11}=9}Q5}IQL±	Ω—ïÖ¥Å…ΩÕ—ï»∞∞¿∏¿±›ïï¨ƒµÿƒ∏¿∞»¿»ÿ¥¿‡¥Ã¡PƒÿËƒ‘Ë¿¿¨¿¿Ë¿¿∞¿∏¿∞¿∏¿∞¿∏¿∞¿∏¿∞¿∏¿∞¿∏¿∞¿∏¿∞¿∏¿∞¿∏¿∞¿∏¿∞¿∏¿∞¿∏¿∞‡»»∞»¿‘ƒ∞±ôÖ±Õî±—ïÖµ}…ïçΩπç•±•Ö—•Ωπ}Öπë}ç’……ïπ—}›ïï≠±Â}…Ω±î(»¿»ÿ∞ƒ±A|…	ƒ‘Õ±5Ö‡Å…Öú±}M±MΩ’—†ÅÖ…Ω±•πÑ±Q±-ïπ–ÅM—Ö—î±Q…’î∞»¿»ÿ¥¿‰¥¿’PƒÿË–’h∞–¿ƒ‡‘ÿÿÿ‘∞–‘∏¿∞‘Ã∏‘∞¿∏¿∞±5=11}=9}Q5}IQL±	Ω—ïÖ¥Å…ΩÕ—ï»∞∞¿∏¿±›ïï¨ƒµÿƒ∏¿∞»¿»ÿ¥¿‡¥Ã¡PƒÿËƒ‘Ë¿¿¨¿¿Ë¿¿∞¿∏¿∞¿∏¿∞¿∏¿∞¿∏¿∞¿∏¿∞¿∏¿∞¿∏¿∞¿∏¿∞¿∏¿∞¿∏¿∞¿∏¿∞¿∏¿∞–»‰∞»¿‘»∞±ôÖ±Õî±—ïÖµ}…ïçΩπç•±•Ö—•Ωπ}Öπë}ç’……ïπ—}›ïï≠±Â}…Ω±î(»¿»ÿ∞ƒ±A|‹ÿ‘≈ÿ‡‰±5Ö·ïπçîÅ1ï	±Öπå±}=MT±=°•ºÅM—Ö—î±Q±	Ö±∞ÅM—Ö—î±Q…’î∞»¿»ÿ¥¿‰¥¿’PƒÿËÃ¡h∞–¿ƒ‡‘‡–Ã»∞‘Ã∏‘∞‘ÿ∏‘∞¿∏¿∞±5=11}=9}Q5}IQL±	Ω—ïÖ¥Å…ΩÕ—ï»∞∞¿∏¿±›ïï¨ƒµÿƒ∏¿∞»¿»ÿ¥¿‡¥Ã¡PƒÿËƒ‘Ë¿¿¨¿¿Ë¿¿∞¿∏¿∞¿∏¿∞¿∏¿∞¿∏¿∞¿∏¿∞¿∏¿∞¿∏¿∞¿∏¿∞¿∏¿∞¿∏¿∞¿∏¿∞¿∏¿∞–Ã¿∞»¿‘Ã∞±ôÖ±Õî±—ïÖµ}…ïçΩπç•±•Ö—•Ωπ}Öπë}ç’……ïπ—}›ïï≠±Â}…Ω±î(»¿»ÿ∞ƒ±A|‡Â––—‹±5ïÕÕ•Ö†Å!Öµ¡—Ω∏±}=I±=…ïùΩ∏±]H±	Ω•ÕîÅM—Ö—î±Q…’î∞»¿»ÿ¥¿‰¥¿’Pƒ‰ËÃ¡h∞–¿ƒ‡‘‡–ÃÃ∞Ã‡∏¿∞‘ƒ∏‘∞¿∏¿∞±5=11}=9}Q5}IQL±	Ω—ïÖ¥Å…ΩÕ—ï»∞∞¿∏¿±›ïï¨ƒµÿƒ∏¿∞»¿»ÿ¥¿‡¥Ã¡PƒÿËƒ‘Ë¿¿¨¿¿Ë¿¿∞¿∏¿∞¿∏¿∞¿∏¿∞¿∏¿∞¿∏¿∞¿∏¿∞¿∏¿∞¿∏¿∞¿∏¿∞¿∏¿∞¿∏¿∞¿∏¿∞‡»Ã∞»¿‘–∞±ôÖ±Õî±—ïÖµ}…ïçΩπç•±•Ö—•Ωπ}Öπë}ç’……ïπ—}›ïï≠±Â}…Ω±î(»¿»ÿ∞ƒ±A|‹‹ÿ¿≈––±5•çÖ†ÅI•±ï‰±}Q5T±Qï·ÖÃÅô4±Q±5•ÕÕΩ’…§ÅM—Ö—î±Q…’î∞»¿»ÿ¥¿‰¥¿’P»ÃË¿¡h∞–¿ƒ‡‘ÿÿÿ‡∞–‹∏‘∞‘Ã∏‘∞¿∏¿∞±5=11}=9}Q5}IQL±	Ω—ïÖ¥Å…ΩÕ—ï»∞∞¿∏¿±›ïï¨ƒµÿƒ∏¿∞»¿»ÿ¥¿‡¥Ã¡PƒÿËƒ‘Ë¿¿¨¿¿Ë¿¿∞¿∏¿∞¿∏¿∞¿∏¿∞¿∏¿∞¿∏¿∞¿∏¿∞¿∏¿∞¿∏¿∞¿∏¿∞¿∏¿∞¿∏¿∞¿∏¿∞–Ãƒ∞»¿‘‘∞±ôÖ±Õî±—ïÖµ}…ïçΩπç•±•Ö—•Ωπ}Öπë}ç’……ïπ—}›ïï≠±Â}…Ω±î(»¿»ÿ∞ƒ±A|‹›ÂÂ±5•ç°Öï∞Å	’…–±}%=]±%Ω›Ñ±Q±9Ω…—°ï…∏Å%±±•πΩ•Ã±Q…’î∞»¿»ÿ¥¿‰¥¿’P»¿Ëƒ’h∞–¿ƒ‡‘‡–»ÿ∞Ã‡∏‘∞–‘∏‘∞¿∏¿∞±5=11}=9}Q5}IQL±	Ω—ïÖ¥Å…ΩÕ—ï»∞∞¿∏¿±›ïï¨ƒµÿƒ∏¿∞»¿»ÿ¥¿‡¥Ã¡PƒÿËƒ‘Ë¿¿¨¿¿Ë¿¿∞¿∏¿∞¿∏¿∞¿∏¿∞¿∏¿∞¿∏¿∞¿∏¿∞¿∏¿∞¿∏¿∞¿∏¿∞¿∏¿∞¿∏¿∞¿∏¿∞–Ã»∞»¿‘ÿ∞±ôÖ±Õî±—ïÖµ}…ïçΩπç•±•Ö—•Ωπ}Öπë}ç’……ïπ—}›ïï≠±Â}…Ω±î(»¿»ÿ∞ƒ±A}–ÿƒƒÿ·±5•ç°Öï∞Å)Ω°πÕΩ∏Å)»∏±}	d±	ÖÂ±Ω»±]H±’â’…∏±Ö±Õî∞»¿»ÿ¥¿‰¥¿’Pƒ‰ËÃ¡h∞–¿ƒ‡‘ÿÿÃÿ∞»‘∏‹‘∞‘‡∏‘∞¿∏¿∞±5=11}=9}Q5}IQL±	Ω—ïÖ¥Å…ΩÕ—ï»∞∞¿∏¿±›ïï¨ƒµÿƒ∏¿∞»¿»ÿ¥¿‡¥Ã¡PƒÿËƒ‘Ë¿¿¨¿¿Ë¿¿∞¿∏¿∞¿∏¿∞¿∏¿∞¿∏¿∞¿∏¿∞¿∏¿∞¿∏¿∞¿∏¿∞¿∏¿∞¿∏¿∞¿∏¿∞¿∏¿∞‡»–∞»¿‘‹∞±ôÖ±Õî±—ïÖµ}…ïçΩπç•±•Ö—•Ωπ}Öπë}ç’……ïπ—}›ïï≠±Â}…Ω±î(»¿»ÿ∞ƒ±A}ÿÿ»‰‹‹±5•ç°Öï∞Å1ÖπëΩ±ô§±}	±	ΩÕ—Ω∏ÅΩ±±ïùî±]H±•πç•ππÖ—§±Ö±Õî∞»¿»ÿ¥¿‰¥¿’Pƒ‰ËÃ¡h∞–¿ƒ‡‘ÿ‹‹‹∞»»∏¿∞‘ƒ∏‘∞¿∏¿∞±5=11}=9}Q5}IQL±	Ω—ïÖ¥Å…ΩÕ—ï»∞∞¿∏¿±›ïï¨ƒµÿƒ∏¿∞»¿»ÿ¥¿‡¥Ã¡PƒÿËƒ‘Ë¿¿¨¿¿Ë¿¿∞¿∏¿∞¿∏¿∞¿∏¿∞¿∏¿∞¿∏¿∞¿∏¿∞¿∏¿∞¿∏¿∞¿∏¿∞¿∏¿∞¿∏¿∞¿∏¿∞‡»‘∞»¿‘‡∞±ôÖ±Õî±—ïÖµ}…ïçΩπç•±•Ö—•Ωπ}Öπë}ç’……ïπ—}›ïï≠±Â}…Ω±î(»¿»ÿ∞ƒ±A|ÿ›	ÿ‘ƒ‡±5•ç°Öï∞ÅMµ•—†±}5%ML±=±îÅ5•ÕÃ±Q±1Ω’•ÕŸ•±±î±Q…’î∞»¿»ÿ¥¿‰¥¿ŸP»ÃËÃ¡h∞–¿ƒ‡‘ÿÿÿƒ∞Ãƒ∏¿∞‘‘∏‘∞¿∏¿∞±5=11}=9}Q5}IQL±	Ω—ïÖ¥Å…ΩÕ—ï»∞∞¿∏¿±›ïï¨ƒµÿƒ∏¿∞»¿»ÿ¥¿‡¥Ã¡PƒÿËƒ‘Ë¿¿¨¿¿Ë¿¿∞¿∏¿∞¿∏¿∞¿∏¿∞¿∏¿∞¿∏¿∞¿∏¿∞¿∏¿∞¿∏¿∞¿∏¿∞¿∏¿∞¿∏¿∞¿∏¿∞–ÃÃ∞»¿‘‰∞±ôÖ±Õî±—ïÖµ}…ïçΩπç•±•Ö—•Ωπ}Öπë}ç’……ïπ—}›ïï≠±Â}…Ω±î(»¿»ÿ∞ƒ±A|ÿ‹Ã—»±5•ç°Öï∞ÅQΩ±±ïôÕΩ∏±}MT±…•ÈΩπÑÅM—Ö—î±]H±5Ω…ùÖ∏ÅM—Ö—î±Q…’î∞»¿»ÿ¥¿‰¥¿ŸP¿»Ë¿¡h∞–¿ƒ‡‘ÿ‹‹–∞–‹∏¿∞‘»∏‘∞¿∏¿∞±5=11}=9}Q5}IQL±	Ω—ïÖ¥Å…ΩÕ—ï»∞∞¿∏¿±›ïï¨ƒµÿƒ∏¿∞»¿»ÿ¥¿‡¥Ã¡PƒÿËƒ‘Ë¿¿¨¿¿Ë¿¿∞¿∏¿∞¿∏¿∞¿∏¿∞¿∏¿∞¿∏¿∞¿∏¿∞¿∏¿∞¿∏¿∞¿∏¿∞¿∏¿∞¿∏¿∞¿∏¿∞‡»ÿ∞»¿ÿ¿∞±ôÖ±Õî±—ïÖµ}…ïçΩπç•±•Ö—•Ωπ}Öπë}ç’……ïπ—}›ïï≠±Â}…Ω±î(»¿»ÿ∞ƒ±A}›¡Õ±5•≠îÅ	…Ω›∏±}Q5T±Qï·ÖÃÅô4±]H±5•ÕÕΩ’…§ÅM—Ö—î±Q…’î∞»¿»ÿ¥¿‰¥¿’P»ÃË¿¡h∞–¿ƒ‡‘ÿÿÿ‡∞–‹∏‘∞‘Ã∏‘∞¿∏¿∞±5=11}=9}Q5}IQL±	Ω—ïÖ¥Å…ΩÕ—ï»∞∞¿∏¿±›ïï¨ƒµÿƒ∏¿∞»¿»ÿ¥¿‡¥Ã¡PƒÿËƒ‘Ë¿¿¨¿¿Ë¿¿∞¿∏¿∞¿∏¿∞¿∏¿∞¿∏¿∞¿∏¿∞¿∏¿∞¿∏¿∞¿∏¿∞¿∏¿∞¿∏¿∞¿∏¿∞¿∏¿∞‡»‹∞»¿ÿƒ∞±ôÖ±Õî±—ïÖµ}…ïçΩπç•±•Ö—•Ωπ}Öπë}ç’……ïπ—}›ïï≠±Â}…Ω±î(»¿»ÿ∞ƒ±A|‘ÿƒ‘…·±5•≠ï‰ÅAÖ’±ï‰±}-T±-ÖπÕÖÃ±Q±1ΩπúÅ%Õ±ÖπêÅUπ•Ÿï…Õ•—‰±Q…’î∞»¿»ÿ¥¿‰¥¿’P¿¿Ë¿¡h∞–¿ƒ‡‘ÿ‹ÿ‰∞–ÿ∏¿∞‘Ã∏‘∞¿∏¿∞±5=11}=9}Q5}IQL±	Ω—ïÖ¥Å…ΩÕ—ï»∞∞¿∏¿±›ïï¨ƒµÿƒ∏¿∞»¿»ÿ¥¿‡¥Ã¡PƒÿËƒ‘Ë¿¿¨¿¿Ë¿¿∞¿∏¿∞¿∏¿∞¿∏¿∞¿∏¿∞¿∏¿∞¿∏¿∞¿∏¿∞¿∏¿∞¿∏¿∞¿∏¿∞¿∏¿∞¿∏¿∞–Ã–∞»¿ÿ»∞±ôÖ±Õî±—ïÖµ}…ïçΩπç•±•Ö—•Ωπ}Öπë}ç’……ïπ—}›ïï≠±Â}…Ω±î(»¿»ÿ∞ƒ±A|ÿŸ‘‡Ÿ‹±5•±ïÃÅU—ï»±}M5T±M5T±Q±±Ω…•ëÑÅM—Ö—î±Ö±Õî∞»¿»ÿ¥¿‰¥¿›P»ÃËÃ¡h∞–¿ƒ‡‘‡»ƒ»∞»‡∏»‘∞‘Ã∏‘∞¿∏¿∞±5=11}=9}Q5}IQL±	Ω—ïÖ¥Å…ΩÕ—ï»∞∞¿∏¿±›ïï¨ƒµÿƒ∏¿∞»¿»ÿ¥¿‡¥Ã¡PƒÿËƒ‘Ë¿¿¨¿¿Ë¿¿∞¿∏¿∞¿∏¿∞¿∏¿∞¿∏¿∞¿∏¿∞¿∏¿∞¿∏¿∞¿∏¿∞¿∏¿∞¿∏¿∞¿∏¿∞¿∏¿∞–Ã‘∞»¿ÿÃ∞±ôÖ±Õî±—ïÖµ}…ïçΩπç•±•Ö—•Ωπ}Öπë}ç’……ïπ—}›ïï≠±Â}…Ω±î(»¿»ÿ∞ƒ±A|‘–ÿƒƒŸ±5•—ç†Å9•ï±Õï∏±}UQ ±U—Ö†±Q±%ëÖ°º±Q…’î∞»¿»ÿ¥¿‰¥¿—P¿ƒË¿¡h∞–¿ƒ‡‘ÿ‹ÿ‡∞–‘∏¿∞‘ÿ∏‘∞¿∏¿∞±5=11}=9}Q5}IQL±	Ω—ïÖ¥Å…ΩÕ—ï»∞∞¿∏¿±›ïï¨ƒµÿƒ∏¿∞»¿»ÿ¥¿‡¥Ã¡PƒÿËƒ‘Ë¿¿¨¿¿Ë¿¿∞¿∏¿∞¿∏¿∞¿∏¿∞¿∏¿∞¿∏¿∞¿∏¿∞¿∏¿∞¿∏¿∞¿∏¿∞¿∏¿∞¿∏¿∞¿∏¿∞–Ãÿ∞»¿ÿ–∞±ôÖ±Õî±—ïÖµ}…ïçΩπç•±•Ö—•Ωπ}Öπë}ç’……ïπ—}›ïï≠±Â}…Ω±î(»¿»ÿ∞ƒ±A|ƒ»Â—–ÿ±5Ωπ—ÖŸ•∏ÅE’•Õïπâï……‰±}1=T±1Ω’•ÕŸ•±±î±]H±=±îÅ5•ÕÃ±Ö±Õî∞»¿»ÿ¥¿‰¥¿ŸP»ÃËÃ¡h∞–¿ƒ‡‘ÿÿÿƒ∞»–∏‘∞‘‘∏‘∞¿∏¿∞±5=11}=9}Q5}IQL±	Ω—ïÖ¥Å…ΩÕ—ï»∞∞¿∏¿±›ïï¨ƒµÿƒ∏¿∞»¿»ÿ¥¿‡¥Ã¡PƒÿËƒ‘Ë¿¿¨¿¿Ë¿¿∞¿∏¿∞¿∏¿∞¿∏¿∞¿∏¿∞¿∏¿∞¿∏¿∞¿∏¿∞¿∏¿∞¿∏¿∞¿∏¿∞¿∏¿∞¿∏¿∞‡»‡∞»¿ÿ‘∞±ôÖ±Õî±—ïÖµ}…ïçΩπç•±•Ö—•Ωπ}Öπë}ç’……ïπ—}›ïï≠±Â}…Ω±î(»¿»ÿ∞ƒ±A}Ã·ÃÃ›±5’•ÈËÅQΩ’π≠Ö…Ñ±}!=T±!Ω’Õ—Ω∏±]H±=…ïùΩ∏ÅM—Ö—î±Q…’î∞»¿»ÿ¥¿‰¥¿’PƒÿË¿¡h∞–¿ƒ‡‘ÿ‹‹‡∞Ãÿ∏¿∞‘ƒ∏‘∞¿∏¿∞±5=11}=9}Q5}IQL±	Ω—ïÖ¥Å…ΩÕ—ï»∞∞¿∏¿±›ïï¨ƒµÿƒ∏¿∞»¿»ÿ¥¿‡¥Ã¡PƒÿËƒ‘Ë¿¿¨¿¿Ë¿¿∞¿∏¿∞¿∏¿∞¿∏¿∞¿∏¿∞¿∏¿∞¿∏¿∞¿∏¿∞¿∏¿∞¿∏¿∞¿∏¿∞¿∏¿∞¿∏¿∞‡»‰∞»¿ÿÿ∞±—…’î±—ïÖµ}…ïçΩπç•±•Ö—•Ωπ}Öπë}ç’……ïπ—}›ïï≠±Â}…Ω±î(»¿»ÿ∞ƒ±A|‡Ã»¿¡·±5Â±Ö∏Å…Ö°Ö¥±}9±9Ω—…îÅÖµî±]H±]•ÕçΩπÕ•∏±Q…’î∞»¿»ÿ¥¿‰¥¿ŸP»ÃËÃ¡h∞–¿ƒ‡‘‡–Ã‡∞Ã–∏¿∞–‹∏‘∞¿∏¿∞±5=11}=9}Q5}IQL±	Ω—ïÖ¥Å…ΩÕ—ï»∞∞¿∏¿±›ïï¨ƒµÿƒ∏¿∞»¿»ÿ¥¿‡¥Ã¡PƒÿËƒ‘Ë¿¿¨¿¿Ë¿¿∞¿∏¿∞¿∏¿∞¿∏¿∞¿∏¿∞¿∏¿∞¿∏¿∞¿∏¿∞¿∏¿∞¿∏¿∞¿∏¿∞¿∏¿∞¿∏¿∞‡Ã¿∞»¿ÿ‹∞±ôÖ±Õî±—ïÖµ}…ïçΩπç•±•Ö—•Ωπ}Öπë}ç’……ïπ—}›ïï≠±Â}…Ω±î(»¿»ÿ∞ƒ±A}Õ‘·±9Ö°ÈÖîÅΩ‡±}-T±-ÖπÕÖÃ±]H±1ΩπúÅ%Õ±ÖπêÅUπ•Ÿï…Õ•—‰±Q…’î∞»¿»ÿ¥¿‰¥¿’P¿¿Ë¿¡h∞–¿ƒ‡‘ÿ‹ÿ‰∞–ÿ∏¿∞‘Ã∏‘∞¿∏¿∞±5=11}=9}Q5}IQL±	Ω—ïÖ¥Å…ΩÕ—ï»∞∞¿∏¿±›ïï¨ƒµÿƒ∏¿∞»¿»ÿ¥¿‡¥Ã¡PƒÿËƒ‘Ë¿¿¨¿¿Ë¿¿∞¿∏¿∞¿∏¿∞¿∏¿∞¿∏¿∞¿∏¿∞¿∏¿∞¿∏¿∞¿∏¿∞¿∏¿∞¿∏¿∞¿∏¿∞¿∏¿∞‡Ãƒ∞»¿ÿ‡∞±ôÖ±Õî±—ïÖµ}…ïçΩπç•±•Ö—•Ωπ}Öπë}ç’……ïπ—}›ïï≠±Â}…Ω±î(»¿»ÿ∞ƒ±A|Â‹‹¡±9ÖÕ†Å5Ω……•ÕΩ∏±}-MT±-ÖπÕÖÃÅM—Ö—î±]H±9•ç°Ω±±Ã±Q…’î∞»¿»ÿ¥¿‰¥¿’P»ÃË¿¡h∞–¿ƒ‡‘ÿ‹‹ƒ∞–‡∏¿∞‘‘∏‘∞¿∏¿∞±5=11}=9}Q5}IQL±	Ω—ïÖ¥Å…ΩÕ—ï»∞∞¿∏¿±›ïï¨ƒµÿƒ∏¿∞»¿»ÿ¥¿‡¥Ã¡PƒÿËƒ‘Ë¿¿¨¿¿Ë¿¿∞¿∏¿∞¿∏¿∞¿∏¿∞¿∏¿∞¿∏¿∞¿∏¿∞¿∏¿∞¿∏¿∞¿∏¿∞¿∏¿∞¿∏¿∞¿∏¿∞‡Ã»∞»¿ÿ‰∞±ôÖ±Õî±—ïÖµ}…ïçΩπç•±•Ö—•Ωπ}Öπë}ç’……ïπ—}›ïï≠±Â}…Ω±î(»¿»ÿ∞ƒ±A}¡‹ÕÃÿ±9Ö—îÅ•ç°‰±}%10±%±±•πΩ•Ã±]H±U±Q…’î∞»¿»ÿ¥¿‰¥¿—P¿ƒË¿¡h∞–¿ƒ‡‘‡–»–∞–»∏¿∞‘‘∏‘∞¿∏¿∞±5=11}=9}Q5}IQL±	Ω—ïÖ¥Å…ΩÕ—ï»∞∞¿∏¿±›ïï¨ƒµÿƒ∏¿∞»¿»ÿ¥¿‡¥Ã¡PƒÿËƒ‘Ë¿¿¨¿¿Ë¿¿∞¿∏¿∞¿∏¿∞¿∏¿∞¿∏¿∞¿∏¿∞¿∏¿∞¿∏¿∞¿∏¿∞¿∏¿∞¿∏¿∞¿∏¿∞¿∏¿∞‡ÃÃ∞»¿‹¿∞±ôÖ±Õî±—ïÖµ}…ïçΩπç•±•Ö—•Ωπ}Öπë}ç’……ïπ—}›ïï≠±Â}…Ω±î(»¿»ÿ∞ƒ±A|‰¡ÃŸ–±9Ö—îÅë›Ö…ëÃ±}MeH±MÂ…Öç’Õî±]H±9ï‹Å!Öµ¡Õ°•…î±Q…’î∞»¿»ÿ¥¿‰¥¿’PƒÿË¿¡h∞–¿ƒ‡‘‡»¿‡∞––∏‘∞‘‘∏‘∞¿∏¿∞±5=11}=9}Q5}IQL±	Ω—ïÖ¥Å…ΩÕ—ï»∞∞¿∏¿±›ïï¨ƒµÿƒ∏¿∞»¿»ÿ¥¿‡¥Ã¡PƒÿËƒ‘Ë¿¿¨¿¿Ë¿¿∞¿∏¿∞¿∏¿∞¿∏¿∞¿∏¿∞¿∏¿∞¿∏¿∞¿∏¿∞¿∏¿∞¿∏¿∞¿∏¿∞¿∏¿∞¿∏¿∞‡Ã–∞»¿‹ƒ∞±ôÖ±Õî±—ïÖµ}…ïçΩπç•±•Ö—•Ωπ}Öπë}ç’……ïπ—}›ïï≠±Â}…Ω±î(»¿»ÿ∞ƒ±A|‘¿¿¿ƒŸÃ±9Ö—°Ö∏Å5çΩ‰Å%$±}=I±=…ïùΩ∏±]H±	Ω•ÕîÅM—Ö—î±Q…’î∞»¿»ÿ¥¿‰¥¿’Pƒ‰ËÃ¡h∞–¿ƒ‡‘‡–ÃÃ∞Ã‡∏¿∞‘ƒ∏‘∞¿∏¿∞±5=11}=9}Q5}IQL±	Ω—ïÖ¥Å…ΩÕ—ï»∞∞¿∏¿±›ïï¨ƒµÿƒ∏¿∞»¿»ÿ¥¿‡¥Ã¡PƒÿËƒ‘Ë¿¿¨¿¿Ë¿¿∞¿∏¿∞¿∏¿∞¿∏¿∞¿∏¿∞¿∏¿∞¿∏¿∞¿∏¿∞¿∏¿∞¿∏¿∞¿∏¿∞¿∏¿∞¿∏¿∞‡Ã‘∞»¿‹»∞±ôÖ±Õî±—ïÖµ}…ïçΩπç•±•Ö—•Ωπ}Öπë}ç’……ïπ—}›ïï≠±Â}…Ω±î(»¿»ÿ∞ƒ±A|‘‘»Õƒ±9Ö—°Ö∏ÅIΩâï…—Ã±}Q98±QïππïÕÕïî±]H±’…µÖ∏±Q…’î∞»¿»ÿ¥¿‰¥¿’Pƒ‰ËÃ¡h∞–¿ƒ‡‘ÿÿÿÿ∞‘ÿ∏‘∞ÿÿ∏‘∞¿∏¿∞±5=11}=9}Q5}IQL±	Ω—ïÖ¥Å…ΩÕ—ï»∞∞¿∏¿±›ïï¨ƒµÿƒ∏¿∞»¿»ÿ¥¿‡¥Ã¡PƒÿËƒ‘Ë¿¿¨¿¿Ë¿¿∞¿∏¿∞¿∏¿∞¿∏¿∞¿∏¿∞¿∏¿∞¿∏¿∞¿∏¿∞¿∏¿∞¿∏¿∞¿∏¿∞¿∏¿∞¿∏¿∞‡Ãÿ∞»¿‹Ã∞±ôÖ±Õî±—ïÖµ}…ïçΩπç•±•Ö—•Ωπ}Öπë}ç’……ïπ—}›ïï≠±Â}…Ω±î(»¿»ÿ∞ƒ±A|Ã‹¿Â	ÿ‰±9•åÅπëï…ÕΩ∏±}U,±-ïπ—’ç≠‰±]H±eΩ’πùÕ—Ω›∏ÅM—Ö—î±Q…’î∞»¿»ÿ¥¿‰¥¿’Pƒ‹Ë¿¡h∞–¿ƒ‡‘ÿÿ‘‰∞–Ã∏¿∞ÿ»∏‘∞¿∏¿∞±5=11}=9}Q5}IQL±	Ω—ïÖ¥Å…ΩÕ—ï»∞∞¿∏¿±›ïï¨ƒµÿƒ∏¿∞»¿»ÿ¥¿‡¥Ã¡PƒÿËƒ‘Ë¿¿¨¿¿Ë¿¿∞¿∏¿∞¿∏¿∞¿∏¿∞¿∏¿∞¿∏¿∞¿∏¿∞¿∏¿∞¿∏¿∞¿∏¿∞¿∏¿∞¿∏¿∞¿∏¿∞‡Ã‹∞»¿‹–∞±ôÖ±Õî±—ïÖµ}…ïçΩπç•±•Ö—•Ωπ}Öπë}ç’……ïπ—}›ïï≠±Â}…Ω±î(»¿»ÿ∞ƒ±A|Ã‹¿Õƒ±9•ç¨Å!Ö…ë‰±}5MT±5•ç°•ùÖ∏ÅM—Ö—î±]H±QΩ±ïëº±Q…’î∞»¿»ÿ¥¿‰¥¿’P¿¿Ë¿¡h∞–¿ƒ‡‘‡–»‰∞»‰∏‹‘∞–‰∏‘∞¿∏¿∞±5=11}=9}Q5}IQL±	Ω—ïÖ¥Å…ΩÕ—ï»∞∞¿∏¿±›ïï¨ƒµÿƒ∏¿∞»¿»ÿ¥¿‡¥Ã¡PƒÿËƒ‘Ë¿¿¨¿¿Ë¿¿∞¿∏¿∞¿∏¿∞¿∏¿∞¿∏¿∞¿∏¿∞¿∏¿∞¿∏¿∞¿∏¿∞¿∏¿∞¿∏¿∞¿∏¿∞¿∏¿∞‡Ã‡∞»¿‹‘∞±ôÖ±Õî±—ïÖµ}…ïçΩπç•±•Ö—•Ωπ}Öπë}ç’……ïπ—}›ïï≠±Â}…Ω±î(»¿»ÿ∞ƒ±A}ƒ‰‹‰‘ƒ±9•ç¨ÅQ°ΩµÖÃ±}5%±5•Öµ§±]H±M—ÖπôΩ…ê±Ö±Õî∞»¿»ÿ¥¿‰¥¿’P¿ƒË¿¡h∞–¿ƒ‡‘‡»¿ÿ∞Ãÿ∏¿∞–‹∏‘∞¿∏¿∞±5=11}=9}Q5}IQL±	Ω—ïÖ¥Å…ΩÕ—ï»∞∞¿∏¿±›ïï¨ƒµÿƒ∏¿∞»¿»ÿ¥¿‡¥Ã¡PƒÿËƒ‘Ë¿¿¨¿¿Ë¿¿∞¿∏¿∞¿∏¿∞¿∏¿∞¿∏¿∞¿∏¿∞¿∏¿∞¿∏¿∞¿∏¿∞¿∏¿∞¿∏¿∞¿∏¿∞¿∏¿∞‡Ã‰∞»¿‹ÿ∞±ôÖ±Õî±—ïÖµ}…ïçΩπç•±•Ö—•Ωπ}Öπë}ç’……ïπ—}›ïï≠±Â}…Ω±î(»¿»ÿ∞ƒ±A}–‰›‡»±9•çºÅ	…Ω›∏±}MQ8±M—ÖπôΩ…ê±]H±5•Öµ§±Q…’î∞»¿»ÿ¥¿‰¥¿’P¿ƒË¿¡h∞–¿ƒ‡‘‡»¿ÿ∞ƒƒ∏‘∞–‹∏‘∞¿∏¿∞±5=11}=9}Q5}IQL±	Ω—ïÖ¥Å…ΩÕ—ï»∞∞¿∏¿±›ïï¨ƒµÿƒ∏¿∞»¿»ÿ¥¿‡¥Ã¡PƒÿËƒ‘Ë¿¿¨¿¿Ë¿¿∞¿∏¿∞¿∏¿∞¿∏¿∞¿∏¿∞¿∏¿∞¿∏¿∞¿∏¿∞¿∏¿∞¿∏¿∞¿∏¿∞¿∏¿∞¿∏¿∞‡–¿∞»¿‹‹∞±ôÖ±Õî±—ïÖµ}…ïçΩπç•±•Ö—•Ωπ}Öπë}ç’……ïπ—}›ïï≠±Â}…Ω±î(»¿»ÿ∞ƒ±A|≈»Â¿¡±9ΩÖ†Å	ïππïî±}UQ ±U—Ö†±Q±%ëÖ°º±Q…’î∞»¿»ÿ¥¿‰¥¿—P¿ƒË¿¡h∞–¿ƒ‡‘ÿ‹ÿ‡∞–‘∏¿∞‘ÿ∏‘∞¿∏¿∞±5=11}=9}Q5}IQL±	Ω—ïÖ¥Å…ΩÕ—ï»∞∞¿∏¿±›ïï¨ƒµÿƒ∏¿∞»¿»ÿ¥¿‡¥Ã¡PƒÿËƒ‘Ë¿¿¨¿¿Ë¿¿∞¿∏¿∞¿∏¿∞¿∏¿∞¿∏¿∞¿∏¿∞¿∏¿∞¿∏¿∞¿∏¿∞¿∏¿∞¿∏¿∞¿∏¿∞¿∏¿∞–Ã‹∞»¿‹‡∞±ôÖ±Õî±—ïÖµ}…ïçΩπç•±•Ö—•Ωπ}Öπë}ç’……ïπ—}›ïï≠±Â}…Ω±î(»¿»ÿ∞ƒ±A|’‹‰ÿ»±9ΩÖ†Å±ÖÕ≠Öµ¿±}5%h±5•ÕÕΩ’…§±]H±…≠ÖπÕÖÃµA•πîÅ	±’ôò±Q…’î∞»¿»ÿ¥¿‰¥¿—P¿¿Ë¿¡h∞–¿ƒ‡‘ÿÿÿÃ∞‘‹∏‘∞ÿ¿∏‘∞¿∏¿∞±5=11}=9}Q5}IQL±	Ω—ïÖ¥Å…ΩÕ—ï»∞∞¿∏¿±›ïï¨ƒµÿƒ∏¿∞»¿»ÿ¥¿‡¥Ã¡PƒÿËƒ‘Ë¿¿¨¿¿Ë¿¿∞¿∏¿∞¿∏¿∞¿∏¿∞¿∏¿∞¿∏¿∞¿∏¿∞¿∏¿∞¿∏¿∞¿∏¿∞¿∏¿∞¿∏¿∞¿∏¿∞‡–ƒ∞»¿‹‰∞±ôÖ±Õî±—ïÖµ}…ïçΩπç•±•Ö—•Ωπ}Öπë}ç’……ïπ—}›ïï≠±Â}…Ω±î(»¿»ÿ∞ƒ±A|‘‹ÿ…ƒÃ‘±9ΩÖ†Å)ïππ•πùÃ±}5%98±5•ππïÕΩ—Ñ±]H±ÖÕ—ï…∏Å%±±•πΩ•Ã±Q…’î∞»¿»ÿ¥¿‰¥¿—P¿¿Ë¿¡h∞–¿ƒ‡‘‡–»»∞–‹∏‘∞‘ƒ∏‘∞¿∏¿∞±5=11}=9}Q5}IQL±	Ω—ïÖ¥Å…ΩÕ—ï»∞∞¿∏¿±›ïï¨ƒµÿƒ∏¿∞»¿»ÿ¥¿‡¥Ã¡PƒÿËƒ‘Ë¿¿¨¿¿Ë¿¿∞¿∏¿∞¿∏¿∞¿∏¿∞¿∏¿∞¿∏¿∞¿∏¿∞¿∏¿∞¿∏¿∞¿∏¿∞¿∏¿∞¿∏¿∞¿∏¿∞‡–»∞»¿‡¿∞±ôÖ±Õî±—ïÖµ}…ïçΩπç•±•Ö—•Ωπ}Öπë}ç’……ïπ—}›ïï≠±Â}…Ω±î(»¿»ÿ∞ƒ±A}Â‰–Ÿ±9ΩÖ†Å1ÖAΩ…—î±}9\±9Ω…—°›ïÕ—ï…∏±Q±MΩ’—†ÅÖ≠Ω—ÑÅM—Ö—î±Q…’î∞»¿»ÿ¥¿‰¥¿ŸP¿¿Ë¿¡h∞–¿ƒ‡‘‡–Ãƒ∞»‰∏‘∞–ÿ∏‘∞¿∏¿∞±5=11}=9}Q5}IQL±	Ω—ïÖ¥Å…ΩÕ—ï»∞∞¿∏¿±›ïï¨ƒµÿƒ∏¿∞»¿»ÿ¥¿‡¥Ã¡PƒÿËƒ‘Ë¿¿¨¿¿Ë¿¿∞¿∏¿∞¿∏¿∞¿∏¿∞¿∏¿∞¿∏¿∞¿∏¿∞¿∏¿∞¿∏¿∞¿∏¿∞¿∏¿∞¿∏¿∞¿∏¿∞–Ã‡∞»¿‡ƒ∞±ôÖ±Õî±—ïÖµ}…ïçΩπç•±•Ö—•Ωπ}Öπë}ç’……ïπ—}›ïï≠±Â}…Ω±î(»¿»ÿ∞ƒ±A}»’Ÿ¿±9Ω±Ö∏Å	Ö’ëº±}=MT±=°•ºÅM—Ö—î±]H±	Ö±∞ÅM—Ö—î±Q…’î∞»¿»ÿ¥¿‰¥¿’PƒÿËÃ¡h∞–¿ƒ‡‘‡–Ã»∞‘Ã∏‘∞‘ÿ∏‘∞¿∏¿∞±5=11}=9}Q5}IQL±	Ω—ïÖ¥Å…ΩÕ—ï»∞∞¿∏¿±›ïï¨ƒµÿƒ∏¿∞»¿»ÿ¥¿‡¥Ã¡PƒÿËƒ‘Ë¿¿¨¿¿Ë¿¿∞¿∏¿∞¿∏¿∞¿∏¿∞¿∏¿∞¿∏¿∞¿∏¿∞¿∏¿∞¿∏¿∞¿∏¿∞¿∏¿∞¿∏¿∞¿∏¿∞‡–Ã∞»¿‡»∞±ôÖ±Õî±—ïÖµ}…ïçΩπç•±•Ö—•Ωπ}Öπë}ç’……ïπ—}›ïï≠±Â}…Ω±î(»¿»ÿ∞ƒ±A|ƒ—‘·ƒ±9Ω±Ö∏Å	’ç≠µÖ∏±}AUH±A’…ë’î±]H±%πë•ÖπÑÅM—Ö—î±Q…’î∞»¿»ÿ¥¿‰¥¿—P»ÃË¿¡h∞–¿ƒ‡‘‡–Ã‘∞–ÿ∏¿∞‘ÿ∏‘∞¿∏¿∞±5=11}=9}Q5}IQL±	Ω—ïÖ¥Å…ΩÕ—ï»∞∞¿∏¿±›ïï¨ƒµÿƒ∏¿∞»¿»ÿ¥¿‡¥Ã¡PƒÿËƒ‘Ë¿¿¨¿¿Ë¿¿∞¿∏¿∞¿∏¿∞¿∏¿∞¿∏¿∞¿∏¿∞¿∏¿∞¿∏¿∞¿∏¿∞¿∏¿∞¿∏¿∞¿∏¿∞¿∏¿∞‡––∞»¿‡Ã∞±ôÖ±Õî±—ïÖµ}…ïçΩπç•±•Ö—•Ωπ}Öπë}ç’……ïπ—}›ïï≠±Â}…Ω±î(»¿»ÿ∞ƒ±A|—ÿ‹ÿ‡‰±=›ï∏Å!Ö……•πù—Ω∏±}-MT±-ÖπÕÖÃÅM—Ö—î±Q±9•ç°Ω±±Ã±Q…’î∞»¿»ÿ¥¿‰¥¿’P»ÃË¿¡h∞–¿ƒ‡‘ÿ‹‹ƒ∞–‡∏¿∞‘‘∏‘∞¿∏¿∞±5=11}=9}Q5}IQL±	Ω—ïÖ¥Å…ΩÕ—ï»∞∞¿∏¿±›ïï¨ƒµÿƒ∏¿∞»¿»ÿ¥¿‡¥Ã¡PƒÿËƒ‘Ë¿¿¨¿¿Ë¿¿∞¿∏¿∞¿∏¿∞¿∏¿∞¿∏¿∞¿∏¿∞¿∏¿∞¿∏¿∞¿∏¿∞¿∏¿∞¿∏¿∞¿∏¿∞¿∏¿∞–Ã‰∞»¿‡–∞±ôÖ±Õî±—ïÖµ}…ïçΩπç•±•Ö—•Ωπ}Öπë}ç’……ïπ—}›ïï≠±Â}…Ω±î(»¿»ÿ∞ƒ±A|‘–≈·±=›ï∏ÅI’Õ≠ÖŸ•ç†±}5%±5•Öµ§±Q±M—ÖπôΩ…ê±Ö±Õî∞»¿»ÿ¥¿‰¥¿’P¿ƒË¿¡h∞–¿ƒ‡‘‡»¿ÿ∞Ãÿ∏¿∞–‹∏‘∞¿∏¿∞±5=11}=9}Q5}IQL±	Ω—ïÖ¥Å…ΩÕ—ï»∞∞¿∏¿±›ïï¨ƒµÿƒ∏¿∞»¿»ÿ¥¿‡¥Ã¡PƒÿËƒ‘Ë¿¿¨¿¿Ë¿¿∞¿∏¿∞¿∏¿∞¿∏¿∞¿∏¿∞¿∏¿∞¿∏¿∞¿∏¿∞¿∏¿∞¿∏¿∞¿∏¿∞¿∏¿∞¿∏¿∞––¿∞»¿‡‘∞±ôÖ±Õî±—ïÖµ}…ïçΩπç•±•Ö—•Ωπ}Öπë}ç’……ïπ—}›ïï≠±Â}…Ω±î(»¿»ÿ∞ƒ±A}ƒ–‹·›±=›ï∏ÅŸÖ∏Å1Ωâï∏ÅMï±Ã±}MQ8±M—ÖπôΩ…ê±]H±5•Öµ§±Q…’î∞»¿»ÿ¥¿‰¥¿’P¿ƒË¿¡h∞–¿ƒ‡‘‡»¿ÿ∞ƒƒ∏‘∞–‹∏‘∞¿∏¿∞±5=11}=9}Q5}IQL±	Ω—ïÖ¥Å…ΩÕ—ï»∞∞¿∏¿±›ïï¨ƒµÿƒ∏¿∞»¿»ÿ¥¿‡¥Ã¡PƒÿËƒ‘Ë¿¿¨¿¿Ë¿¿∞¿∏¿∞¿∏¿∞¿∏¿∞¿∏¿∞¿∏¿∞¿∏¿∞¿∏¿∞¿∏¿∞¿∏¿∞¿∏¿∞¿∏¿∞¿∏¿∞‡–‘∞»¿‡ÿ∞±ôÖ±Õî±—ïÖµ}…ïçΩπç•±•Ö—•Ωπ}Öπë}ç’……ïπ—}›ïï≠±Â}…Ω±î(»¿»ÿ∞ƒ±A}ƒÃƒ‹—ÿ±AÖ±µï»ÅI•±ï‰±}Y8±YÖπëï…â•±–±Q±’Õ—•∏ÅAïÖ‰±Q…’î∞»¿»ÿ¥¿‰¥¿’P»ÃË¿¡h∞–¿ƒ‡‘ÿÿÿ‰∞–ÿ∏¿∞ÿƒ∏‘∞¿∏¿∞±5=11}=9}Q5}IQL±	Ω—ïÖ¥Å…ΩÕ—ï»∞∞¿∏¿±›ïï¨ƒµÿƒ∏¿∞»¿»ÿ¥¿‡¥Ã¡PƒÿËƒ‘Ë¿¿¨¿¿Ë¿¿∞¿∏¿∞¿∏¿∞¿∏¿∞¿∏¿∞¿∏¿∞¿∏¿∞¿∏¿∞¿∏¿∞¿∏¿∞¿∏¿∞¿∏¿∞¿∏¿∞––ƒ∞»¿‡‹∞±ôÖ±Õî±—ïÖµ}…ïçΩπç•±•Ö—•Ωπ}Öπë}ç’……ïπ—}›ïï≠±Â}…Ω±î(»¿»ÿ∞ƒ±A|¿Â¿Ÿ±AÖ…≠ï»Å±µÖπÈÑ±}	d±	ÖÂ±Ω»±Q±’â’…∏±Ö±Õî∞»¿»ÿ¥¿‰¥¿’Pƒ‰ËÃ¡h∞–¿ƒ‡‘ÿÿÃÿ∞»‘∏‹‘∞‘‡∏‘∞¿∏¿∞±5=11}=9}Q5}IQL±	Ω—ïÖ¥Å…ΩÕ—ï»∞∞¿∏¿±›ïï¨ƒµÿƒ∏¿∞»¿»ÿ¥¿‡¥Ã¡PƒÿËƒ‘Ë¿¿¨¿¿Ë¿¿∞¿∏¿∞¿∏¿∞¿∏¿∞¿∏¿∞¿∏¿∞¿∏¿∞¿∏¿∞¿∏¿∞¿∏¿∞¿∏¿∞¿∏¿∞¿∏¿∞––»∞»¿‡‡∞±ôÖ±Õî±—ïÖµ}…ïçΩπç•±•Ö—•Ωπ}Öπë}ç’……ïπ—}›ïï≠±Â}…Ω±î(»¿»ÿ∞ƒ±A|—ƒÃ»¡±AÖ—…•ç¨Å<ù	…•ï∏±}UM±UM±Q±…ïÕπºÅM—Ö—î±Q…’î∞»¿»ÿ¥¿‰¥¿’P¿ƒË¿¡h∞–¿ƒ‡‘‡–Ãÿ∞Ã‹∏‘∞‘ƒ∏‘∞¿∏¿∞±5=11}=9}Q5}IQL±	Ω—ïÖ¥Å…ΩÕ—ï»∞∞¿∏¿±›ïï¨ƒµÿƒ∏¿∞»¿»ÿ¥¿‡¥Ã¡PƒÿËƒ‘Ë¿¿¨¿¿Ë¿¿∞¿∏¿∞¿∏¿∞¿∏¿∞¿∏¿∞¿∏¿∞¿∏¿∞¿∏¿∞¿∏¿∞¿∏¿∞¿∏¿∞¿∏¿∞¿∏¿∞––Ã∞»¿‡‰∞±ôÖ±Õî±—ïÖµ}…ïçΩπç•±•Ö—•Ωπ}Öπë}ç’……ïπ—}›ïï≠±Â}…Ω±î(»¿»ÿ∞ƒ±A|Õ¡¿–±AÖ·Ω∏Å-ï——ï…•πú±}U-±’≠î±]H±Q’±Öπî±Q…’î∞»¿»ÿ¥¿‰¥¿’Pƒ‰ËÃ¡h∞–¿ƒ‡‘‡»¿‰∞Ã¿∏¿∞‘¿∏‘∞¿∏¿∞±5=11}=9}Q5}IQL±	Ω—ïÖ¥Å…ΩÕ—ï»∞∞¿∏¿±›ïï¨ƒµÿƒ∏¿∞»¿»ÿ¥¿‡¥Ã¡PƒÿËƒ‘Ë¿¿¨¿¿Ë¿¿∞¿∏¿∞¿∏¿∞¿∏¿∞¿∏¿∞¿∏¿∞¿∏¿∞¿∏¿∞¿∏¿∞¿∏¿∞¿∏¿∞¿∏¿∞¿∏¿∞‡–ÿ∞»¿‰¿∞±ôÖ±Õî±—ïÖµ}…ïçΩπç•±•Ö—•Ωπ}Öπë}ç’……ïπ—}›ïï≠±Â}…Ω±î(»¿»ÿ∞ƒ±A|¿≈…‹‘¿±Aï—ï»Å	Ö…•º±}U1±U1±Q±Ö±•ôΩ…π•Ñ±Ö±Õî∞»¿»ÿ¥¿‰¥¿ŸP¿»ËÃ¡h∞–¿ƒ‡‘‡»ƒ¿∞»‹∏‘∞‘Ã∏‘∞¿∏¿∞±5=11}=9}Q5}IQL±	Ω—ïÖ¥Å…ΩÕ—ï»∞∞¿∏¿±›ïï¨ƒµÿƒ∏¿∞»¿»ÿ¥¿‡¥Ã¡PƒÿËƒ‘Ë¿¿¨¿¿Ë¿¿∞¿∏¿∞¿∏¿∞¿∏¿∞¿∏¿∞¿∏¿∞¿∏¿∞¿∏¿∞¿∏¿∞¿∏¿∞¿∏¿∞¿∏¿∞¿∏¿∞–––∞»¿‰ƒ∞±ôÖ±Õî±—ïÖµ}…ïçΩπç•±•Ö—•Ωπ}Öπë}ç’……ïπ—}›ïï≠±Â}…Ω±î(»¿»ÿ∞ƒ±A|‡Â‹¿‡¿Ã±Aï—ï»ÅΩπÈÖ±ïË±}AMT±Aïπ∏ÅM—Ö—î±]H±5Ö…Õ°Ö±∞±Q…’î∞»¿»ÿ¥¿‰¥¿’Pƒ‰ËÃ¡h∞–¿ƒ‡‘‡–Ã–∞Ã‰∏‘∞‘–∏‘∞¿∏¿∞±5=11}=9}Q5}IQL±	Ω—ïÖ¥Å…ΩÕ—ï»∞∞¿∏¿±›ïï¨ƒµÿƒ∏¿∞»¿»ÿ¥¿‡¥Ã¡PƒÿËƒ‘Ë¿¿¨¿¿Ë¿¿∞¿∏¿∞¿∏¿∞¿∏¿∞¿∏¿∞¿∏¿∞¿∏¿∞¿∏¿∞¿∏¿∞¿∏¿∞¿∏¿∞¿∏¿∞¿∏¿∞‡–‹∞»¿‰»∞±—…’î±—ïÖµ}…ïçΩπç•±•Ö—•Ωπ}Öπë}ç’……ïπ—}›ïï≠±Â}…Ω±î(»¿»ÿ∞ƒ±A|›‘›Ã±AïÂ—Ω∏ÅΩ‡±}1±±ÖâÖµÑ±Q±ÖÕ–ÅÖ…Ω±•πÑ±Q…’î∞»¿»ÿ¥¿‰¥¿’PƒÿË¿¡h∞–¿ƒ‡‘ÿÿÃ–∞–ƒ∏¿∞‘Ã∏‘∞¿∏¿∞±5=11}=9}Q5}IQL±	Ω—ïÖ¥Å…ΩÕ—ï»∞∞¿∏¿±›ïï¨ƒµÿƒ∏¿∞»¿»ÿ¥¿‡¥Ã¡PƒÿËƒ‘Ë¿¿¨¿¿Ë¿¿∞¿∏¿∞¿∏¿∞¿∏¿∞¿∏¿∞¿∏¿∞¿∏¿∞¿∏¿∞¿∏¿∞¿∏¿∞¿∏¿∞¿∏¿∞¿∏¿∞––‘∞»¿‰Ã∞±ôÖ±Õî±—ïÖµ}…ïçΩπç•±•Ö—•Ωπ}Öπë}ç’……ïπ—}›ïï≠±Â}…Ω±î(»¿»ÿ∞ƒ±A}‹‹›»›±AïÂ—Ω∏ÅI•çî±}UQ ±U—Ö†±]H±%ëÖ°º±Q…’î∞»¿»ÿ¥¿‰¥¿—P¿ƒË¿¡h∞–¿ƒ‡‘ÿ‹ÿ‡∞–‘∏¿∞‘ÿ∏‘∞¿∏¿∞±5=11}=9}Q5}IQL±	Ω—ïÖ¥Å…ΩÕ—ï»∞∞¿∏¿±›ïï¨ƒµÿƒ∏¿∞»¿»ÿ¥¿‡¥Ã¡PƒÿËƒ‘Ë¿¿¨¿¿Ë¿¿∞¿∏¿∞¿∏¿∞¿∏¿∞¿∏¿∞¿∏¿∞¿∏¿∞¿∏¿∞¿∏¿∞¿∏¿∞¿∏¿∞¿∏¿∞¿∏¿∞‡–‡∞»¿‰–∞±ôÖ±Õî±—ïÖµ}…ïçΩπç•±•Ö—•Ωπ}Öπë}ç’……ïπ—}›ïï≠±Â}…Ω±î(»¿»ÿ∞ƒ±A|‡–‰¿‹Ã—±A•ï…çîÅÂï…Ã±}%8±•πç•ππÖ—§±]H±	ΩÕ—Ω∏ÅΩ±±ïùî±Q…’î∞»¿»ÿ¥¿‰¥¿’Pƒ‰ËÃ¡h∞–¿ƒ‡‘ÿ‹‹‹∞»‰∏‘∞‘ƒ∏‘∞¿∏¿∞±5=11}=9}Q5}IQL±	Ω—ïÖ¥Å…ΩÕ—ï»∞∞¿∏¿±›ïï¨ƒµÿƒ∏¿∞»¿»ÿ¥¿‡¥Ã¡PƒÿËƒ‘Ë¿¿¨¿¿Ë¿¿∞¿∏¿∞¿∏¿∞¿∏¿∞¿∏¿∞¿∏¿∞¿∏¿∞¿∏¿∞¿∏¿∞¿∏¿∞¿∏¿∞¿∏¿∞¿∏¿∞‡–‰∞»¿‰‘∞±ôÖ±Õî±—ïÖµ}…ïçΩπç•±•Ö—•Ωπ}Öπë}ç’……ïπ—}›ïï≠±Â}…Ω±î(»¿»ÿ∞ƒ±A|–ÿƒ—‹Ãÿ±A•ï…çîÅAï—ï…ÕΩ°∏±}YP±Y•…ù•π•ÑÅQïç†±Q±Y5$±Q…’î∞»¿»ÿ¥¿‰¥¿’P»ÃËÃ¡h∞–¿ƒ‡‘‡»ƒƒ∞‘–∏‘∞‘‹∏‘∞¿∏¿∞±5=11}=9}Q5}IQL±	Ω—ïÖ¥Å…ΩÕ—ï»∞∞¿∏¿±›ïï¨ƒµÿƒ∏¿∞»¿»ÿ¥¿‡¥Ã¡PƒÿËƒ‘Ë¿¿¨¿¿Ë¿¿∞¿∏¿∞¿∏¿∞¿∏¿∞¿∏¿∞¿∏¿∞¿∏¿∞¿∏¿∞¿∏¿∞¿∏¿∞¿∏¿∞¿∏¿∞¿∏¿∞––ÿ∞»¿‰ÿ∞±ôÖ±Õî±—ïÖµ}…ïçΩπç•±•Ö—•Ωπ}Öπë}ç’……ïπ—}›ïï≠±Â}…Ω±î(»¿»ÿ∞ƒ±A|–¿…Ã’±A±ÖÃÅ)Ω°πÕΩ∏±}MT±…•ÈΩπÑÅM—Ö—î±]H±5Ω…ùÖ∏ÅM—Ö—î±Q…’î∞»¿»ÿ¥¿‰¥¿ŸP¿»Ë¿¡h∞–¿ƒ‡‘ÿ‹‹–∞–‹∏¿∞‘»∏‘∞¿∏¿∞±5=11}=9}Q5}IQL±	Ω—ïÖ¥Å…ΩÕ—ï»∞∞¿∏¿±›ïï¨ƒµÿƒ∏¿∞»¿»ÿ¥¿‡¥Ã¡PƒÿËƒ‘Ë¿¿¨¿¿Ë¿¿∞¿∏¿∞¿∏¿∞¿∏¿∞¿∏¿∞¿∏¿∞¿∏¿∞¿∏¿∞¿∏¿∞¿∏¿∞¿∏¿∞¿∏¿∞¿∏¿∞‡‘¿∞»¿‰‹∞±ôÖ±Õî±—ïÖµ}…ïçΩπç•±•Ö—•Ωπ}Öπë}ç’……ïπ—}›ïï≠±Â}…Ω±î(»¿»ÿ∞ƒ±A|ÿ–¡–‹ÿ±A…•πçîÅM—…Öç°Ö∏±}]YT±]ïÕ–ÅY•…ù•π•Ñ±]H±ΩÖÕ—Ö∞ÅÖ…Ω±•πÑ±Q…’î∞»¿»ÿ¥¿‰¥¿’PƒÿË¿¡h∞–¿ƒ‡‘ÿ‹‡¿∞Ã‰∏¿∞‘ÿ∏‘∞¿∏¿∞±5=11}=9}Q5}IQL±	Ω—ïÖ¥Å…ΩÕ—ï»∞∞¿∏¿±›ïï¨ƒµÿƒ∏¿∞»¿»ÿ¥¿‡¥Ã¡PƒÿËƒ‘Ë¿¿¨¿¿Ë¿¿∞¿∏¿∞¿∏¿∞¿∏¿∞¿∏¿∞¿∏¿∞¿∏¿∞¿∏¿∞¿∏¿∞¿∏¿∞¿∏¿∞¿∏¿∞¿∏¿∞‡‘ƒ∞»¿‰‡∞±ôÖ±Õî±—ïÖµ}…ïçΩπç•±•Ö—•Ωπ}Öπë}ç’……ïπ—}›ïï≠±Â}…Ω±î(»¿»ÿ∞ƒ±A|’¡	±E’•πç‰ÅAΩ…—ï»±}9±9Ω—…îÅÖµî±]H±]•ÕçΩπÕ•∏±Q…’î∞»¿»ÿ¥¿‰¥¿ŸP»ÃËÃ¡h∞–¿ƒ‡‘‡–Ã‡∞Ã–∏¿∞–‹∏‘∞¿∏¿∞±5=11}=9}Q5}IQL±	Ω—ïÖ¥Å…ΩÕ—ï»∞∞¿∏¿±›ïï¨ƒµÿƒ∏¿∞»¿»ÿ¥¿‡¥Ã¡PƒÿËƒ‘Ë¿¿¨¿¿Ë¿¿∞¿∏¿∞¿∏¿∞¿∏¿∞¿∏¿∞¿∏¿∞¿∏¿∞¿∏¿∞¿∏¿∞¿∏¿∞¿∏¿∞¿∏¿∞¿∏¿∞‡‘»∞»¿‰‰∞±ôÖ±Õî±—ïÖµ}…ïçΩπç•±•Ö—•Ωπ}Öπë}ç’……ïπ—}›ïï≠±Â}…Ω±î(»¿»ÿ∞ƒ±A}»ÿ»ÿ»Õ±E’•πç‰ÅM°ï±—Ω∏±}=-MP±=≠±Ö°ΩµÑÅM—Ö—î±]H±Q’±ÕÑ±Ö±Õî∞»¿»ÿ¥¿‰¥¿’Pƒ‰Ë–’h∞–¿ƒ‡‘ÿ‹‹»∞Ã‹∏»‘∞ÿ¿∏‘∞¿∏¿∞±5=11}=9}Q5}IQL±	Ω—ïÖ¥Å…ΩÕ—ï»∞∞¿∏¿±›ïï¨ƒµÿƒ∏¿∞»¿»ÿ¥¿‡¥Ã¡PƒÿËƒ‘Ë¿¿¨¿¿Ë¿¿∞¿∏¿∞¿∏¿∞¿∏¿∞¿∏¿∞¿∏¿∞¿∏¿∞¿∏¿∞¿∏¿∞¿∏¿∞¿∏¿∞¿∏¿∞¿∏¿∞‡‘Ã∞»ƒ¿¿∞±ôÖ±Õî±—ïÖµ}…ïçΩπç•±•Ö—•Ωπ}Öπë}ç’……ïπ—}›ïï≠±Â}…Ω±î(»¿»ÿ∞ƒ±A|–Â‹ƒ¿Â±E’•π∏ÅIΩÕïπ≠…ÖπË±}AUH±A’…ë’î±]H±%πë•ÖπÑÅM—Ö—î±Q…’î∞»¿»ÿ¥¿‰¥¿—P»ÃË¿¡h∞–¿ƒ‡‘‡–Ã‘∞–ÿ∏¿∞‘ÿ∏‘∞¿∏¿∞±5=11}=9}Q5}IQL±	Ω—ïÖ¥Å…ΩÕ—ï»∞∞¿∏¿±›ïï¨ƒµÿƒ∏¿∞»¿»ÿ¥¿‡¥Ã¡PƒÿËƒ‘Ë¿¿¨¿¿Ë¿¿∞¿∏¿∞¿∏¿∞¿∏¿∞¿∏¿∞¿∏¿∞¿∏¿∞¿∏¿∞¿∏¿∞¿∏¿∞¿∏¿∞¿∏¿∞¿∏¿∞‡‘–∞»ƒ¿ƒ∞±ôÖ±Õî±—ïÖµ}…ïçΩπç•±•Ö—•Ωπ}Öπë}ç’……ïπ—}›ïï≠±Â}…Ω±î(»¿»ÿ∞ƒ±A|¿—ÂÃ¿–±E’•π—Öï±Â∏Å)ΩÂπï»±}QQT±Qï·ÖÃÅQïç†±]H±â•±ïπîÅ°…•Õ—•Ö∏±Q…’î∞»¿»ÿ¥¿‰¥¿’P»ÃË¿¡h∞–¿ƒ‡‘ÿ‹‹¿∞‘ƒ∏¿∞‘‰∏‘∞¿∏¿∞±5=11}=9}Q5}IQL±	Ω—ïÖ¥Å…ΩÕ—ï»∞∞¿∏¿±›ïï¨ƒµÿƒ∏¿∞»¿»ÿ¥¿‡¥Ã¡PƒÿËƒ‘Ë¿¿¨¿¿Ë¿¿∞¿∏¿∞¿∏¿∞¿∏¿∞¿∏¿∞¿∏¿∞¿∏¿∞¿∏¿∞¿∏¿∞¿∏¿∞¿∏¿∞¿∏¿∞¿∏¿∞‡‘‘∞»ƒ¿»∞±ôÖ±Õî±—ïÖµ}…ïçΩπç•±•Ö—•Ωπ}Öπë}ç’……ïπ—}›ïï≠±Â}…Ω±î(»¿»ÿ∞ƒ±A}–ƒŸƒ‰±IÖ°≠ïï¥ÅMµ•—†±}P±ïΩ…ù•ÑÅQïç†±]H±Ω±Ω…Öëº±Q…’î∞»¿»ÿ¥¿‰¥¿—P¿¿Ë¿¡h∞–¿ƒ‡‘ÿ‹‹ÿ∞»‡∏‘∞‘¿∏‘∞¿∏¿∞±5=11}=9}Q5}IQL±	Ω—ïÖ¥Å…ΩÕ—ï»∞∞¿∏¿±›ïï¨ƒµÿƒ∏¿∞»¿»ÿ¥¿‡¥Ã¡PƒÿËƒ‘Ë¿¿¨¿¿Ë¿¿∞¿∏¿∞¿∏¿∞¿∏¿∞¿∏¿∞¿∏¿∞¿∏¿∞¿∏¿∞¿∏¿∞¿∏¿∞¿∏¿∞¿∏¿∞¿∏¿∞‡‘ÿ∞»ƒ¿Ã∞±ôÖ±Õî±—ïÖµ}…ïçΩπç•±•Ö—•Ωπ}Öπë}ç’……ïπ—}›ïï≠±Â}…Ω±î(»¿»ÿ∞ƒ±A}Õ‰…¿±IÖ‰ÅΩôôï‰±}%MT±%Ω›ÑÅM—Ö—î±]H±MΩ’—°ïÖÕ–Å5•ÕÕΩ’…§ÅM—Ö—î±Q…’î∞»¿»ÿ¥¿‰¥¿’Pƒ‹Ë¿¡h∞–¿ƒ‡‘ÿ‹‹‰∞–ƒ∏‘∞‘Ã∏‘∞¿∏¿∞±5=11}=9}Q5}IQL±	Ω—ïÖ¥Å…ΩÕ—ï»∞∞¿∏¿±›ïï¨ƒµÿƒ∏¿∞»¿»ÿ¥¿‡¥Ã¡PƒÿËƒ‘Ë¿¿¨¿¿Ë¿¿∞¿∏¿∞¿∏¿∞¿∏¿∞¿∏¿∞¿∏¿∞¿∏¿∞¿∏¿∞¿∏¿∞¿∏¿∞¿∏¿∞¿∏¿∞¿∏¿∞‡‘‹∞»ƒ¿–∞±ôÖ±Õî±—ïÖµ}…ïçΩπç•±•Ö—•Ωπ}Öπë}ç’……ïπ—}›ïï≠±Â}…Ω±î(»¿»ÿ∞ƒ±A|ÿÂ›‡ÿƒ±IïïêÅM›ÖπÕΩ∏±}	±	ΩÕ—Ω∏ÅΩ±±ïùî±]H±•πç•ππÖ—§±Ö±Õî∞»¿»ÿ¥¿‰¥¿’Pƒ‰ËÃ¡h∞–¿ƒ‡‘ÿ‹‹‹∞»»∏¿∞‘ƒ∏‘∞¿∏¿∞±5=11}=9}Q5}IQL±	Ω—ïÖ¥Å…ΩÕ—ï»∞∞¿∏¿±›ïï¨ƒµÿƒ∏¿∞»¿»ÿ¥¿‡¥Ã¡PƒÿËƒ‘Ë¿¿¨¿¿Ë¿¿∞¿∏¿∞¿∏¿∞¿∏¿∞¿∏¿∞¿∏¿∞¿∏¿∞¿∏¿∞¿∏¿∞¿∏¿∞¿∏¿∞¿∏¿∞¿∏¿∞‡‘‡∞»ƒ¿‘∞±—…’î±—ïÖµ}…ïçΩπç•±•Ö—•Ωπ}Öπë}ç’……ïπ—}›ïï≠±Â}…Ω±î(»¿»ÿ∞ƒ±A}¿ƒÿ‹·ÿ±IïπºÅIΩï°¥±}M±MΩ’—†ÅÖ…Ω±•πÑ±Q±-ïπ–ÅM—Ö—î±Q…’î∞»¿»ÿ¥¿‰¥¿’PƒÿË–’h∞–¿ƒ‡‘ÿÿÿ‘∞–‘∏¿∞‘Ã∏‘∞¿∏¿∞±5=11}=9}Q5}IQL±	Ω—ïÖ¥Å…ΩÕ—ï»∞∞¿∏¿±›ïï¨ƒµÿƒ∏¿∞»¿»ÿ¥¿‡¥Ã¡PƒÿËƒ‘Ë¿¿¨¿¿Ë¿¿∞¿∏¿∞¿∏¿∞¿∏¿∞¿∏¿∞¿∏¿∞¿∏¿∞¿∏¿∞¿∏¿∞¿∏¿∞¿∏¿∞¿∏¿∞¿∏¿∞––‹∞»ƒ¿ÿ∞±ôÖ±Õî±—ïÖµ}…ïçΩπç•±•Ö—•Ωπ}Öπë}ç’……ïπ—}›ïï≠±Â}…Ω±î(»¿»ÿ∞ƒ±A|ƒ›±I•ç≠‰ÅMÖµ¡ÕΩ∏Å)»∏±}AUH±A’…ë’î±]H±%πë•ÖπÑÅM—Ö—î±Q…’î∞»¿»ÿ¥¿‰¥¿—P»ÃË¿¡h∞–¿ƒ‡‘‡–Ã‘∞–ÿ∏¿∞‘ÿ∏‘∞¿∏¿∞±5=11}=9}Q5}IQL±	Ω—ïÖ¥Å…ΩÕ—ï»∞∞¿∏¿±›ïï¨ƒµÿƒ∏¿∞»¿»ÿ¥¿‡¥Ã¡PƒÿËƒ‘Ë¿¿¨¿¿Ë¿¿∞¿∏¿∞¿∏¿∞¿∏¿∞¿∏¿∞¿∏¿∞¿∏¿∞¿∏¿∞¿∏¿∞¿∏¿∞¿∏¿∞¿∏¿∞¿∏¿∞‡‘‰∞»ƒ¿‹∞±ôÖ±Õî±—ïÖµ}…ïçΩπç•±•Ö—•Ωπ}Öπë}ç’……ïπ—}›ïï≠±Â}…Ω±î(»¿»ÿ∞ƒ±A|‘Âƒ¿–›±I•çºÅ…Ω›ëï»±}U,±-ïπ—’ç≠‰±]H±eΩ’πùÕ—Ω›∏ÅM—Ö—î±Q…’î∞»¿»ÿ¥¿‰¥¿’Pƒ‹Ë¿¡h∞–¿ƒ‡‘ÿÿ‘‰∞–Ã∏¿∞ÿ»∏‘∞¿∏¿∞±5=11}=9}Q5}IQL±	Ω—ïÖ¥Å…ΩÕ—ï»∞∞¿∏¿±›ïï¨ƒµÿƒ∏¿∞»¿»ÿ¥¿‡¥Ã¡PƒÿËƒ‘Ë¿¿¨¿¿Ë¿¿∞¿∏¿∞¿∏¿∞¿∏¿∞¿∏¿∞¿∏¿∞¿∏¿∞¿∏¿∞¿∏¿∞¿∏¿∞¿∏¿∞¿∏¿∞¿∏¿∞‡ÿ¿∞»ƒ¿‡∞±ôÖ±Õî±—ïÖµ}…ïçΩπç•±•Ö—•Ωπ}Öπë}ç’……ïπ—}›ïï≠±Â}…Ω±î(»¿»ÿ∞ƒ±A|›Ãÿ≈‡»±I•ëùîÅ	Ö…≠ï»±}Q`±Qï·ÖÃ±Q±Qï·ÖÃÅM—Ö—î±Q…’î∞»¿»ÿ¥¿‰¥¿’Pƒ‰ËÃ¡h∞–¿ƒ‡‘ÿÿÿ‹∞–‘∏¿∞‘‰∏‘∞¿∏¿∞±5=11}=9}Q5}IQL±	Ω—ïÖ¥Å…ΩÕ—ï»∞∞¿∏¿±›ïï¨ƒµÿƒ∏¿∞»¿»ÿ¥¿‡¥Ã¡PƒÿËƒ‘Ë¿¿¨¿¿Ë¿¿∞¿∏¿∞¿∏¿∞¿∏¿∞¿∏¿∞¿∏¿∞¿∏¿∞¿∏¿∞¿∏¿∞¿∏¿∞¿∏¿∞¿∏¿∞¿∏¿∞––‡∞»ƒ¿‰∞±ôÖ±Õî±—ïÖµ}…ïçΩπç•±•Ö—•Ωπ}Öπë}ç’……ïπ—}›ïï≠±Â}…Ω±î(»¿»ÿ∞ƒ±A}	Õÿ—–±I•±ï‰Å]•±±•ÖµÃ±}5MMP±5•ÕÕ•ÕÕ•¡¡§ÅM—Ö—î±Q±U0Å5Ωπ…Ωî±Q…’î∞»¿»ÿ¥¿‰¥¿’P»ÃËÃ¡h∞–¿ƒ‡‘ÿÿÿ»∞–»∏‘∞‘ÿ∏‘∞¿∏¿∞±5=11}=9}Q5}IQL±	Ω—ïÖ¥Å…ΩÕ—ï»∞∞¿∏¿±›ïï¨ƒµÿƒ∏¿∞»¿»ÿ¥¿‡¥Ã¡PƒÿËƒ‘Ë¿¿¨¿¿Ë¿¿∞¿∏¿∞¿∏¿∞¿∏¿∞¿∏¿∞¿∏¿∞¿∏¿∞¿∏¿∞¿∏¿∞¿∏¿∞¿∏¿∞¿∏¿∞¿∏¿∞––‰∞»ƒƒ¿∞±ôÖ±Õî±—ïÖµ}…ïçΩπç•±•Ö—•Ωπ}Öπë}ç’……ïπ—}›ïï≠±Â}…Ω±î(»¿»ÿ∞ƒ±A|…‘‘–Ã»±I•¡±‰Å1’πÑ±}5%±5•Öµ§±]H±M—ÖπôΩ…ê±Ö±Õî∞»¿»ÿ¥¿‰¥¿’P¿ƒË¿¡h∞–¿ƒ‡‘‡»¿ÿ∞Ãÿ∏¿∞–‹∏‘∞¿∏¿∞±5=11}=9}Q5}IQL±	Ω—ïÖ¥Å…ΩÕ—ï»∞∞¿∏¿±›ïï¨ƒµÿƒ∏¿∞»¿»ÿ¥¿‡¥Ã¡PƒÿËƒ‘Ë¿¿¨¿¿Ë¿¿∞¿∏¿∞¿∏¿∞¿∏¿∞¿∏¿∞¿∏¿∞¿∏¿∞¿∏¿∞¿∏¿∞¿∏¿∞¿∏¿∞¿∏¿∞¿∏¿∞‡ÿƒ∞»ƒƒƒ∞±ôÖ±Õî±—ïÖµ}…ïçΩπç•±•Ö—•Ωπ}Öπë}ç’……ïπ—}›ïï≠±Â}…Ω±î(»¿»ÿ∞ƒ±A}–·¡¿¿±IΩççºÅaï…ΩùïÖπïÃ±}P±ïΩ…ù•ÑÅQïç†±Q±Ω±Ω…Öëº±Q…’î∞»¿»ÿ¥¿‰¥¿—P¿¿Ë¿¡h∞–¿ƒ‡‘ÿ‹‹ÿ∞»‡∏‘∞‘¿∏‘∞¿∏¿∞±5=11}=9}Q5}IQL±	Ω—ïÖ¥Å…ΩÕ—ï»∞∞¿∏¿±›ïï¨ƒµÿƒ∏¿∞»¿»ÿ¥¿‡¥Ã¡PƒÿËƒ‘Ë¿¿¨¿¿Ë¿¿∞¿∏¿∞¿∏¿∞¿∏¿∞¿∏¿∞¿∏¿∞¿∏¿∞¿∏¿∞¿∏¿∞¿∏¿∞¿∏¿∞¿∏¿∞¿∏¿∞–‘¿∞»ƒƒ»∞±ôÖ±Õî±—ïÖµ}…ïçΩπç•±•Ö—•Ωπ}Öπë}ç’……ïπ—}›ïï≠±Â}…Ω±î(»¿»ÿ∞ƒ±A}Â’Ã±IΩëï…•ç¨ÅQïÈïπº±}UM±UM±]H±…ïÕπºÅM—Ö—î±Q…’î∞»¿»ÿ¥¿‰¥¿’P¿ƒË¿¡h∞–¿ƒ‡‘‡–Ãÿ∞Ã‹∏‘∞‘ƒ∏‘∞¿∏¿∞±5=11}=9}Q5}IQL±	Ω—ïÖ¥Å…ΩÕ—ï»∞∞¿∏¿±›ïï¨ƒµÿƒ∏¿∞»¿»ÿ¥¿‡¥Ã¡PƒÿËƒ‘Ë¿¿¨¿¿Ë¿¿∞¿∏¿∞¿∏¿∞¿∏¿∞¿∏¿∞¿∏¿∞¿∏¿∞¿∏¿∞¿∏¿∞¿∏¿∞¿∏¿∞¿∏¿∞¿∏¿∞‡ÿ»∞»ƒƒÃ∞±ôÖ±Õî±—ïÖµ}…ïçΩπç•±•Ö—•Ωπ}Öπë}ç’……ïπ—}›ïï≠±Â}…Ω±î(»¿»ÿ∞ƒ±A}ÿÂ¿–¡±IΩµÖ∏Å5Öπù•π§±}9±9ïâ…ÖÕ≠Ñ±]H±=°•º±Q…’î∞»¿»ÿ¥¿‰¥¿’PƒÿË¿¡h∞–¿ƒ‡‘‡–Ã¿∞Ã‘∏‘∞–‹∏‘∞¿∏¿∞±5=11}=9}Q5}IQL±	Ω—ïÖ¥Å…ΩÕ—ï»∞∞¿∏¿±›ïï¨ƒµÿƒ∏¿∞»¿»ÿ¥¿‡¥Ã¡PƒÿËƒ‘Ë¿¿¨¿¿Ë¿¿∞¿∏¿∞¿∏¿∞¿∏¿∞¿∏¿∞¿∏¿∞¿∏¿∞¿∏¿∞¿∏¿∞¿∏¿∞¿∏¿∞¿∏¿∞¿∏¿∞‡ÿÃ∞»ƒƒ–∞±ôÖ±Õî±—ïÖµ}…ïçΩπç•±•Ö—•Ωπ}Öπë}ç’……ïπ—}›ïï≠±Â}…Ω±î(»¿»ÿ∞ƒ±A|’›Ÿÿ±IΩµÖ∏Å5Ω—°ï…Õ°ïê±}1MT±1MT±]H±±ïµÕΩ∏±Q…’î∞»¿»ÿ¥¿‰¥¿’P»ÃËÃ¡h∞–¿ƒ‡‘ÿÿÿ¿∞Ãƒ∏¿∞‘ƒ∏‘∞¿∏¿∞±5=11}=9}Q5}IQL±	Ω—ïÖ¥Å…ΩÕ—ï»∞∞¿∏¿±›ïï¨ƒµÿƒ∏¿∞»¿»ÿ¥¿‡¥Ã¡PƒÿËƒ‘Ë¿¿¨¿¿Ë¿¿∞¿∏¿∞¿∏¿∞¿∏¿∞¿∏¿∞¿∏¿∞¿∏¿∞¿∏¿∞¿∏¿∞¿∏¿∞¿∏¿∞¿∏¿∞¿∏¿∞‡ÿ–∞»ƒƒ‘∞±ôÖ±Õî±—ïÖµ}…ïçΩπç•±•Ö—•Ωπ}Öπë}ç’……ïπ—}›ïï≠±Â}…Ω±î(»¿»ÿ∞ƒ±A|¿’›‘±I’ÕÕï±∞Å]ï•»±}U1±U1±]H±Ö±•ôΩ…π•Ñ±Ö±Õî∞»¿»ÿ¥¿‰¥¿ŸP¿»ËÃ¡h∞–¿ƒ‡‘‡»ƒ¿∞»‹∏‘∞‘Ã∏‘∞¿∏¿∞±5=11}=9}Q5}IQL±	Ω—ïÖ¥Å…ΩÕ—ï»∞∞¿∏¿±›ïï¨ƒµÿƒ∏¿∞»¿»ÿ¥¿‡¥Ã¡PƒÿËƒ‘Ë¿¿¨¿¿Ë¿¿∞¿∏¿∞¿∏¿∞¿∏¿∞¿∏¿∞¿∏¿∞¿∏¿∞¿∏¿∞¿∏¿∞¿∏¿∞¿∏¿∞¿∏¿∞¿∏¿∞‡ÿ‘∞»ƒƒÿ∞±ôÖ±Õî±—ïÖµ}…ïçΩπç•±•Ö—•Ωπ}Öπë}ç’……ïπ—}›ïï≠±Â}…Ω±î(»¿»ÿ∞ƒ±A}›Ÿ¿‹±IÂÖ∏Å	ÖÂΩ’µ‰±}IUQ±I’—ùï…Ã±Q±5ÖÕÕÖç°’Õï——Ã±Q…’î∞»¿»ÿ¥¿‰¥¿ÕP»»Ë¿¡h∞–¿ƒ‡‘‡–»Ã∞–ƒ∏¿∞‘»∏‘∞¿∏¿∞±5=11}=9}Q5}IQL±	Ω—ïÖ¥Å…ΩÕ—ï»∞∞¿∏¿±›ïï¨ƒµÿƒ∏¿∞»¿»ÿ¥¿‡¥Ã¡PƒÿËƒ‘Ë¿¿¨¿¿Ë¿¿∞¿∏¿∞¿∏¿∞¿∏¿∞¿∏¿∞¿∏¿∞¿∏¿∞¿∏¿∞¿∏¿∞¿∏¿∞¿∏¿∞¿∏¿∞¿∏¿∞–‘ƒ∞»ƒƒ‹∞±ôÖ±Õî±—ïÖµ}…ïçΩπç•±•Ö—•Ωπ}Öπë}ç’……ïπ—}›ïï≠±Â}…Ω±î(»¿»ÿ∞ƒ±A|Õÿ’‘±IÂÖ∏ÅMç°›ïπëïµÖ∏±}]%M±]•ÕçΩπÕ•∏±Q±9Ω—…îÅÖµî±Ö±Õî∞»¿»ÿ¥¿‰¥¿ŸP»ÃËÃ¡h∞–¿ƒ‡‘‡–Ã‡∞ƒÃ∏‘∞–‹∏‘∞¿∏¿∞±5=11}=9}Q5}IQL±	Ω—ïÖ¥Å…ΩÕ—ï»∞∞¿∏¿±›ïï¨ƒµÿƒ∏¿∞»¿»ÿ¥¿‡¥Ã¡PƒÿËƒ‘Ë¿¿¨¿¿Ë¿¿∞¿∏¿∞¿∏¿∞¿∏¿∞¿∏¿∞¿∏¿∞¿∏¿∞¿∏¿∞¿∏¿∞¿∏¿∞¿∏¿∞¿∏¿∞¿∏¿∞–‘»∞»ƒƒ‡∞±ôÖ±Õî±—ïÖµ}…ïçΩπç•±•Ö—•Ωπ}Öπë}ç’……ïπ—}›ïï≠±Â}…Ω±î(»¿»ÿ∞ƒ±A|Â	Â±IÂÖ∏ÅMï•µï—Ë±}=MT±=°•ºÅM—Ö—î±]H±	Ö±∞ÅM—Ö—î±Q…’î∞»¿»ÿ¥¿‰¥¿’PƒÿËÃ¡h∞–¿ƒ‡‘‡–Ã»∞‘Ã∏‘∞‘ÿ∏‘∞¿∏¿∞±5=11}=9}Q5}IQL±	Ω—ïÖ¥Å…ΩÕ—ï»∞∞¿∏¿±›ïï¨ƒµÿƒ∏¿∞»¿»ÿ¥¿‡¥Ã¡PƒÿËƒ‘Ë¿¿¨¿¿Ë¿¿∞¿∏¿∞¿∏¿∞¿∏¿∞¿∏¿∞¿∏¿∞¿∏¿∞¿∏¿∞¿∏¿∞¿∏¿∞¿∏¿∞¿∏¿∞¿∏¿∞‡ÿÿ∞»ƒƒ‰∞±ôÖ±Õî±—ïÖµ}…ïçΩπç•±•Ö—•Ωπ}Öπë}ç’……ïπ—}›ïï≠±Â}…Ω±î(»¿»ÿ∞ƒ±A}	ÿ‰‹»¿‡±IÂëï»Å5•‡±}=T±=≠±Ö°ΩµÑ±Q±UQ@±Q…’î∞»¿»ÿ¥¿‰¥¿’P¿¿Ë¿¡h∞–¿ƒ‡‘ÿÿÿ–∞–ÿ∏¿∞‘¿∏‘∞¿∏¿∞±5=11}=9}Q5}IQL±	Ω—ïÖ¥Å…ΩÕ—ï»∞∞¿∏¿±›ïï¨ƒµÿƒ∏¿∞»¿»ÿ¥¿‡¥Ã¡PƒÿËƒ‘Ë¿¿¨¿¿Ë¿¿∞¿∏¿∞¿∏¿∞¿∏¿∞¿∏¿∞¿∏¿∞¿∏¿∞¿∏¿∞¿∏¿∞¿∏¿∞¿∏¿∞¿∏¿∞¿∏¿∞–‘Ã∞»ƒ»¿∞±ôÖ±Õî±—ïÖµ}…ïçΩπç•±•Ö—•Ωπ}Öπë}ç’……ïπ—}›ïï≠±Â}…Ω±î(»¿»ÿ∞ƒ±A|Â‹‰»‹¿±MÖ±ïÕ§Å5ΩÑ±}5% ±5•ç°•ùÖ∏±]H±]ïÕ—ï…∏Å5•ç°•ùÖ∏±Q…’î∞»¿»ÿ¥¿‰¥¿’P»ÃËÃ¡h∞–¿ƒ‡‘‡–»‡∞Ã‡∏¿∞–‡∏‘∞¿∏¿∞±5=11}=9}Q5}IQL±	Ω—ïÖ¥Å…ΩÕ—ï»∞∞¿∏¿±›ïï¨ƒµÿƒ∏¿∞»¿»ÿ¥¿‡¥Ã¡PƒÿËƒ‘Ë¿¿¨¿¿Ë¿¿∞¿∏¿∞¿∏¿∞¿∏¿∞¿∏¿∞¿∏¿∞¿∏¿∞¿∏¿∞¿∏¿∞¿∏¿∞¿∏¿∞¿∏¿∞¿∏¿∞‡ÿ‹∞»ƒ»ƒ∞±ôÖ±Õî±—ïÖµ}…ïçΩπç•±•Ö—•Ωπ}Öπë}ç’……ïπ—}›ïï≠±Â}…Ω±î(»¿»ÿ∞ƒ±A|¡‹Õ‰‹ÿ±MÖ±ΩµΩ∏ÅÖ±ï‰±}IUQ±I’—ùï…Ã±]H±5ÖÕÕÖç°’Õï——Ã±Q…’î∞»¿»ÿ¥¿‰¥¿ÕP»»Ë¿¡h∞–¿ƒ‡‘‡–»Ã∞–ƒ∏¿∞‘»∏‘∞¿∏¿∞±5=11}=9}Q5}IQL±	Ω—ïÖ¥Å…ΩÕ—ï»∞∞¿∏¿±›ïï¨ƒµÿƒ∏¿∞»¿»ÿ¥¿‡¥Ã¡PƒÿËƒ‘Ë¿¿¨¿¿Ë¿¿∞¿∏¿∞¿∏¿∞¿∏¿∞¿∏¿∞¿∏¿∞¿∏¿∞¿∏¿∞¿∏¿∞¿∏¿∞¿∏¿∞¿∏¿∞¿∏¿∞‡ÿ‡∞»ƒ»»∞±ôÖ±Õî±—ïÖµ}…ïçΩπç•±•Ö—•Ωπ}Öπë}ç’……ïπ—}›ïï≠±Â}…Ω±î(»¿»ÿ∞ƒ±A}¿Ã‹‹¡¿±MÖ¥ÅÖ…±î±}14±±ïµÕΩ∏±]H±1MT±Ö±Õî∞»¿»ÿ¥¿‰¥¿’P»ÃËÃ¡h∞–¿ƒ‡‘ÿÿÿ¿∞»¿∏‘∞‘ƒ∏‘∞¿∏¿∞±5=11}=9}Q5}IQL±	Ω—ïÖ¥Å…ΩÕ—ï»∞∞¿∏¿±›ïï¨ƒµÿƒ∏¿∞»¿»ÿ¥¿‡¥Ã¡PƒÿËƒ‘Ë¿¿¨¿¿Ë¿¿∞¿∏¿∞¿∏¿∞¿∏¿∞¿∏¿∞¿∏¿∞¿∏¿∞¿∏¿∞¿∏¿∞¿∏¿∞¿∏¿∞¿∏¿∞¿∏¿∞‡ÿ‰∞»ƒ»Ã∞±ôÖ±Õî±—ïÖµ}…ïçΩπç•±•Ö—•Ωπ}Öπë}ç’……ïπ—}›ïï≠±Â}…Ω±î(»¿»ÿ∞ƒ±A|ƒ‡‘……±MÖ¥ÅAï—ï…Ã±}5%98±5•ππïÕΩ—Ñ±Q±ÖÕ—ï…∏Å%±±•πΩ•Ã±Q…’î∞»¿»ÿ¥¿‰¥¿—P¿¿Ë¿¡h∞–¿ƒ‡‘‡–»»∞–‹∏‘∞‘ƒ∏‘∞¿∏¿∞±5=11}=9}Q5}IQL±	Ω—ïÖ¥Å…ΩÕ—ï»∞∞¿∏¿±›ïï¨ƒµÿƒ∏¿∞»¿»ÿ¥¿‡¥Ã¡PƒÿËƒ‘Ë¿¿¨¿¿Ë¿¿∞¿∏¿∞¿∏¿∞¿∏¿∞¿∏¿∞¿∏¿∞¿∏¿∞¿∏¿∞¿∏¿∞¿∏¿∞¿∏¿∞¿∏¿∞¿∏¿∞–‘–∞»ƒ»–∞±ôÖ±Õî±—ïÖµ}…ïçΩπç•±•Ö—•Ωπ}Öπë}ç’……ïπ—}›ïï≠±Â}…Ω±î(»¿»ÿ∞ƒ±A|ÿ‡—‰Õ±MÖ¥ÅAΩ›ï±∞±}U±U±Q±	ï—°’πîµΩΩ≠µÖ∏±Q…’î∞»¿»ÿ¥¿‰¥¿ÕP»ÃË¿¡h∞–¿ƒ‡‘ÿ‹ÿ‹∞‘¿∏‘∞‘‡∏‘∞¿∏¿∞±5=11}=9}Q5}IQL±	Ω—ïÖ¥Å…ΩÕ—ï»∞∞¿∏¿±›ïï¨ƒµÿƒ∏¿∞»¿»ÿ¥¿‡¥Ã¡PƒÿËƒ‘Ë¿¿¨¿¿Ë¿¿∞¿∏¿∞¿∏¿∞¿∏¿∞¿∏¿∞¿∏¿∞¿∏¿∞¿∏¿∞¿∏¿∞¿∏¿∞¿∏¿∞¿∏¿∞¿∏¿∞–‘‘∞»ƒ»‘∞±ôÖ±Õî±—ïÖµ}…ïçΩπç•±•Ö—•Ωπ}Öπë}ç’……ïπ—}›ïï≠±Â}…Ω±î(»¿»ÿ∞ƒ±A|Ãÿ·–ƒ¿‘±MÖ¥Åiï±ïπΩŸ•ç†±}%MT±%Ω›ÑÅM—Ö—î±]H±MΩ’—°ïÖÕ–Å5•ÕÕΩ’…§ÅM—Ö—î±Q…’î∞»¿»ÿ¥¿‰¥¿’Pƒ‹Ë¿¡h∞–¿ƒ‡‘ÿ‹‹‰∞–ƒ∏‘∞‘Ã∏‘∞¿∏¿∞±5=11}=9}Q5}IQL±	Ω—ïÖ¥Å…ΩÕ—ï»∞∞¿∏¿±›ïï¨ƒµÿƒ∏¿∞»¿»ÿ¥¿‡¥Ã¡PƒÿËƒ‘Ë¿¿¨¿¿Ë¿¿∞¿∏¿∞¿∏¿∞¿∏¿∞¿∏¿∞¿∏¿∞¿∏¿∞¿∏¿∞¿∏¿∞¿∏¿∞¿∏¿∞¿∏¿∞¿∏¿∞‡‹¿∞»ƒ»ÿ∞±ôÖ±Õî±—ïÖµ}…ïçΩπç•±•Ö—•Ωπ}Öπë}ç’……ïπ—}›ïï≠±Â}…Ω±î(»¿»ÿ∞ƒ±A}¡¡ÿÕ±MÖµ’ï∞ÅAÖëù•—–±}!=T±!Ω’Õ—Ω∏±]H±=…ïùΩ∏ÅM—Ö—î±Q…’î∞»¿»ÿ¥¿‰¥¿’PƒÿË¿¡h∞–¿ƒ‡‘ÿ‹‹‡∞Ãÿ∏¿∞‘ƒ∏‘∞¿∏¿∞±5=11}=9}Q5}IQL±	Ω—ïÖ¥Å…ΩÕ—ï»∞∞¿∏¿±›ïï¨ƒµÿƒ∏¿∞»¿»ÿ¥¿‡¥Ã¡PƒÿËƒ‘Ë¿¿¨¿¿Ë¿¿∞¿∏¿∞¿∏¿∞¿∏¿∞¿∏¿∞¿∏¿∞¿∏¿∞¿∏¿∞¿∏¿∞¿∏¿∞¿∏¿∞¿∏¿∞¿∏¿∞‡‹ƒ∞»ƒ»‹∞±ôÖ±Õî±—ïÖµ}…ïçΩπç•±•Ö—•Ωπ}Öπë}ç’……ïπ—}›ïï≠±Â}…Ω±î(»¿»ÿ∞ƒ±A}ÿÃ‘ƒ¡±MÖ·—Ω∏Å!Ω›Ö…ê±}U,±-ïπ—’ç≠‰±]H±eΩ’πùÕ—Ω›∏ÅM—Ö—î±Q…’î∞»¿»ÿ¥¿‰¥¿’Pƒ‹Ë¿¡h∞–¿ƒ‡‘ÿÿ‘‰∞–Ã∏¿∞ÿ»∏‘∞¿∏¿∞±5=11}=9}Q5}IQL±	Ω—ïÖ¥Å…ΩÕ—ï»∞∞¿∏¿±›ïï¨ƒµÿƒ∏¿∞»¿»ÿ¥¿‡¥Ã¡PƒÿËƒ‘Ë¿¿¨¿¿Ë¿¿∞¿∏¿∞¿∏¿∞¿∏¿∞¿∏¿∞¿∏¿∞¿∏¿∞¿∏¿∞¿∏¿∞¿∏¿∞¿∏¿∞¿∏¿∞¿∏¿∞‡‹»∞»ƒ»‡∞±ôÖ±Õî±—ïÖµ}…ïçΩπç•±•Ö—•Ωπ}Öπë}ç’……ïπ—}›ïï≠±Â}…Ω±î(»¿»ÿ∞ƒ±A}‘Ã‡—‘‰±MçΩ——‰Å	…ïππÖ∏±}I%h±…•ÈΩπÑ±]H±9Ω…—°ï…∏Å…•ÈΩπÑ±Q…’î∞»¿»ÿ¥¿‰¥¿ŸP¿ƒËÃ¡h∞–¿ƒ‡‘ÿ‹‹Ã∞––∏¿∞‘ÿ∏‘∞¿∏¿∞±5=11}=9}Q5}IQL±	Ω—ïÖ¥Å…ΩÕ—ï»∞∞¿∏¿±›ïï¨ƒµÿƒ∏¿∞»¿»ÿ¥¿‡¥Ã¡PƒÿËƒ‘Ë¿¿¨¿¿Ë¿¿∞¿∏¿∞¿∏¿∞¿∏¿∞¿∏¿∞¿∏¿∞¿∏¿∞¿∏¿∞¿∏¿∞¿∏¿∞¿∏¿∞¿∏¿∞¿∏¿∞‡‹Ã∞»ƒ»‰∞±ôÖ±Õî±—ïÖµ}…ïçΩπç•±•Ö—•Ωπ}Öπë}ç’……ïπ—}›ïï≠±Â}…Ω±î(»¿»ÿ∞ƒ±A|’Õƒ¡±Mï—†ÅiÖµΩ…Ñ±}UM±UM±]H±…ïÕπºÅM—Ö—î±Q…’î∞»¿»ÿ¥¿‰¥¿’P¿ƒË¿¡h∞–¿ƒ‡‘‡–Ãÿ∞Ã‹∏‘∞‘ƒ∏‘∞¿∏¿∞±5=11}=9}Q5}IQL±	Ω—ïÖ¥Å…ΩÕ—ï»∞∞¿∏¿±›ïï¨ƒµÿƒ∏¿∞»¿»ÿ¥¿‡¥Ã¡PƒÿËƒ‘Ë¿¿¨¿¿Ë¿¿∞¿∏¿∞¿∏¿∞¿∏¿∞¿∏¿∞¿∏¿∞¿∏¿∞¿∏¿∞¿∏¿∞¿∏¿∞¿∏¿∞¿∏¿∞¿∏¿∞‡‹–∞»ƒÃ¿∞±ôÖ±Õî±—ïÖµ}…ïçΩπç•±•Ö—•Ωπ}Öπë}ç’……ïπ—}›ïï≠±Â}…Ω±î(»¿»ÿ∞ƒ±A|Ã‘‹‘‡»‘‡±M°ÖπîÅÖ…»±}U,±-ïπ—’ç≠‰±]H±eΩ’πùÕ—Ω›∏ÅM—Ö—î±Q…’î∞»¿»ÿ¥¿‰¥¿’Pƒ‹Ë¿¡h∞–¿ƒ‡‘ÿÿ‘‰∞–Ã∏¿∞ÿ»∏‘∞¿∏¿∞±5=11}=9}Q5}IQL±	Ω—ïÖ¥Å…ΩÕ—ï»∞∞¿∏¿±›ïï¨ƒµÿƒ∏¿∞»¿»ÿ¥¿‡¥Ã¡PƒÿËƒ‘Ë¿¿¨¿¿Ë¿¿∞¿∏¿∞¿∏¿∞¿∏¿∞¿∏¿∞¿∏¿∞¿∏¿∞¿∏¿∞¿∏¿∞¿∏¿∞¿∏¿∞¿∏¿∞¿∏¿∞‡‹‘∞»ƒÃƒ∞±ôÖ±Õî±—ïÖµ}…ïçΩπç•±•Ö—•Ωπ}Öπë}ç’……ïπ—}›ïï≠±Â}…Ω±î(»¿»ÿ∞ƒ±A|–·‡¡ÿ±M°ÖπîÅ-•πú±}I%h±…•ÈΩπÑ±Q±9Ω…—°ï…∏Å…•ÈΩπÑ±Q…’î∞»¿»ÿ¥¿‰¥¿ŸP¿ƒËÃ¡h∞–¿ƒ‡‘ÿ‹‹Ã∞––∏¿∞‘ÿ∏‘∞¿∏¿∞±5=11}=9}Q5}IQL±	Ω—ïÖ¥Å…ΩÕ—ï»∞∞¿∏¿±›ïï¨ƒµÿƒ∏¿∞»¿»ÿ¥¿‡¥Ã¡PƒÿËƒ‘Ë¿¿¨¿¿Ë¿¿∞¿∏¿∞¿∏¿∞¿∏¿∞¿∏¿∞¿∏¿∞¿∏¿∞¿∏¿∞¿∏¿∞¿∏¿∞¿∏¿∞¿∏¿∞¿∏¿∞–‘ÿ∞»ƒÃ»∞±ôÖ±Õî±—ïÖµ}…ïçΩπç•±•Ö—•Ωπ}Öπë}ç’……ïπ—}›ïï≠±Â}…Ω±î(»¿»ÿ∞ƒ±A}ÿÕ¡ƒ‘±M•±ï»ÅΩΩ≠î±}M5T±M5T±]H±±Ω…•ëÑÅM—Ö—î±Ö±Õî∞»¿»ÿ¥¿‰¥¿›P»ÃËÃ¡h∞–¿ƒ‡‘‡»ƒ»∞»‡∏»‘∞‘Ã∏‘∞¿∏¿∞±5=11}=9}Q5}IQL±	Ω—ïÖ¥Å…ΩÕ—ï»∞∞¿∏¿±›ïï¨ƒµÿƒ∏¿∞»¿»ÿ¥¿‡¥Ã¡PƒÿËƒ‘Ë¿¿¨¿¿Ë¿¿∞¿∏¿∞¿∏¿∞¿∏¿∞¿∏¿∞¿∏¿∞¿∏¿∞¿∏¿∞¿∏¿∞¿∏¿∞¿∏¿∞¿∏¿∞¿∏¿∞‡‹ÿ∞»ƒÃÃ∞±ôÖ±Õî±—ïÖµ}…ïçΩπç•±•Ö—•Ωπ}Öπë}ç’……ïπ—}›ïï≠±Â}…Ω±î(»¿»ÿ∞ƒ±A|–Ÿƒ¡±M¡ïπçï»Å1ïÖëâï——ï»±}U,±-ïπ—’ç≠‰±]H±eΩ’πùÕ—Ω›∏ÅM—Ö—î±Q…’î∞»¿»ÿ¥¿‰¥¿’Pƒ‹Ë¿¡h∞–¿ƒ‡‘ÿÿ‘‰∞–Ã∏¿∞ÿ»∏‘∞¿∏¿∞±5=11}=9}Q5}IQL±	Ω—ïÖ¥Å…ΩÕ—ï»∞∞¿∏¿±›ïï¨ƒµÿƒ∏¿∞»¿»ÿ¥¿‡¥Ã¡PƒÿËƒ‘Ë¿¿¨¿¿Ë¿¿∞¿∏¿∞¿∏¿∞¿∏¿∞¿∏¿∞¿∏¿∞¿∏¿∞¿∏¿∞¿∏¿∞¿∏¿∞¿∏¿∞¿∏¿∞¿∏¿∞‡‹‹∞»ƒÃ–∞±ôÖ±Õî±—ïÖµ}…ïçΩπç•±•Ö—•Ωπ}Öπë}ç’……ïπ—}›ïï≠±Â}…Ω±î(»¿»ÿ∞ƒ±A|ƒ‘¡Ÿ—±M¡ïπçï»Å5ï…µÖπÃ±}P±ïΩ…ù•ÑÅQïç†±Q±Ω±Ω…Öëº±Q…’î∞»¿»ÿ¥¿‰¥¿—P¿¿Ë¿¡h∞–¿ƒ‡‘ÿ‹‹ÿ∞»‡∏‘∞‘¿∏‘∞¿∏¿∞±5=11}=9}Q5}IQL±	Ω—ïÖ¥Å…ΩÕ—ï»∞∞¿∏¿±›ïï¨ƒµÿƒ∏¿∞»¿»ÿ¥¿‡¥Ã¡PƒÿËƒ‘Ë¿¿¨¿¿Ë¿¿∞¿∏¿∞¿∏¿∞¿∏¿∞¿∏¿∞¿∏¿∞¿∏¿∞¿∏¿∞¿∏¿∞¿∏¿∞¿∏¿∞¿∏¿∞¿∏¿∞–‘‹∞»ƒÃ‘∞±ôÖ±Õî±—ïÖµ}…ïçΩπç•±•Ö—•Ωπ}Öπë}ç’……ïπ—}›ïï≠±Â}…Ω±î(»¿»ÿ∞ƒ±A|»Õ¿›’±M—ï…±•πúÅ	ï…≠°Ö±—ï»±}Q`±Qï·ÖÃ±]H±Qï·ÖÃÅM—Ö—î±Q…’î∞»¿»ÿ¥¿‰¥¿’Pƒ‰ËÃ¡h∞–¿ƒ‡‘ÿÿÿ‹∞–‘∏¿∞‘‰∏‘∞¿∏¿∞±5=11}=9}Q5}IQL±	Ω—ïÖ¥Å…ΩÕ—ï»∞∞¿∏¿±›ïï¨ƒµÿƒ∏¿∞»¿»ÿ¥¿‡¥Ã¡PƒÿËƒ‘Ë¿¿¨¿¿Ë¿¿∞¿∏¿∞¿∏¿∞¿∏¿∞¿∏¿∞¿∏¿∞¿∏¿∞¿∏¿∞¿∏¿∞¿∏¿∞¿∏¿∞¿∏¿∞¿∏¿∞‡‹‡∞»ƒÃÿ∞±—…’î±—ïÖµ}…ïçΩπç•±•Ö—•Ωπ}Öπë}ç’……ïπ—}›ïï≠±Â}…Ω±î(»¿»ÿ∞ƒ±A|›‡…·»±M—ΩπîÅ’……ï‰±}M±MΩ’—†ÅÖ…Ω±•πÑ±]H±-ïπ–ÅM—Ö—î±Q…’î∞»¿»ÿ¥¿‰¥¿’PƒÿË–’h∞–¿ƒ‡‘ÿÿÿ‘∞–‘∏¿∞‘Ã∏‘∞¿∏¿∞±5=11}=9}Q5}IQL±	Ω—ïÖ¥Å…ΩÕ—ï»∞∞¿∏¿±›ïï¨ƒµÿƒ∏¿∞»¿»ÿ¥¿‡¥Ã¡PƒÿËƒ‘Ë¿¿¨¿¿Ë¿¿∞¿∏¿∞¿∏¿∞¿∏¿∞¿∏¿∞¿∏¿∞¿∏¿∞¿∏¿∞¿∏¿∞¿∏¿∞¿∏¿∞¿∏¿∞¿∏¿∞‡‹‰∞»ƒÃ‹∞±ôÖ±Õî±—ïÖµ}…ïçΩπç•±•Ö—•Ωπ}Öπë}ç’……ïπ—}›ïï≠±Â}…Ω±î(»¿»ÿ∞ƒ±A|–·±QÖùï…–Å	Ö…ë•∏±}=1<±Ω±Ω…Öëº±]H±ïΩ…ù•ÑÅQïç†±Ö±Õî∞»¿»ÿ¥¿‰¥¿—P¿¿Ë¿¡h∞–¿ƒ‡‘ÿ‹‹ÿ∞»»∏¿∞‘¿∏‘∞¿∏¿∞±5=11}=9}Q5}IQL±	Ω—ïÖ¥Å…ΩÕ—ï»∞∞¿∏¿±›ïï¨ƒµÿƒ∏¿∞»¿»ÿ¥¿‡¥Ã¡PƒÿËƒ‘Ë¿¿¨¿¿Ë¿¿∞¿∏¿∞¿∏¿∞¿∏¿∞¿∏¿∞¿∏¿∞¿∏¿∞¿∏¿∞¿∏¿∞¿∏¿∞¿∏¿∞¿∏¿∞¿∏¿∞‡‡¿∞»ƒÃ‡∞±ôÖ±Õî±—ïÖµ}…ïçΩπç•±•Ö—•Ωπ}Öπë}ç’……ïπ—}›ïï≠±Â}…Ω±î(»¿»ÿ∞ƒ±A|ƒ‹¿‰ƒ‘‡‰±QÖππï»Å!Ω±±•πùï»±}%10±%±±•πΩ•Ã±Q±U±Q…’î∞»¿»ÿ¥¿‰¥¿—P¿ƒË¿¡h∞–¿ƒ‡‘‡–»–∞–»∏¿∞‘‘∏‘∞¿∏¿∞±5=11}=9}Q5}IQL±	Ω—ïÖ¥Å…ΩÕ—ï»∞∞¿∏¿±›ïï¨ƒµÿƒ∏¿∞»¿»ÿ¥¿‡¥Ã¡PƒÿËƒ‘Ë¿¿¨¿¿Ë¿¿∞¿∏¿∞¿∏¿∞¿∏¿∞¿∏¿∞¿∏¿∞¿∏¿∞¿∏¿∞¿∏¿∞¿∏¿∞¿∏¿∞¿∏¿∞¿∏¿∞–‘‡∞»ƒÃ‰∞±ôÖ±Õî±—ïÖµ}…ïçΩπç•±•Ö—•Ωπ}Öπë}ç’……ïπ—}›ïï≠±Â}…Ω±î(»¿»ÿ∞ƒ±A|‡Ÿƒ≈Õ±Qï……ÖπçîÅMÖ…ÂΩ∏±}	eT±	eT±]H±U—Ö†ÅQïç†±Q…’î∞»¿»ÿ¥¿‰¥¿ŸP¿¿Ë¿¡h∞–¿ƒ‡‘ÿ‹‹‘∞‘»∏‘∞‘–∏‘∞¿∏¿∞±5=11}=9}Q5}IQL±	Ω—ïÖ¥Å…ΩÕ—ï»∞∞¿∏¿±›ïï¨ƒµÿƒ∏¿∞»¿»ÿ¥¿‡¥Ã¡PƒÿËƒ‘Ë¿¿¨¿¿Ë¿¿∞¿∏¿∞¿∏¿∞¿∏¿∞¿∏¿∞¿∏¿∞¿∏¿∞¿∏¿∞¿∏¿∞¿∏¿∞¿∏¿∞¿∏¿∞¿∏¿∞‡‡ƒ∞»ƒ–¿∞±ôÖ±Õî±—ïÖµ}…ïçΩπç•±•Ö—•Ωπ}Öπë}ç’……ïπ—}›ïï≠±Â}…Ω±î(»¿»ÿ∞ƒ±A}‰¿ÿ‘‘±Qï……ïπçîÅ1ï›•Ã±}=-MP±=≠±Ö°ΩµÑÅM—Ö—î±]H±Q’±ÕÑ±Ö±Õî∞»¿»ÿ¥¿‰¥¿’Pƒ‰Ë–’h∞–¿ƒ‡‘ÿ‹‹»∞Ã‹∏»‘∞ÿ¿∏‘∞¿∏¿∞±5=11}=9}Q5}IQL±	Ω—ïÖ¥Å…ΩÕ—ï»∞∞¿∏¿±›ïï¨ƒµÿƒ∏¿∞»¿»ÿ¥¿‡¥Ã¡PƒÿËƒ‘Ë¿¿¨¿¿Ë¿¿∞¿∏¿∞¿∏¿∞¿∏¿∞¿∏¿∞¿∏¿∞¿∏¿∞¿∏¿∞¿∏¿∞¿∏¿∞¿∏¿∞¿∏¿∞¿∏¿∞‡‡»∞»ƒ–ƒ∞±ôÖ±Õî±—ïÖµ}…ïçΩπç•±•Ö—•Ωπ}Öπë}ç’……ïπ—}›ïï≠±Â}…Ω±î(»¿»ÿ∞ƒ±A}	‘‘ƒÿ‰±Qï……ïπçîÅ5ç]•±±•ÖµÃÅ)»∏±}1=T±1Ω’•ÕŸ•±±î±]H±=±îÅ5•ÕÃ±Ö±Õî∞»¿»ÿ¥¿‰¥¿ŸP»ÃËÃ¡h∞–¿ƒ‡‘ÿÿÿƒ∞»–∏‘∞‘‘∏‘∞¿∏¿∞±5=11}=9}Q5}IQL±	Ω—ïÖ¥Å…ΩÕ—ï»∞∞¿∏¿±›ïï¨ƒµÿƒ∏¿∞»¿»ÿ¥¿‡¥Ã¡PƒÿËƒ‘Ë¿¿¨¿¿Ë¿¿∞¿∏¿∞¿∏¿∞¿∏¿∞¿∏¿∞¿∏¿∞¿∏¿∞¿∏¿∞¿∏¿∞¿∏¿∞¿∏¿∞¿∏¿∞¿∏¿∞‡‡Ã∞»ƒ–»∞±ôÖ±Õî±—ïÖµ}…ïçΩπç•±•Ö—•Ωπ}Öπë}ç’……ïπ—}›ïï≠±Â}…Ω±î(»¿»ÿ∞ƒ±A|¿¿Â·¿±Q°ΩµÖÃÅ5ç±’Õ≠ï‰±}5±5Ö…Â±Öπê±Q±!Öµ¡—Ω∏±Q…’î∞»¿»ÿ¥¿‰¥¿ŸP¿¿Ë¿¡h∞–¿ƒ‡‘‡–»‹∞‘ƒ∏¿∞‘ÿ∏‘∞¿∏¿∞±5=11}=9}Q5}IQL±	Ω—ïÖ¥Å…ΩÕ—ï»∞∞¿∏¿±›ïï¨ƒµÿƒ∏¿∞»¿»ÿ¥¿‡¥Ã¡PƒÿËƒ‘Ë¿¿¨¿¿Ë¿¿∞¿∏¿∞¿∏¿∞¿∏¿∞¿∏¿∞¿∏¿∞¿∏¿∞¿∏¿∞¿∏¿∞¿∏¿∞¿∏¿∞¿∏¿∞¿∏¿∞–‘‰∞»ƒ–Ã∞±ôÖ±Õî±—ïÖµ}…ïçΩπç•±•Ö—•Ωπ}Öπë}ç’……ïπ—}›ïï≠±Â}…Ω±î(»¿»ÿ∞ƒ±A|‘‡‹‡–›¿±QΩ¥Å5ç±•πç°ï‰±}9\±9Ω…—°›ïÕ—ï…∏±Q±MΩ’—†ÅÖ≠Ω—ÑÅM—Ö—î±Q…’î∞»¿»ÿ¥¿‰¥¿ŸP¿¿Ë¿¡h∞–¿ƒ‡‘‡–Ãƒ∞»‰∏‘∞–ÿ∏‘∞¿∏¿∞±5=11}=9}Q5}IQL±	Ω—ïÖ¥Å…ΩÕ—ï»∞∞¿∏¿±›ïï¨ƒµÿƒ∏¿∞»¿»ÿ¥¿‡¥Ã¡PƒÿËƒ‘Ë¿¿¨¿¿Ë¿¿∞¿∏¿∞¿∏¿∞¿∏¿∞¿∏¿∞¿∏¿∞¿∏¿∞¿∏¿∞¿∏¿∞¿∏¿∞¿∏¿∞¿∏¿∞¿∏¿∞–ÿ¿∞»ƒ––∞±ôÖ±Õî±—ïÖµ}…ïçΩπç•±•Ö—•Ωπ}Öπë}ç’……ïπ—}›ïï≠±Â}…Ω±î(»¿»ÿ∞ƒ±A|Â‡¡	’±QΩπ‰Å	±Öπê±}MT±±Ω…•ëÑÅM—Ö—î±]H±M5T±Q…’î∞»¿»ÿ¥¿‰¥¿›P»ÃËÃ¡h∞–¿ƒ‡‘‡»ƒ»∞»‘∏»‘∞‘Ã∏‘∞¿∏¿∞±5=11}=9}Q5}IQL±	Ω—ïÖ¥Å…ΩÕ—ï»∞∞¿∏¿±›ïï¨ƒµÿƒ∏¿∞»¿»ÿ¥¿‡¥Ã¡PƒÿËƒ‘Ë¿¿¨¿¿Ë¿¿∞¿∏¿∞¿∏¿∞¿∏¿∞¿∏¿∞¿∏¿∞¿∏¿∞¿∏¿∞¿∏¿∞¿∏¿∞¿∏¿∞¿∏¿∞¿∏¿∞‡‡–∞»ƒ–‘∞±ôÖ±Õî±—ïÖµ}…ïçΩπç•±•Ö—•Ωπ}Öπë}ç’……ïπ—}›ïï≠±Â}…Ω±î(»¿»ÿ∞ƒ±A|ÿ—’‘±QΩπ‰Å•ÖË±}%=]±%Ω›Ñ±]H±9Ω…—°ï…∏Å%±±•πΩ•Ã±Q…’î∞»¿»ÿ¥¿‰¥¿’P»¿Ëƒ’h∞–¿ƒ‡‘‡–»ÿ∞Ã‡∏‘∞–‘∏‘∞¿∏¿∞±5=11}=9}Q5}IQL±	Ω—ïÖ¥Å…ΩÕ—ï»∞∞¿∏¿±›ïï¨ƒµÿƒ∏¿∞»¿»ÿ¥¿‡¥Ã¡PƒÿËƒ‘Ë¿¿¨¿¿Ë¿¿∞¿∏¿∞¿∏¿∞¿∏¿∞¿∏¿∞¿∏¿∞¿∏¿∞¿∏¿∞¿∏¿∞¿∏¿∞¿∏¿∞¿∏¿∞¿∏¿∞‡‡‘∞»ƒ–ÿ∞±—…’î±—ïÖµ}…ïçΩπç•±•Ö—•Ωπ}Öπë}ç’……ïπ—}›ïï≠±Â}…Ω±î(»¿»ÿ∞ƒ±A}‡»‹ƒÿ›±QΩπ‰Å-•πÕ±ï»±}A%QP±A•—–±]H±5•Öµ§Ä°= §±Q…’î∞»¿»ÿ¥¿‰¥¿’PƒÿËÃ¡h∞–¿ƒ‡‘‡»¿‹∞ÃÃ∏¿∞–‰∏‘∞¿∏¿∞±5=11}=9}Q5}IQL±	Ω—ïÖ¥Å…ΩÕ—ï»∞∞¿∏¿±›ïï¨ƒµÿƒ∏¿∞»¿»ÿ¥¿‡¥Ã¡PƒÿËƒ‘Ë¿¿¨¿¿Ë¿¿∞¿∏¿∞¿∏¿∞¿∏¿∞¿∏¿∞¿∏¿∞¿∏¿∞¿∏¿∞¿∏¿∞¿∏¿∞¿∏¿∞¿∏¿∞¿∏¿∞‡‡ÿ∞»ƒ–‹∞±—…’î±—ïÖµ}…ïçΩπç•±•Ö—•Ωπ}Öπë}ç’……ïπ—}›ïï≠±Â}…Ω±î(»¿»ÿ∞ƒ±A}ƒŸ»‡‰±Q…ÖŸ•ÃÅùÖ∏±}1=T±1Ω’•ÕŸ•±±î±Q±=±îÅ5•ÕÃ±Ö±Õî∞»¿»ÿ¥¿‰¥¿ŸP»ÃËÃ¡h∞–¿ƒ‡‘ÿÿÿƒ∞»–∏‘∞‘‘∏‘∞¿∏¿∞±5=11}=9}Q5}IQL±	Ω—ïÖ¥Å…ΩÕ—ï»∞∞¿∏¿±›ïï¨ƒµÿƒ∏¿∞»¿»ÿ¥¿‡¥Ã¡PƒÿËƒ‘Ë¿¿¨¿¿Ë¿¿∞¿∏¿∞¿∏¿∞¿∏¿∞¿∏¿∞¿∏¿∞¿∏¿∞¿∏¿∞¿∏¿∞¿∏¿∞¿∏¿∞¿∏¿∞¿∏¿∞–ÿƒ∞»ƒ–‡∞±ôÖ±Õî±—ïÖµ}…ïçΩπç•±•Ö—•Ωπ}Öπë}ç’……ïπ—}›ïï≠±Â}…Ω±î(»¿»ÿ∞ƒ±A}Â»≈‘±Q…ÖÂ±Ω∏ÅIÖ‰±}5%ML±=±îÅ5•ÕÃ±]H±1Ω’•ÕŸ•±±î±Q…’î∞»¿»ÿ¥¿‰¥¿ŸP»ÃËÃ¡h∞–¿ƒ‡‘ÿÿÿƒ∞Ãƒ∏¿∞‘‘∏‘∞¿∏¿∞±5=11}=9}Q5}IQL±	Ω—ïÖ¥Å…ΩÕ—ï»∞∞¿∏¿±›ïï¨ƒµÿƒ∏¿∞»¿»ÿ¥¿‡¥Ã¡PƒÿËƒ‘Ë¿¿¨¿¿Ë¿¿∞¿∏¿∞¿∏¿∞¿∏¿∞¿∏¿∞¿∏¿∞¿∏¿∞¿∏¿∞¿∏¿∞¿∏¿∞¿∏¿∞¿∏¿∞¿∏¿∞‡‡‹∞»ƒ–‰∞±ôÖ±Õî±—ïÖµ}…ïçΩπç•±•Ö—•Ωπ}Öπë}ç’……ïπ—}›ïï≠±Â}…Ω±î(»¿»ÿ∞ƒ±A|‡‰‰…‡’±Q…ïπ–Å=ÕâΩ…∏±}IUQ±I’—ùï…Ã±]H±5ÖÕÕÖç°’Õï——Ã±Q…’î∞»¿»ÿ¥¿‰¥¿ÕP»»Ë¿¡h∞–¿ƒ‡‘‡–»Ã∞–ƒ∏¿∞‘»∏‘∞¿∏¿∞±5=11}=9}Q5}IQL±	Ω—ïÖ¥Å…ΩÕ—ï»∞∞¿∏¿±›ïï¨ƒµÿƒ∏¿∞»¿»ÿ¥¿‡¥Ã¡PƒÿËƒ‘Ë¿¿¨¿¿Ë¿¿∞¿∏¿∞¿∏¿∞¿∏¿∞¿∏¿∞¿∏¿∞¿∏¿∞¿∏¿∞¿∏¿∞¿∏¿∞¿∏¿∞¿∏¿∞¿∏¿∞‡‡‡∞»ƒ‘¿∞±ôÖ±Õî±—ïÖµ}…ïçΩπç•±•Ö—•Ωπ}Öπë}ç’……ïπ—}›ïï≠±Â}…Ω±î(»¿»ÿ∞ƒ±A|—Â¿Ÿ±Q…ïπ–ÅQ°ΩµÖÃ±}Q98±QïππïÕÕïî±Q±’…µÖ∏±Q…’î∞»¿»ÿ¥¿‰¥¿’Pƒ‰ËÃ¡h∞–¿ƒ‡‘ÿÿÿÿ∞‘ÿ∏‘∞ÿÿ∏‘∞¿∏¿∞±5=11}=9}Q5}IQL±	Ω—ïÖ¥Å…ΩÕ—ï»∞∞¿∏¿±›ïï¨ƒµÿƒ∏¿∞»¿»ÿ¥¿‡¥Ã¡PƒÿËƒ‘Ë¿¿¨¿¿Ë¿¿∞¿∏¿∞¿∏¿∞¿∏¿∞¿∏¿∞¿∏¿∞¿∏¿∞¿∏¿∞¿∏¿∞¿∏¿∞¿∏¿∞¿∏¿∞¿∏¿∞–ÿ»∞»ƒ‘ƒ∞±ôÖ±Õî±—ïÖµ}…ïçΩπç•±•Ö—•Ωπ}Öπë}ç’……ïπ—}›ïï≠±Â}…Ω±î(»¿»ÿ∞ƒ±A|≈»’·‡±Q…ïŸîÅM—Ωôôï∞±}]%M±]•ÕçΩπÕ•∏±Q±9Ω—…îÅÖµî±Ö±Õî∞»¿»ÿ¥¿‰¥¿ŸP»ÃËÃ¡h∞–¿ƒ‡‘‡–Ã‡∞ƒÃ∏‘∞–‹∏‘∞¿∏¿∞±5=11}=9}Q5}IQL±	Ω—ïÖ¥Å…ΩÕ—ï»∞∞¿∏¿±›ïï¨ƒµÿƒ∏¿∞»¿»ÿ¥¿‡¥Ã¡PƒÿËƒ‘Ë¿¿¨¿¿Ë¿¿∞¿∏¿∞¿∏¿∞¿∏¿∞¿∏¿∞¿∏¿∞¿∏¿∞¿∏¿∞¿∏¿∞¿∏¿∞¿∏¿∞¿∏¿∞¿∏¿∞–ÿÃ∞»ƒ‘»∞±ôÖ±Õî±—ïÖµ}…ïçΩπç•±•Ö—•Ωπ}Öπë}ç’……ïπ—}›ïï≠±Â}…Ω±î(»¿»ÿ∞ƒ±A|›ƒ‡‘‡‘–±Q…ïŸΩ»ÅΩ…—ïπâï……‰±}%MT±%Ω›ÑÅM—Ö—î±]H±MΩ’—°ïÖÕ–Å5•ÕÕΩ’…§ÅM—Ö—î±Q…’î∞»¿»ÿ¥¿‰¥¿’Pƒ‹Ë¿¡h∞–¿ƒ‡‘ÿ‹‹‰∞–ƒ∏‘∞‘Ã∏‘∞¿∏¿∞±5=11}=9}Q5}IQL±	Ω—ïÖ¥Å…ΩÕ—ï»∞∞¿∏¿±›ïï¨ƒµÿƒ∏¿∞»¿»ÿ¥¿‡¥Ã¡PƒÿËƒ‘Ë¿¿¨¿¿Ë¿¿∞¿∏¿∞¿∏¿∞¿∏¿∞¿∏¿∞¿∏¿∞¿∏¿∞¿∏¿∞¿∏¿∞¿∏¿∞¿∏¿∞¿∏¿∞¿∏¿∞‡‡‰∞»ƒ‘Ã∞±ôÖ±Õî±—ïÖµ}…ïçΩπç•±•Ö—•Ωπ}Öπë}ç’……ïπ—}›ïï≠±Â}…Ω±î(»¿»ÿ∞ƒ±A|¡–¡…‡±Q…ïŸΩ»ÅIΩùï…Ã±}0±Ö±•ôΩ…π•Ñ±]H±U1±Q…’î∞»¿»ÿ¥¿‰¥¿ŸP¿»ËÃ¡h∞–¿ƒ‡‘‡»ƒ¿∞»ÿ∏¿∞‘Ã∏‘∞¿∏¿∞±5=11}=9}Q5}IQL±	Ω—ïÖ¥Å…ΩÕ—ï»∞∞¿∏¿±›ïï¨ƒµÿƒ∏¿∞»¿»ÿ¥¿‡¥Ã¡PƒÿËƒ‘Ë¿¿¨¿¿Ë¿¿∞¿∏¿∞¿∏¿∞¿∏¿∞¿∏¿∞¿∏¿∞¿∏¿∞¿∏¿∞¿∏¿∞¿∏¿∞¿∏¿∞¿∏¿∞¿∏¿∞‡‰¿∞»ƒ‘–∞±ôÖ±Õî±—ïÖµ}…ïçΩπç•±•Ö—•Ωπ}Öπë}ç’……ïπ—}›ïï≠±Â}…Ω±î(»¿»ÿ∞ƒ±A}¿–≈±Q…ï‰Å	…Ω›∏±}=T±=≠±Ö°ΩµÑ±]H±UQ@±Q…’î∞»¿»ÿ¥¿‰¥¿’P¿¿Ë¿¡h∞–¿ƒ‡‘ÿÿÿ–∞–ÿ∏¿∞‘¿∏‘∞¿∏¿∞±5=11}=9}Q5}IQL±	Ω—ïÖ¥Å…ΩÕ—ï»∞∞¿∏¿±›ïï¨ƒµÿƒ∏¿∞»¿»ÿ¥¿‡¥Ã¡PƒÿËƒ‘Ë¿¿¨¿¿Ë¿¿∞¿∏¿∞¿∏¿∞¿∏¿∞¿∏¿∞¿∏¿∞¿∏¿∞¿∏¿∞¿∏¿∞¿∏¿∞¿∏¿∞¿∏¿∞¿∏¿∞‡‰ƒ∞»ƒ‘‘∞±ôÖ±Õî±—ïÖµ}…ïçΩπç•±•Ö—•Ωπ}Öπë}ç’……ïπ—}›ïï≠±Â}…Ω±î(»¿»ÿ∞ƒ±A|ƒÿ‹‘Ã¿Ã–±Q…ï‰Å)Öç≠ÕΩ∏±}M5T±M5T±Q±±Ω…•ëÑÅM—Ö—î±Ö±Õî∞»¿»ÿ¥¿‰¥¿›P»ÃËÃ¡h∞–¿ƒ‡‘‡»ƒ»∞»‡∏»‘∞‘Ã∏‘∞¿∏¿∞±5=11}=9}Q5}IQL±	Ω—ïÖ¥Å…ΩÕ—ï»∞∞¿∏¿±›ïï¨ƒµÿƒ∏¿∞»¿»ÿ¥¿‡¥Ã¡PƒÿËƒ‘Ë¿¿¨¿¿Ë¿¿∞¿∏¿∞¿∏¿∞¿∏¿∞¿∏¿∞¿∏¿∞¿∏¿∞¿∏¿∞¿∏¿∞¿∏¿∞¿∏¿∞¿∏¿∞¿∏¿∞–ÿ–∞»ƒ‘ÿ∞±ôÖ±Õî±—ïÖµ}…ïçΩπç•±•Ö—•Ωπ}Öπë}ç’……ïπ—}›ïï≠±Â}…Ω±î(»¿»ÿ∞ƒ±A|»‘›	‡±Q…•¡¿Å	…Ω›∏Å)»∏±}1±±Ω…•ëÑ±Q±±Ω…•ëÑÅ—±Öπ—•å±Q…’î∞»¿»ÿ¥¿‰¥¿’P»ÃË–’h∞–¿ƒ‡‘ÿÿÃ‹∞–Ã∏‘∞‘‰∏‘∞¿∏¿∞±5=11}=9}Q5}IQL±	Ω—ïÖ¥Å…ΩÕ—ï»∞∞¿∏¿±›ïï¨ƒµÿƒ∏¿∞»¿»ÿ¥¿‡¥Ã¡PƒÿËƒ‘Ë¿¿¨¿¿Ë¿¿∞¿∏¿∞¿∏¿∞¿∏¿∞¿∏¿∞¿∏¿∞¿∏¿∞¿∏¿∞¿∏¿∞¿∏¿∞¿∏¿∞¿∏¿∞¿∏¿∞–ÿ‘∞»ƒ‘‹∞±ôÖ±Õî±—ïÖµ}…ïçΩπç•±•Ö—•Ωπ}Öπë}ç’……ïπ—}›ïï≠±Â}…Ω±î(»¿»ÿ∞ƒ±A|›‹¿‡‰¿–±Q…•¡¿ÅI•Ω…ëÖ∏±}M5T±M5T±Q±±Ω…•ëÑÅM—Ö—î±Ö±Õî∞»¿»ÿ¥¿‰¥¿›P»ÃËÃ¡h∞–¿ƒ‡‘‡»ƒ»∞»‡∏»‘∞‘Ã∏‘∞¿∏¿∞±5=11}=9}Q5}IQL±	Ω—ïÖ¥Å…ΩÕ—ï»∞∞¿∏¿±›ïï¨ƒµÿƒ∏¿∞»¿»ÿ¥¿‡¥Ã¡PƒÿËƒ‘Ë¿¿¨¿¿Ë¿¿∞¿∏¿∞¿∏¿∞¿∏¿∞¿∏¿∞¿∏¿∞¿∏¿∞¿∏¿∞¿∏¿∞¿∏¿∞¿∏¿∞¿∏¿∞¿∏¿∞–ÿÿ∞»ƒ‘‡∞±ôÖ±Õî±—ïÖµ}…ïçΩπç•±•Ö—•Ωπ}Öπë}ç’……ïπ—}›ïï≠±Â}…Ω±î(»¿»ÿ∞ƒ±A|‹≈·»±Q…’•—–Å	…Ω›∏±}A%QP±A•—–±Q±5•Öµ§Ä°= §±Q…’î∞»¿»ÿ¥¿‰¥¿’PƒÿËÃ¡h∞–¿ƒ‡‘‡»¿‹∞ÃÃ∏¿∞–‰∏‘∞¿∏¿∞±5=11}=9}Q5}IQL±	Ω—ïÖ¥Å…ΩÕ—ï»∞∞¿∏¿±›ïï¨ƒµÿƒ∏¿∞»¿»ÿ¥¿‡¥Ã¡PƒÿËƒ‘Ë¿¿¨¿¿Ë¿¿∞¿∏¿∞¿∏¿∞¿∏¿∞¿∏¿∞¿∏¿∞¿∏¿∞¿∏¿∞¿∏¿∞¿∏¿∞¿∏¿∞¿∏¿∞¿∏¿∞–ÿ‹∞»ƒ‘‰∞±ôÖ±Õî±—ïÖµ}…ïçΩπç•±•Ö—•Ωπ}Öπë}ç’……ïπ—}›ïï≠±Â}…Ω±î(»¿»ÿ∞ƒ±A|›·’‹±Q‰Å	ΩÖ—…•ù°–±}Q`±Qï·ÖÃ±]H±Qï·ÖÃÅM—Ö—î±Q…’î∞»¿»ÿ¥¿‰¥¿’Pƒ‰ËÃ¡h∞–¿ƒ‡‘ÿÿÿ‹∞–‘∏¿∞‘‰∏‘∞¿∏¿∞±5=11}=9}Q5}IQL±	Ω—ïÖ¥Å…ΩÕ—ï»∞∞¿∏¿±›ïï¨ƒµÿƒ∏¿∞»¿»ÿ¥¿‡¥Ã¡PƒÿËƒ‘Ë¿¿¨¿¿Ë¿¿∞¿∏¿∞¿∏¿∞¿∏¿∞¿∏¿∞¿∏¿∞¿∏¿∞¿∏¿∞¿∏¿∞¿∏¿∞¿∏¿∞¿∏¿∞¿∏¿∞‡‰»∞»ƒÿ¿∞±ôÖ±Õî±—ïÖµ}…ïçΩπç•±•Ö—•Ωπ}Öπë}ç’……ïπ—}›ïï≠±Â}…Ω±î(»¿»ÿ∞ƒ±A|’¿‡–Ÿƒ±Q‰Å	’…ê±}Y8±YÖπëï…â•±–±]H±’Õ—•∏ÅAïÖ‰±Q…’î∞»¿»ÿ¥¿‰¥¿’P»ÃË¿¡h∞–¿ƒ‡‘ÿÿÿ‰∞–ÿ∏¿∞ÿƒ∏‘∞¿∏¿∞±5=11}=9}Q5}IQL±	Ω—ïÖ¥Å…ΩÕ—ï»∞∞¿∏¿±›ïï¨ƒµÿƒ∏¿∞»¿»ÿ¥¿‡¥Ã¡PƒÿËƒ‘Ë¿¿¨¿¿Ë¿¿∞¿∏¿∞¿∏¿∞¿∏¿∞¿∏¿∞¿∏¿∞¿∏¿∞¿∏¿∞¿∏¿∞¿∏¿∞¿∏¿∞¿∏¿∞¿∏¿∞‡‰Ã∞»ƒÿƒ∞±ôÖ±Õî±—ïÖµ}…ïçΩπç•±•Ö—•Ωπ}Öπë}ç’……ïπ—}›ïï≠±Â}…Ω±î(»¿»ÿ∞ƒ±A|Õƒ—‰ÿ‡±Q‰Å±Ö•âΩ…πî±}%MT±%Ω›ÑÅM—Ö—î±]H±MΩ’—°ïÖÕ–Å5•ÕÕΩ’…§ÅM—Ö—î±Q…’î∞»¿»ÿ¥¿‰¥¿’Pƒ‹Ë¿¡h∞–¿ƒ‡‘ÿ‹‹‰∞–ƒ∏‘∞‘Ã∏‘∞¿∏¿∞±5=11}=9}Q5}IQL±	Ω—ïÖ¥Å…ΩÕ—ï»∞∞¿∏¿±›ïï¨ƒµÿƒ∏¿∞»¿»ÿ¥¿‡¥Ã¡PƒÿËƒ‘Ë¿¿¨¿¿Ë¿¿∞¿∏¿∞¿∏¿∞¿∏¿∞¿∏¿∞¿∏¿∞¿∏¿∞¿∏¿∞¿∏¿∞¿∏¿∞¿∏¿∞¿∏¿∞¿∏¿∞‡‰–∞»ƒÿ»∞±ôÖ±Õî±—ïÖµ}…ïçΩπç•±•Ö—•Ωπ}Öπë}ç’……ïπ—}›ïï≠±Â}…Ω±î(»¿»ÿ∞ƒ±A|Ã‘Ÿ‡Ã±Q‰ÅIΩâ•πÕΩ∏±}%10±%±±•πΩ•Ã±]H±U±Q…’î∞»¿»ÿ¥¿‰¥¿—P¿ƒË¿¡h∞–¿ƒ‡‘‡–»–∞–»∏¿∞‘‘∏‘∞¿∏¿∞±5=11}=9}Q5}IQL±	Ω—ïÖ¥Å…ΩÕ—ï»∞∞¿∏¿±›ïï¨ƒµÿƒ∏¿∞»¿»ÿ¥¿‡¥Ã¡PƒÿËƒ‘Ë¿¿¨¿¿Ë¿¿∞¿∏¿∞¿∏¿∞¿∏¿∞¿∏¿∞¿∏¿∞¿∏¿∞¿∏¿∞¿∏¿∞¿∏¿∞¿∏¿∞¿∏¿∞¿∏¿∞‡‰‘∞»ƒÿÃ∞±—…’î±—ïÖµ}…ïçΩπç•±•Ö—•Ωπ}Öπë}ç’……ïπ—}›ïï≠±Â}…Ω±î(»¿»ÿ∞ƒ±A}‘»·‡–¿±Q‰Å]Ö——Ã±}=-MP±=≠±Ö°ΩµÑÅM—Ö—î±]H±Q’±ÕÑ±Ö±Õî∞»¿»ÿ¥¿‰¥¿’Pƒ‰Ë–’h∞–¿ƒ‡‘ÿ‹‹»∞Ã‹∏»‘∞ÿ¿∏‘∞¿∏¿∞±5=11}=9}Q5}IQL±	Ω—ïÖ¥Å…ΩÕ—ï»∞∞¿∏¿±›ïï¨ƒµÿƒ∏¿∞»¿»ÿ¥¿‡¥Ã¡PƒÿËƒ‘Ë¿¿¨¿¿Ë¿¿∞¿∏¿∞¿∏¿∞¿∏¿∞¿∏¿∞¿∏¿∞¿∏¿∞¿∏¿∞¿∏¿∞¿∏¿∞¿∏¿∞¿∏¿∞¿∏¿∞‡‰ÿ∞»ƒÿ–∞±ôÖ±Õî±—ïÖµ}…ïçΩπç•±•Ö—•Ωπ}Öπë}ç’……ïπ—}›ïï≠±Â}…Ω±î(»¿»ÿ∞ƒ±A|‘¿–‘»‹›±QÂ±ï»Å!ïπëï…ÕΩ∏±}1±±ÖâÖµÑ±]H±ÖÕ–ÅÖ…Ω±•πÑ±Q…’î∞»¿»ÿ¥¿‰¥¿’PƒÿË¿¡h∞–¿ƒ‡‘ÿÿÃ–∞–ƒ∏¿∞‘Ã∏‘∞¿∏¿∞±5=11}=9}Q5}IQL±	Ω—ïÖ¥Å…ΩÕ—ï»∞∞¿∏¿±›ïï¨ƒµÿƒ∏¿∞»¿»ÿ¥¿‡¥Ã¡PƒÿËƒ‘Ë¿¿¨¿¿Ë¿¿∞¿∏¿∞¿∏¿∞¿∏¿∞¿∏¿∞¿∏¿∞¿∏¿∞¿∏¿∞¿∏¿∞¿∏¿∞¿∏¿∞¿∏¿∞¿∏¿∞‡‰‹∞»ƒÿ‘∞±ôÖ±Õî±—ïÖµ}…ïçΩπç•±•Ö—•Ωπ}Öπë}ç’……ïπ—}›ïï≠±Â}…Ω±î(»¿»ÿ∞ƒ±A}–›‹›±QÂ±ï»Å)ÖπÕï‰±}]%M±]•ÕçΩπÕ•∏±Q±9Ω—…îÅÖµî±Ö±Õî∞»¿»ÿ¥¿‰¥¿ŸP»ÃËÃ¡h∞–¿ƒ‡‘‡–Ã‡∞ƒÃ∏‘∞–‹∏‘∞¿∏¿∞±5=11}=9}Q5}IQL±	Ω—ïÖ¥Å…ΩÕ—ï»∞∞¿∏¿±›ïï¨ƒµÿƒ∏¿∞»¿»ÿ¥¿‡¥Ã¡PƒÿËƒ‘Ë¿¿¨¿¿Ë¿¿∞¿∏¿∞¿∏¿∞¿∏¿∞¿∏¿∞¿∏¿∞¿∏¿∞¿∏¿∞¿∏¿∞¿∏¿∞¿∏¿∞¿∏¿∞¿∏¿∞–ÿ‡∞»ƒÿÿ∞±ôÖ±Õî±—ïÖµ}…ïçΩπç•±•Ö—•Ωπ}Öπë}ç’……ïπ—}›ïï≠±Â}…Ω±î(»¿»ÿ∞ƒ±A|»ÿ¿ÿÕ»±QÂ±ï»Å-’º±}MQ8±M—ÖπôΩ…ê±]H±5•Öµ§±Q…’î∞»¿»ÿ¥¿‰¥¿’P¿ƒË¿¡h∞–¿ƒ‡‘‡»¿ÿ∞ƒƒ∏‘∞–‹∏‘∞¿∏¿∞±5=11}=9}Q5}IQL±	Ω—ïÖ¥Å…ΩÕ—ï»∞∞¿∏¿±›ïï¨ƒµÿƒ∏¿∞»¿»ÿ¥¿‡¥Ã¡PƒÿËƒ‘Ë¿¿¨¿¿Ë¿¿∞¿∏¿∞¿∏¿∞¿∏¿∞¿∏¿∞¿∏¿∞¿∏¿∞¿∏¿∞¿∏¿∞¿∏¿∞¿∏¿∞¿∏¿∞¿∏¿∞‡‰‡∞»ƒÿ‹∞±ôÖ±Õî±—ïÖµ}…ïçΩπç•±•Ö—•Ωπ}Öπë}ç’……ïπ—}›ïï≠±Â}…Ω±î(»¿»ÿ∞ƒ±A}‹·»»—±QÂ±ï»Å5’Õ—Ö•∏±}I%h±…•ÈΩπÑ±Q±9Ω…—°ï…∏Å…•ÈΩπÑ±Q…’î∞»¿»ÿ¥¿‰¥¿ŸP¿ƒËÃ¡h∞–¿ƒ‡‘ÿ‹‹Ã∞––∏¿∞‘ÿ∏‘∞¿∏¿∞±5=11}=9}Q5}IQL±	Ω—ïÖ¥Å…ΩÕ—ï»∞∞¿∏¿±›ïï¨ƒµÿƒ∏¿∞»¿»ÿ¥¿‡¥Ã¡PƒÿËƒ‘Ë¿¿¨¿¿Ë¿¿∞¿∏¿∞¿∏¿∞¿∏¿∞¿∏¿∞¿∏¿∞¿∏¿∞¿∏¿∞¿∏¿∞¿∏¿∞¿∏¿∞¿∏¿∞¿∏¿∞–ÿ‰∞»ƒÿ‡∞±ôÖ±Õî±—ïÖµ}…ïçΩπç•±•Ö—•Ωπ}Öπë}ç’……ïπ—}›ïï≠±Â}…Ω±î(»¿»ÿ∞ƒ±A}≈ÃÕ‰±QÂ…ïîÅ!Ω±±Ω›Ö‰±}1MT±1MT±]H±±ïµÕΩ∏±Q…’î∞»¿»ÿ¥¿‰¥¿’P»ÃËÃ¡h∞–¿ƒ‡‘ÿÿÿ¿∞Ãƒ∏¿∞‘ƒ∏‘∞¿∏¿∞±5=11}=9}Q5}IQL±	Ω—ïÖ¥Å…ΩÕ—ï»∞∞¿∏¿±›ïï¨ƒµÿƒ∏¿∞»¿»ÿ¥¿‡¥Ã¡PƒÿËƒ‘Ë¿¿¨¿¿Ë¿¿∞¿∏¿∞¿∏¿∞¿∏¿∞¿∏¿∞¿∏¿∞¿∏¿∞¿∏¿∞¿∏¿∞¿∏¿∞¿∏¿∞¿∏¿∞¿∏¿∞‡‰‰∞»ƒÿ‰∞±ôÖ±Õî±—ïÖµ}…ïçΩπç•±•Ö—•Ωπ}Öπë}ç’……ïπ—}›ïï≠±Â}…Ω±î(»¿»ÿ∞ƒ±A|≈¿ÿ‘Õ¿±QÂ…ïï¨ÅIΩâ•πÕΩ∏±}A%QP±A•—–±]H±5•Öµ§Ä°= §±Q…’î∞»¿»ÿ¥¿‰¥¿’PƒÿËÃ¡h∞–¿ƒ‡‘‡»¿‹∞ÃÃ∏¿∞–‰∏‘∞¿∏¿∞±5=11}=9}Q5}IQL±	Ω—ïÖ¥Å…ΩÕ—ï»∞∞¿∏¿±›ïï¨ƒµÿƒ∏¿∞»¿»ÿ¥¿‡¥Ã¡PƒÿËƒ‘Ë¿¿¨¿¿Ë¿¿∞¿∏¿∞¿∏¿∞¿∏¿∞¿∏¿∞¿∏¿∞¿∏¿∞¿∏¿∞¿∏¿∞¿∏¿∞¿∏¿∞¿∏¿∞¿∏¿∞‰¿¿∞»ƒ‹¿∞±ôÖ±Õî±—ïÖµ}…ïçΩπç•±•Ö—•Ωπ}Öπë}ç’……ïπ—}›ïï≠±Â}…Ω±î(»¿»ÿ∞ƒ±A}ƒ–ƒ‹ƒ±QÂ…ΩπîÅ…ï—°ï…Ã±}M5T±M5T±]H±±Ω…•ëÑÅM—Ö—î±Ö±Õî∞»¿»ÿ¥¿‰¥¿›P»ÃËÃ¡h∞–¿ƒ‡‘‡»ƒ»∞»‡∏»‘∞‘Ã∏‘∞¿∏¿∞±5=11}=9}Q5}IQL±	Ω—ïÖ¥Å…ΩÕ—ï»∞∞¿∏¿±›ïï¨ƒµÿƒ∏¿∞»¿»ÿ¥¿‡¥Ã¡PƒÿËƒ‘Ë¿¿¨¿¿Ë¿¿∞¿∏¿∞¿∏¿∞¿∏¿∞¿∏¿∞¿∏¿∞¿∏¿∞¿∏¿∞¿∏¿∞¿∏¿∞¿∏¿∞¿∏¿∞¿∏¿∞‰¿ƒ∞»ƒ‹ƒ∞±ôÖ±Õî±—ïÖµ}…ïçΩπç•±•Ö—•Ωπ}Öπë}ç’……ïπ—}›ïï≠±Â}…Ω±î(»¿»ÿ∞ƒ±A|‹ÿ–ÿ–‡’±QÂÕΩ∏ÅQ’…πï»±}!=T±!Ω’Õ—Ω∏±]H±=…ïùΩ∏ÅM—Ö—î±Q…’î∞»¿»ÿ¥¿‰¥¿’PƒÿË¿¡h∞–¿ƒ‡‘ÿ‹‹‡∞Ãÿ∏¿∞‘ƒ∏‘∞¿∏¿∞±5=11}=9}Q5}IQL±	Ω—ïÖ¥Å…ΩÕ—ï»∞∞¿∏¿±›ïï¨ƒµÿƒ∏¿∞»¿»ÿ¥¿‡¥Ã¡PƒÿËƒ‘Ë¿¿¨¿¿Ë¿¿∞¿∏¿∞¿∏¿∞¿∏¿∞¿∏¿∞¿∏¿∞¿∏¿∞¿∏¿∞¿∏¿∞¿∏¿∞¿∏¿∞¿∏¿∞¿∏¿∞‰¿»∞»ƒ‹»∞±ôÖ±Õî±—ïÖµ}…ïçΩπç•±•Ö—•Ωπ}Öπë}ç’……ïπ—}›ïï≠±Â}…Ω±î(»¿»ÿ∞ƒ±A}Ã‹ÕÃÂ±UµÖ…§Å!Ö—ç°ï»±}MeH±MÂ…Öç’Õî±]H±9ï‹Å!Öµ¡Õ°•…î±Q…’î∞»¿»ÿ¥¿‰¥¿’PƒÿË¿¡h∞–¿ƒ‡‘‡»¿‡∞––∏‘∞‘‘∏‘∞¿∏¿∞±5=11}=9}Q5}IQL±	Ω—ïÖ¥Å…ΩÕ—ï»∞∞¿∏¿±›ïï¨ƒµÿƒ∏¿∞»¿»ÿ¥¿‡¥Ã¡PƒÿËƒ‘Ë¿¿¨¿¿Ë¿¿∞¿∏¿∞¿∏¿∞¿∏¿∞¿∏¿∞¿∏¿∞¿∏¿∞¿∏¿∞¿∏¿∞¿∏¿∞¿∏¿∞¿∏¿∞¿∏¿∞‰¿Ã∞»ƒ‹Ã∞±ôÖ±Õî±—ïÖµ}…ïçΩπç•±•Ö—•Ωπ}Öπë}ç’……ïπ—}›ïï≠±Â}…Ω±î(»¿»ÿ∞ƒ±A}…≈ÿ›±U…•Ö†Å9ï±ΩµÃ±}MT±…•ÈΩπÑÅM—Ö—î±]H±5Ω…ùÖ∏ÅM—Ö—î±Q…’î∞»¿»ÿ¥¿‰¥¿ŸP¿»Ë¿¡h∞–¿ƒ‡‘ÿ‹‹–∞–‹∏¿∞‘»∏‘∞¿∏¿∞±5=11}=9}Q5}IQL±	Ω—ïÖ¥Å…ΩÕ—ï»∞∞¿∏¿±›ïï¨ƒµÿƒ∏¿∞»¿»ÿ¥¿‡¥Ã¡PƒÿËƒ‘Ë¿¿¨¿¿Ë¿¿∞¿∏¿∞¿∏¿∞¿∏¿∞¿∏¿∞¿∏¿∞¿∏¿∞¿∏¿∞¿∏¿∞¿∏¿∞¿∏¿∞¿∏¿∞¿∏¿∞‰¿–∞»ƒ‹–∞±ôÖ±Õî±—ïÖµ}…ïçΩπç•±•Ö—•Ωπ}Öπë}ç’……ïπ—}›ïï≠±Â}…Ω±î(»¿»ÿ∞ƒ±A}¿Ÿ‡»ÿ±Y•πçîÅ	ïπï——§±}%MT±%Ω›ÑÅM—Ö—î±Q±MΩ’—°ïÖÕ–Å5•ÕÕΩ’…§ÅM—Ö—î±Q…’î∞»¿»ÿ¥¿‰¥¿’Pƒ‹Ë¿¡h∞–¿ƒ‡‘ÿ‹‹‰∞–ƒ∏‘∞‘Ã∏‘∞¿∏¿∞±5=11}=9}Q5}IQL±	Ω—ïÖ¥Å…ΩÕ—ï»∞∞¿∏¿±›ïï¨ƒµÿƒ∏¿∞»¿»ÿ¥¿‡¥Ã¡PƒÿËƒ‘Ë¿¿¨¿¿Ë¿¿∞¿∏¿∞¿∏¿∞¿∏¿∞¿∏¿∞¿∏¿∞¿∏¿∞¿∏¿∞¿∏¿∞¿∏¿∞¿∏¿∞¿∏¿∞¿∏¿∞–‹¿∞»ƒ‹‘∞±ôÖ±Õî±—ïÖµ}…ïçΩπç•±•Ö—•Ωπ}Öπë}ç’……ïπ—}›ïï≠±Â}…Ω±î(»¿»ÿ∞ƒ±A|·—ÂÃ±]Ö±—ï»Å	±Öπç°Ö…ê±}U±ïΩ…ù•Ñ±]H±QïππïÕÕïîÅM—Ö—î±Q…’î∞»¿»ÿ¥¿‰¥¿’Pƒ‰Ë¿¡h∞–¿ƒ‡‘ÿÿ‘‡∞‘ƒ∏‘∞‘ÿ∏‘∞¿∏¿∞±5=11}=9}Q5}IQL±	Ω—ïÖ¥Å…ΩÕ—ï»∞∞¿∏¿±›ïï¨ƒµÿƒ∏¿∞»¿»ÿ¥¿‡¥Ã¡PƒÿËƒ‘Ë¿¿¨¿¿Ë¿¿∞¿∏¿∞¿∏¿∞¿∏¿∞¿∏¿∞¿∏¿∞¿∏¿∞¿∏¿∞¿∏¿∞¿∏¿∞¿∏¿∞¿∏¿∞¿∏¿∞‰¿‘∞»ƒ‹ÿ∞±ôÖ±Õî±—ïÖµ}…ïçΩπç•±•Ö—•Ωπ}Öπë}ç’……ïπ—}›ïï≠±Â}…Ω±î(»¿»ÿ∞ƒ±A|–¿»‹»Ã—±]Ö±—ï»ÅQÖÂ±Ω»±}Y8±YÖπëï…â•±–±Q±’Õ—•∏ÅAïÖ‰±Q…’î∞»¿»ÿ¥¿‰¥¿’P»ÃË¿¡h∞–¿ƒ‡‘ÿÿÿ‰∞–ÿ∏¿∞ÿƒ∏‘∞¿∏¿∞±5=11}=9}Q5}IQL±	Ω—ïÖ¥Å…ΩÕ—ï»∞∞¿∏¿±›ïï¨ƒµÿƒ∏¿∞»¿»ÿ¥¿‡¥Ã¡PƒÿËƒ‘Ë¿¿¨¿¿Ë¿¿∞¿∏¿∞¿∏¿∞¿∏¿∞¿∏¿∞¿∏¿∞¿∏¿∞¿∏¿∞¿∏¿∞¿∏¿∞¿∏¿∞¿∏¿∞¿∏¿∞–‹ƒ∞»ƒ‹‹∞±ôÖ±Õî±—ïÖµ}…ïçΩπç•±•Ö—•Ωπ}Öπë}ç’……ïπ—}›ïï≠±Â}…Ω±î(»¿»ÿ∞ƒ±A|»¡‰‹—±]Ö…πï»ÅIΩÕÃ±}1±±ÖâÖµÑ±]H±ÖÕ–ÅÖ…Ω±•πÑ±Q…’î∞»¿»ÿ¥¿‰¥¿’PƒÿË¿¡h∞–¿ƒ‡‘ÿÿÃ–∞–ƒ∏¿∞‘Ã∏‘∞¿∏¿∞±5=11}=9}Q5}IQL±	Ω—ïÖ¥Å…ΩÕ—ï»∞∞¿∏¿±›ïï¨ƒµÿƒ∏¿∞»¿»ÿ¥¿‡¥Ã¡PƒÿËƒ‘Ë¿¿¨¿¿Ë¿¿∞¿∏¿∞¿∏¿∞¿∏¿∞¿∏¿∞¿∏¿∞¿∏¿∞¿∏¿∞¿∏¿∞¿∏¿∞¿∏¿∞¿∏¿∞¿∏¿∞‰¿ÿ∞»ƒ‹‡∞±ôÖ±Õî±—ïÖµ}…ïçΩπç•±•Ö—•Ωπ}Öπë}ç’……ïπ—}›ïï≠±Â}…Ω±î(»¿»ÿ∞ƒ±A}‡±]°•—Ö≠ï»Å]•±±•ÖµÃ±}Q5T±Qï·ÖÃÅô4±]H±5•ÕÕΩ’…§ÅM—Ö—î±Q…’î∞»¿»ÿ¥¿‰¥¿’P»ÃË¿¡h∞–¿ƒ‡‘ÿÿÿ‡∞–‹∏‘∞‘Ã∏‘∞¿∏¿∞±5=11}=9}Q5}IQL±	Ω—ïÖ¥Å…ΩÕ—ï»∞∞¿∏¿±›ïï¨ƒµÿƒ∏¿∞»¿»ÿ¥¿‡¥Ã¡PƒÿËƒ‘Ë¿¿¨¿¿Ë¿¿∞¿∏¿∞¿∏¿∞¿∏¿∞¿∏¿∞¿∏¿∞¿∏¿∞¿∏¿∞¿∏¿∞¿∏¿∞¿∏¿∞¿∏¿∞¿∏¿∞‰¿‹∞»ƒ‹‰∞±ôÖ±Õî±—ïÖµ}…ïçΩπç•±•Ö—•Ωπ}Öπë}ç’……ïπ—}›ïï≠±Â}…Ω±î(»¿»ÿ∞ƒ±A|…¡»±]•±∞Å…ÖŸïÃÅ%%$±}	±	ΩÕ—Ω∏ÅΩ±±ïùî±]H±•πç•ππÖ—§±Ö±Õî∞»¿»ÿ¥¿‰¥¿’Pƒ‰ËÃ¡h∞–¿ƒ‡‘ÿ‹‹‹∞»»∏¿∞‘ƒ∏‘∞¿∏¿∞±5=11}=9}Q5}IQL±	Ω—ïÖ¥Å…ΩÕ—ï»∞∞¿∏¿±›ïï¨ƒµÿƒ∏¿∞»¿»ÿ¥¿‡¥Ã¡PƒÿËƒ‘Ë¿¿¨¿¿Ë¿¿∞¿∏¿∞¿∏¿∞¿∏¿∞¿∏¿∞¿∏¿∞¿∏¿∞¿∏¿∞¿∏¿∞¿∏¿∞¿∏¿∞¿∏¿∞¿∏¿∞‰¿‡∞»ƒ‡¿∞±ôÖ±Õî±—ïÖµ}…ïçΩπç•±•Ö—•Ωπ}Öπë}ç’……ïπ—}›ïï≠±Â}…Ω±î(»¿»ÿ∞ƒ±A|–‡‘’‹–Ã±]•±∞Å!Ö…ùï—–±}Q5T±Qï·ÖÃÅô4±]H±5•ÕÕΩ’…§ÅM—Ö—î±Q…’î∞»¿»ÿ¥¿‰¥¿’P»ÃË¿¡h∞–¿ƒ‡‘ÿÿÿ‡∞–‹∏‘∞‘Ã∏‘∞¿∏¿∞±5=11}=9}Q5}IQL±	Ω—ïÖ¥Å…ΩÕ—ï»∞∞¿∏¿±›ïï¨ƒµÿƒ∏¿∞»¿»ÿ¥¿‡¥Ã¡PƒÿËƒ‘Ë¿¿¨¿¿Ë¿¿∞¿∏¿∞¿∏¿∞¿∏¿∞¿∏¿∞¿∏¿∞¿∏¿∞¿∏¿∞¿∏¿∞¿∏¿∞¿∏¿∞¿∏¿∞¿∏¿∞‰¿‰∞»ƒ‡ƒ∞±ôÖ±Õî±—ïÖµ}…ïçΩπç•±•Ö—•Ωπ}Öπë}ç’……ïπ—}›ïï≠±Â}…Ω±î(»¿»ÿ∞ƒ±A}ƒ‡…›¿±]•±∞Å1Ωç≠î±}M5T±M5T±Q±±Ω…•ëÑÅM—Ö—î±Ö±Õî∞»¿»ÿ¥¿‰¥¿›P»ÃËÃ¡h∞–¿ƒ‡‘‡»ƒ»∞»‡∏»‘∞‘Ã∏‘∞¿∏¿∞±5=11}=9}Q5}IQL±	Ω—ïÖ¥Å…ΩÕ—ï»∞∞¿∏¿±›ïï¨ƒµÿƒ∏¿∞»¿»ÿ¥¿‡¥Ã¡PƒÿËƒ‘Ë¿¿¨¿¿Ë¿¿∞¿∏¿∞¿∏¿∞¿∏¿∞¿∏¿∞¿∏¿∞¿∏¿∞¿∏¿∞¿∏¿∞¿∏¿∞¿∏¿∞¿∏¿∞¿∏¿∞–‹»∞»ƒ‡»∞±ôÖ±Õî±—ïÖµ}…ïçΩπç•±•Ö—•Ωπ}Öπë}ç’……ïπ—}›ïï≠±Â}…Ω±î(»¿»ÿ∞ƒ±A|Ã‡‘¡ÿ—±]•±∞Å1Ωï…Èï∞±}]-±]Ö≠îÅΩ…ïÕ–±Q±≠…Ω∏±Q…’î∞»¿»ÿ¥¿‰¥¿ÕP»ÃË¿¡h∞–¿ƒ‡‘‡»¿–∞Ãÿ∏‘∞–‡∏‘∞¿∏¿∞±5=11}=9}Q5}IQL±	Ω—ïÖ¥Å…ΩÕ—ï»∞∞¿∏¿±›ïï¨ƒµÿƒ∏¿∞»¿»ÿ¥¿‡¥Ã¡PƒÿËƒ‘Ë¿¿¨¿¿Ë¿¿∞¿∏¿∞¿∏¿∞¿∏¿∞¿∏¿∞¿∏¿∞¿∏¿∞¿∏¿∞¿∏¿∞¿∏¿∞¿∏¿∞¿∏¿∞¿∏¿∞–‹Ã∞»ƒ‡Ã∞±—…’î±—ïÖµ}…ïçΩπç•±•Ö—•Ωπ}Öπë}ç’……ïπ—}›ïï≠±Â}…Ω±î(»¿»ÿ∞ƒ±A|‡‰Â·	»±]•±∞ÅIÖπë±î±}Q`±Qï·ÖÃ±Q±Qï·ÖÃÅM—Ö—î±Q…’î∞»¿»ÿ¥¿‰¥¿’Pƒ‰ËÃ¡h∞–¿ƒ‡‘ÿÿÿ‹∞–‘∏¿∞‘‰∏‘∞¿∏¿∞±5=11}=9}Q5}IQL±	Ω—ïÖ¥Å…ΩÕ—ï»∞∞¿∏¿±›ïï¨ƒµÿƒ∏¿∞»¿»ÿ¥¿‡¥Ã¡PƒÿËƒ‘Ë¿¿¨¿¿Ë¿¿∞¿∏¿∞¿∏¿∞¿∏¿∞¿∏¿∞¿∏¿∞¿∏¿∞¿∏¿∞¿∏¿∞¿∏¿∞¿∏¿∞¿∏¿∞¿∏¿∞–‹–∞»ƒ‡–∞±ôÖ±Õî±—ïÖµ}…ïçΩπç•±•Ö—•Ωπ}Öπë}ç’……ïπ—}›ïï≠±Â}…Ω±î(»¿»ÿ∞ƒ±A}‰ÿƒ¿»‡Ã±]•±∞ÅQÖÂ±Ω»±}U±ïΩ…ù•Ñ±]H±QïππïÕÕïîÅM—Ö—î±Q…’î∞»¿»ÿ¥¿‰¥¿’Pƒ‰Ë¿¡h∞–¿ƒ‡‘ÿÿ‘‡∞‘ƒ∏‘∞‘ÿ∏‘∞¿∏¿∞±5=11}=9}Q5}IQL±	Ω—ïÖ¥Å…ΩÕ—ï»∞∞¿∏¿±›ïï¨ƒµÿƒ∏¿∞»¿»ÿ¥¿‡¥Ã¡PƒÿËƒ‘Ë¿¿¨¿¿Ë¿¿∞¿∏¿∞¿∏¿∞¿∏¿∞¿∏¿∞¿∏¿∞¿∏¿∞¿∏¿∞¿∏¿∞¿∏¿∞¿∏¿∞¿∏¿∞¿∏¿∞‰ƒ¿∞»ƒ‡‘∞±ôÖ±Õî±—ïÖµ}…ïçΩπç•±•Ö—•Ωπ}Öπë}ç’……ïπ—}›ïï≠±Â}…Ω±î(»¿»ÿ∞ƒ±A|Õ	±]•±∞ÅU¡—Ω∏±}U±’â’…∏±]H±	ÖÂ±Ω»±Q…’î∞»¿»ÿ¥¿‰¥¿’Pƒ‰ËÃ¡h∞–¿ƒ‡‘ÿÿÃÿ∞Ã»∏‹‘∞‘‡∏‘∞¿∏¿∞±5=11}=9}Q5}IQL±	Ω—ïÖ¥Å…ΩÕ—ï»∞∞¿∏¿±›ïï¨ƒµÿƒ∏¿∞»¿»ÿ¥¿‡¥Ã¡PƒÿËƒ‘Ë¿¿¨¿¿Ë¿¿∞¿∏¿∞¿∏¿∞¿∏¿∞¿∏¿∞¿∏¿∞¿∏¿∞¿∏¿∞¿∏¿∞¿∏¿∞¿∏¿∞¿∏¿∞¿∏¿∞‰ƒƒ∞»ƒ‡ÿ∞±ôÖ±Õî±—ïÖµ}…ïçΩπç•±•Ö—•Ωπ}Öπë}ç’……ïπ—}›ïï≠±Â}…Ω±î(»¿»ÿ∞ƒ±A|‡¡›ÕÃ±]•±∞Åi’πëï∞±}	eT±	eT±Q±U—Ö†ÅQïç†±Q…’î∞»¿»ÿ¥¿‰¥¿ŸP¿¿Ë¿¡h∞–¿ƒ‡‘ÿ‹‹‘∞‘»∏‘∞‘–∏‘∞¿∏¿∞±5=11}=9}Q5}IQL±	Ω—ïÖ¥Å…ΩÕ—ï»∞∞¿∏¿±›ïï¨ƒµÿƒ∏¿∞»¿»ÿ¥¿‡¥Ã¡PƒÿËƒ‘Ë¿¿¨¿¿Ë¿¿∞¿∏¿∞¿∏¿∞¿∏¿∞¿∏¿∞¿∏¿∞¿∏¿∞¿∏¿∞¿∏¿∞¿∏¿∞¿∏¿∞¿∏¿∞¿∏¿∞–‹‘∞»ƒ‡‹∞±ôÖ±Õî±—ïÖµ}…ïçΩπç•±•Ö—•Ωπ}Öπë}ç’……ïπ—}›ïï≠±Â}…Ω±î(»¿»ÿ∞ƒ±A|¿–ÿƒ‘¿Õ±]•±±ÃÅÖµ¡âï±∞±}P±ïΩ…ù•ÑÅQïç†±]H±Ω±Ω…Öëº±Q…’î∞»¿»ÿ¥¿‰¥¿—P¿¿Ë¿¡h∞–¿ƒ‡‘ÿ‹‹ÿ∞»‡∏‘∞‘¿∏‘∞¿∏¿∞±5=11}=9}Q5}IQL±	Ω—ïÖ¥Å…ΩÕ—ï»∞∞¿∏¿±›ïï¨ƒµÿƒ∏¿∞»¿»ÿ¥¿‡¥Ã¡PƒÿËƒ‘Ë¿¿¨¿¿Ë¿¿∞¿∏¿∞¿∏¿∞¿∏¿∞¿∏¿∞¿∏¿∞¿∏¿∞¿∏¿∞¿∏¿∞¿∏¿∞¿∏¿∞¿∏¿∞¿∏¿∞‰ƒ»∞»ƒ‡‡∞±ôÖ±Õî±—ïÖµ}…ïçΩπç•±•Ö—•Ωπ}Öπë}ç’……ïπ—}›ïï≠±Â}…Ω±î(»¿»ÿ∞ƒ±A|»ÿ¿ÿ‡»Õ±]•±ÃÅ)Öç≠ÕΩ∏±}Y8±YÖπëï…â•±–±]H±’Õ—•∏ÅAïÖ‰±Q…’î∞»¿»ÿ¥¿‰¥¿’P»ÃË¿¡h∞–¿ƒ‡‘ÿÿÿ‰∞–ÿ∏¿∞ÿƒ∏‘∞¿∏¿∞±5=11}=9}Q5}IQL±	Ω—ïÖ¥Å…ΩÕ—ï»∞∞¿∏¿±›ïï¨ƒµÿƒ∏¿∞»¿»ÿ¥¿‡¥Ã¡PƒÿËƒ‘Ë¿¿¨¿¿Ë¿¿∞¿∏¿∞¿∏¿∞¿∏¿∞¿∏¿∞¿∏¿∞¿∏¿∞¿∏¿∞¿∏¿∞¿∏¿∞¿∏¿∞¿∏¿∞¿∏¿∞‰ƒÃ∞»ƒ‡‰∞±ôÖ±Õî±—ïÖµ}…ïçΩπç•±•Ö—•Ωπ}Öπë}ç’……ïπ—}›ïï≠±Â}…Ω±î(»¿»ÿ∞ƒ±A|‘‘–Ÿÿ‹±]ΩπëÖµîÅÖŸ•ÃÅ)»∏±}]-±]Ö≠îÅΩ…ïÕ–±]H±≠…Ω∏±Q…’î∞»¿»ÿ¥¿‰¥¿ÕP»ÃË¿¡h∞–¿ƒ‡‘‡»¿–∞Ãÿ∏‘∞–‡∏‘∞¿∏¿∞±5=11}=9}Q5}IQL±	Ω—ïÖ¥Å…ΩÕ—ï»∞∞¿∏¿±›ïï¨ƒµÿƒ∏¿∞»¿»ÿ¥¿‡¥Ã¡PƒÿËƒ‘Ë¿¿¨¿¿Ë¿¿∞¿∏¿∞¿∏¿∞¿∏¿∞¿∏¿∞¿∏¿∞¿∏¿∞¿∏¿∞¿∏¿∞¿∏¿∞¿∏¿∞¿∏¿∞¿∏¿∞‰ƒ–∞»ƒ‰¿∞±ôÖ±Õî±—ïÖµ}…ïçΩπç•±•Ö—•Ωπ}Öπë}ç’……ïπ—}›ïï≠±Â}…Ω±î(»¿»ÿ∞ƒ±A|‹…ÿ‰Ã–‘±]ÂÖ—–ÅMµÖ±±ï‰±}5%ML±=±îÅ5•ÕÃ±Q±1Ω’•ÕŸ•±±î±Q…’î∞»¿»ÿ¥¿‰¥¿ŸP»ÃËÃ¡h∞–¿ƒ‡‘ÿÿÿƒ∞Ãƒ∏¿∞‘‘∏‘∞¿∏¿∞±5=11}=9}Q5}IQL±	Ω—ïÖ¥Å…ΩÕ—ï»∞∞¿∏¿±›ïï¨ƒµÿƒ∏¿∞»¿»ÿ¥¿‡¥Ã¡PƒÿËƒ‘Ë¿¿¨¿¿Ë¿¿∞¿∏¿∞¿∏¿∞¿∏¿∞¿∏¿∞¿∏¿∞¿∏¿∞¿∏¿∞¿∏¿∞¿∏¿∞¿∏¿∞¿∏¿∞¿∏¿∞–‹ÿ∞»ƒ‰ƒ∞±ôÖ±Õî±—ïÖµ}…ïçΩπç•±•Ö—•Ωπ}Öπë}ç’……ïπ—}›ïï≠±Â}…Ω±î(»¿»ÿ∞ƒ±A}…–±aÖŸ•ï»Åπëï…ÕΩ∏±}]YT±]ïÕ–ÅY•…ù•π•Ñ±Q±ΩÖÕ—Ö∞ÅÖ…Ω±•πÑ±Q…’î∞»¿»ÿ¥¿‰¥¿’PƒÿË¿¡h∞–¿ƒ‡‘ÿ‹‡¿∞Ã‰∏¿∞‘ÿ∏‘∞¿∏¿∞±5=11}=9}Q5}IQL±	Ω—ïÖ¥Å…ΩÕ—ï»∞∞¿∏¿±›ïï¨ƒµÿƒ∏¿∞»¿»ÿ¥¿‡¥Ã¡PƒÿËƒ‘Ë¿¿¨¿¿Ë¿¿∞¿∏¿∞¿∏¿∞¿∏¿∞¿∏¿∞¿∏¿∞¿∏¿∞¿∏¿∞¿∏¿∞¿∏¿∞¿∏¿∞¿∏¿∞¿∏¿∞–‹‹∞»ƒ‰»∞±ôÖ±Õî±—ïÖµ}…ïçΩπç•±•Ö—•Ωπ}Öπë}ç’……ïπ—}›ïï≠±Â}…Ω±î(»¿»ÿ∞ƒ±A}›‘‡ÿ‹ƒ±aÖŸ•ï»ÅÖ•Õ‰±}U,±-ïπ—’ç≠‰±]H±eΩ’πùÕ—Ω›∏ÅM—Ö—î±Q…’î∞»¿»ÿ¥¿‰¥¿’Pƒ‹Ë¿¡h∞–¿ƒ‡‘ÿÿ‘‰∞–Ã∏¿∞ÿ»∏‘∞¿∏¿∞±5=11}=9}Q5}IQL±	Ω—ïÖ¥Å…ΩÕ—ï»∞∞¿∏¿±›ïï¨ƒµÿƒ∏¿∞»¿»ÿ¥¿‡¥Ã¡PƒÿËƒ‘Ë¿¿¨¿¿Ë¿¿∞¿∏¿∞¿∏¿∞¿∏¿∞¿∏¿∞¿∏¿∞¿∏¿∞¿∏¿∞¿∏¿∞¿∏¿∞¿∏¿∞¿∏¿∞¿∏¿∞‰ƒ‘∞»ƒ‰Ã∞±ôÖ±Õî±—ïÖµ}…ïçΩπç•±•Ö—•Ωπ}Öπë}ç’……ïπ—}›ïï≠±Â}…Ω±î(»¿»ÿ∞ƒ±A|‡≈¿»‰‘±aÖŸ•ï»Å9ï›ÕΩ¥±}U±’â’…∏±Q±	ÖÂ±Ω»±Q…’î∞»¿»ÿ¥¿‰¥¿’Pƒ‰ËÃ¡h∞–¿ƒ‡‘ÿÿÃÿ∞Ã»∏‹‘∞‘‡∏‘∞¿∏¿∞±5=11}=9}Q5}IQL±	Ω—ïÖ¥Å…ΩÕ—ï»∞∞¿∏¿±›ïï¨ƒµÿƒ∏¿∞»¿»ÿ¥¿‡¥Ã¡PƒÿËƒ‘Ë¿¿¨¿¿Ë¿¿∞¿∏¿∞¿∏¿∞¿∏¿∞¿∏¿∞¿∏¿∞¿∏¿∞¿∏¿∞¿∏¿∞¿∏¿∞¿∏¿∞¿∏¿∞¿∏¿∞–‹‡∞»ƒ‰–∞±ôÖ±Õî±—ïÖµ}…ïçΩπç•±•Ö—•Ωπ}Öπë}ç’……ïπ—}›ïï≠±Â}…Ω±î(»¿»ÿ∞ƒ±A|‰ÿ‰»≈‡±aÖŸ•ï»ÅMΩ’—°Ö±∞±}9±9Ω—…îÅÖµî±]H±]•ÕçΩπÕ•∏±Q…’î∞»¿»ÿ¥¿‰¥¿ŸP»ÃËÃ¡h∞–¿ƒ‡‘‡–Ã‡∞Ã–∏¿∞–‹∏‘∞¿∏¿∞±5=11}=9}Q5}IQL±	Ω—ïÖ¥Å…ΩÕ—ï»∞∞¿∏¿±›ïï¨ƒµÿƒ∏¿∞»¿»ÿ¥¿‡¥Ã¡PƒÿËƒ‘Ë¿¿¨¿¿Ë¿¿∞¿∏¿∞¿∏¿∞¿∏¿∞¿∏¿∞¿∏¿∞¿∏¿∞¿∏¿∞¿∏¿∞¿∏¿∞¿∏¿∞¿∏¿∞¿∏¿∞‰ƒÿ∞»ƒ‰‘∞±ôÖ±Õî±—ïÖµ}…ïçΩπç•±•Ö—•Ωπ}Öπë}ç’……ïπ—}›ïï≠±Â}…Ω±î(»¿»ÿ∞ƒ±A}»·‰±iÖç†ÅÕ≠•±ëÕï∏±}%MT±%Ω›ÑÅM—Ö—î±]H±MΩ’—°ïÖÕ–Å5•ÕÕΩ’…§ÅM—Ö—î±Q…’î∞»¿»ÿ¥¿‰¥¿’Pƒ‹Ë¿¡h∞–¿ƒ‡‘ÿ‹‹‰∞–ƒ∏‘∞‘Ã∏‘∞¿∏¿∞±5=11}=9}Q5}IQL±	Ω—ïÖ¥Å…ΩÕ—ï»∞∞¿∏¿±›ïï¨ƒµÿƒ∏¿∞»¿»ÿ¥¿‡¥Ã¡PƒÿËƒ‘Ë¿¿¨¿¿Ë¿¿∞¿∏¿∞¿∏¿∞¿∏¿∞¿∏¿∞¿∏¿∞¿∏¿∞¿∏¿∞¿∏¿∞¿∏¿∞¿∏¿∞¿∏¿∞¿∏¿∞‰ƒ‹∞»ƒ‰ÿ∞±ôÖ±Õî±—ïÖµ}…ïçΩπç•±•Ö—•Ωπ}Öπë}ç’……ïπ—}›ïï≠±Â}…Ω±î(»¿»ÿ∞ƒ±A}‡›ÿ‡‘±iÖç†Å…Öçî±}1MT±1MT±Q±±ïµÕΩ∏±Q…’î∞»¿»ÿ¥¿‰¥¿’P»ÃËÃ¡h∞–¿ƒ‡‘ÿÿÿ¿∞Ãƒ∏¿∞‘ƒ∏‘∞¿∏¿∞±5=11}=9}Q5}IQL±	Ω—ïÖ¥Å…ΩÕ—ï»∞∞¿∏¿±›ïï¨ƒµÿƒ∏¿∞»¿»ÿ¥¿‡¥Ã¡PƒÿËƒ‘Ë¿¿¨¿¿Ë¿¿∞¿∏¿∞¿∏¿∞¿∏¿∞¿∏¿∞¿∏¿∞¿∏¿∞¿∏¿∞¿∏¿∞¿∏¿∞¿∏¿∞¿∏¿∞¿∏¿∞–‹‰∞»ƒ‰‹∞±ôÖ±Õî±—ïÖµ}…ïçΩπç•±•Ö—•Ωπ}Öπë}ç’……ïπ—}›ïï≠±Â}…Ω±î(»¿»ÿ∞ƒ±A}‰‘Ã≈±iÖç†ÅMç°πΩ……â’Õç†±}	±	ΩÕ—Ω∏ÅΩ±±ïùî±]H±•πç•ππÖ—§±Ö±Õî∞»¿»ÿ¥¿‰¥¿’Pƒ‰ËÃ¡h∞–¿ƒ‡‘ÿ‹‹‹∞»»∏¿∞‘ƒ∏‘∞¿∏¿∞±5=11}=9}Q5}IQL±	Ω—ïÖ¥Å…ΩÕ—ï»∞∞¿∏¿±›ïï¨ƒµÿƒ∏¿∞»¿»ÿ¥¿‡¥Ã¡PƒÿËƒ‘Ë¿¿¨¿¿Ë¿¿∞¿∏¿∞¿∏¿∞¿∏¿∞¿∏¿∞¿∏¿∞¿∏¿∞¿∏¿∞¿∏¿∞¿∏¿∞¿∏¿∞¿∏¿∞¿∏¿∞‰ƒ‡∞»ƒ‰‡∞±ôÖ±Õî±—ïÖµ}…ïçΩπç•±•Ö—•Ωπ}Öπë}ç’……ïπ—}›ïï≠±Â}…Ω±î(»¿»ÿ∞ƒ±A|–‘‘ÿ‰ÃÃƒ±iÖç¨ÅAÖ±µï»±}U±U±]H±	ï—°’πîµΩΩ≠µÖ∏±Q…’î∞»¿»ÿ¥¿‰¥¿ÕP»ÃË¿¡h∞–¿ƒ‡‘ÿ‹ÿ‹∞‘¿∏‘∞‘‡∏‘∞¿∏¿∞±5=11}=9}Q5}IQL±	Ω—ïÖ¥Å…ΩÕ—ï»∞∞¿∏¿±›ïï¨ƒµÿƒ∏¿∞»¿»ÿ¥¿‡¥Ã¡PƒÿËƒ‘Ë¿¿¨¿¿Ë¿¿∞¿∏¿∞¿∏¿∞¿∏¿∞¿∏¿∞¿∏¿∞¿∏¿∞¿∏¿∞¿∏¿∞¿∏¿∞¿∏¿∞¿∏¿∞¿∏¿∞‰ƒ‰∞»ƒ‰‰∞±ôÖ±Õî±—ïÖµ}…ïçΩπç•±•Ö—•Ωπ}Öπë}ç’……ïπ—}›ïï≠±Â}…Ω±î(»¿»ÿ∞ƒ±A|‰–‹»–‰‰‰±iÖµΩπë…îÅ5ï……•›ïÖ—°ï»±}MeH±MÂ…Öç’Õî±]H±9ï‹Å!Öµ¡Õ°•…î±Q…’î∞»¿»ÿ¥¿‰¥¿’PƒÿË¿¡h∞–¿ƒ‡‘‡»¿‡∞––∏‘∞‘‘∏‘∞¿∏¿∞±5=11}=9}Q5}IQL±	Ω—ïÖ¥Å…ΩÕ—ï»∞∞¿∏¿±›ïï¨ƒµÿƒ∏¿∞»¿»ÿ¥¿‡¥Ã¡PƒÿËƒ‘Ë¿¿¨¿¿Ë¿¿∞¿∏¿∞¿∏¿∞¿∏¿∞¿∏¿∞¿∏¿∞¿∏¿∞¿∏¿∞¿∏¿∞¿∏¿∞¿∏¿∞¿∏¿∞¿∏¿∞‰»¿∞»»¿¿∞±ôÖ±Õî±—ïÖµ}…ïçΩπç•±•Ö—•Ωπ}Öπë}ç’……ïπ—}›ïï≠±Â}…Ω±î(»¿»ÿ∞ƒ±A|¡¡≈±iÖ‰ÅIΩâ•πÕΩ∏±}AMT±Aïπ∏ÅM—Ö—î±]H±5Ö…Õ°Ö±∞±Q…’î∞»¿»ÿ¥¿‰¥¿’Pƒ‰ËÃ¡h∞–¿ƒ‡‘‡–Ã–∞Ã‰∏‘∞‘–∏‘∞¿∏¿∞±5=11}=9}Q5}IQL±	Ω—ïÖ¥Å…ΩÕ—ï»∞∞¿∏¿±›ïï¨ƒµÿƒ∏¿∞»¿»ÿ¥¿‡¥Ã¡PƒÿËƒ‘Ë¿¿¨¿¿Ë¿¿∞¿∏¿∞¿∏¿∞¿∏¿∞¿∏¿∞¿∏¿∞¿∏¿∞¿∏¿∞¿∏¿∞¿∏¿∞¿∏¿∞¿∏¿∞¿∏¿∞‰»ƒ∞»»¿ƒ∞±—…’î±—ïÖµ}…ïçΩπç•±•Ö—•Ωπ}Öπë}ç’……ïπ—}›ïï≠±Â}…Ω±î(»¿»ÿ∞ƒ±A}–»——±iÖÂπîÅïMΩ’ÈÑ±}=1<±Ω±Ω…Öëº±Q±ïΩ…ù•ÑÅQïç†±Ö±Õî∞»¿»ÿ¥¿‰¥¿—P¿¿Ë¿¡h∞–¿ƒ‡‘ÿ‹‹ÿ∞»»∏¿∞‘¿∏‘∞¿∏¿∞±5=11}=9}Q5}IQL±	Ω—ïÖ¥Å…ΩÕ—ï»∞∞¿∏¿±›ïï¨ƒµÿƒ∏¿∞»¿»ÿ¥¿‡¥Ã¡PƒÿËƒ‘Ë¿¿¨¿¿Ë¿¿∞¿∏¿∞¿∏¿∞¿∏¿∞¿∏¿∞¿∏¿∞¿∏¿∞¿∏¿∞¿∏¿∞¿∏¿∞¿∏¿∞¿∏¿∞¿∏¿∞–‡¿∞»»¿»∞±ôÖ±Õî±—ïÖµ}…ïçΩπç•±•Ö—•Ωπ}Öπë}ç’……ïπ—}›ïï≠±Â}…Ω±î(»¿»ÿ∞ƒ±A|»‹‹‹‰Ã»‘±iïï¨Å)Öç≠ÕΩ∏±}]-±]Ö≠îÅΩ…ïÕ–±]H±≠…Ω∏±Q…’î∞»¿»ÿ¥¿‰¥¿ÕP»ÃË¿¡h∞–¿ƒ‡‘‡»¿–∞Ãÿ∏‘∞–‡∏‘∞¿∏¿∞±5=11}=9}Q5}IQL±	Ω—ïÖ¥Å…ΩÕ—ï»∞∞¿∏¿±›ïï¨ƒµÿƒ∏¿∞»¿»ÿ¥¿‡¥Ã¡PƒÿËƒ‘Ë¿¿¨¿¿Ë¿¿∞¿∏¿∞¿∏¿∞¿∏¿∞¿∏¿∞¿∏¿∞¿∏¿∞¿∏¿∞¿∏¿∞¿∏¿∞¿∏¿∞¿∏¿∞¿∏¿∞‰»»∞»»¿Ã∞±ôÖ±Õî±—ïÖµ}…ïçΩπç•±•Ö—•Ωπ}Öπë}ç’……ïπ—}›ïï≠±Â}…Ω±î(»¿»ÿ∞ƒ±A|–Ã»‰‘≈‡±i•Ω∏Å-ïÖ…πï‰±}]%M±]•ÕçΩπÕ•∏±]H±9Ω—…îÅÖµî±Ö±Õî∞»¿»ÿ¥¿‰¥¿ŸP»ÃËÃ¡h∞–¿ƒ‡‘‡–Ã‡∞ƒÃ∏‘∞–‹∏‘∞¿∏¿∞±5=11}=9}Q5}IQL±	Ω—ïÖ¥Å…ΩÕ—ï»∞∞¿∏¿±›ïï¨ƒµÿƒ∏¿∞»¿»ÿ¥¿‡¥Ã¡PƒÿËƒ‘Ë¿¿¨¿¿Ë¿¿∞¿∏¿∞¿∏¿∞¿∏¿∞¿∏¿∞¿∏¿∞¿∏¿∞¿∏¿∞¿∏¿∞¿∏¿∞¿∏¿∞¿∏¿∞¿∏¿∞‰»Ã∞»»¿–∞±ôÖ±Õî±—ïÖµ}…ïçΩπç•±•Ö—•Ωπ}Öπë}ç’……ïπ—}›ïï≠±Â}…Ω±î(»¿»ÿ∞ƒ±A}–ÂÂ±i•Ω∏ÅIÖù•πÃ±}5MMP±5•ÕÕ•ÕÕ•¡¡§ÅM—Ö—î±]H±U0Å5Ωπ…Ωî±Q…’î∞»¿»ÿ¥¿‰¥¿’P»ÃËÃ¡h∞–¿ƒ‡‘ÿÿÿ»∞–»∏‘∞‘ÿ∏‘∞¿∏¿∞±5=11}=9}Q5}IQL±	Ω—ïÖ¥Å…ΩÕ—ï»∞∞¿∏¿±›ïï¨ƒµÿƒ∏¿∞»¿»ÿ¥¿‡¥Ã¡PƒÿËƒ‘Ë¿¿¨¿¿Ë¿¿∞¿∏¿∞¿∏¿∞¿∏¿∞¿∏¿∞¿∏¿∞¿∏¿∞¿∏¿∞¿∏¿∞¿∏¿∞¿∏¿∞¿∏¿∞¿∏¿∞‰»–∞»»¿‘∞±ôÖ±Õî±—ïÖµ}…ïçΩπç•±•Ö—•Ωπ}Öπë}ç’……ïπ—}›ïï≠±Â}…Ω±î(